metric_id,sheet,cell,kind,value_ref_coords,formula
LEGACY::B2_ANEXO::D11,B2 ANEXO,D11,BASE_AGGREGATION,,"=COUNTIF('Atenciones - Detalles de citas'!AC:AC,""CONSULTA PSICOLOGO CLINICO (SESIONES 45') - COD.0902001Santiago"")"
LEGACY::B2_ANEXO::D12,B2 ANEXO,D12,BASE_AGGREGATION,,"=COUNTIF('Atenciones - Detalles de citas'!AC:AC,""SESIÓN DE PSICOTERAPIA INDIVIDUAL - COD.0902002Santiago"")+COUNTIF('Atenciones - Detalles de citas'!AC:AC,""SESIÓN DE PSICOTERAPIA INDIVIDUAL PRESENCIAL CON GRATUIDADSantiago"")"
LEGACY::B2_ANEXO::D15,B2 ANEXO,D15,BASE_AGGREGATION,,"=COUNTIF('Atenciones - Detalles de citas'!AC:AC,""CONSULTA PSICOLOGO CLINICO (SESIONES 45') - COD.0902001Telemedicina"")"
LEGACY::B2_ANEXO::D16,B2 ANEXO,D16,BASE_AGGREGATION,,"=COUNTIF('Atenciones - Detalles de citas'!AC:AC,""SESIÓN DE PSICOTERAPIA INDIVIDUAL TELEMEDICINA CON GRATUIDADTelemedicina"")"
LEGACY::B2_ANEXO::D5,B2 ANEXO,D5,BASE_AGGREGATION,,"=COUNTIF('Atenciones - Detalles de citas'!O:O,""ATENCION KINESIOLOGICA INTEGRAL AMBULATORIA - COD.0601105"")"
LEGACY::REMASEP_01::AA84,REMASEP 01,AA84,BASE_AGGREGATION,,"=COUNTIFS('Atenciones - Detalles de citas'!$AD:$AD,""*ENFERMER*""&""*Hombre*"",'Atenciones - Detalles de citas'!$AF:$AF,"">=50"",'Atenciones - Detalles de citas'!$AF:$AF,""<=54"")"
LEGACY::REMASEP_01::AA86,REMASEP 01,AA86,BASE_AGGREGATION,,"=COUNTIFS('Atenciones - Detalles de citas'!$AD:$AD,""*NUTRICIONISTA*""&""*Hombre*"",'Atenciones - Detalles de citas'!$AF:$AF,"">=50"",'Atenciones - Detalles de citas'!$AF:$AF,""<=54"")"
LEGACY::REMASEP_01::AA87,REMASEP 01,AA87,BASE_AGGREGATION,,"=COUNTIFS('Atenciones - Detalles de citas'!$AD:$AD,""*PSICO*""&""*Hombre*"",'Atenciones - Detalles de citas'!$AF:$AF,"">=50"",'Atenciones - Detalles de citas'!$AF:$AF,""<=54"")"
LEGACY::REMASEP_01::AA89,REMASEP 01,AA89,BASE_AGGREGATION,,"=COUNTIFS('Atenciones - Detalles de citas'!$AD:$AD,""*FONO*""&""*Hombre*"",'Atenciones - Detalles de citas'!$AF:$AF,"">=50"",'Atenciones - Detalles de citas'!$AF:$AF,""<=54"")"
LEGACY::REMASEP_01::AA90,REMASEP 01,AA90,BASE_AGGREGATION,,"=COUNTIFS('Atenciones - Detalles de citas'!$AD:$AD,""*KINE*""&""*Hombre*"",'Atenciones - Detalles de citas'!$AF:$AF,"">=50"",'Atenciones - Detalles de citas'!$AF:$AF,""<=54"")"
LEGACY::REMASEP_01::AC84,REMASEP 01,AC84,BASE_AGGREGATION,,"=COUNTIFS('Atenciones - Detalles de citas'!$AD:$AD,""*ENFERMER*""&""*Hombre*"",'Atenciones - Detalles de citas'!$AF:$AF,"">=55"",'Atenciones - Detalles de citas'!$AF:$AF,""<=59"")"
LEGACY::REMASEP_01::AC86,REMASEP 01,AC86,BASE_AGGREGATION,,"=COUNTIFS('Atenciones - Detalles de citas'!$AD:$AD,""*NUTRICIONISTA*""&""*Hombre*"",'Atenciones - Detalles de citas'!$AF:$AF,"">=55"",'Atenciones - Detalles de citas'!$AF:$AF,""<=59"")"
LEGACY::REMASEP_01::AC87,REMASEP 01,AC87,BASE_AGGREGATION,,"=COUNTIFS('Atenciones - Detalles de citas'!$AD:$AD,""*PSICO*""&""*Hombre*"",'Atenciones - Detalles de citas'!$AF:$AF,"">=55"",'Atenciones - Detalles de citas'!$AF:$AF,""<=59"")"
LEGACY::REMASEP_01::AC89,REMASEP 01,AC89,BASE_AGGREGATION,,"=COUNTIFS('Atenciones - Detalles de citas'!$AD:$AD,""*FONO*""&""*Hombre*"",'Atenciones - Detalles de citas'!$AF:$AF,"">=55"",'Atenciones - Detalles de citas'!$AF:$AF,""<=59"")"
LEGACY::REMASEP_01::AC90,REMASEP 01,AC90,BASE_AGGREGATION,,"=COUNTIFS('Atenciones - Detalles de citas'!$AD:$AD,""*KINE*""&""*Hombre*"",'Atenciones - Detalles de citas'!$AF:$AF,"">=55"",'Atenciones - Detalles de citas'!$AF:$AF,""<=59"")"
LEGACY::REMASEP_01::AD84,REMASEP 01,AD84,BASE_AGGREGATION,,"=COUNTIFS('Atenciones - Detalles de citas'!$AD:$AD,""*ENFERMER*""&""*Mujer*"",'Atenciones - Detalles de citas'!$AF:$AF,"">=55"",'Atenciones - Detalles de citas'!$AF:$AF,""<=59"")"
LEGACY::REMASEP_01::AD86,REMASEP 01,AD86,BASE_AGGREGATION,,"=COUNTIFS('Atenciones - Detalles de citas'!$AD:$AD,""*NUTRICIONISTA*""&""*Mujer*"",'Atenciones - Detalles de citas'!$AF:$AF,"">=55"",'Atenciones - Detalles de citas'!$AF:$AF,""<=59"")"
LEGACY::REMASEP_01::AD87,REMASEP 01,AD87,BASE_AGGREGATION,,"=COUNTIFS('Atenciones - Detalles de citas'!$AD:$AD,""*PSICO*""&""*Mujer*"",'Atenciones - Detalles de citas'!$AF:$AF,"">=55"",'Atenciones - Detalles de citas'!$AF:$AF,""<=59"")"
LEGACY::REMASEP_01::AD89,REMASEP 01,AD89,BASE_AGGREGATION,,"=COUNTIFS('Atenciones - Detalles de citas'!$AD:$AD,""*FONO*""&""*Mujer*"",'Atenciones - Detalles de citas'!$AF:$AF,"">=55"",'Atenciones - Detalles de citas'!$AF:$AF,""<=59"")"
LEGACY::REMASEP_01::AD90,REMASEP 01,AD90,BASE_AGGREGATION,,"=COUNTIFS('Atenciones - Detalles de citas'!$AD:$AD,""*KINE*""&""*Mujer*"",'Atenciones - Detalles de citas'!$AF:$AF,"">=55"",'Atenciones - Detalles de citas'!$AF:$AF,""<=59"")"
LEGACY::REMASEP_01::AE84,REMASEP 01,AE84,BASE_AGGREGATION,,"=COUNTIFS('Atenciones - Detalles de citas'!$AD:$AD,""*ENFERMER*""&""*Hombre*"",'Atenciones - Detalles de citas'!$AF:$AF,"">=60"",'Atenciones - Detalles de citas'!$AF:$AF,""<=64"")"
LEGACY::REMASEP_01::AE86,REMASEP 01,AE86,BASE_AGGREGATION,,"=COUNTIFS('Atenciones - Detalles de citas'!$AD:$AD,""*NUTRICIONISTA*""&""*Hombre*"",'Atenciones - Detalles de citas'!$AF:$AF,"">=60"",'Atenciones - Detalles de citas'!$AF:$AF,""<=64"")"
LEGACY::REMASEP_01::AE87,REMASEP 01,AE87,BASE_AGGREGATION,,"=COUNTIFS('Atenciones - Detalles de citas'!$AD:$AD,""*PSICO*""&""*Hombre*"",'Atenciones - Detalles de citas'!$AF:$AF,"">=60"",'Atenciones - Detalles de citas'!$AF:$AF,""<=64"")"
LEGACY::REMASEP_01::AE89,REMASEP 01,AE89,BASE_AGGREGATION,,"=COUNTIFS('Atenciones - Detalles de citas'!$AD:$AD,""*FONO*""&""*Hombre*"",'Atenciones - Detalles de citas'!$AF:$AF,"">=60"",'Atenciones - Detalles de citas'!$AF:$AF,""<=64"")"
LEGACY::REMASEP_01::AE90,REMASEP 01,AE90,BASE_AGGREGATION,,"=COUNTIFS('Atenciones - Detalles de citas'!$AD:$AD,""*KINE*""&""*Hombre*"",'Atenciones - Detalles de citas'!$AF:$AF,"">=60"",'Atenciones - Detalles de citas'!$AF:$AF,""<=64"")"
LEGACY::REMASEP_01::AF84,REMASEP 01,AF84,BASE_AGGREGATION,,"=COUNTIFS('Atenciones - Detalles de citas'!$AD:$AD,""*ENFERMER*""&""*Mujer*"",'Atenciones - Detalles de citas'!$AF:$AF,"">=60"",'Atenciones - Detalles de citas'!$AF:$AF,""<=64"")"
LEGACY::REMASEP_01::AF86,REMASEP 01,AF86,BASE_AGGREGATION,,"=COUNTIFS('Atenciones - Detalles de citas'!$AD:$AD,""*NUTRICIONISTA*""&""*Mujer*"",'Atenciones - Detalles de citas'!$AF:$AF,"">=60"",'Atenciones - Detalles de citas'!$AF:$AF,""<=64"")"
LEGACY::REMASEP_01::AF87,REMASEP 01,AF87,BASE_AGGREGATION,,"=COUNTIFS('Atenciones - Detalles de citas'!$AD:$AD,""*PSICO*""&""*Mujer*"",'Atenciones - Detalles de citas'!$AF:$AF,"">=60"",'Atenciones - Detalles de citas'!$AF:$AF,""<=64"")"
LEGACY::REMASEP_01::AF89,REMASEP 01,AF89,BASE_AGGREGATION,,"=COUNTIFS('Atenciones - Detalles de citas'!$AD:$AD,""*FONO*""&""*Mujer*"",'Atenciones - Detalles de citas'!$AF:$AF,"">=60"",'Atenciones - Detalles de citas'!$AF:$AF,""<=64"")"
LEGACY::REMASEP_01::AF90,REMASEP 01,AF90,BASE_AGGREGATION,,"=COUNTIFS('Atenciones - Detalles de citas'!$AD:$AD,""*KINE*""&""*Mujer*"",'Atenciones - Detalles de citas'!$AF:$AF,"">=60"",'Atenciones - Detalles de citas'!$AF:$AF,""<=64"")"
LEGACY::REMASEP_01::AG84,REMASEP 01,AG84,BASE_AGGREGATION,,"=COUNTIFS('Atenciones - Detalles de citas'!$AD:$AD,""*ENFERMER*""&""*Hombre*"",'Atenciones - Detalles de citas'!$AF:$AF,"">=65"",'Atenciones - Detalles de citas'!$AF:$AF,""<=69"")"
LEGACY::REMASEP_01::AG86,REMASEP 01,AG86,BASE_AGGREGATION,,"=COUNTIFS('Atenciones - Detalles de citas'!$AD:$AD,""*NUTRICIONISTA*""&""*Hombre*"",'Atenciones - Detalles de citas'!$AF:$AF,"">=65"",'Atenciones - Detalles de citas'!$AF:$AF,""<=69"")"
LEGACY::REMASEP_01::AG87,REMASEP 01,AG87,BASE_AGGREGATION,,"=COUNTIFS('Atenciones - Detalles de citas'!$AD:$AD,""*PSICO*""&""*Hombre*"",'Atenciones - Detalles de citas'!$AF:$AF,"">=65"",'Atenciones - Detalles de citas'!$AF:$AF,""<=69"")"
LEGACY::REMASEP_01::AG89,REMASEP 01,AG89,BASE_AGGREGATION,,"=COUNTIFS('Atenciones - Detalles de citas'!$AD:$AD,""*FONO*""&""*Hombre*"",'Atenciones - Detalles de citas'!$AF:$AF,"">=65"",'Atenciones - Detalles de citas'!$AF:$AF,""<=69"")"
LEGACY::REMASEP_01::AG90,REMASEP 01,AG90,BASE_AGGREGATION,,"=COUNTIFS('Atenciones - Detalles de citas'!$AD:$AD,""*KINE*""&""*Hombre*"",'Atenciones - Detalles de citas'!$AF:$AF,"">=65"",'Atenciones - Detalles de citas'!$AF:$AF,""<=69"")"
LEGACY::REMASEP_01::AH84,REMASEP 01,AH84,BASE_AGGREGATION,,"=COUNTIFS('Atenciones - Detalles de citas'!$AD:$AD,""*ENFERMER*""&""*Mujer*"",'Atenciones - Detalles de citas'!$AF:$AF,"">=65"",'Atenciones - Detalles de citas'!$AF:$AF,""<=69"")"
LEGACY::REMASEP_01::AH86,REMASEP 01,AH86,BASE_AGGREGATION,,"=COUNTIFS('Atenciones - Detalles de citas'!$AD:$AD,""*NUTRICIONISTA*""&""*Mujer*"",'Atenciones - Detalles de citas'!$AF:$AF,"">=65"",'Atenciones - Detalles de citas'!$AF:$AF,""<=69"")"
LEGACY::REMASEP_01::AH87,REMASEP 01,AH87,BASE_AGGREGATION,,"=COUNTIFS('Atenciones - Detalles de citas'!$AD:$AD,""*PSICO*""&""*Mujer*"",'Atenciones - Detalles de citas'!$AF:$AF,"">=65"",'Atenciones - Detalles de citas'!$AF:$AF,""<=69"")"
LEGACY::REMASEP_01::AH89,REMASEP 01,AH89,BASE_AGGREGATION,,"=COUNTIFS('Atenciones - Detalles de citas'!$AD:$AD,""*FONO*""&""*Mujer*"",'Atenciones - Detalles de citas'!$AF:$AF,"">=65"",'Atenciones - Detalles de citas'!$AF:$AF,""<=69"")"
LEGACY::REMASEP_01::AH90,REMASEP 01,AH90,BASE_AGGREGATION,,"=COUNTIFS('Atenciones - Detalles de citas'!$AD:$AD,""*KINE*""&""*Mujer*"",'Atenciones - Detalles de citas'!$AF:$AF,"">=65"",'Atenciones - Detalles de citas'!$AF:$AF,""<=69"")"
LEGACY::REMASEP_01::AI84,REMASEP 01,AI84,BASE_AGGREGATION,,"=COUNTIFS('Atenciones - Detalles de citas'!$AD:$AD,""*ENFERMER*""&""*Hombre*"",'Atenciones - Detalles de citas'!$AF:$AF,"">=70"",'Atenciones - Detalles de citas'!$AF:$AF,""<=74"")"
LEGACY::REMASEP_01::AI86,REMASEP 01,AI86,BASE_AGGREGATION,,"=COUNTIFS('Atenciones - Detalles de citas'!$AD:$AD,""*NUTRICIONISTA*""&""*Hombre*"",'Atenciones - Detalles de citas'!$AF:$AF,"">=70"",'Atenciones - Detalles de citas'!$AF:$AF,""<=74"")"
LEGACY::REMASEP_01::AI87,REMASEP 01,AI87,BASE_AGGREGATION,,"=COUNTIFS('Atenciones - Detalles de citas'!$AD:$AD,""*PSICO*""&""*Hombre*"",'Atenciones - Detalles de citas'!$AF:$AF,"">=70"",'Atenciones - Detalles de citas'!$AF:$AF,""<=74"")"
LEGACY::REMASEP_01::AI89,REMASEP 01,AI89,BASE_AGGREGATION,,"=COUNTIFS('Atenciones - Detalles de citas'!$AD:$AD,""*FONO*""&""*Hombre*"",'Atenciones - Detalles de citas'!$AF:$AF,"">=70"",'Atenciones - Detalles de citas'!$AF:$AF,""<=74"")"
LEGACY::REMASEP_01::AI90,REMASEP 01,AI90,BASE_AGGREGATION,,"=COUNTIFS('Atenciones - Detalles de citas'!$AD:$AD,""*KINE*""&""*Hombre*"",'Atenciones - Detalles de citas'!$AF:$AF,"">=70"",'Atenciones - Detalles de citas'!$AF:$AF,""<=74"")"
LEGACY::REMASEP_01::AJ84,REMASEP 01,AJ84,BASE_AGGREGATION,,"=COUNTIFS('Atenciones - Detalles de citas'!$AD:$AD,""*ENFERMER*""&""*Mujer*"",'Atenciones - Detalles de citas'!$AF:$AF,"">=70"",'Atenciones - Detalles de citas'!$AF:$AF,""<=74"")"
LEGACY::REMASEP_01::AJ86,REMASEP 01,AJ86,BASE_AGGREGATION,,"=COUNTIFS('Atenciones - Detalles de citas'!$AD:$AD,""*NUTRICIONISTA*""&""*Mujer*"",'Atenciones - Detalles de citas'!$AF:$AF,"">=70"",'Atenciones - Detalles de citas'!$AF:$AF,""<=74"")"
LEGACY::REMASEP_01::AJ87,REMASEP 01,AJ87,BASE_AGGREGATION,,"=COUNTIFS('Atenciones - Detalles de citas'!$AD:$AD,""*PSICO*""&""*Mujer*"",'Atenciones - Detalles de citas'!$AF:$AF,"">=70"",'Atenciones - Detalles de citas'!$AF:$AF,""<=74"")"
LEGACY::REMASEP_01::AJ89,REMASEP 01,AJ89,BASE_AGGREGATION,,"=COUNTIFS('Atenciones - Detalles de citas'!$AD:$AD,""*FONO*""&""*Mujer*"",'Atenciones - Detalles de citas'!$AF:$AF,"">=70"",'Atenciones - Detalles de citas'!$AF:$AF,""<=74"")"
LEGACY::REMASEP_01::AJ90,REMASEP 01,AJ90,BASE_AGGREGATION,,"=COUNTIFS('Atenciones - Detalles de citas'!$AD:$AD,""*KINE*""&""*Mujer*"",'Atenciones - Detalles de citas'!$AF:$AF,"">=70"",'Atenciones - Detalles de citas'!$AF:$AF,""<=74"")"
LEGACY::REMASEP_01::AK84,REMASEP 01,AK84,BASE_AGGREGATION,,"=COUNTIFS('Atenciones - Detalles de citas'!$AD:$AD,""*ENFERMER*""&""*Hombre*"",'Atenciones - Detalles de citas'!$AF:$AF,"">=75"",'Atenciones - Detalles de citas'!$AF:$AF,""<=79"")"
LEGACY::REMASEP_01::AK86,REMASEP 01,AK86,BASE_AGGREGATION,,"=COUNTIFS('Atenciones - Detalles de citas'!$AD:$AD,""*NUTRICIONISTA*""&""*Hombre*"",'Atenciones - Detalles de citas'!$AF:$AF,"">=75"",'Atenciones - Detalles de citas'!$AF:$AF,""<=79"")"
LEGACY::REMASEP_01::AK87,REMASEP 01,AK87,BASE_AGGREGATION,,"=COUNTIFS('Atenciones - Detalles de citas'!$AD:$AD,""*PSICO*""&""*Hombre*"",'Atenciones - Detalles de citas'!$AF:$AF,"">=75"",'Atenciones - Detalles de citas'!$AF:$AF,""<=79"")"
LEGACY::REMASEP_01::AK89,REMASEP 01,AK89,BASE_AGGREGATION,,"=COUNTIFS('Atenciones - Detalles de citas'!$AD:$AD,""*FONO*""&""*Hombre*"",'Atenciones - Detalles de citas'!$AF:$AF,"">=75"",'Atenciones - Detalles de citas'!$AF:$AF,""<=79"")"
LEGACY::REMASEP_01::AK90,REMASEP 01,AK90,BASE_AGGREGATION,,"=COUNTIFS('Atenciones - Detalles de citas'!$AD:$AD,""*KINE*""&""*Hombre*"",'Atenciones - Detalles de citas'!$AF:$AF,"">=75"",'Atenciones - Detalles de citas'!$AF:$AF,""<=79"")"
LEGACY::REMASEP_01::AL84,REMASEP 01,AL84,BASE_AGGREGATION,,"=COUNTIFS('Atenciones - Detalles de citas'!$AD:$AD,""*ENFERMER*""&""*Mujer*"",'Atenciones - Detalles de citas'!$AF:$AF,"">=75"",'Atenciones - Detalles de citas'!$AF:$AF,""<=79"")"
LEGACY::REMASEP_01::AL86,REMASEP 01,AL86,BASE_AGGREGATION,,"=COUNTIFS('Atenciones - Detalles de citas'!$AD:$AD,""*NUTRICIONISTA*""&""*Mujer*"",'Atenciones - Detalles de citas'!$AF:$AF,"">=75"",'Atenciones - Detalles de citas'!$AF:$AF,""<=79"")"
LEGACY::REMASEP_01::AL87,REMASEP 01,AL87,BASE_AGGREGATION,,"=COUNTIFS('Atenciones - Detalles de citas'!$AD:$AD,""*PSICO*""&""*Mujer*"",'Atenciones - Detalles de citas'!$AF:$AF,"">=75"",'Atenciones - Detalles de citas'!$AF:$AF,""<=79"")"
LEGACY::REMASEP_01::AL89,REMASEP 01,AL89,BASE_AGGREGATION,,"=COUNTIFS('Atenciones - Detalles de citas'!$AD:$AD,""*FONO*""&""*Mujer*"",'Atenciones - Detalles de citas'!$AF:$AF,"">=75"",'Atenciones - Detalles de citas'!$AF:$AF,""<=79"")"
LEGACY::REMASEP_01::AL90,REMASEP 01,AL90,BASE_AGGREGATION,,"=COUNTIFS('Atenciones - Detalles de citas'!$AD:$AD,""*KINE*""&""*Mujer*"",'Atenciones - Detalles de citas'!$AF:$AF,"">=75"",'Atenciones - Detalles de citas'!$AF:$AF,""<=79"")"
LEGACY::REMASEP_01::AM84,REMASEP 01,AM84,BASE_AGGREGATION,,"=COUNTIFS('Atenciones - Detalles de citas'!$AD:$AD,""*ENFERMER*""&""*Hombre*"",'Atenciones - Detalles de citas'!$AF:$AF,"">=80"")"
LEGACY::REMASEP_01::AM86,REMASEP 01,AM86,BASE_AGGREGATION,,"=COUNTIFS('Atenciones - Detalles de citas'!$AD:$AD,""*NUTRICIONISTA*""&""*Hombre*"",'Atenciones - Detalles de citas'!$AF:$AF,"">=80"")"
LEGACY::REMASEP_01::AM87,REMASEP 01,AM87,BASE_AGGREGATION,,"=COUNTIFS('Atenciones - Detalles de citas'!$AD:$AD,""*PSICO*""&""*Hombre*"",'Atenciones - Detalles de citas'!$AF:$AF,"">=80"")"
LEGACY::REMASEP_01::AM89,REMASEP 01,AM89,BASE_AGGREGATION,,"=COUNTIFS('Atenciones - Detalles de citas'!$AD:$AD,""*FONO*""&""*Hombre*"",'Atenciones - Detalles de citas'!$AF:$AF,"">=80"")"
LEGACY::REMASEP_01::AM90,REMASEP 01,AM90,BASE_AGGREGATION,,"=COUNTIFS('Atenciones - Detalles de citas'!$AD:$AD,""*KINE*""&""*Hombre*"",'Atenciones - Detalles de citas'!$AF:$AF,"">=80"")"
LEGACY::REMASEP_01::AN84,REMASEP 01,AN84,BASE_AGGREGATION,,"=COUNTIFS('Atenciones - Detalles de citas'!$AD:$AD,""*ENFERMER*""&""*Mujer*"",'Atenciones - Detalles de citas'!$AF:$AF,"">=80"")"
LEGACY::REMASEP_01::AN86,REMASEP 01,AN86,BASE_AGGREGATION,,"=COUNTIFS('Atenciones - Detalles de citas'!$AD:$AD,""*NUTRICIONISTA*""&""*Mujer*"",'Atenciones - Detalles de citas'!$AF:$AF,"">=80"")"
LEGACY::REMASEP_01::AN87,REMASEP 01,AN87,BASE_AGGREGATION,,"=COUNTIFS('Atenciones - Detalles de citas'!$AD:$AD,""*PSICO*""&""*Mujer*"",'Atenciones - Detalles de citas'!$AF:$AF,"">=80"")"
LEGACY::REMASEP_01::AN89,REMASEP 01,AN89,BASE_AGGREGATION,,"=COUNTIFS('Atenciones - Detalles de citas'!$AD:$AD,""*FONO*""&""*Mujer*"",'Atenciones - Detalles de citas'!$AF:$AF,"">=80"")"
LEGACY::REMASEP_01::AN90,REMASEP 01,AN90,BASE_AGGREGATION,,"=COUNTIFS('Atenciones - Detalles de citas'!$AD:$AD,""*KINE*""&""*Mujer*"",'Atenciones - Detalles de citas'!$AF:$AF,"">=80"")"
LEGACY::REMASEP_01::G84,REMASEP 01,G84,BASE_AGGREGATION,,"=COUNTIFS('Atenciones - Detalles de citas'!$AD:$AD,""*ENFERMER*""&""*Hombre*"",'Atenciones - Detalles de citas'!$AF:$AF,""<=4"")"
LEGACY::REMASEP_01::G86,REMASEP 01,G86,BASE_AGGREGATION,,"=COUNTIFS('Atenciones - Detalles de citas'!$AD:$AD,""*NUTRICIONISTA*""&""*Hombre*"",'Atenciones - Detalles de citas'!$AF:$AF,""<=4"")"
LEGACY::REMASEP_01::G87,REMASEP 01,G87,BASE_AGGREGATION,,"=COUNTIFS('Atenciones - Detalles de citas'!$AD:$AD,""*PSICO*""&""*Hombre*"",'Atenciones - Detalles de citas'!$AF:$AF,""<=4"")"
LEGACY::REMASEP_01::G89,REMASEP 01,G89,BASE_AGGREGATION,,"=COUNTIFS('Atenciones - Detalles de citas'!$AD:$AD,""*FONO*""&""*Hombre*"",'Atenciones - Detalles de citas'!$AF:$AF,""<=4"")"
LEGACY::REMASEP_01::G90,REMASEP 01,G90,BASE_AGGREGATION,,"=COUNTIFS('Atenciones - Detalles de citas'!$AD:$AD,""*KINE*""&""*Hombre*"",'Atenciones - Detalles de citas'!$AF:$AF,""<=4"")"
LEGACY::REMASEP_01::H84,REMASEP 01,H84,BASE_AGGREGATION,,"=COUNTIFS('Atenciones - Detalles de citas'!$AD:$AD,""*ENFERMER*""&""*Mujer*"",'Atenciones - Detalles de citas'!$AF:$AF,""<=4"")"
LEGACY::REMASEP_01::H86,REMASEP 01,H86,BASE_AGGREGATION,,"=COUNTIFS('Atenciones - Detalles de citas'!$AD:$AD,""*NUTRICIONISTA*""&""*Mujer*"",'Atenciones - Detalles de citas'!$AF:$AF,""<=4"")"
LEGACY::REMASEP_01::H87,REMASEP 01,H87,BASE_AGGREGATION,,"=COUNTIFS('Atenciones - Detalles de citas'!$AD:$AD,""*PSICO*""&""*Mujer*"",'Atenciones - Detalles de citas'!$AF:$AF,""<=4"")"
LEGACY::REMASEP_01::H89,REMASEP 01,H89,BASE_AGGREGATION,,"=COUNTIFS('Atenciones - Detalles de citas'!$AD:$AD,""*FONO*""&""*Mujer*"",'Atenciones - Detalles de citas'!$AF:$AF,""<=4"")"
LEGACY::REMASEP_01::H90,REMASEP 01,H90,BASE_AGGREGATION,,"=COUNTIFS('Atenciones - Detalles de citas'!$AD:$AD,""*KINE*""&""*Mujer*"",'Atenciones - Detalles de citas'!$AF:$AF,""<=4"")"
LEGACY::REMASEP_01::I84,REMASEP 01,I84,BASE_AGGREGATION,,"=COUNTIFS('Atenciones - Detalles de citas'!$AD:$AD,""*ENFERMER*""&""*Hombre*"",'Atenciones - Detalles de citas'!$AF:$AF,"">=5"",'Atenciones - Detalles de citas'!$AF:$AF,""<=9"")"
LEGACY::REMASEP_01::I86,REMASEP 01,I86,BASE_AGGREGATION,,"=COUNTIFS('Atenciones - Detalles de citas'!$AD:$AD,""*NUTRICIONISTA*""&""*Hombre*"",'Atenciones - Detalles de citas'!$AF:$AF,"">=5"",'Atenciones - Detalles de citas'!$AF:$AF,""<=9"")"
LEGACY::REMASEP_01::I87,REMASEP 01,I87,BASE_AGGREGATION,,"=COUNTIFS('Atenciones - Detalles de citas'!$AD:$AD,""*PSICO*""&""*Hombre*"",'Atenciones - Detalles de citas'!$AF:$AF,"">=5"",'Atenciones - Detalles de citas'!$AF:$AF,""<=9"")"
LEGACY::REMASEP_01::I89,REMASEP 01,I89,BASE_AGGREGATION,,"=COUNTIFS('Atenciones - Detalles de citas'!$AD:$AD,""*FONO*""&""*Hombre*"",'Atenciones - Detalles de citas'!$AF:$AF,"">=5"",'Atenciones - Detalles de citas'!$AF:$AF,""<=9"")"
LEGACY::REMASEP_01::I90,REMASEP 01,I90,BASE_AGGREGATION,,"=COUNTIFS('Atenciones - Detalles de citas'!$AD:$AD,""*KINE*""&""*Hombre*"",'Atenciones - Detalles de citas'!$AF:$AF,"">=5"",'Atenciones - Detalles de citas'!$AF:$AF,""<=9"")"
LEGACY::REMASEP_01::J84,REMASEP 01,J84,BASE_AGGREGATION,,"=COUNTIFS('Atenciones - Detalles de citas'!$AD:$AD,""*ENFERMER*""&""*Mujer*"",'Atenciones - Detalles de citas'!$AF:$AF,"">=5"",'Atenciones - Detalles de citas'!$AF:$AF,""<=9"")"
LEGACY::REMASEP_01::J86,REMASEP 01,J86,BASE_AGGREGATION,,"=COUNTIFS('Atenciones - Detalles de citas'!$AD:$AD,""*NUTRICIONISTA*""&""*Mujer*"",'Atenciones - Detalles de citas'!$AF:$AF,"">=5"",'Atenciones - Detalles de citas'!$AF:$AF,""<=9"")"
LEGACY::REMASEP_01::J87,REMASEP 01,J87,BASE_AGGREGATION,,"=COUNTIFS('Atenciones - Detalles de citas'!$AD:$AD,""*PSICO*""&""*Mujer*"",'Atenciones - Detalles de citas'!$AF:$AF,"">=5"",'Atenciones - Detalles de citas'!$AF:$AF,""<=9"")"
LEGACY::REMASEP_01::J89,REMASEP 01,J89,BASE_AGGREGATION,,"=COUNTIFS('Atenciones - Detalles de citas'!$AD:$AD,""*FONO*""&""*Mujer*"",'Atenciones - Detalles de citas'!$AF:$AF,"">=5"",'Atenciones - Detalles de citas'!$AF:$AF,""<=9"")"
LEGACY::REMASEP_01::J90,REMASEP 01,J90,BASE_AGGREGATION,,"=COUNTIFS('Atenciones - Detalles de citas'!$AD:$AD,""*KINE*""&""*Mujer*"",'Atenciones - Detalles de citas'!$AF:$AF,"">=5"",'Atenciones - Detalles de citas'!$AF:$AF,""<=9"")"
LEGACY::REMASEP_01::K84,REMASEP 01,K84,BASE_AGGREGATION,,"=COUNTIFS('Atenciones - Detalles de citas'!$AD:$AD,""*ENFERMER*""&""*Hombre*"",'Atenciones - Detalles de citas'!$AF:$AF,"">=10"",'Atenciones - Detalles de citas'!$AF:$AF,""<=14"")"
LEGACY::REMASEP_01::K86,REMASEP 01,K86,BASE_AGGREGATION,,"=COUNTIFS('Atenciones - Detalles de citas'!$AD:$AD,""*NUTRICIONISTA*""&""*Hombre*"",'Atenciones - Detalles de citas'!$AF:$AF,"">=10"",'Atenciones - Detalles de citas'!$AF:$AF,""<=14"")"
LEGACY::REMASEP_01::K87,REMASEP 01,K87,BASE_AGGREGATION,,"=COUNTIFS('Atenciones - Detalles de citas'!$AD:$AD,""*PSICO*""&""*Hombre*"",'Atenciones - Detalles de citas'!$AF:$AF,"">=10"",'Atenciones - Detalles de citas'!$AF:$AF,""<=14"")"
LEGACY::REMASEP_01::K89,REMASEP 01,K89,BASE_AGGREGATION,,"=COUNTIFS('Atenciones - Detalles de citas'!$AD:$AD,""*FONO*""&""*Hombre*"",'Atenciones - Detalles de citas'!$AF:$AF,"">=10"",'Atenciones - Detalles de citas'!$AF:$AF,""<=14"")"
LEGACY::REMASEP_01::K90,REMASEP 01,K90,BASE_AGGREGATION,,"=COUNTIFS('Atenciones - Detalles de citas'!$AD:$AD,""*KINE*""&""*Hombre*"",'Atenciones - Detalles de citas'!$AF:$AF,"">=10"",'Atenciones - Detalles de citas'!$AF:$AF,""<=14"")"
LEGACY::REMASEP_01::L84,REMASEP 01,L84,BASE_AGGREGATION,,"=COUNTIFS('Atenciones - Detalles de citas'!$AD:$AD,""*ENFERMER*""&""*Mujer*"",'Atenciones - Detalles de citas'!$AF:$AF,"">=10"",'Atenciones - Detalles de citas'!$AF:$AF,""<=14"")"
LEGACY::REMASEP_01::L86,REMASEP 01,L86,BASE_AGGREGATION,,"=COUNTIFS('Atenciones - Detalles de citas'!$AD:$AD,""*NUTRICIONISTA*""&""*Mujer*"",'Atenciones - Detalles de citas'!$AF:$AF,"">=10"",'Atenciones - Detalles de citas'!$AF:$AF,""<=14"")"
LEGACY::REMASEP_01::L87,REMASEP 01,L87,BASE_AGGREGATION,,"=COUNTIFS('Atenciones - Detalles de citas'!$AD:$AD,""*PSICO*""&""*Mujer*"",'Atenciones - Detalles de citas'!$AF:$AF,"">=10"",'Atenciones - Detalles de citas'!$AF:$AF,""<=14"")"
LEGACY::REMASEP_01::L89,REMASEP 01,L89,BASE_AGGREGATION,,"=COUNTIFS('Atenciones - Detalles de citas'!$AD:$AD,""*FONO*""&""*Mujer*"",'Atenciones - Detalles de citas'!$AF:$AF,"">=10"",'Atenciones - Detalles de citas'!$AF:$AF,""<=14"")"
LEGACY::REMASEP_01::L90,REMASEP 01,L90,BASE_AGGREGATION,,"=COUNTIFS('Atenciones - Detalles de citas'!$AD:$AD,""*KINE*""&""*Mujer*"",'Atenciones - Detalles de citas'!$AF:$AF,"">=10"",'Atenciones - Detalles de citas'!$AF:$AF,""<=14"")"
LEGACY::REMASEP_01::M84,REMASEP 01,M84,BASE_AGGREGATION,,"=COUNTIFS('Atenciones - Detalles de citas'!$AD:$AD,""*ENFERMER*""&""*Hombre*"",'Atenciones - Detalles de citas'!$AF:$AF,"">=15"",'Atenciones - Detalles de citas'!$AF:$AF,""<=19"")"
LEGACY::REMASEP_01::M86,REMASEP 01,M86,BASE_AGGREGATION,,"=COUNTIFS('Atenciones - Detalles de citas'!$AD:$AD,""*NUTRICIONISTA*""&""*Hombre*"",'Atenciones - Detalles de citas'!$AF:$AF,"">=15"",'Atenciones - Detalles de citas'!$AF:$AF,""<=19"")"
LEGACY::REMASEP_01::M87,REMASEP 01,M87,BASE_AGGREGATION,,"=COUNTIFS('Atenciones - Detalles de citas'!$AD:$AD,""*PSICO*""&""*Hombre*"",'Atenciones - Detalles de citas'!$AF:$AF,"">=15"",'Atenciones - Detalles de citas'!$AF:$AF,""<=19"")"
LEGACY::REMASEP_01::M89,REMASEP 01,M89,BASE_AGGREGATION,,"=COUNTIFS('Atenciones - Detalles de citas'!$AD:$AD,""*FONO*""&""*Hombre*"",'Atenciones - Detalles de citas'!$AF:$AF,"">=15"",'Atenciones - Detalles de citas'!$AF:$AF,""<=19"")"
LEGACY::REMASEP_01::M90,REMASEP 01,M90,BASE_AGGREGATION,,"=COUNTIFS('Atenciones - Detalles de citas'!$AD:$AD,""*KINE*""&""*Hombre*"",'Atenciones - Detalles de citas'!$AF:$AF,"">=15"",'Atenciones - Detalles de citas'!$AF:$AF,""<=19"")"
LEGACY::REMASEP_01::N84,REMASEP 01,N84,BASE_AGGREGATION,,"=COUNTIFS('Atenciones - Detalles de citas'!$AD:$AD,""*ENFERMER*""&""*Mujer*"",'Atenciones - Detalles de citas'!$AF:$AF,"">=15"",'Atenciones - Detalles de citas'!$AF:$AF,""<=19"")"
LEGACY::REMASEP_01::N86,REMASEP 01,N86,BASE_AGGREGATION,,"=COUNTIFS('Atenciones - Detalles de citas'!$AD:$AD,""*NUTRICIONISTA*""&""*Mujer*"",'Atenciones - Detalles de citas'!$AF:$AF,"">=15"",'Atenciones - Detalles de citas'!$AF:$AF,""<=19"")"
LEGACY::REMASEP_01::N87,REMASEP 01,N87,BASE_AGGREGATION,,"=COUNTIFS('Atenciones - Detalles de citas'!$AD:$AD,""*PSICO*""&""*Mujer*"",'Atenciones - Detalles de citas'!$AF:$AF,"">=15"",'Atenciones - Detalles de citas'!$AF:$AF,""<=19"")"
LEGACY::REMASEP_01::N89,REMASEP 01,N89,BASE_AGGREGATION,,"=COUNTIFS('Atenciones - Detalles de citas'!$AD:$AD,""*FONO*""&""*Mujer*"",'Atenciones - Detalles de citas'!$AF:$AF,"">=15"",'Atenciones - Detalles de citas'!$AF:$AF,""<=19"")"
LEGACY::REMASEP_01::N90,REMASEP 01,N90,BASE_AGGREGATION,,"=COUNTIFS('Atenciones - Detalles de citas'!$AD:$AD,""*KINE*""&""*Mujer*"",'Atenciones - Detalles de citas'!$AF:$AF,"">=15"",'Atenciones - Detalles de citas'!$AF:$AF,""<=19"")"
LEGACY::REMASEP_01::O84,REMASEP 01,O84,BASE_AGGREGATION,,"=COUNTIFS('Atenciones - Detalles de citas'!$AD:$AD,""*ENFERMER*""&""*Hombre*"",'Atenciones - Detalles de citas'!$AF:$AF,"">=20"",'Atenciones - Detalles de citas'!$AF:$AF,""<=24"")"
LEGACY::REMASEP_01::O86,REMASEP 01,O86,BASE_AGGREGATION,,"=COUNTIFS('Atenciones - Detalles de citas'!$AD:$AD,""*NUTRICIONISTA*""&""*Hombre*"",'Atenciones - Detalles de citas'!$AF:$AF,"">=20"",'Atenciones - Detalles de citas'!$AF:$AF,""<=24"")"
LEGACY::REMASEP_01::O87,REMASEP 01,O87,BASE_AGGREGATION,,"=COUNTIFS('Atenciones - Detalles de citas'!$AD:$AD,""*PSICO*""&""*Hombre*"",'Atenciones - Detalles de citas'!$AF:$AF,"">=20"",'Atenciones - Detalles de citas'!$AF:$AF,""<=24"")"
LEGACY::REMASEP_01::O89,REMASEP 01,O89,BASE_AGGREGATION,,"=COUNTIFS('Atenciones - Detalles de citas'!$AD:$AD,""*FONO*""&""*Hombre*"",'Atenciones - Detalles de citas'!$AF:$AF,"">=20"",'Atenciones - Detalles de citas'!$AF:$AF,""<=24"")"
LEGACY::REMASEP_01::O90,REMASEP 01,O90,BASE_AGGREGATION,,"=COUNTIFS('Atenciones - Detalles de citas'!$AD:$AD,""*KINE*""&""*Hombre*"",'Atenciones - Detalles de citas'!$AF:$AF,"">=20"",'Atenciones - Detalles de citas'!$AF:$AF,""<=24"")"
LEGACY::REMASEP_01::P84,REMASEP 01,P84,BASE_AGGREGATION,,"=COUNTIFS('Atenciones - Detalles de citas'!$AD:$AD,""*ENFERMER*""&""*Mujer*"",'Atenciones - Detalles de citas'!$AF:$AF,"">=20"",'Atenciones - Detalles de citas'!$AF:$AF,""<=24"")"
LEGACY::REMASEP_01::P86,REMASEP 01,P86,BASE_AGGREGATION,,"=COUNTIFS('Atenciones - Detalles de citas'!$AD:$AD,""*NUTRICIONISTA*""&""*Mujer*"",'Atenciones - Detalles de citas'!$AF:$AF,"">=20"",'Atenciones - Detalles de citas'!$AF:$AF,""<=24"")"
LEGACY::REMASEP_01::P87,REMASEP 01,P87,BASE_AGGREGATION,,"=COUNTIFS('Atenciones - Detalles de citas'!$AD:$AD,""*PSICO*""&""*Mujer*"",'Atenciones - Detalles de citas'!$AF:$AF,"">=20"",'Atenciones - Detalles de citas'!$AF:$AF,""<=24"")"
LEGACY::REMASEP_01::P89,REMASEP 01,P89,BASE_AGGREGATION,,"=COUNTIFS('Atenciones - Detalles de citas'!$AD:$AD,""*FONO*""&""*Mujer*"",'Atenciones - Detalles de citas'!$AF:$AF,"">=20"",'Atenciones - Detalles de citas'!$AF:$AF,""<=24"")"
LEGACY::REMASEP_01::P90,REMASEP 01,P90,BASE_AGGREGATION,,"=COUNTIFS('Atenciones - Detalles de citas'!$AD:$AD,""*KINE*""&""*Mujer*"",'Atenciones - Detalles de citas'!$AF:$AF,"">=20"",'Atenciones - Detalles de citas'!$AF:$AF,""<=24"")"
LEGACY::REMASEP_01::Q84,REMASEP 01,Q84,BASE_AGGREGATION,,"=COUNTIFS('Atenciones - Detalles de citas'!$AD:$AD,""*ENFERMER*""&""*Hombre*"",'Atenciones - Detalles de citas'!$AF:$AF,"">=25"",'Atenciones - Detalles de citas'!$AF:$AF,""<=29"")"
LEGACY::REMASEP_01::Q86,REMASEP 01,Q86,BASE_AGGREGATION,,"=COUNTIFS('Atenciones - Detalles de citas'!$AD:$AD,""*NUTRICIONISTA*""&""*Hombre*"",'Atenciones - Detalles de citas'!$AF:$AF,"">=25"",'Atenciones - Detalles de citas'!$AF:$AF,""<=29"")"
LEGACY::REMASEP_01::Q87,REMASEP 01,Q87,BASE_AGGREGATION,,"=COUNTIFS('Atenciones - Detalles de citas'!$AD:$AD,""*PSICO*""&""*Hombre*"",'Atenciones - Detalles de citas'!$AF:$AF,"">=25"",'Atenciones - Detalles de citas'!$AF:$AF,""<=29"")"
LEGACY::REMASEP_01::Q89,REMASEP 01,Q89,BASE_AGGREGATION,,"=COUNTIFS('Atenciones - Detalles de citas'!$AD:$AD,""*FONO*""&""*Hombre*"",'Atenciones - Detalles de citas'!$AF:$AF,"">=25"",'Atenciones - Detalles de citas'!$AF:$AF,""<=29"")"
LEGACY::REMASEP_01::Q90,REMASEP 01,Q90,BASE_AGGREGATION,,"=COUNTIFS('Atenciones - Detalles de citas'!$AD:$AD,""*KINE*""&""*Hombre*"",'Atenciones - Detalles de citas'!$AF:$AF,"">=25"",'Atenciones - Detalles de citas'!$AF:$AF,""<=29"")"
LEGACY::REMASEP_01::R84,REMASEP 01,R84,BASE_AGGREGATION,,"=COUNTIFS('Atenciones - Detalles de citas'!$AD:$AD,""*ENFERMER*""&""*Mujer*"",'Atenciones - Detalles de citas'!$AF:$AF,"">=25"",'Atenciones - Detalles de citas'!$AF:$AF,""<=29"")"
LEGACY::REMASEP_01::R86,REMASEP 01,R86,BASE_AGGREGATION,,"=COUNTIFS('Atenciones - Detalles de citas'!$AD:$AD,""*NUTRICIONISTA*""&""*Mujer*"",'Atenciones - Detalles de citas'!$AF:$AF,"">=25"",'Atenciones - Detalles de citas'!$AF:$AF,""<=29"")"
LEGACY::REMASEP_01::R87,REMASEP 01,R87,BASE_AGGREGATION,,"=COUNTIFS('Atenciones - Detalles de citas'!$AD:$AD,""*PSICO*""&""*Mujer*"",'Atenciones - Detalles de citas'!$AF:$AF,"">=25"",'Atenciones - Detalles de citas'!$AF:$AF,""<=29"")"
LEGACY::REMASEP_01::R89,REMASEP 01,R89,BASE_AGGREGATION,,"=COUNTIFS('Atenciones - Detalles de citas'!$AD:$AD,""*FONO*""&""*Mujer*"",'Atenciones - Detalles de citas'!$AF:$AF,"">=25"",'Atenciones - Detalles de citas'!$AF:$AF,""<=29"")"
LEGACY::REMASEP_01::R90,REMASEP 01,R90,BASE_AGGREGATION,,"=COUNTIFS('Atenciones - Detalles de citas'!$AD:$AD,""*KINE*""&""*Mujer*"",'Atenciones - Detalles de citas'!$AF:$AF,"">=25"",'Atenciones - Detalles de citas'!$AF:$AF,""<=29"")"
LEGACY::REMASEP_01::S84,REMASEP 01,S84,BASE_AGGREGATION,,"=COUNTIFS('Atenciones - Detalles de citas'!$AD:$AD,""*ENFERMER*""&""*Hombre*"",'Atenciones - Detalles de citas'!$AF:$AF,"">=30"",'Atenciones - Detalles de citas'!$AF:$AF,""<=34"")"
LEGACY::REMASEP_01::S86,REMASEP 01,S86,BASE_AGGREGATION,,"=COUNTIFS('Atenciones - Detalles de citas'!$AD:$AD,""*NUTRICIONISTA*""&""*Hombre*"",'Atenciones - Detalles de citas'!$AF:$AF,"">=30"",'Atenciones - Detalles de citas'!$AF:$AF,""<=34"")"
LEGACY::REMASEP_01::S87,REMASEP 01,S87,BASE_AGGREGATION,,"=COUNTIFS('Atenciones - Detalles de citas'!$AD:$AD,""*PSICO*""&""*Hombre*"",'Atenciones - Detalles de citas'!$AF:$AF,"">=30"",'Atenciones - Detalles de citas'!$AF:$AF,""<=34"")"
LEGACY::REMASEP_01::S89,REMASEP 01,S89,BASE_AGGREGATION,,"=COUNTIFS('Atenciones - Detalles de citas'!$AD:$AD,""*FONO*""&""*Hombre*"",'Atenciones - Detalles de citas'!$AF:$AF,"">=30"",'Atenciones - Detalles de citas'!$AF:$AF,""<=34"")"
LEGACY::REMASEP_01::S90,REMASEP 01,S90,BASE_AGGREGATION,,"=COUNTIFS('Atenciones - Detalles de citas'!$AD:$AD,""*KINE*""&""*Hombre*"",'Atenciones - Detalles de citas'!$AF:$AF,"">=30"",'Atenciones - Detalles de citas'!$AF:$AF,""<=34"")"
LEGACY::REMASEP_01::T84,REMASEP 01,T84,BASE_AGGREGATION,,"=COUNTIFS('Atenciones - Detalles de citas'!$AD:$AD,""*ENFERMER*""&""*Mujer*"",'Atenciones - Detalles de citas'!$AF:$AF,"">=30"",'Atenciones - Detalles de citas'!$AF:$AF,""<=34"")"
LEGACY::REMASEP_01::T86,REMASEP 01,T86,BASE_AGGREGATION,,"=COUNTIFS('Atenciones - Detalles de citas'!$AD:$AD,""*NUTRICIONISTA*""&""*Mujer*"",'Atenciones - Detalles de citas'!$AF:$AF,"">=30"",'Atenciones - Detalles de citas'!$AF:$AF,""<=34"")"
LEGACY::REMASEP_01::T87,REMASEP 01,T87,BASE_AGGREGATION,,"=COUNTIFS('Atenciones - Detalles de citas'!$AD:$AD,""*PSICO*""&""*Mujer*"",'Atenciones - Detalles de citas'!$AF:$AF,"">=30"",'Atenciones - Detalles de citas'!$AF:$AF,""<=34"")"
LEGACY::REMASEP_01::T89,REMASEP 01,T89,BASE_AGGREGATION,,"=COUNTIFS('Atenciones - Detalles de citas'!$AD:$AD,""*FONO*""&""*Mujer*"",'Atenciones - Detalles de citas'!$AF:$AF,"">=30"",'Atenciones - Detalles de citas'!$AF:$AF,""<=34"")"
LEGACY::REMASEP_01::T90,REMASEP 01,T90,BASE_AGGREGATION,,"=COUNTIFS('Atenciones - Detalles de citas'!$AD:$AD,""*KINE*""&""*Mujer*"",'Atenciones - Detalles de citas'!$AF:$AF,"">=30"",'Atenciones - Detalles de citas'!$AF:$AF,""<=34"")"
LEGACY::REMASEP_01::U84,REMASEP 01,U84,BASE_AGGREGATION,,"=COUNTIFS('Atenciones - Detalles de citas'!$AD:$AD,""*ENFERMER*""&""*Hombre*"",'Atenciones - Detalles de citas'!$AF:$AF,"">=35"",'Atenciones - Detalles de citas'!$AF:$AF,""<=39"")"
LEGACY::REMASEP_01::U86,REMASEP 01,U86,BASE_AGGREGATION,,"=COUNTIFS('Atenciones - Detalles de citas'!$AD:$AD,""*NUTRICIONISTA*""&""*Hombre*"",'Atenciones - Detalles de citas'!$AF:$AF,"">=35"",'Atenciones - Detalles de citas'!$AF:$AF,""<=39"")"
LEGACY::REMASEP_01::U87,REMASEP 01,U87,BASE_AGGREGATION,,"=COUNTIFS('Atenciones - Detalles de citas'!$AD:$AD,""*PSICO*""&""*Hombre*"",'Atenciones - Detalles de citas'!$AF:$AF,"">=35"",'Atenciones - Detalles de citas'!$AF:$AF,""<=39"")"
LEGACY::REMASEP_01::U89,REMASEP 01,U89,BASE_AGGREGATION,,"=COUNTIFS('Atenciones - Detalles de citas'!$AD:$AD,""*FONO*""&""*Hombre*"",'Atenciones - Detalles de citas'!$AF:$AF,"">=35"",'Atenciones - Detalles de citas'!$AF:$AF,""<=39"")"
LEGACY::REMASEP_01::U90,REMASEP 01,U90,BASE_AGGREGATION,,"=COUNTIFS('Atenciones - Detalles de citas'!$AD:$AD,""*KINE*""&""*Hombre*"",'Atenciones - Detalles de citas'!$AF:$AF,"">=35"",'Atenciones - Detalles de citas'!$AF:$AF,""<=39"")"
LEGACY::REMASEP_01::V84,REMASEP 01,V84,BASE_AGGREGATION,,"=COUNTIFS('Atenciones - Detalles de citas'!$AD:$AD,""*ENFERMER*""&""*Mujer*"",'Atenciones - Detalles de citas'!$AF:$AF,"">=35"",'Atenciones - Detalles de citas'!$AF:$AF,""<=39"")"
LEGACY::REMASEP_01::V86,REMASEP 01,V86,BASE_AGGREGATION,,"=COUNTIFS('Atenciones - Detalles de citas'!$AD:$AD,""*NUTRICIONISTA*""&""*Mujer*"",'Atenciones - Detalles de citas'!$AF:$AF,"">=35"",'Atenciones - Detalles de citas'!$AF:$AF,""<=39"")"
LEGACY::REMASEP_01::V87,REMASEP 01,V87,BASE_AGGREGATION,,"=COUNTIFS('Atenciones - Detalles de citas'!$AD:$AD,""*PSICO*""&""*Mujer*"",'Atenciones - Detalles de citas'!$AF:$AF,"">=35"",'Atenciones - Detalles de citas'!$AF:$AF,""<=39"")"
LEGACY::REMASEP_01::V89,REMASEP 01,V89,BASE_AGGREGATION,,"=COUNTIFS('Atenciones - Detalles de citas'!$AD:$AD,""*FONO*""&""*Mujer*"",'Atenciones - Detalles de citas'!$AF:$AF,"">=35"",'Atenciones - Detalles de citas'!$AF:$AF,""<=39"")"
LEGACY::REMASEP_01::V90,REMASEP 01,V90,BASE_AGGREGATION,,"=COUNTIFS('Atenciones - Detalles de citas'!$AD:$AD,""*KINE*""&""*Mujer*"",'Atenciones - Detalles de citas'!$AF:$AF,"">=35"",'Atenciones - Detalles de citas'!$AF:$AF,""<=39"")"
LEGACY::REMASEP_01::W84,REMASEP 01,W84,BASE_AGGREGATION,,"=COUNTIFS('Atenciones - Detalles de citas'!$AD:$AD,""*ENFERMER*""&""*Hombre*"",'Atenciones - Detalles de citas'!$AF:$AF,"">=40"",'Atenciones - Detalles de citas'!$AF:$AF,""<=44"")"
LEGACY::REMASEP_01::W86,REMASEP 01,W86,BASE_AGGREGATION,,"=COUNTIFS('Atenciones - Detalles de citas'!$AD:$AD,""*NUTRICIONISTA*""&""*Hombre*"",'Atenciones - Detalles de citas'!$AF:$AF,"">=40"",'Atenciones - Detalles de citas'!$AF:$AF,""<=44"")"
LEGACY::REMASEP_01::W87,REMASEP 01,W87,BASE_AGGREGATION,,"=COUNTIFS('Atenciones - Detalles de citas'!$AD:$AD,""*PSICO*""&""*Hombre*"",'Atenciones - Detalles de citas'!$AF:$AF,"">=40"",'Atenciones - Detalles de citas'!$AF:$AF,""<=44"")"
LEGACY::REMASEP_01::W89,REMASEP 01,W89,BASE_AGGREGATION,,"=COUNTIFS('Atenciones - Detalles de citas'!$AD:$AD,""*FONO*""&""*Hombre*"",'Atenciones - Detalles de citas'!$AF:$AF,"">=40"",'Atenciones - Detalles de citas'!$AF:$AF,""<=44"")"
LEGACY::REMASEP_01::W90,REMASEP 01,W90,BASE_AGGREGATION,,"=COUNTIFS('Atenciones - Detalles de citas'!$AD:$AD,""*KINE*""&""*Hombre*"",'Atenciones - Detalles de citas'!$AF:$AF,"">=40"",'Atenciones - Detalles de citas'!$AF:$AF,""<=44"")"
LEGACY::REMASEP_01::X84,REMASEP 01,X84,BASE_AGGREGATION,,"=COUNTIFS('Atenciones - Detalles de citas'!$AD:$AD,""*ENFERMER*""&""*Mujer*"",'Atenciones - Detalles de citas'!$AF:$AF,"">=40"",'Atenciones - Detalles de citas'!$AF:$AF,""<=44"")"
LEGACY::REMASEP_01::X86,REMASEP 01,X86,BASE_AGGREGATION,,"=COUNTIFS('Atenciones - Detalles de citas'!$AD:$AD,""*NUTRICIONISTA*""&""*Mujer*"",'Atenciones - Detalles de citas'!$AF:$AF,"">=40"",'Atenciones - Detalles de citas'!$AF:$AF,""<=44"")"
LEGACY::REMASEP_01::X87,REMASEP 01,X87,BASE_AGGREGATION,,"=COUNTIFS('Atenciones - Detalles de citas'!$AD:$AD,""*PSICO*""&""*Mujer*"",'Atenciones - Detalles de citas'!$AF:$AF,"">=40"",'Atenciones - Detalles de citas'!$AF:$AF,""<=44"")"
LEGACY::REMASEP_01::X89,REMASEP 01,X89,BASE_AGGREGATION,,"=COUNTIFS('Atenciones - Detalles de citas'!$AD:$AD,""*FONO*""&""*Mujer*"",'Atenciones - Detalles de citas'!$AF:$AF,"">=40"",'Atenciones - Detalles de citas'!$AF:$AF,""<=44"")"
LEGACY::REMASEP_01::X90,REMASEP 01,X90,BASE_AGGREGATION,,"=COUNTIFS('Atenciones - Detalles de citas'!$AD:$AD,""*KINE*""&""*Mujer*"",'Atenciones - Detalles de citas'!$AF:$AF,"">=40"",'Atenciones - Detalles de citas'!$AF:$AF,""<=44"")"
LEGACY::REMASEP_01::Y84,REMASEP 01,Y84,BASE_AGGREGATION,,"=COUNTIFS('Atenciones - Detalles de citas'!$AD:$AD,""*ENFERMER*""&""*Hombre*"",'Atenciones - Detalles de citas'!$AF:$AF,"">=45"",'Atenciones - Detalles de citas'!$AF:$AF,""<=49"")"
LEGACY::REMASEP_01::Y86,REMASEP 01,Y86,BASE_AGGREGATION,,"=COUNTIFS('Atenciones - Detalles de citas'!$AD:$AD,""*NUTRICIONISTA*""&""*Hombre*"",'Atenciones - Detalles de citas'!$AF:$AF,"">=45"",'Atenciones - Detalles de citas'!$AF:$AF,""<=49"")"
LEGACY::REMASEP_01::Y87,REMASEP 01,Y87,BASE_AGGREGATION,,"=COUNTIFS('Atenciones - Detalles de citas'!$AD:$AD,""*PSICO*""&""*Hombre*"",'Atenciones - Detalles de citas'!$AF:$AF,"">=45"",'Atenciones - Detalles de citas'!$AF:$AF,""<=49"")"
LEGACY::REMASEP_01::Y89,REMASEP 01,Y89,BASE_AGGREGATION,,"=COUNTIFS('Atenciones - Detalles de citas'!$AD:$AD,""*FONO*""&""*Hombre*"",'Atenciones - Detalles de citas'!$AF:$AF,"">=45"",'Atenciones - Detalles de citas'!$AF:$AF,""<=49"")"
LEGACY::REMASEP_01::Y90,REMASEP 01,Y90,BASE_AGGREGATION,,"=COUNTIFS('Atenciones - Detalles de citas'!$AD:$AD,""*KINE*""&""*Hombre*"",'Atenciones - Detalles de citas'!$AF:$AF,"">=45"",'Atenciones - Detalles de citas'!$AF:$AF,""<=49"")"
LEGACY::REMASEP_01::Z84,REMASEP 01,Z84,BASE_AGGREGATION,,"=COUNTIFS('Atenciones - Detalles de citas'!$AD:$AD,""*ENFERMER*""&""*Mujer*"",'Atenciones - Detalles de citas'!$AF:$AF,"">=45"",'Atenciones - Detalles de citas'!$AF:$AF,""<=49"")"
LEGACY::REMASEP_01::Z86,REMASEP 01,Z86,BASE_AGGREGATION,,"=COUNTIFS('Atenciones - Detalles de citas'!$AD:$AD,""*NUTRICIONISTA*""&""*Mujer*"",'Atenciones - Detalles de citas'!$AF:$AF,"">=45"",'Atenciones - Detalles de citas'!$AF:$AF,""<=49"")"
LEGACY::REMASEP_01::Z87,REMASEP 01,Z87,BASE_AGGREGATION,,"=COUNTIFS('Atenciones - Detalles de citas'!$AD:$AD,""*PSICO*""&""*Mujer*"",'Atenciones - Detalles de citas'!$AF:$AF,"">=45"",'Atenciones - Detalles de citas'!$AF:$AF,""<=49"")"
LEGACY::REMASEP_01::Z89,REMASEP 01,Z89,BASE_AGGREGATION,,"=COUNTIFS('Atenciones - Detalles de citas'!$AD:$AD,""*FONO*""&""*Mujer*"",'Atenciones - Detalles de citas'!$AF:$AF,"">=45"",'Atenciones - Detalles de citas'!$AF:$AF,""<=49"")"
LEGACY::REMASEP_01::Z90,REMASEP 01,Z90,BASE_AGGREGATION,,"=COUNTIFS('Atenciones - Detalles de citas'!$AD:$AD,""*KINE*""&""*Mujer*"",'Atenciones - Detalles de citas'!$AF:$AF,"">=45"",'Atenciones - Detalles de citas'!$AF:$AF,""<=49"")"
LEGACY::REMASEP_OD::AA10,REMASEP_OD,AA10,BASE_AGGREGATION,,"=COUNTIFS('Atenciones - Detalles de citas'!$AH:$AH,$A10&""Mujer"",'Atenciones - Detalles de citas'!$AF:$AF,"">=20"",'Atenciones - Detalles de citas'!$AH:$AH,$A10&""Mujer"",'Atenciones - Detalles de citas'!$AF:$AF,""<=24"")"
LEGACY::REMASEP_OD::AA13,REMASEP_OD,AA13,BASE_AGGREGATION,,"=COUNTIFS('Atenciones - Detalles de citas'!$AE:$AE,""*5001005 - SELLANTES*""&""*Mujer*"",'Atenciones - Detalles de citas'!$AF:$AF,"">=20"",'Atenciones - Detalles de citas'!$AE:$AE,""*5001005 - SELLANTES*""&""*Mujer*"",'Atenciones - Detalles de citas'!$AF:$AF,""<=24"")"
LEGACY::REMASEP_OD::AA14,REMASEP_OD,AA14,BASE_AGGREGATION,,"=COUNTIFS('Atenciones - Detalles de citas'!$AE:$AE,""*50010112 - INSTRUCCIÓN DE HIGIENE ORAL*""&""*Mujer*"",'Atenciones - Detalles de citas'!$AF:$AF,"">=20"",'Atenciones - Detalles de citas'!$AE:$AE,""*50010112 - INSTRUCCIÓN DE HIGIENE ORAL*""&""*Mujer*"",'Atenciones - Detalles de citas'!$AF:$AF,""<=24"")"
LEGACY::REMASEP_OD::AA16,REMASEP_OD,AA16,BASE_AGGREGATION,,"=COUNTIFS('Atenciones - Detalles de citas'!$AE:$AE,""*5010011 - PROFILAXIS*""&""*Mujer*"",'Atenciones - Detalles de citas'!$AF:$AF,"">=20"",'Atenciones - Detalles de citas'!$AE:$AE,""*5010011 - PROFILAXIS*""&""*Mujer*"",'Atenciones - Detalles de citas'!$AF:$AF,""<=24"")"
LEGACY::REMASEP_OD::AA17,REMASEP_OD,AA17,BASE_AGGREGATION,,"=COUNTIFS('Atenciones - Detalles de citas'!$AE:$AE,""*5001016 - FLUOR*""&""*Mujer*"",'Atenciones - Detalles de citas'!$AF:$AF,"">=20"",'Atenciones - Detalles de citas'!$AE:$AE,""*5001016 - FLUOR*""&""*Mujer*"",'Atenciones - Detalles de citas'!$AF:$AF,""<=24"")"
LEGACY::REMASEP_OD::AA24,REMASEP_OD,AA24,BASE_AGGREGATION,,"=COUNTIFS('Atenciones - Detalles de citas'!$AE:$AE,""*5012021 - DESTARTRAJE*""&""*Odontología General*""&""*Mujer*"",'Atenciones - Detalles de citas'!$AF:$AF,"">=20"",'Atenciones - Detalles de citas'!$AE:$AE,""*5012021 - DESTARTRAJE*""&""*Odontología General*""&""*Mujer*"",'Atenciones - Detalles de citas'!$AF:$AF,""<=24"")"
LEGACY::REMASEP_OD::AA28,REMASEP_OD,AA28,BASE_AGGREGATION,,"=COUNTIFS('Atenciones - Detalles de citas'!$AE:$AE,""*COMPOSITE*""&""*Odontología General*""&""*Mujer*"",'Atenciones - Detalles de citas'!$AF:$AF,"">=20"",'Atenciones - Detalles de citas'!$AE:$AE,""*COMPOSITE*""&""*Odontología General*""&""*Mujer*"",'Atenciones - Detalles de citas'!$AF:$AF,""<=24"")"
LEGACY::REMASEP_OD::AA30,REMASEP_OD,AA30,BASE_AGGREGATION,,"=COUNTIFS('Atenciones - Detalles de citas'!$AE:$AE,""*5010009 - VIDRIO IONÓMERO*""&""*Odontología General*""&""*Mujer*"",'Atenciones - Detalles de citas'!$AF:$AF,"">=20"",'Atenciones - Detalles de citas'!$AE:$AE,""*5010009 - VIDRIO IONÓMERO*""&""*Odontología General*""&""*Mujer*"",'Atenciones - Detalles de citas'!$AF:$AF,""<=24"")"
LEGACY::REMASEP_OD::AA40,REMASEP_OD,AA40,BASE_AGGREGATION,,"=COUNTIFS('Atenciones - Detalles de citas'!$AI:$AI,""*evaluacion odon esp*""&""*Mujer*"",'Atenciones - Detalles de citas'!$AF:$AF,"">=20"",'Atenciones - Detalles de citas'!$AI:$AI,""*evaluacion odon esp*""&""*Mujer*"",'Atenciones - Detalles de citas'!$AF:$AF,""<=24"")"
LEGACY::REMASEP_OD::AA46,REMASEP_OD,AA46,DERIVED_AGGREGATION,AA30,"=COUNTIFS('Atenciones - Detalles de citas'!$AE:$AE,""*5010009 - VIDRIO IONÓMERO*""&""*Mujer*"",'Atenciones - Detalles de citas'!$AF:$AF,"">=20"",'Atenciones - Detalles de citas'!$AE:$AE,""*5010009 - VIDRIO IONÓMERO*""&""*Mujer*"",'Atenciones - Detalles de citas'!$AF:$AF,""<=24"")-AA30"
LEGACY::REMASEP_OD::AA47,REMASEP_OD,AA47,BASE_AGGREGATION,,"=COUNTIFS('Atenciones - Detalles de citas'!$AE:$AE,""*5005008 - CEMENTACIÓN CARILLA RESINA INDIRECTA*""&""*Mujer*"",'Atenciones - Detalles de citas'!$AF:$AF,"">=20"",'Atenciones - Detalles de citas'!$AE:$AE,""*5005008 - CEMENTACIÓN CARILLA RESINA INDIRECTA*""&""*Mujer*"",'Atenciones - Detalles de citas'!$AF:$AF,""<=24"")"
LEGACY::REMASEP_OD::AA48,REMASEP_OD,AA48,BASE_AGGREGATION,,"=COUNTIFS('Atenciones - Detalles de citas'!$AE:$AE,""*INSTALACIÓN APARATO REMOVIBLE*""&""*Mujer*"",'Atenciones - Detalles de citas'!$AF:$AF,"">=20"",'Atenciones - Detalles de citas'!$AE:$AE,""*INSTALACIÓN APARATO REMOVIBLE*""&""*Mujer*"",'Atenciones - Detalles de citas'!$AF:$AF,""<=24"")"
LEGACY::REMASEP_OD::AA49,REMASEP_OD,AA49,BASE_AGGREGATION,,"=COUNTIFS('Atenciones - Detalles de citas'!$AE:$AE,""*5004001 - INSTALACIÓN APARATO FIJO SUP O INF*""&""*Mujer*"",'Atenciones - Detalles de citas'!$AF:$AF,"">=20"",'Atenciones - Detalles de citas'!$AE:$AE,""*5004001 - INSTALACIÓN APARATO FIJO SUP O INF*""&""*Mujer*"",'Atenciones - Detalles de citas'!$AF:$AF,""<=24"")"
LEGACY::REMASEP_OD::AA50,REMASEP_OD,AA50,BASE_AGGREGATION,,"=COUNTIFS('Atenciones - Detalles de citas'!$AE:$AE,""*INSTALACIÓN CONTENCION*""&""*Mujer*"",'Atenciones - Detalles de citas'!$AF:$AF,"">=20"",'Atenciones - Detalles de citas'!$AE:$AE,""*INSTALACIÓN CONTENCION*""&""*Mujer*"",'Atenciones - Detalles de citas'!$AF:$AF,""<=24"")"
LEGACY::REMASEP_OD::AA51,REMASEP_OD,AA51,BASE_AGGREGATION,,"=COUNTIFS('Atenciones - Detalles de citas'!$AE:$AE,""*5004018 - RETIRO APARATO FIJO-LIMPIEZA-IMPRESIÓN*""&""*Mujer*"",'Atenciones - Detalles de citas'!$AF:$AF,"">=20"",'Atenciones - Detalles de citas'!$AE:$AE,""*5004018 - RETIRO APARATO FIJO-LIMPIEZA-IMPRESIÓN*""&""*Mujer*"",'Atenciones - Detalles de citas'!$AF:$AF,""<=24"")"
LEGACY::REMASEP_OD::AA52,REMASEP_OD,AA52,BASE_AGGREGATION,,"=COUNTIFS('Atenciones - Detalles de citas'!$AE:$AE,""*5004020 - CONTROL ORTODONCIA QUIRÚRGICO*""&""*Mujer*"",'Atenciones - Detalles de citas'!$AF:$AF,"">=20"",'Atenciones - Detalles de citas'!$AE:$AE,""*5004020 - CONTROL ORTODONCIA QUIRÚRGICO*""&""*Mujer*"",'Atenciones - Detalles de citas'!$AF:$AF,""<=24"")"
LEGACY::REMASEP_OD::AA53,REMASEP_OD,AA53,BASE_AGGREGATION,,"=COUNTIFS('Atenciones - Detalles de citas'!$AK:$AK,""*1*""&""*Mujer*"",'Atenciones - Detalles de citas'!$AF:$AF,"">=20"",'Atenciones - Detalles de citas'!$AK:$AK,""*1*""&""*Mujer*"",'Atenciones - Detalles de citas'!$AF:$AF,""<=24"")"
LEGACY::REMASEP_OD::AA54,REMASEP_OD,AA54,BASE_AGGREGATION,,"=COUNTIFS('Atenciones - Detalles de citas'!$AJ:$AJ,""1""&""Mujer"",'Atenciones - Detalles de citas'!$AF:$AF,"">=20"",'Atenciones - Detalles de citas'!$AJ:$AJ,""1""&""Mujer"",'Atenciones - Detalles de citas'!$AF:$AF,""<=24"")"
LEGACY::REMASEP_OD::AA62,REMASEP_OD,AA62,DERIVED_AGGREGATION,AA28,"=COUNTIFS('Atenciones - Detalles de citas'!$AE:$AE,""*COMPOSITE*""&""*Mujer*"",'Atenciones - Detalles de citas'!$AF:$AF,"">=20"",'Atenciones - Detalles de citas'!$AE:$AE,""*COMPOSITE*""&""*Mujer*"",'Atenciones - Detalles de citas'!$AF:$AF,""<=24"")-AA28"
LEGACY::REMASEP_OD::AA63,REMASEP_OD,AA63,BASE_AGGREGATION,,"=COUNTIFS('Atenciones - Detalles de citas'!$AE:$AE,""*5010023 - PULPECTOMIA*""&""*Odontopediatría*""&""*Mujer*"",'Atenciones - Detalles de citas'!$AF:$AF,"">=20"",'Atenciones - Detalles de citas'!$AE:$AE,""*5010023 - PULPECTOMIA*""&""*Odontopediatría*""&""*Mujer*"",'Atenciones - Detalles de citas'!$AF:$AF,""<=24"")+COUNTIFS('Atenciones - Detalles de citas'!$AE:$AE,""*5010003 - PULPOTOMIA*""&""*Odontopediatría*""&""*Mujer*"",'Atenciones - Detalles de citas'!$AF:$AF,"">=20"",'Atenciones - Detalles de citas'!$AE:$AE,""*5010003 - PULPOTOMIA*""&""*Odontopediatría*""&""*Mujer*"",'Atenciones - Detalles de citas'!$AF:$AF,""<=24"")"
LEGACY::REMASEP_OD::AA65,REMASEP_OD,AA65,DERIVED_AGGREGATION,AA24,"=COUNTIFS('Atenciones - Detalles de citas'!$AE:$AE,""*DESTARTRAJE*""&""*Mujer*"",'Atenciones - Detalles de citas'!$AF:$AF,"">=20"",'Atenciones - Detalles de citas'!$AE:$AE,""*DESTARTRAJE*""&""*Mujer*"",'Atenciones - Detalles de citas'!$AF:$AF,""<=24"")-AA24"
LEGACY::REMASEP_OD::AA66,REMASEP_OD,AA66,BASE_AGGREGATION,,"=COUNTIFS('Atenciones - Detalles de citas'!$AE:$AE,""*AMALGAMA*""&""*Mujer*"",'Atenciones - Detalles de citas'!$AF:$AF,"">=20"",'Atenciones - Detalles de citas'!$AE:$AE,""*AMALGAMA*""&""*Mujer*"",'Atenciones - Detalles de citas'!$AF:$AF,""<=24"")"
LEGACY::REMASEP_OD::AA70,REMASEP_OD,AA70,BASE_AGGREGATION,,"=COUNTIFS('Atenciones - Detalles de citas'!$AE:$AE,""*INSTALACIÓN PRÓTESIS TOTAL ACRÍLICA SUP O INF*""&""*Mujer*"",'Atenciones - Detalles de citas'!$AF:$AF,"">=20"",'Atenciones - Detalles de citas'!$AE:$AE,""*INSTALACIÓN PRÓTESIS TOTAL ACRÍLICA SUP O INF*""&""*Mujer*"",'Atenciones - Detalles de citas'!$AF:$AF,""<=24"")"
LEGACY::REMASEP_OD::AA71,REMASEP_OD,AA71,BASE_AGGREGATION,,"=COUNTIFS('Atenciones - Detalles de citas'!$AE:$AE,""*INSTALACIÓN PRÓTESIS PARCIAL METÁLICA SUP O INF*""&""*Mujer*"",'Atenciones - Detalles de citas'!$AF:$AF,"">=20"",'Atenciones - Detalles de citas'!$AE:$AE,""*INSTALACIÓN PRÓTESIS PARCIAL METÁLICA SUP O INF*""&""*Mujer*"",'Atenciones - Detalles de citas'!$AF:$AF,""<=24"")"
LEGACY::REMASEP_OD::AA72,REMASEP_OD,AA72,BASE_AGGREGATION,,"=COUNTIFS('Atenciones - Detalles de citas'!$AE:$AE,""*CEMENTACIÓN PRÓTESIS FIJA SOBRE DIENTE*""&""*Mujer*"",'Atenciones - Detalles de citas'!$AF:$AF,"">=20"",'Atenciones - Detalles de citas'!$AE:$AE,""*CEMENTACIÓN PRÓTESIS FIJA SOBRE DIENTE*""&""*Mujer*"",'Atenciones - Detalles de citas'!$AF:$AF,""<=24"")"
LEGACY::REMASEP_OD::AA73,REMASEP_OD,AA73,BASE_AGGREGATION,,"=COUNTIFS('Atenciones - Detalles de citas'!$AE:$AE,""*INSTALACIÓN CORONA DEFINITIVA SOBRE IMPLANTE*""&""*Mujer*"",'Atenciones - Detalles de citas'!$AF:$AF,"">=20"",'Atenciones - Detalles de citas'!$AE:$AE,""*INSTALACIÓN CORONA DEFINITIVA SOBRE IMPLANTE*""&""*Mujer*"",'Atenciones - Detalles de citas'!$AF:$AF,""<=24"")"
LEGACY::REMASEP_OD::AA74,REMASEP_OD,AA74,BASE_AGGREGATION,,"=COUNTIFS('Atenciones - Detalles de citas'!$AE:$AE,""*AMALGAMA*""&""*Mujer*"",'Atenciones - Detalles de citas'!$AF:$AF,"">=20"",'Atenciones - Detalles de citas'!$AE:$AE,""*AMALGAMA*""&""*Mujer*"",'Atenciones - Detalles de citas'!$AF:$AF,""<=24"")"
LEGACY::REMASEP_OD::AA8,REMASEP_OD,AA8,BASE_AGGREGATION,,"=COUNTIFS('Atenciones - Detalles de citas'!$AD:$AD,$A8&""Mujer"",'Atenciones - Detalles de citas'!$AF:$AF,"">=20"",'Atenciones - Detalles de citas'!$AD:$AD,$A8&""Mujer"",'Atenciones - Detalles de citas'!$AF:$AF,""<=24"")"
LEGACY::REMASEP_OD::AA89,REMASEP_OD,AA89,BASE_AGGREGATION,,"=COUNTIFS('Atenciones - Detalles de citas'!$AE:$AE,""*5009002 - DESGASTE SELECTIVO*""&""*Mujer*"",'Atenciones - Detalles de citas'!$AF:$AF,"">=20"",'Atenciones - Detalles de citas'!$AE:$AE,""*5009002 - DESGASTE SELECTIVO*""&""*Mujer*"",'Atenciones - Detalles de citas'!$AF:$AF,""<=24"")"
LEGACY::REMASEP_OD::AA9,REMASEP_OD,AA9,BASE_AGGREGATION,,"=COUNTIFS('Atenciones - Detalles de citas'!$AD:$AD,$A9&""Mujer"",'Atenciones - Detalles de citas'!$AF:$AF,"">=20"",'Atenciones - Detalles de citas'!$AD:$AD,$A9&""Mujer"",'Atenciones - Detalles de citas'!$AF:$AF,""<=24"")"
LEGACY::REMASEP_OD::AA90,REMASEP_OD,AA90,BASE_AGGREGATION,,"=COUNTIFS('Atenciones - Detalles de citas'!$AL:$AL,""1""&""Mujer"",'Atenciones - Detalles de citas'!$AF:$AF,"">=20"",'Atenciones - Detalles de citas'!$AL:$AL,""1""&""Mujer"",'Atenciones - Detalles de citas'!$AF:$AF,""<=24"")"
LEGACY::REMASEP_OD::AB10,REMASEP_OD,AB10,BASE_AGGREGATION,,"=COUNTIFS('Atenciones - Detalles de citas'!$AH:$AH,$A10&""Hombre"",'Atenciones - Detalles de citas'!$AF:$AF,"">=25"",'Atenciones - Detalles de citas'!$AH:$AH,$A10&""Hombre"",'Atenciones - Detalles de citas'!$AF:$AF,""<=34"")"
LEGACY::REMASEP_OD::AB13,REMASEP_OD,AB13,BASE_AGGREGATION,,"=COUNTIFS('Atenciones - Detalles de citas'!$AE:$AE,""*5001005 - SELLANTES*""&""*Hombre*"",'Atenciones - Detalles de citas'!$AF:$AF,"">=25"",'Atenciones - Detalles de citas'!$AE:$AE,""*5001005 - SELLANTES*""&""*Hombre*"",'Atenciones - Detalles de citas'!$AF:$AF,""<=34"")"
LEGACY::REMASEP_OD::AB14,REMASEP_OD,AB14,BASE_AGGREGATION,,"=COUNTIFS('Atenciones - Detalles de citas'!$AE:$AE,""*50010112 - INSTRUCCIÓN DE HIGIENE ORAL*""&""*Hombre*"",'Atenciones - Detalles de citas'!$AF:$AF,"">=25"",'Atenciones - Detalles de citas'!$AE:$AE,""*50010112 - INSTRUCCIÓN DE HIGIENE ORAL*""&""*Hombre*"",'Atenciones - Detalles de citas'!$AF:$AF,""<=34"")"
LEGACY::REMASEP_OD::AB16,REMASEP_OD,AB16,BASE_AGGREGATION,,"=COUNTIFS('Atenciones - Detalles de citas'!$AE:$AE,""*5010011 - PROFILAXIS*""&""*Hombre*"",'Atenciones - Detalles de citas'!$AF:$AF,"">=25"",'Atenciones - Detalles de citas'!$AE:$AE,""*5010011 - PROFILAXIS*""&""*Hombre*"",'Atenciones - Detalles de citas'!$AF:$AF,""<=34"")"
LEGACY::REMASEP_OD::AB17,REMASEP_OD,AB17,BASE_AGGREGATION,,"=COUNTIFS('Atenciones - Detalles de citas'!$AE:$AE,""*5001016 - FLUOR*""&""*Hombre*"",'Atenciones - Detalles de citas'!$AF:$AF,"">=25"",'Atenciones - Detalles de citas'!$AE:$AE,""*5001016 - FLUOR*""&""*Hombre*"",'Atenciones - Detalles de citas'!$AF:$AF,""<=34"")"
LEGACY::REMASEP_OD::AB24,REMASEP_OD,AB24,BASE_AGGREGATION,,"=COUNTIFS('Atenciones - Detalles de citas'!$AE:$AE,""*5012021 - DESTARTRAJE*""&""*Odontología General*""&""*Hombre*"",'Atenciones - Detalles de citas'!$AF:$AF,"">=25"",'Atenciones - Detalles de citas'!$AE:$AE,""*5012021 - DESTARTRAJE*""&""*Odontología General*""&""*Hombre*"",'Atenciones - Detalles de citas'!$AF:$AF,""<=34"")"
LEGACY::REMASEP_OD::AB28,REMASEP_OD,AB28,BASE_AGGREGATION,,"=COUNTIFS('Atenciones - Detalles de citas'!$AE:$AE,""*COMPOSITE*""&""*Odontología General*""&""*Hombre*"",'Atenciones - Detalles de citas'!$AF:$AF,"">=25"",'Atenciones - Detalles de citas'!$AE:$AE,""*COMPOSITE*""&""*Odontología General*""&""*Hombre*"",'Atenciones - Detalles de citas'!$AF:$AF,""<=34"")"
LEGACY::REMASEP_OD::AB30,REMASEP_OD,AB30,BASE_AGGREGATION,,"=COUNTIFS('Atenciones - Detalles de citas'!$AE:$AE,""*5010009 - VIDRIO IONÓMERO*""&""*Odontología General*""&""*Hombre*"",'Atenciones - Detalles de citas'!$AF:$AF,"">=25"",'Atenciones - Detalles de citas'!$AE:$AE,""*5010009 - VIDRIO IONÓMERO*""&""*Odontología General*""&""*Hombre*"",'Atenciones - Detalles de citas'!$AF:$AF,""<=34"")"
LEGACY::REMASEP_OD::AB40,REMASEP_OD,AB40,BASE_AGGREGATION,,"=COUNTIFS('Atenciones - Detalles de citas'!$AI:$AI,""*evaluacion odon esp*""&""*Hombre*"",'Atenciones - Detalles de citas'!$AF:$AF,"">=25"",'Atenciones - Detalles de citas'!$AI:$AI,""*evaluacion odon esp*""&""*Hombre*"",'Atenciones - Detalles de citas'!$AF:$AF,""<=34"")"
LEGACY::REMASEP_OD::AB46,REMASEP_OD,AB46,DERIVED_AGGREGATION,AB30,"=COUNTIFS('Atenciones - Detalles de citas'!$AE:$AE,""*5010009 - VIDRIO IONÓMERO*""&""*Hombre*"",'Atenciones - Detalles de citas'!$AF:$AF,"">=25"",'Atenciones - Detalles de citas'!$AE:$AE,""*5010009 - VIDRIO IONÓMERO*""&""*Hombre*"",'Atenciones - Detalles de citas'!$AF:$AF,""<=34"")-AB30"
LEGACY::REMASEP_OD::AB47,REMASEP_OD,AB47,BASE_AGGREGATION,,"=COUNTIFS('Atenciones - Detalles de citas'!$AE:$AE,""*5005008 - CEMENTACIÓN CARILLA RESINA INDIRECTA*""&""*Hombre*"",'Atenciones - Detalles de citas'!$AF:$AF,"">=25"",'Atenciones - Detalles de citas'!$AE:$AE,""*5005008 - CEMENTACIÓN CARILLA RESINA INDIRECTA*""&""*Hombre*"",'Atenciones - Detalles de citas'!$AF:$AF,""<=34"")"
LEGACY::REMASEP_OD::AB48,REMASEP_OD,AB48,BASE_AGGREGATION,,"=COUNTIFS('Atenciones - Detalles de citas'!$AE:$AE,""*INSTALACIÓN APARATO REMOVIBLE*""&""*Hombre*"",'Atenciones - Detalles de citas'!$AF:$AF,"">=25"",'Atenciones - Detalles de citas'!$AE:$AE,""*INSTALACIÓN APARATO REMOVIBLE*""&""*Hombre*"",'Atenciones - Detalles de citas'!$AF:$AF,""<=34"")"
LEGACY::REMASEP_OD::AB49,REMASEP_OD,AB49,BASE_AGGREGATION,,"=COUNTIFS('Atenciones - Detalles de citas'!$AE:$AE,""*5004001 - INSTALACIÓN APARATO FIJO SUP O INF*""&""*Hombre*"",'Atenciones - Detalles de citas'!$AF:$AF,"">=25"",'Atenciones - Detalles de citas'!$AE:$AE,""*5004001 - INSTALACIÓN APARATO FIJO SUP O INF*""&""*Hombre*"",'Atenciones - Detalles de citas'!$AF:$AF,""<=34"")"
LEGACY::REMASEP_OD::AB50,REMASEP_OD,AB50,BASE_AGGREGATION,,"=COUNTIFS('Atenciones - Detalles de citas'!$AE:$AE,""*INSTALACIÓN CONTENCION*""&""*Hombre*"",'Atenciones - Detalles de citas'!$AF:$AF,"">=25"",'Atenciones - Detalles de citas'!$AE:$AE,""*INSTALACIÓN CONTENCION*""&""*Hombre*"",'Atenciones - Detalles de citas'!$AF:$AF,""<=34"")"
LEGACY::REMASEP_OD::AB51,REMASEP_OD,AB51,BASE_AGGREGATION,,"=COUNTIFS('Atenciones - Detalles de citas'!$AE:$AE,""*5004018 - RETIRO APARATO FIJO-LIMPIEZA-IMPRESIÓN*""&""*Hombre*"",'Atenciones - Detalles de citas'!$AF:$AF,"">=25"",'Atenciones - Detalles de citas'!$AE:$AE,""*5004018 - RETIRO APARATO FIJO-LIMPIEZA-IMPRESIÓN*""&""*Hombre*"",'Atenciones - Detalles de citas'!$AF:$AF,""<=34"")"
LEGACY::REMASEP_OD::AB52,REMASEP_OD,AB52,BASE_AGGREGATION,,"=COUNTIFS('Atenciones - Detalles de citas'!$AE:$AE,""*5004020 - CONTROL ORTODONCIA QUIRÚRGICO*""&""*Hombre*"",'Atenciones - Detalles de citas'!$AF:$AF,"">=25"",'Atenciones - Detalles de citas'!$AE:$AE,""*5004020 - CONTROL ORTODONCIA QUIRÚRGICO*""&""*Hombre*"",'Atenciones - Detalles de citas'!$AF:$AF,""<=34"")"
LEGACY::REMASEP_OD::AB53,REMASEP_OD,AB53,BASE_AGGREGATION,,"=COUNTIFS('Atenciones - Detalles de citas'!$AK:$AK,""*1*""&""*Hombre*"",'Atenciones - Detalles de citas'!$AF:$AF,"">=25"",'Atenciones - Detalles de citas'!$AK:$AK,""*1*""&""*Hombre*"",'Atenciones - Detalles de citas'!$AF:$AF,""<=34"")"
LEGACY::REMASEP_OD::AB54,REMASEP_OD,AB54,BASE_AGGREGATION,,"=COUNTIFS('Atenciones - Detalles de citas'!$AJ:$AJ,""1""&""Hombre"",'Atenciones - Detalles de citas'!$AF:$AF,"">=25"",'Atenciones - Detalles de citas'!$AJ:$AJ,""1""&""Hombre"",'Atenciones - Detalles de citas'!$AF:$AF,""<=34"")"
LEGACY::REMASEP_OD::AB62,REMASEP_OD,AB62,DERIVED_AGGREGATION,AB28,"=COUNTIFS('Atenciones - Detalles de citas'!$AE:$AE,""*COMPOSITE*""&""*Hombre*"",'Atenciones - Detalles de citas'!$AF:$AF,"">=25"",'Atenciones - Detalles de citas'!$AE:$AE,""*COMPOSITE*""&""*Hombre*"",'Atenciones - Detalles de citas'!$AF:$AF,""<=34"")-AB28"
LEGACY::REMASEP_OD::AB63,REMASEP_OD,AB63,BASE_AGGREGATION,,"=COUNTIFS('Atenciones - Detalles de citas'!$AE:$AE,""*5010023 - PULPECTOMIA*""&""*Odontopediatría*""&""*Hombre*"",'Atenciones - Detalles de citas'!$AF:$AF,"">=25"",'Atenciones - Detalles de citas'!$AE:$AE,""*5010023 - PULPECTOMIA*""&""*Odontopediatría*""&""*Hombre*"",'Atenciones - Detalles de citas'!$AF:$AF,""<=34"")+COUNTIFS('Atenciones - Detalles de citas'!$AE:$AE,""*5010003 - PULPOTOMIA*""&""*Odontopediatría*""&""*Hombre*"",'Atenciones - Detalles de citas'!$AF:$AF,"">=25"",'Atenciones - Detalles de citas'!$AE:$AE,""*5010003 - PULPOTOMIA*""&""*Odontopediatría*""&""*Hombre*"",'Atenciones - Detalles de citas'!$AF:$AF,""<=34"")"
LEGACY::REMASEP_OD::AB65,REMASEP_OD,AB65,DERIVED_AGGREGATION,AB24,"=COUNTIFS('Atenciones - Detalles de citas'!$AE:$AE,""*DESTARTRAJE*""&""*Hombre*"",'Atenciones - Detalles de citas'!$AF:$AF,"">=25"",'Atenciones - Detalles de citas'!$AE:$AE,""*DESTARTRAJE*""&""*Hombre*"",'Atenciones - Detalles de citas'!$AF:$AF,""<=34"")-AB24"
LEGACY::REMASEP_OD::AB66,REMASEP_OD,AB66,BASE_AGGREGATION,,"=COUNTIFS('Atenciones - Detalles de citas'!$AE:$AE,""*AMALGAMA*""&""*Hombre*"",'Atenciones - Detalles de citas'!$AF:$AF,"">=25"",'Atenciones - Detalles de citas'!$AE:$AE,""*AMALGAMA*""&""*Hombre*"",'Atenciones - Detalles de citas'!$AF:$AF,""<=34"")"
LEGACY::REMASEP_OD::AB70,REMASEP_OD,AB70,BASE_AGGREGATION,,"=COUNTIFS('Atenciones - Detalles de citas'!$AE:$AE,""*INSTALACIÓN PRÓTESIS TOTAL ACRÍLICA SUP O INF*""&""*Hombre*"",'Atenciones - Detalles de citas'!$AF:$AF,"">=25"",'Atenciones - Detalles de citas'!$AE:$AE,""*INSTALACIÓN PRÓTESIS TOTAL ACRÍLICA SUP O INF*""&""*Hombre*"",'Atenciones - Detalles de citas'!$AF:$AF,""<=34"")"
LEGACY::REMASEP_OD::AB71,REMASEP_OD,AB71,BASE_AGGREGATION,,"=COUNTIFS('Atenciones - Detalles de citas'!$AE:$AE,""*INSTALACIÓN PRÓTESIS PARCIAL METÁLICA SUP O INF*""&""*Hombre*"",'Atenciones - Detalles de citas'!$AF:$AF,"">=25"",'Atenciones - Detalles de citas'!$AE:$AE,""*INSTALACIÓN PRÓTESIS PARCIAL METÁLICA SUP O INF*""&""*Hombre*"",'Atenciones - Detalles de citas'!$AF:$AF,""<=34"")"
LEGACY::REMASEP_OD::AB72,REMASEP_OD,AB72,BASE_AGGREGATION,,"=COUNTIFS('Atenciones - Detalles de citas'!$AE:$AE,""*CEMENTACIÓN PRÓTESIS FIJA SOBRE DIENTE*""&""*Hombre*"",'Atenciones - Detalles de citas'!$AF:$AF,"">=25"",'Atenciones - Detalles de citas'!$AE:$AE,""*CEMENTACIÓN PRÓTESIS FIJA SOBRE DIENTE*""&""*Hombre*"",'Atenciones - Detalles de citas'!$AF:$AF,""<=34"")"
LEGACY::REMASEP_OD::AB73,REMASEP_OD,AB73,BASE_AGGREGATION,,"=COUNTIFS('Atenciones - Detalles de citas'!$AE:$AE,""*INSTALACIÓN CORONA DEFINITIVA SOBRE IMPLANTE*""&""*Hombre*"",'Atenciones - Detalles de citas'!$AF:$AF,"">=25"",'Atenciones - Detalles de citas'!$AE:$AE,""*INSTALACIÓN CORONA DEFINITIVA SOBRE IMPLANTE*""&""*Hombre*"",'Atenciones - Detalles de citas'!$AF:$AF,""<=34"")"
LEGACY::REMASEP_OD::AB74,REMASEP_OD,AB74,BASE_AGGREGATION,,"=COUNTIFS('Atenciones - Detalles de citas'!$AE:$AE,""*AMALGAMA*""&""*Hombre*"",'Atenciones - Detalles de citas'!$AF:$AF,"">=25"",'Atenciones - Detalles de citas'!$AE:$AE,""*AMALGAMA*""&""*Hombre*"",'Atenciones - Detalles de citas'!$AF:$AF,""<=34"")"
LEGACY::REMASEP_OD::AB8,REMASEP_OD,AB8,BASE_AGGREGATION,,"=COUNTIFS('Atenciones - Detalles de citas'!$AD:$AD,$A8&""Hombre"",'Atenciones - Detalles de citas'!$AF:$AF,"">=25"",'Atenciones - Detalles de citas'!$AD:$AD,$A8&""Hombre"",'Atenciones - Detalles de citas'!$AF:$AF,""<=34"")"
LEGACY::REMASEP_OD::AB89,REMASEP_OD,AB89,BASE_AGGREGATION,,"=COUNTIFS('Atenciones - Detalles de citas'!$AE:$AE,""*5009002 - DESGASTE SELECTIVO*""&""*Hombre*"",'Atenciones - Detalles de citas'!$AF:$AF,"">=25"",'Atenciones - Detalles de citas'!$AE:$AE,""*5009002 - DESGASTE SELECTIVO*""&""*Hombre*"",'Atenciones - Detalles de citas'!$AF:$AF,""<=34"")"
LEGACY::REMASEP_OD::AB9,REMASEP_OD,AB9,BASE_AGGREGATION,,"=COUNTIFS('Atenciones - Detalles de citas'!$AD:$AD,$A9&""Hombre"",'Atenciones - Detalles de citas'!$AF:$AF,"">=25"",'Atenciones - Detalles de citas'!$AD:$AD,$A9&""Hombre"",'Atenciones - Detalles de citas'!$AF:$AF,""<=34"")"
LEGACY::REMASEP_OD::AB90,REMASEP_OD,AB90,BASE_AGGREGATION,,"=COUNTIFS('Atenciones - Detalles de citas'!$AL:$AL,""1""&""Hombre"",'Atenciones - Detalles de citas'!$AF:$AF,"">=25"",'Atenciones - Detalles de citas'!$AL:$AL,""1""&""Hombre"",'Atenciones - Detalles de citas'!$AF:$AF,""<=34"")"
LEGACY::REMASEP_OD::AC10,REMASEP_OD,AC10,BASE_AGGREGATION,,"=COUNTIFS('Atenciones - Detalles de citas'!$AH:$AH,$A10&""Mujer"",'Atenciones - Detalles de citas'!$AF:$AF,"">=25"",'Atenciones - Detalles de citas'!$AH:$AH,$A10&""Mujer"",'Atenciones - Detalles de citas'!$AF:$AF,""<=34"")"
LEGACY::REMASEP_OD::AC13,REMASEP_OD,AC13,BASE_AGGREGATION,,"=COUNTIFS('Atenciones - Detalles de citas'!$AE:$AE,""*5001005 - SELLANTES*""&""*Mujer*"",'Atenciones - Detalles de citas'!$AF:$AF,"">=25"",'Atenciones - Detalles de citas'!$AE:$AE,""*5001005 - SELLANTES*""&""*Mujer*"",'Atenciones - Detalles de citas'!$AF:$AF,""<=34"")"
LEGACY::REMASEP_OD::AC14,REMASEP_OD,AC14,BASE_AGGREGATION,,"=COUNTIFS('Atenciones - Detalles de citas'!$AE:$AE,""*50010112 - INSTRUCCIÓN DE HIGIENE ORAL*""&""*Mujer*"",'Atenciones - Detalles de citas'!$AF:$AF,"">=25"",'Atenciones - Detalles de citas'!$AE:$AE,""*50010112 - INSTRUCCIÓN DE HIGIENE ORAL*""&""*Mujer*"",'Atenciones - Detalles de citas'!$AF:$AF,""<=34"")"
LEGACY::REMASEP_OD::AC16,REMASEP_OD,AC16,BASE_AGGREGATION,,"=COUNTIFS('Atenciones - Detalles de citas'!$AE:$AE,""*5010011 - PROFILAXIS*""&""*Mujer*"",'Atenciones - Detalles de citas'!$AF:$AF,"">=25"",'Atenciones - Detalles de citas'!$AE:$AE,""*5010011 - PROFILAXIS*""&""*Mujer*"",'Atenciones - Detalles de citas'!$AF:$AF,""<=34"")"
LEGACY::REMASEP_OD::AC17,REMASEP_OD,AC17,BASE_AGGREGATION,,"=COUNTIFS('Atenciones - Detalles de citas'!$AE:$AE,""*5001016 - FLUOR*""&""*Mujer*"",'Atenciones - Detalles de citas'!$AF:$AF,"">=25"",'Atenciones - Detalles de citas'!$AE:$AE,""*5001016 - FLUOR*""&""*Mujer*"",'Atenciones - Detalles de citas'!$AF:$AF,""<=34"")"
LEGACY::REMASEP_OD::AC24,REMASEP_OD,AC24,BASE_AGGREGATION,,"=COUNTIFS('Atenciones - Detalles de citas'!$AE:$AE,""*5012021 - DESTARTRAJE*""&""*Odontología General*""&""*Mujer*"",'Atenciones - Detalles de citas'!$AF:$AF,"">=25"",'Atenciones - Detalles de citas'!$AE:$AE,""*5012021 - DESTARTRAJE*""&""*Odontología General*""&""*Mujer*"",'Atenciones - Detalles de citas'!$AF:$AF,""<=34"")"
LEGACY::REMASEP_OD::AC28,REMASEP_OD,AC28,BASE_AGGREGATION,,"=COUNTIFS('Atenciones - Detalles de citas'!$AE:$AE,""*COMPOSITE*""&""*Odontología General*""&""*Mujer*"",'Atenciones - Detalles de citas'!$AF:$AF,"">=25"",'Atenciones - Detalles de citas'!$AE:$AE,""*COMPOSITE*""&""*Odontología General*""&""*Mujer*"",'Atenciones - Detalles de citas'!$AF:$AF,""<=34"")"
LEGACY::REMASEP_OD::AC30,REMASEP_OD,AC30,BASE_AGGREGATION,,"=COUNTIFS('Atenciones - Detalles de citas'!$AE:$AE,""*5010009 - VIDRIO IONÓMERO*""&""*Odontología General*""&""*Mujer*"",'Atenciones - Detalles de citas'!$AF:$AF,"">=25"",'Atenciones - Detalles de citas'!$AE:$AE,""*5010009 - VIDRIO IONÓMERO*""&""*Odontología General*""&""*Mujer*"",'Atenciones - Detalles de citas'!$AF:$AF,""<=34"")"
LEGACY::REMASEP_OD::AC40,REMASEP_OD,AC40,BASE_AGGREGATION,,"=COUNTIFS('Atenciones - Detalles de citas'!$AI:$AI,""*evaluacion odon esp*""&""*Mujer*"",'Atenciones - Detalles de citas'!$AF:$AF,"">=25"",'Atenciones - Detalles de citas'!$AI:$AI,""*evaluacion odon esp*""&""*Mujer*"",'Atenciones - Detalles de citas'!$AF:$AF,""<=34"")"
LEGACY::REMASEP_OD::AC46,REMASEP_OD,AC46,DERIVED_AGGREGATION,AC30,"=COUNTIFS('Atenciones - Detalles de citas'!$AE:$AE,""*5010009 - VIDRIO IONÓMERO*""&""*Mujer*"",'Atenciones - Detalles de citas'!$AF:$AF,"">=25"",'Atenciones - Detalles de citas'!$AE:$AE,""*5010009 - VIDRIO IONÓMERO*""&""*Mujer*"",'Atenciones - Detalles de citas'!$AF:$AF,""<=34"")-AC30"
LEGACY::REMASEP_OD::AC47,REMASEP_OD,AC47,BASE_AGGREGATION,,"=COUNTIFS('Atenciones - Detalles de citas'!$AE:$AE,""*5005008 - CEMENTACIÓN CARILLA RESINA INDIRECTA*""&""*Mujer*"",'Atenciones - Detalles de citas'!$AF:$AF,"">=25"",'Atenciones - Detalles de citas'!$AE:$AE,""*5005008 - CEMENTACIÓN CARILLA RESINA INDIRECTA*""&""*Mujer*"",'Atenciones - Detalles de citas'!$AF:$AF,""<=34"")"
LEGACY::REMASEP_OD::AC48,REMASEP_OD,AC48,BASE_AGGREGATION,,"=COUNTIFS('Atenciones - Detalles de citas'!$AE:$AE,""*INSTALACIÓN APARATO REMOVIBLE*""&""*Mujer*"",'Atenciones - Detalles de citas'!$AF:$AF,"">=25"",'Atenciones - Detalles de citas'!$AE:$AE,""*INSTALACIÓN APARATO REMOVIBLE*""&""*Mujer*"",'Atenciones - Detalles de citas'!$AF:$AF,""<=34"")"
LEGACY::REMASEP_OD::AC49,REMASEP_OD,AC49,BASE_AGGREGATION,,"=COUNTIFS('Atenciones - Detalles de citas'!$AE:$AE,""*5004001 - INSTALACIÓN APARATO FIJO SUP O INF*""&""*Mujer*"",'Atenciones - Detalles de citas'!$AF:$AF,"">=25"",'Atenciones - Detalles de citas'!$AE:$AE,""*5004001 - INSTALACIÓN APARATO FIJO SUP O INF*""&""*Mujer*"",'Atenciones - Detalles de citas'!$AF:$AF,""<=34"")"
LEGACY::REMASEP_OD::AC50,REMASEP_OD,AC50,BASE_AGGREGATION,,"=COUNTIFS('Atenciones - Detalles de citas'!$AE:$AE,""*INSTALACIÓN CONTENCION*""&""*Mujer*"",'Atenciones - Detalles de citas'!$AF:$AF,"">=25"",'Atenciones - Detalles de citas'!$AE:$AE,""*INSTALACIÓN CONTENCION*""&""*Mujer*"",'Atenciones - Detalles de citas'!$AF:$AF,""<=34"")"
LEGACY::REMASEP_OD::AC51,REMASEP_OD,AC51,BASE_AGGREGATION,,"=COUNTIFS('Atenciones - Detalles de citas'!$AE:$AE,""*5004018 - RETIRO APARATO FIJO-LIMPIEZA-IMPRESIÓN*""&""*Mujer*"",'Atenciones - Detalles de citas'!$AF:$AF,"">=25"",'Atenciones - Detalles de citas'!$AE:$AE,""*5004018 - RETIRO APARATO FIJO-LIMPIEZA-IMPRESIÓN*""&""*Mujer*"",'Atenciones - Detalles de citas'!$AF:$AF,""<=34"")"
LEGACY::REMASEP_OD::AC52,REMASEP_OD,AC52,BASE_AGGREGATION,,"=COUNTIFS('Atenciones - Detalles de citas'!$AE:$AE,""*5004020 - CONTROL ORTODONCIA QUIRÚRGICO*""&""*Mujer*"",'Atenciones - Detalles de citas'!$AF:$AF,"">=25"",'Atenciones - Detalles de citas'!$AE:$AE,""*5004020 - CONTROL ORTODONCIA QUIRÚRGICO*""&""*Mujer*"",'Atenciones - Detalles de citas'!$AF:$AF,""<=34"")"
LEGACY::REMASEP_OD::AC53,REMASEP_OD,AC53,BASE_AGGREGATION,,"=COUNTIFS('Atenciones - Detalles de citas'!$AK:$AK,""*1*""&""*Mujer*"",'Atenciones - Detalles de citas'!$AF:$AF,"">=25"",'Atenciones - Detalles de citas'!$AK:$AK,""*1*""&""*Mujer*"",'Atenciones - Detalles de citas'!$AF:$AF,""<=34"")"
LEGACY::REMASEP_OD::AC54,REMASEP_OD,AC54,BASE_AGGREGATION,,"=COUNTIFS('Atenciones - Detalles de citas'!$AJ:$AJ,""1""&""Mujer"",'Atenciones - Detalles de citas'!$AF:$AF,"">=25"",'Atenciones - Detalles de citas'!$AJ:$AJ,""1""&""Mujer"",'Atenciones - Detalles de citas'!$AF:$AF,""<=34"")"
LEGACY::REMASEP_OD::AC62,REMASEP_OD,AC62,DERIVED_AGGREGATION,AC28,"=COUNTIFS('Atenciones - Detalles de citas'!$AE:$AE,""*COMPOSITE*""&""*Mujer*"",'Atenciones - Detalles de citas'!$AF:$AF,"">=25"",'Atenciones - Detalles de citas'!$AE:$AE,""*COMPOSITE*""&""*Mujer*"",'Atenciones - Detalles de citas'!$AF:$AF,""<=34"")-AC28"
LEGACY::REMASEP_OD::AC63,REMASEP_OD,AC63,BASE_AGGREGATION,,"=COUNTIFS('Atenciones - Detalles de citas'!$AE:$AE,""*5010023 - PULPECTOMIA*""&""*Odontopediatría*""&""*Mujer*"",'Atenciones - Detalles de citas'!$AF:$AF,"">=25"",'Atenciones - Detalles de citas'!$AE:$AE,""*5010023 - PULPECTOMIA*""&""*Odontopediatría*""&""*Mujer*"",'Atenciones - Detalles de citas'!$AF:$AF,""<=34"")+COUNTIFS('Atenciones - Detalles de citas'!$AE:$AE,""*5010003 - PULPOTOMIA*""&""*Odontopediatría*""&""*Mujer*"",'Atenciones - Detalles de citas'!$AF:$AF,"">=25"",'Atenciones - Detalles de citas'!$AE:$AE,""*5010003 - PULPOTOMIA*""&""*Odontopediatría*""&""*Mujer*"",'Atenciones - Detalles de citas'!$AF:$AF,""<=34"")"
LEGACY::REMASEP_OD::AC65,REMASEP_OD,AC65,DERIVED_AGGREGATION,AC24,"=COUNTIFS('Atenciones - Detalles de citas'!$AE:$AE,""*DESTARTRAJE*""&""*Mujer*"",'Atenciones - Detalles de citas'!$AF:$AF,"">=25"",'Atenciones - Detalles de citas'!$AE:$AE,""*DESTARTRAJE*""&""*Mujer*"",'Atenciones - Detalles de citas'!$AF:$AF,""<=34"")-AC24"
LEGACY::REMASEP_OD::AC66,REMASEP_OD,AC66,BASE_AGGREGATION,,"=COUNTIFS('Atenciones - Detalles de citas'!$AE:$AE,""*AMALGAMA*""&""*Mujer*"",'Atenciones - Detalles de citas'!$AF:$AF,"">=25"",'Atenciones - Detalles de citas'!$AE:$AE,""*AMALGAMA*""&""*Mujer*"",'Atenciones - Detalles de citas'!$AF:$AF,""<=34"")"
LEGACY::REMASEP_OD::AC70,REMASEP_OD,AC70,BASE_AGGREGATION,,"=COUNTIFS('Atenciones - Detalles de citas'!$AE:$AE,""*INSTALACIÓN PRÓTESIS TOTAL ACRÍLICA SUP O INF*""&""*Mujer*"",'Atenciones - Detalles de citas'!$AF:$AF,"">=25"",'Atenciones - Detalles de citas'!$AE:$AE,""*INSTALACIÓN PRÓTESIS TOTAL ACRÍLICA SUP O INF*""&""*Mujer*"",'Atenciones - Detalles de citas'!$AF:$AF,""<=34"")"
LEGACY::REMASEP_OD::AC71,REMASEP_OD,AC71,BASE_AGGREGATION,,"=COUNTIFS('Atenciones - Detalles de citas'!$AE:$AE,""*INSTALACIÓN PRÓTESIS PARCIAL METÁLICA SUP O INF*""&""*Mujer*"",'Atenciones - Detalles de citas'!$AF:$AF,"">=25"",'Atenciones - Detalles de citas'!$AE:$AE,""*INSTALACIÓN PRÓTESIS PARCIAL METÁLICA SUP O INF*""&""*Mujer*"",'Atenciones - Detalles de citas'!$AF:$AF,""<=34"")"
LEGACY::REMASEP_OD::AC72,REMASEP_OD,AC72,BASE_AGGREGATION,,"=COUNTIFS('Atenciones - Detalles de citas'!$AE:$AE,""*CEMENTACIÓN PRÓTESIS FIJA SOBRE DIENTE*""&""*Mujer*"",'Atenciones - Detalles de citas'!$AF:$AF,"">=25"",'Atenciones - Detalles de citas'!$AE:$AE,""*CEMENTACIÓN PRÓTESIS FIJA SOBRE DIENTE*""&""*Mujer*"",'Atenciones - Detalles de citas'!$AF:$AF,""<=34"")"
LEGACY::REMASEP_OD::AC73,REMASEP_OD,AC73,BASE_AGGREGATION,,"=COUNTIFS('Atenciones - Detalles de citas'!$AE:$AE,""*INSTALACIÓN CORONA DEFINITIVA SOBRE IMPLANTE*""&""*Mujer*"",'Atenciones - Detalles de citas'!$AF:$AF,"">=25"",'Atenciones - Detalles de citas'!$AE:$AE,""*INSTALACIÓN CORONA DEFINITIVA SOBRE IMPLANTE*""&""*Mujer*"",'Atenciones - Detalles de citas'!$AF:$AF,""<=34"")"
LEGACY::REMASEP_OD::AC74,REMASEP_OD,AC74,BASE_AGGREGATION,,"=COUNTIFS('Atenciones - Detalles de citas'!$AE:$AE,""*AMALGAMA*""&""*Mujer*"",'Atenciones - Detalles de citas'!$AF:$AF,"">=25"",'Atenciones - Detalles de citas'!$AE:$AE,""*AMALGAMA*""&""*Mujer*"",'Atenciones - Detalles de citas'!$AF:$AF,""<=34"")"
LEGACY::REMASEP_OD::AC8,REMASEP_OD,AC8,BASE_AGGREGATION,,"=COUNTIFS('Atenciones - Detalles de citas'!$AD:$AD,$A8&""Mujer"",'Atenciones - Detalles de citas'!$AF:$AF,"">=25"",'Atenciones - Detalles de citas'!$AD:$AD,$A8&""Mujer"",'Atenciones - Detalles de citas'!$AF:$AF,""<=34"")"
LEGACY::REMASEP_OD::AC89,REMASEP_OD,AC89,BASE_AGGREGATION,,"=COUNTIFS('Atenciones - Detalles de citas'!$AE:$AE,""*5009002 - DESGASTE SELECTIVO*""&""*Mujer*"",'Atenciones - Detalles de citas'!$AF:$AF,"">=25"",'Atenciones - Detalles de citas'!$AE:$AE,""*5009002 - DESGASTE SELECTIVO*""&""*Mujer*"",'Atenciones - Detalles de citas'!$AF:$AF,""<=34"")"
LEGACY::REMASEP_OD::AC9,REMASEP_OD,AC9,BASE_AGGREGATION,,"=COUNTIFS('Atenciones - Detalles de citas'!$AD:$AD,$A9&""Mujer"",'Atenciones - Detalles de citas'!$AF:$AF,"">=25"",'Atenciones - Detalles de citas'!$AD:$AD,$A9&""Mujer"",'Atenciones - Detalles de citas'!$AF:$AF,""<=34"")"
LEGACY::REMASEP_OD::AC90,REMASEP_OD,AC90,BASE_AGGREGATION,,"=COUNTIFS('Atenciones - Detalles de citas'!$AL:$AL,""1""&""Mujer"",'Atenciones - Detalles de citas'!$AF:$AF,"">=25"",'Atenciones - Detalles de citas'!$AL:$AL,""1""&""Mujer"",'Atenciones - Detalles de citas'!$AF:$AF,""<=34"")"
LEGACY::REMASEP_OD::AD10,REMASEP_OD,AD10,BASE_AGGREGATION,,"=COUNTIFS('Atenciones - Detalles de citas'!$AH:$AH,$A10&""Hombre"",'Atenciones - Detalles de citas'!$AF:$AF,"">=35"",'Atenciones - Detalles de citas'!$AH:$AH,$A10&""Hombre"",'Atenciones - Detalles de citas'!$AF:$AF,""<=44"")"
LEGACY::REMASEP_OD::AD13,REMASEP_OD,AD13,BASE_AGGREGATION,,"=COUNTIFS('Atenciones - Detalles de citas'!$AE:$AE,""*5001005 - SELLANTES*""&""*Hombre*"",'Atenciones - Detalles de citas'!$AF:$AF,"">=35"",'Atenciones - Detalles de citas'!$AE:$AE,""*5001005 - SELLANTES*""&""*Hombre*"",'Atenciones - Detalles de citas'!$AF:$AF,""<=44"")"
LEGACY::REMASEP_OD::AD14,REMASEP_OD,AD14,BASE_AGGREGATION,,"=COUNTIFS('Atenciones - Detalles de citas'!$AE:$AE,""*50010112 - INSTRUCCIÓN DE HIGIENE ORAL*""&""*Hombre*"",'Atenciones - Detalles de citas'!$AF:$AF,"">=35"",'Atenciones - Detalles de citas'!$AE:$AE,""*50010112 - INSTRUCCIÓN DE HIGIENE ORAL*""&""*Hombre*"",'Atenciones - Detalles de citas'!$AF:$AF,""<=44"")"
LEGACY::REMASEP_OD::AD16,REMASEP_OD,AD16,BASE_AGGREGATION,,"=COUNTIFS('Atenciones - Detalles de citas'!$AE:$AE,""*5010011 - PROFILAXIS*""&""*Hombre*"",'Atenciones - Detalles de citas'!$AF:$AF,"">=35"",'Atenciones - Detalles de citas'!$AE:$AE,""*5010011 - PROFILAXIS*""&""*Hombre*"",'Atenciones - Detalles de citas'!$AF:$AF,""<=44"")"
LEGACY::REMASEP_OD::AD17,REMASEP_OD,AD17,BASE_AGGREGATION,,"=COUNTIFS('Atenciones - Detalles de citas'!$AE:$AE,""*5001016 - FLUOR*""&""*Hombre*"",'Atenciones - Detalles de citas'!$AF:$AF,"">=35"",'Atenciones - Detalles de citas'!$AE:$AE,""*5001016 - FLUOR*""&""*Hombre*"",'Atenciones - Detalles de citas'!$AF:$AF,""<=44"")"
LEGACY::REMASEP_OD::AD24,REMASEP_OD,AD24,BASE_AGGREGATION,,"=COUNTIFS('Atenciones - Detalles de citas'!$AE:$AE,""*5012021 - DESTARTRAJE*""&""*Odontología General*""&""*Hombre*"",'Atenciones - Detalles de citas'!$AF:$AF,"">=35"",'Atenciones - Detalles de citas'!$AE:$AE,""*5012021 - DESTARTRAJE*""&""*Odontología General*""&""*Hombre*"",'Atenciones - Detalles de citas'!$AF:$AF,""<=44"")"
LEGACY::REMASEP_OD::AD28,REMASEP_OD,AD28,BASE_AGGREGATION,,"=COUNTIFS('Atenciones - Detalles de citas'!$AE:$AE,""*COMPOSITE*""&""*Odontología General*""&""*Hombre*"",'Atenciones - Detalles de citas'!$AF:$AF,"">=35"",'Atenciones - Detalles de citas'!$AE:$AE,""*COMPOSITE*""&""*Odontología General*""&""*Hombre*"",'Atenciones - Detalles de citas'!$AF:$AF,""<=44"")"
LEGACY::REMASEP_OD::AD30,REMASEP_OD,AD30,BASE_AGGREGATION,,"=COUNTIFS('Atenciones - Detalles de citas'!$AE:$AE,""*5010009 - VIDRIO IONÓMERO*""&""*Odontología General*""&""*Hombre*"",'Atenciones - Detalles de citas'!$AF:$AF,"">=35"",'Atenciones - Detalles de citas'!$AE:$AE,""*5010009 - VIDRIO IONÓMERO*""&""*Odontología General*""&""*Hombre*"",'Atenciones - Detalles de citas'!$AF:$AF,""<=44"")"
LEGACY::REMASEP_OD::AD40,REMASEP_OD,AD40,BASE_AGGREGATION,,"=COUNTIFS('Atenciones - Detalles de citas'!$AI:$AI,""*evaluacion odon esp*""&""*Hombre*"",'Atenciones - Detalles de citas'!$AF:$AF,"">=35"",'Atenciones - Detalles de citas'!$AI:$AI,""*evaluacion odon esp*""&""*Hombre*"",'Atenciones - Detalles de citas'!$AF:$AF,""<=44"")"
LEGACY::REMASEP_OD::AD46,REMASEP_OD,AD46,DERIVED_AGGREGATION,AD30,"=COUNTIFS('Atenciones - Detalles de citas'!$AE:$AE,""*5010009 - VIDRIO IONÓMERO*""&""*Hombre*"",'Atenciones - Detalles de citas'!$AF:$AF,"">=35"",'Atenciones - Detalles de citas'!$AE:$AE,""*5010009 - VIDRIO IONÓMERO*""&""*Hombre*"",'Atenciones - Detalles de citas'!$AF:$AF,""<=44"")-AD30"
LEGACY::REMASEP_OD::AD47,REMASEP_OD,AD47,BASE_AGGREGATION,,"=COUNTIFS('Atenciones - Detalles de citas'!$AE:$AE,""*5005008 - CEMENTACIÓN CARILLA RESINA INDIRECTA*""&""*Hombre*"",'Atenciones - Detalles de citas'!$AF:$AF,"">=35"",'Atenciones - Detalles de citas'!$AE:$AE,""*5005008 - CEMENTACIÓN CARILLA RESINA INDIRECTA*""&""*Hombre*"",'Atenciones - Detalles de citas'!$AF:$AF,""<=44"")"
LEGACY::REMASEP_OD::AD48,REMASEP_OD,AD48,BASE_AGGREGATION,,"=COUNTIFS('Atenciones - Detalles de citas'!$AE:$AE,""*INSTALACIÓN APARATO REMOVIBLE*""&""*Hombre*"",'Atenciones - Detalles de citas'!$AF:$AF,"">=35"",'Atenciones - Detalles de citas'!$AE:$AE,""*INSTALACIÓN APARATO REMOVIBLE*""&""*Hombre*"",'Atenciones - Detalles de citas'!$AF:$AF,""<=44"")"
LEGACY::REMASEP_OD::AD49,REMASEP_OD,AD49,BASE_AGGREGATION,,"=COUNTIFS('Atenciones - Detalles de citas'!$AE:$AE,""*5004001 - INSTALACIÓN APARATO FIJO SUP O INF*""&""*Hombre*"",'Atenciones - Detalles de citas'!$AF:$AF,"">=35"",'Atenciones - Detalles de citas'!$AE:$AE,""*5004001 - INSTALACIÓN APARATO FIJO SUP O INF*""&""*Hombre*"",'Atenciones - Detalles de citas'!$AF:$AF,""<=44"")"
LEGACY::REMASEP_OD::AD50,REMASEP_OD,AD50,BASE_AGGREGATION,,"=COUNTIFS('Atenciones - Detalles de citas'!$AE:$AE,""*INSTALACIÓN CONTENCION*""&""*Hombre*"",'Atenciones - Detalles de citas'!$AF:$AF,"">=35"",'Atenciones - Detalles de citas'!$AE:$AE,""*INSTALACIÓN CONTENCION*""&""*Hombre*"",'Atenciones - Detalles de citas'!$AF:$AF,""<=44"")"
LEGACY::REMASEP_OD::AD51,REMASEP_OD,AD51,BASE_AGGREGATION,,"=COUNTIFS('Atenciones - Detalles de citas'!$AE:$AE,""*5004018 - RETIRO APARATO FIJO-LIMPIEZA-IMPRESIÓN*""&""*Hombre*"",'Atenciones - Detalles de citas'!$AF:$AF,"">=35"",'Atenciones - Detalles de citas'!$AE:$AE,""*5004018 - RETIRO APARATO FIJO-LIMPIEZA-IMPRESIÓN*""&""*Hombre*"",'Atenciones - Detalles de citas'!$AF:$AF,""<=44"")"
LEGACY::REMASEP_OD::AD52,REMASEP_OD,AD52,BASE_AGGREGATION,,"=COUNTIFS('Atenciones - Detalles de citas'!$AE:$AE,""*5004020 - CONTROL ORTODONCIA QUIRÚRGICO*""&""*Hombre*"",'Atenciones - Detalles de citas'!$AF:$AF,"">=35"",'Atenciones - Detalles de citas'!$AE:$AE,""*5004020 - CONTROL ORTODONCIA QUIRÚRGICO*""&""*Hombre*"",'Atenciones - Detalles de citas'!$AF:$AF,""<=44"")"
LEGACY::REMASEP_OD::AD53,REMASEP_OD,AD53,BASE_AGGREGATION,,"=COUNTIFS('Atenciones - Detalles de citas'!$AK:$AK,""*1*""&""*Hombre*"",'Atenciones - Detalles de citas'!$AF:$AF,"">=35"",'Atenciones - Detalles de citas'!$AK:$AK,""*1*""&""*Hombre*"",'Atenciones - Detalles de citas'!$AF:$AF,""<=44"")"
LEGACY::REMASEP_OD::AD54,REMASEP_OD,AD54,BASE_AGGREGATION,,"=COUNTIFS('Atenciones - Detalles de citas'!$AJ:$AJ,""1""&""Hombre"",'Atenciones - Detalles de citas'!$AF:$AF,"">=35"",'Atenciones - Detalles de citas'!$AJ:$AJ,""1""&""Hombre"",'Atenciones - Detalles de citas'!$AF:$AF,""<=44"")"
LEGACY::REMASEP_OD::AD62,REMASEP_OD,AD62,DERIVED_AGGREGATION,AD28,"=COUNTIFS('Atenciones - Detalles de citas'!$AE:$AE,""*COMPOSITE*""&""*Hombre*"",'Atenciones - Detalles de citas'!$AF:$AF,"">=35"",'Atenciones - Detalles de citas'!$AE:$AE,""*COMPOSITE*""&""*Hombre*"",'Atenciones - Detalles de citas'!$AF:$AF,""<=44"")-AD28"
LEGACY::REMASEP_OD::AD63,REMASEP_OD,AD63,BASE_AGGREGATION,,"=COUNTIFS('Atenciones - Detalles de citas'!$AE:$AE,""*5010023 - PULPECTOMIA*""&""*Odontopediatría*""&""*Hombre*"",'Atenciones - Detalles de citas'!$AF:$AF,"">=35"",'Atenciones - Detalles de citas'!$AE:$AE,""*5010023 - PULPECTOMIA*""&""*Odontopediatría*""&""*Hombre*"",'Atenciones - Detalles de citas'!$AF:$AF,""<=44"")+COUNTIFS('Atenciones - Detalles de citas'!$AE:$AE,""*5010003 - PULPOTOMIA*""&""*Odontopediatría*""&""*Hombre*"",'Atenciones - Detalles de citas'!$AF:$AF,"">=35"",'Atenciones - Detalles de citas'!$AE:$AE,""*5010003 - PULPOTOMIA*""&""*Odontopediatría*""&""*Hombre*"",'Atenciones - Detalles de citas'!$AF:$AF,""<=44"")"
LEGACY::REMASEP_OD::AD65,REMASEP_OD,AD65,DERIVED_AGGREGATION,AD24,"=COUNTIFS('Atenciones - Detalles de citas'!$AE:$AE,""*DESTARTRAJE*""&""*Hombre*"",'Atenciones - Detalles de citas'!$AF:$AF,"">=35"",'Atenciones - Detalles de citas'!$AE:$AE,""*DESTARTRAJE*""&""*Hombre*"",'Atenciones - Detalles de citas'!$AF:$AF,""<=44"")-AD24"
LEGACY::REMASEP_OD::AD66,REMASEP_OD,AD66,BASE_AGGREGATION,,"=COUNTIFS('Atenciones - Detalles de citas'!$AE:$AE,""*AMALGAMA*""&""*Hombre*"",'Atenciones - Detalles de citas'!$AF:$AF,"">=35"",'Atenciones - Detalles de citas'!$AE:$AE,""*AMALGAMA*""&""*Hombre*"",'Atenciones - Detalles de citas'!$AF:$AF,""<=44"")"
LEGACY::REMASEP_OD::AD70,REMASEP_OD,AD70,BASE_AGGREGATION,,"=COUNTIFS('Atenciones - Detalles de citas'!$AE:$AE,""*INSTALACIÓN PRÓTESIS TOTAL ACRÍLICA SUP O INF*""&""*Hombre*"",'Atenciones - Detalles de citas'!$AF:$AF,"">=35"",'Atenciones - Detalles de citas'!$AE:$AE,""*INSTALACIÓN PRÓTESIS TOTAL ACRÍLICA SUP O INF*""&""*Hombre*"",'Atenciones - Detalles de citas'!$AF:$AF,""<=44"")"
LEGACY::REMASEP_OD::AD71,REMASEP_OD,AD71,BASE_AGGREGATION,,"=COUNTIFS('Atenciones - Detalles de citas'!$AE:$AE,""*INSTALACIÓN PRÓTESIS PARCIAL METÁLICA SUP O INF*""&""*Hombre*"",'Atenciones - Detalles de citas'!$AF:$AF,"">=35"",'Atenciones - Detalles de citas'!$AE:$AE,""*INSTALACIÓN PRÓTESIS PARCIAL METÁLICA SUP O INF*""&""*Hombre*"",'Atenciones - Detalles de citas'!$AF:$AF,""<=44"")"
LEGACY::REMASEP_OD::AD72,REMASEP_OD,AD72,BASE_AGGREGATION,,"=COUNTIFS('Atenciones - Detalles de citas'!$AE:$AE,""*CEMENTACIÓN PRÓTESIS FIJA SOBRE DIENTE*""&""*Hombre*"",'Atenciones - Detalles de citas'!$AF:$AF,"">=35"",'Atenciones - Detalles de citas'!$AE:$AE,""*CEMENTACIÓN PRÓTESIS FIJA SOBRE DIENTE*""&""*Hombre*"",'Atenciones - Detalles de citas'!$AF:$AF,""<=44"")"
LEGACY::REMASEP_OD::AD73,REMASEP_OD,AD73,BASE_AGGREGATION,,"=COUNTIFS('Atenciones - Detalles de citas'!$AE:$AE,""*INSTALACIÓN CORONA DEFINITIVA SOBRE IMPLANTE*""&""*Hombre*"",'Atenciones - Detalles de citas'!$AF:$AF,"">=35"",'Atenciones - Detalles de citas'!$AE:$AE,""*INSTALACIÓN CORONA DEFINITIVA SOBRE IMPLANTE*""&""*Hombre*"",'Atenciones - Detalles de citas'!$AF:$AF,""<=44"")"
LEGACY::REMASEP_OD::AD74,REMASEP_OD,AD74,BASE_AGGREGATION,,"=COUNTIFS('Atenciones - Detalles de citas'!$AE:$AE,""*AMALGAMA*""&""*Hombre*"",'Atenciones - Detalles de citas'!$AF:$AF,"">=35"",'Atenciones - Detalles de citas'!$AE:$AE,""*AMALGAMA*""&""*Hombre*"",'Atenciones - Detalles de citas'!$AF:$AF,""<=44"")"
LEGACY::REMASEP_OD::AD8,REMASEP_OD,AD8,BASE_AGGREGATION,,"=COUNTIFS('Atenciones - Detalles de citas'!$AD:$AD,$A8&""Hombre"",'Atenciones - Detalles de citas'!$AF:$AF,"">=35"",'Atenciones - Detalles de citas'!$AD:$AD,$A8&""Hombre"",'Atenciones - Detalles de citas'!$AF:$AF,""<=44"")"
LEGACY::REMASEP_OD::AD89,REMASEP_OD,AD89,BASE_AGGREGATION,,"=COUNTIFS('Atenciones - Detalles de citas'!$AE:$AE,""*5009002 - DESGASTE SELECTIVO*""&""*Hombre*"",'Atenciones - Detalles de citas'!$AF:$AF,"">=35"",'Atenciones - Detalles de citas'!$AE:$AE,""*5009002 - DESGASTE SELECTIVO*""&""*Hombre*"",'Atenciones - Detalles de citas'!$AF:$AF,""<=44"")"
LEGACY::REMASEP_OD::AD9,REMASEP_OD,AD9,BASE_AGGREGATION,,"=COUNTIFS('Atenciones - Detalles de citas'!$AD:$AD,$A9&""Hombre"",'Atenciones - Detalles de citas'!$AF:$AF,"">=35"",'Atenciones - Detalles de citas'!$AD:$AD,$A9&""Hombre"",'Atenciones - Detalles de citas'!$AF:$AF,""<=44"")"
LEGACY::REMASEP_OD::AD90,REMASEP_OD,AD90,BASE_AGGREGATION,,"=COUNTIFS('Atenciones - Detalles de citas'!$AL:$AL,""1""&""Hombre"",'Atenciones - Detalles de citas'!$AF:$AF,"">=35"",'Atenciones - Detalles de citas'!$AL:$AL,""1""&""Hombre"",'Atenciones - Detalles de citas'!$AF:$AF,""<=44"")"
LEGACY::REMASEP_OD::AE10,REMASEP_OD,AE10,BASE_AGGREGATION,,"=COUNTIFS('Atenciones - Detalles de citas'!$AH:$AH,$A10&""Mujer"",'Atenciones - Detalles de citas'!$AF:$AF,"">=35"",'Atenciones - Detalles de citas'!$AH:$AH,$A10&""Mujer"",'Atenciones - Detalles de citas'!$AF:$AF,""<=44"")"
LEGACY::REMASEP_OD::AE13,REMASEP_OD,AE13,BASE_AGGREGATION,,"=COUNTIFS('Atenciones - Detalles de citas'!$AE:$AE,""*5001005 - SELLANTES*""&""*Mujer*"",'Atenciones - Detalles de citas'!$AF:$AF,"">=35"",'Atenciones - Detalles de citas'!$AE:$AE,""*5001005 - SELLANTES*""&""*Mujer*"",'Atenciones - Detalles de citas'!$AF:$AF,""<=44"")"
LEGACY::REMASEP_OD::AE14,REMASEP_OD,AE14,BASE_AGGREGATION,,"=COUNTIFS('Atenciones - Detalles de citas'!$AE:$AE,""*50010112 - INSTRUCCIÓN DE HIGIENE ORAL*""&""*Mujer*"",'Atenciones - Detalles de citas'!$AF:$AF,"">=35"",'Atenciones - Detalles de citas'!$AE:$AE,""*50010112 - INSTRUCCIÓN DE HIGIENE ORAL*""&""*Mujer*"",'Atenciones - Detalles de citas'!$AF:$AF,""<=44"")"
LEGACY::REMASEP_OD::AE16,REMASEP_OD,AE16,BASE_AGGREGATION,,"=COUNTIFS('Atenciones - Detalles de citas'!$AE:$AE,""*5010011 - PROFILAXIS*""&""*Mujer*"",'Atenciones - Detalles de citas'!$AF:$AF,"">=35"",'Atenciones - Detalles de citas'!$AE:$AE,""*5010011 - PROFILAXIS*""&""*Mujer*"",'Atenciones - Detalles de citas'!$AF:$AF,""<=44"")"
LEGACY::REMASEP_OD::AE17,REMASEP_OD,AE17,BASE_AGGREGATION,,"=COUNTIFS('Atenciones - Detalles de citas'!$AE:$AE,""*5001016 - FLUOR*""&""*Mujer*"",'Atenciones - Detalles de citas'!$AF:$AF,"">=35"",'Atenciones - Detalles de citas'!$AE:$AE,""*5001016 - FLUOR*""&""*Mujer*"",'Atenciones - Detalles de citas'!$AF:$AF,""<=44"")"
LEGACY::REMASEP_OD::AE24,REMASEP_OD,AE24,BASE_AGGREGATION,,"=COUNTIFS('Atenciones - Detalles de citas'!$AE:$AE,""*5012021 - DESTARTRAJE*""&""*Odontología General*""&""*Mujer*"",'Atenciones - Detalles de citas'!$AF:$AF,"">=35"",'Atenciones - Detalles de citas'!$AE:$AE,""*5012021 - DESTARTRAJE*""&""*Odontología General*""&""*Mujer*"",'Atenciones - Detalles de citas'!$AF:$AF,""<=44"")"
LEGACY::REMASEP_OD::AE28,REMASEP_OD,AE28,BASE_AGGREGATION,,"=COUNTIFS('Atenciones - Detalles de citas'!$AE:$AE,""*COMPOSITE*""&""*Odontología General*""&""*Mujer*"",'Atenciones - Detalles de citas'!$AF:$AF,"">=35"",'Atenciones - Detalles de citas'!$AE:$AE,""*COMPOSITE*""&""*Odontología General*""&""*Mujer*"",'Atenciones - Detalles de citas'!$AF:$AF,""<=44"")"
LEGACY::REMASEP_OD::AE30,REMASEP_OD,AE30,BASE_AGGREGATION,,"=COUNTIFS('Atenciones - Detalles de citas'!$AE:$AE,""*5010009 - VIDRIO IONÓMERO*""&""*Odontología General*""&""*Mujer*"",'Atenciones - Detalles de citas'!$AF:$AF,"">=35"",'Atenciones - Detalles de citas'!$AE:$AE,""*5010009 - VIDRIO IONÓMERO*""&""*Odontología General*""&""*Mujer*"",'Atenciones - Detalles de citas'!$AF:$AF,""<=44"")"
LEGACY::REMASEP_OD::AE40,REMASEP_OD,AE40,BASE_AGGREGATION,,"=COUNTIFS('Atenciones - Detalles de citas'!$AI:$AI,""*evaluacion odon esp*""&""*Mujer*"",'Atenciones - Detalles de citas'!$AF:$AF,"">=35"",'Atenciones - Detalles de citas'!$AI:$AI,""*evaluacion odon esp*""&""*Mujer*"",'Atenciones - Detalles de citas'!$AF:$AF,""<=44"")"
LEGACY::REMASEP_OD::AE46,REMASEP_OD,AE46,DERIVED_AGGREGATION,AE30,"=COUNTIFS('Atenciones - Detalles de citas'!$AE:$AE,""*5010009 - VIDRIO IONÓMERO*""&""*Mujer*"",'Atenciones - Detalles de citas'!$AF:$AF,"">=35"",'Atenciones - Detalles de citas'!$AE:$AE,""*5010009 - VIDRIO IONÓMERO*""&""*Mujer*"",'Atenciones - Detalles de citas'!$AF:$AF,""<=44"")-AE30"
LEGACY::REMASEP_OD::AE47,REMASEP_OD,AE47,BASE_AGGREGATION,,"=COUNTIFS('Atenciones - Detalles de citas'!$AE:$AE,""*5005008 - CEMENTACIÓN CARILLA RESINA INDIRECTA*""&""*Mujer*"",'Atenciones - Detalles de citas'!$AF:$AF,"">=35"",'Atenciones - Detalles de citas'!$AE:$AE,""*5005008 - CEMENTACIÓN CARILLA RESINA INDIRECTA*""&""*Mujer*"",'Atenciones - Detalles de citas'!$AF:$AF,""<=44"")"
LEGACY::REMASEP_OD::AE48,REMASEP_OD,AE48,BASE_AGGREGATION,,"=COUNTIFS('Atenciones - Detalles de citas'!$AE:$AE,""*INSTALACIÓN APARATO REMOVIBLE*""&""*Mujer*"",'Atenciones - Detalles de citas'!$AF:$AF,"">=35"",'Atenciones - Detalles de citas'!$AE:$AE,""*INSTALACIÓN APARATO REMOVIBLE*""&""*Mujer*"",'Atenciones - Detalles de citas'!$AF:$AF,""<=44"")"
LEGACY::REMASEP_OD::AE49,REMASEP_OD,AE49,BASE_AGGREGATION,,"=COUNTIFS('Atenciones - Detalles de citas'!$AE:$AE,""*5004001 - INSTALACIÓN APARATO FIJO SUP O INF*""&""*Mujer*"",'Atenciones - Detalles de citas'!$AF:$AF,"">=35"",'Atenciones - Detalles de citas'!$AE:$AE,""*5004001 - INSTALACIÓN APARATO FIJO SUP O INF*""&""*Mujer*"",'Atenciones - Detalles de citas'!$AF:$AF,""<=44"")"
LEGACY::REMASEP_OD::AE50,REMASEP_OD,AE50,BASE_AGGREGATION,,"=COUNTIFS('Atenciones - Detalles de citas'!$AE:$AE,""*INSTALACIÓN CONTENCION*""&""*Mujer*"",'Atenciones - Detalles de citas'!$AF:$AF,"">=35"",'Atenciones - Detalles de citas'!$AE:$AE,""*INSTALACIÓN CONTENCION*""&""*Mujer*"",'Atenciones - Detalles de citas'!$AF:$AF,""<=44"")"
LEGACY::REMASEP_OD::AE51,REMASEP_OD,AE51,BASE_AGGREGATION,,"=COUNTIFS('Atenciones - Detalles de citas'!$AE:$AE,""*5004018 - RETIRO APARATO FIJO-LIMPIEZA-IMPRESIÓN*""&""*Mujer*"",'Atenciones - Detalles de citas'!$AF:$AF,"">=35"",'Atenciones - Detalles de citas'!$AE:$AE,""*5004018 - RETIRO APARATO FIJO-LIMPIEZA-IMPRESIÓN*""&""*Mujer*"",'Atenciones - Detalles de citas'!$AF:$AF,""<=44"")"
LEGACY::REMASEP_OD::AE52,REMASEP_OD,AE52,BASE_AGGREGATION,,"=COUNTIFS('Atenciones - Detalles de citas'!$AE:$AE,""*5004020 - CONTROL ORTODONCIA QUIRÚRGICO*""&""*Mujer*"",'Atenciones - Detalles de citas'!$AF:$AF,"">=35"",'Atenciones - Detalles de citas'!$AE:$AE,""*5004020 - CONTROL ORTODONCIA QUIRÚRGICO*""&""*Mujer*"",'Atenciones - Detalles de citas'!$AF:$AF,""<=44"")"
LEGACY::REMASEP_OD::AE53,REMASEP_OD,AE53,BASE_AGGREGATION,,"=COUNTIFS('Atenciones - Detalles de citas'!$AK:$AK,""*1*""&""*Mujer*"",'Atenciones - Detalles de citas'!$AF:$AF,"">=35"",'Atenciones - Detalles de citas'!$AK:$AK,""*1*""&""*Mujer*"",'Atenciones - Detalles de citas'!$AF:$AF,""<=44"")"
LEGACY::REMASEP_OD::AE54,REMASEP_OD,AE54,BASE_AGGREGATION,,"=COUNTIFS('Atenciones - Detalles de citas'!$AJ:$AJ,""1""&""Mujer"",'Atenciones - Detalles de citas'!$AF:$AF,"">=35"",'Atenciones - Detalles de citas'!$AJ:$AJ,""1""&""Mujer"",'Atenciones - Detalles de citas'!$AF:$AF,""<=44"")"
LEGACY::REMASEP_OD::AE62,REMASEP_OD,AE62,DERIVED_AGGREGATION,AE28,"=COUNTIFS('Atenciones - Detalles de citas'!$AE:$AE,""*COMPOSITE*""&""*Mujer*"",'Atenciones - Detalles de citas'!$AF:$AF,"">=35"",'Atenciones - Detalles de citas'!$AE:$AE,""*COMPOSITE*""&""*Mujer*"",'Atenciones - Detalles de citas'!$AF:$AF,""<=44"")-AE28"
LEGACY::REMASEP_OD::AE63,REMASEP_OD,AE63,BASE_AGGREGATION,,"=COUNTIFS('Atenciones - Detalles de citas'!$AE:$AE,""*5010023 - PULPECTOMIA*""&""*Odontopediatría*""&""*Mujer*"",'Atenciones - Detalles de citas'!$AF:$AF,"">=35"",'Atenciones - Detalles de citas'!$AE:$AE,""*5010023 - PULPECTOMIA*""&""*Odontopediatría*""&""*Mujer*"",'Atenciones - Detalles de citas'!$AF:$AF,""<=44"")+COUNTIFS('Atenciones - Detalles de citas'!$AE:$AE,""*5010003 - PULPOTOMIA*""&""*Odontopediatría*""&""*Mujer*"",'Atenciones - Detalles de citas'!$AF:$AF,"">=35"",'Atenciones - Detalles de citas'!$AE:$AE,""*5010003 - PULPOTOMIA*""&""*Odontopediatría*""&""*Mujer*"",'Atenciones - Detalles de citas'!$AF:$AF,""<=44"")"
LEGACY::REMASEP_OD::AE65,REMASEP_OD,AE65,DERIVED_AGGREGATION,AE24,"=COUNTIFS('Atenciones - Detalles de citas'!$AE:$AE,""*DESTARTRAJE*""&""*Mujer*"",'Atenciones - Detalles de citas'!$AF:$AF,"">=35"",'Atenciones - Detalles de citas'!$AE:$AE,""*DESTARTRAJE*""&""*Mujer*"",'Atenciones - Detalles de citas'!$AF:$AF,""<=44"")-AE24"
LEGACY::REMASEP_OD::AE66,REMASEP_OD,AE66,BASE_AGGREGATION,,"=COUNTIFS('Atenciones - Detalles de citas'!$AE:$AE,""*AMALGAMA*""&""*Mujer*"",'Atenciones - Detalles de citas'!$AF:$AF,"">=35"",'Atenciones - Detalles de citas'!$AE:$AE,""*AMALGAMA*""&""*Mujer*"",'Atenciones - Detalles de citas'!$AF:$AF,""<=44"")"
LEGACY::REMASEP_OD::AE70,REMASEP_OD,AE70,BASE_AGGREGATION,,"=COUNTIFS('Atenciones - Detalles de citas'!$AE:$AE,""*INSTALACIÓN PRÓTESIS TOTAL ACRÍLICA SUP O INF*""&""*Mujer*"",'Atenciones - Detalles de citas'!$AF:$AF,"">=35"",'Atenciones - Detalles de citas'!$AE:$AE,""*INSTALACIÓN PRÓTESIS TOTAL ACRÍLICA SUP O INF*""&""*Mujer*"",'Atenciones - Detalles de citas'!$AF:$AF,""<=44"")"
LEGACY::REMASEP_OD::AE71,REMASEP_OD,AE71,BASE_AGGREGATION,,"=COUNTIFS('Atenciones - Detalles de citas'!$AE:$AE,""*INSTALACIÓN PRÓTESIS PARCIAL METÁLICA SUP O INF*""&""*Mujer*"",'Atenciones - Detalles de citas'!$AF:$AF,"">=35"",'Atenciones - Detalles de citas'!$AE:$AE,""*INSTALACIÓN PRÓTESIS PARCIAL METÁLICA SUP O INF*""&""*Mujer*"",'Atenciones - Detalles de citas'!$AF:$AF,""<=44"")"
LEGACY::REMASEP_OD::AE72,REMASEP_OD,AE72,BASE_AGGREGATION,,"=COUNTIFS('Atenciones - Detalles de citas'!$AE:$AE,""*CEMENTACIÓN PRÓTESIS FIJA SOBRE DIENTE*""&""*Mujer*"",'Atenciones - Detalles de citas'!$AF:$AF,"">=35"",'Atenciones - Detalles de citas'!$AE:$AE,""*CEMENTACIÓN PRÓTESIS FIJA SOBRE DIENTE*""&""*Mujer*"",'Atenciones - Detalles de citas'!$AF:$AF,""<=44"")"
LEGACY::REMASEP_OD::AE73,REMASEP_OD,AE73,BASE_AGGREGATION,,"=COUNTIFS('Atenciones - Detalles de citas'!$AE:$AE,""*INSTALACIÓN CORONA DEFINITIVA SOBRE IMPLANTE*""&""*Mujer*"",'Atenciones - Detalles de citas'!$AF:$AF,"">=35"",'Atenciones - Detalles de citas'!$AE:$AE,""*INSTALACIÓN CORONA DEFINITIVA SOBRE IMPLANTE*""&""*Mujer*"",'Atenciones - Detalles de citas'!$AF:$AF,""<=44"")"
LEGACY::REMASEP_OD::AE74,REMASEP_OD,AE74,BASE_AGGREGATION,,"=COUNTIFS('Atenciones - Detalles de citas'!$AE:$AE,""*AMALGAMA*""&""*Mujer*"",'Atenciones - Detalles de citas'!$AF:$AF,"">=35"",'Atenciones - Detalles de citas'!$AE:$AE,""*AMALGAMA*""&""*Mujer*"",'Atenciones - Detalles de citas'!$AF:$AF,""<=44"")"
LEGACY::REMASEP_OD::AE8,REMASEP_OD,AE8,BASE_AGGREGATION,,"=COUNTIFS('Atenciones - Detalles de citas'!$AD:$AD,$A8&""Mujer"",'Atenciones - Detalles de citas'!$AF:$AF,"">=35"",'Atenciones - Detalles de citas'!$AD:$AD,$A8&""Mujer"",'Atenciones - Detalles de citas'!$AF:$AF,""<=44"")"
LEGACY::REMASEP_OD::AE89,REMASEP_OD,AE89,BASE_AGGREGATION,,"=COUNTIFS('Atenciones - Detalles de citas'!$AE:$AE,""*5009002 - DESGASTE SELECTIVO*""&""*Mujer*"",'Atenciones - Detalles de citas'!$AF:$AF,"">=35"",'Atenciones - Detalles de citas'!$AE:$AE,""*5009002 - DESGASTE SELECTIVO*""&""*Mujer*"",'Atenciones - Detalles de citas'!$AF:$AF,""<=44"")"
LEGACY::REMASEP_OD::AE9,REMASEP_OD,AE9,BASE_AGGREGATION,,"=COUNTIFS('Atenciones - Detalles de citas'!$AD:$AD,$A9&""Mujer"",'Atenciones - Detalles de citas'!$AF:$AF,"">=35"",'Atenciones - Detalles de citas'!$AD:$AD,$A9&""Mujer"",'Atenciones - Detalles de citas'!$AF:$AF,""<=44"")"
LEGACY::REMASEP_OD::AE90,REMASEP_OD,AE90,BASE_AGGREGATION,,"=COUNTIFS('Atenciones - Detalles de citas'!$AL:$AL,""1""&""Mujer"",'Atenciones - Detalles de citas'!$AF:$AF,"">=35"",'Atenciones - Detalles de citas'!$AL:$AL,""1""&""Mujer"",'Atenciones - Detalles de citas'!$AF:$AF,""<=44"")"
LEGACY::REMASEP_OD::AF10,REMASEP_OD,AF10,BASE_AGGREGATION,,"=COUNTIFS('Atenciones - Detalles de citas'!$AH:$AH,$A10&""Hombre"",'Atenciones - Detalles de citas'!$AF:$AF,"">=45"",'Atenciones - Detalles de citas'!$AH:$AH,$A10&""Hombre"",'Atenciones - Detalles de citas'!$AF:$AF,""<=59"")"
LEGACY::REMASEP_OD::AF13,REMASEP_OD,AF13,BASE_AGGREGATION,,"=COUNTIFS('Atenciones - Detalles de citas'!$AE:$AE,""*5001005 - SELLANTES*""&""*Hombre*"",'Atenciones - Detalles de citas'!$AF:$AF,"">=45"",'Atenciones - Detalles de citas'!$AE:$AE,""*5001005 - SELLANTES*""&""*Hombre*"",'Atenciones - Detalles de citas'!$AF:$AF,""<=59"")"
LEGACY::REMASEP_OD::AF14,REMASEP_OD,AF14,BASE_AGGREGATION,,"=COUNTIFS('Atenciones - Detalles de citas'!$AE:$AE,""*50010112 - INSTRUCCIÓN DE HIGIENE ORAL*""&""*Hombre*"",'Atenciones - Detalles de citas'!$AF:$AF,"">=45"",'Atenciones - Detalles de citas'!$AE:$AE,""*50010112 - INSTRUCCIÓN DE HIGIENE ORAL*""&""*Hombre*"",'Atenciones - Detalles de citas'!$AF:$AF,""<=59"")"
LEGACY::REMASEP_OD::AF16,REMASEP_OD,AF16,BASE_AGGREGATION,,"=COUNTIFS('Atenciones - Detalles de citas'!$AE:$AE,""*5010011 - PROFILAXIS*""&""*Hombre*"",'Atenciones - Detalles de citas'!$AF:$AF,"">=45"",'Atenciones - Detalles de citas'!$AE:$AE,""*5010011 - PROFILAXIS*""&""*Hombre*"",'Atenciones - Detalles de citas'!$AF:$AF,""<=59"")"
LEGACY::REMASEP_OD::AF17,REMASEP_OD,AF17,BASE_AGGREGATION,,"=COUNTIFS('Atenciones - Detalles de citas'!$AE:$AE,""*5001016 - FLUOR*""&""*Hombre*"",'Atenciones - Detalles de citas'!$AF:$AF,"">=45"",'Atenciones - Detalles de citas'!$AE:$AE,""*5001016 - FLUOR*""&""*Hombre*"",'Atenciones - Detalles de citas'!$AF:$AF,""<=59"")"
LEGACY::REMASEP_OD::AF24,REMASEP_OD,AF24,BASE_AGGREGATION,,"=COUNTIFS('Atenciones - Detalles de citas'!$AE:$AE,""*5012021 - DESTARTRAJE*""&""*Odontología General*""&""*Hombre*"",'Atenciones - Detalles de citas'!$AF:$AF,"">=45"",'Atenciones - Detalles de citas'!$AE:$AE,""*5012021 - DESTARTRAJE*""&""*Odontología General*""&""*Hombre*"",'Atenciones - Detalles de citas'!$AF:$AF,""<=59"")"
LEGACY::REMASEP_OD::AF28,REMASEP_OD,AF28,BASE_AGGREGATION,,"=COUNTIFS('Atenciones - Detalles de citas'!$AE:$AE,""*COMPOSITE*""&""*Odontología General*""&""*Hombre*"",'Atenciones - Detalles de citas'!$AF:$AF,"">=45"",'Atenciones - Detalles de citas'!$AE:$AE,""*COMPOSITE*""&""*Odontología General*""&""*Hombre*"",'Atenciones - Detalles de citas'!$AF:$AF,""<=59"")"
LEGACY::REMASEP_OD::AF30,REMASEP_OD,AF30,BASE_AGGREGATION,,"=COUNTIFS('Atenciones - Detalles de citas'!$AE:$AE,""*5010009 - VIDRIO IONÓMERO*""&""*Odontología General*""&""*Hombre*"",'Atenciones - Detalles de citas'!$AF:$AF,"">=45"",'Atenciones - Detalles de citas'!$AE:$AE,""*5010009 - VIDRIO IONÓMERO*""&""*Odontología General*""&""*Hombre*"",'Atenciones - Detalles de citas'!$AF:$AF,""<=59"")"
LEGACY::REMASEP_OD::AF40,REMASEP_OD,AF40,BASE_AGGREGATION,,"=COUNTIFS('Atenciones - Detalles de citas'!$AI:$AI,""*evaluacion odon esp*""&""*Hombre*"",'Atenciones - Detalles de citas'!$AF:$AF,"">=45"",'Atenciones - Detalles de citas'!$AI:$AI,""*evaluacion odon esp*""&""*Hombre*"",'Atenciones - Detalles de citas'!$AF:$AF,""<=59"")"
LEGACY::REMASEP_OD::AF46,REMASEP_OD,AF46,DERIVED_AGGREGATION,AF30,"=COUNTIFS('Atenciones - Detalles de citas'!$AE:$AE,""*5010009 - VIDRIO IONÓMERO*""&""*Hombre*"",'Atenciones - Detalles de citas'!$AF:$AF,"">=45"",'Atenciones - Detalles de citas'!$AE:$AE,""*5010009 - VIDRIO IONÓMERO*""&""*Hombre*"",'Atenciones - Detalles de citas'!$AF:$AF,""<=59"")-AF30"
LEGACY::REMASEP_OD::AF47,REMASEP_OD,AF47,BASE_AGGREGATION,,"=COUNTIFS('Atenciones - Detalles de citas'!$AE:$AE,""*5005008 - CEMENTACIÓN CARILLA RESINA INDIRECTA*""&""*Hombre*"",'Atenciones - Detalles de citas'!$AF:$AF,"">=45"",'Atenciones - Detalles de citas'!$AE:$AE,""*5005008 - CEMENTACIÓN CARILLA RESINA INDIRECTA*""&""*Hombre*"",'Atenciones - Detalles de citas'!$AF:$AF,""<=59"")"
LEGACY::REMASEP_OD::AF48,REMASEP_OD,AF48,BASE_AGGREGATION,,"=COUNTIFS('Atenciones - Detalles de citas'!$AE:$AE,""*INSTALACIÓN APARATO REMOVIBLE*""&""*Hombre*"",'Atenciones - Detalles de citas'!$AF:$AF,"">=45"",'Atenciones - Detalles de citas'!$AE:$AE,""*INSTALACIÓN APARATO REMOVIBLE*""&""*Hombre*"",'Atenciones - Detalles de citas'!$AF:$AF,""<=59"")"
LEGACY::REMASEP_OD::AF49,REMASEP_OD,AF49,BASE_AGGREGATION,,"=COUNTIFS('Atenciones - Detalles de citas'!$AE:$AE,""*5004001 - INSTALACIÓN APARATO FIJO SUP O INF*""&""*Hombre*"",'Atenciones - Detalles de citas'!$AF:$AF,"">=45"",'Atenciones - Detalles de citas'!$AE:$AE,""*5004001 - INSTALACIÓN APARATO FIJO SUP O INF*""&""*Hombre*"",'Atenciones - Detalles de citas'!$AF:$AF,""<=59"")"
LEGACY::REMASEP_OD::AF50,REMASEP_OD,AF50,BASE_AGGREGATION,,"=COUNTIFS('Atenciones - Detalles de citas'!$AE:$AE,""*INSTALACIÓN CONTENCION*""&""*Hombre*"",'Atenciones - Detalles de citas'!$AF:$AF,"">=45"",'Atenciones - Detalles de citas'!$AE:$AE,""*INSTALACIÓN CONTENCION*""&""*Hombre*"",'Atenciones - Detalles de citas'!$AF:$AF,""<=59"")"
LEGACY::REMASEP_OD::AF51,REMASEP_OD,AF51,BASE_AGGREGATION,,"=COUNTIFS('Atenciones - Detalles de citas'!$AE:$AE,""*5004018 - RETIRO APARATO FIJO-LIMPIEZA-IMPRESIÓN*""&""*Hombre*"",'Atenciones - Detalles de citas'!$AF:$AF,"">=45"",'Atenciones - Detalles de citas'!$AE:$AE,""*5004018 - RETIRO APARATO FIJO-LIMPIEZA-IMPRESIÓN*""&""*Hombre*"",'Atenciones - Detalles de citas'!$AF:$AF,""<=59"")"
LEGACY::REMASEP_OD::AF52,REMASEP_OD,AF52,BASE_AGGREGATION,,"=COUNTIFS('Atenciones - Detalles de citas'!$AE:$AE,""*5004020 - CONTROL ORTODONCIA QUIRÚRGICO*""&""*Hombre*"",'Atenciones - Detalles de citas'!$AF:$AF,"">=45"",'Atenciones - Detalles de citas'!$AE:$AE,""*5004020 - CONTROL ORTODONCIA QUIRÚRGICO*""&""*Hombre*"",'Atenciones - Detalles de citas'!$AF:$AF,""<=59"")"
LEGACY::REMASEP_OD::AF53,REMASEP_OD,AF53,BASE_AGGREGATION,,"=COUNTIFS('Atenciones - Detalles de citas'!$AK:$AK,""*1*""&""*Hombre*"",'Atenciones - Detalles de citas'!$AF:$AF,"">=45"",'Atenciones - Detalles de citas'!$AK:$AK,""*1*""&""*Hombre*"",'Atenciones - Detalles de citas'!$AF:$AF,""<=59"")"
LEGACY::REMASEP_OD::AF54,REMASEP_OD,AF54,BASE_AGGREGATION,,"=COUNTIFS('Atenciones - Detalles de citas'!$AJ:$AJ,""1""&""Hombre"",'Atenciones - Detalles de citas'!$AF:$AF,"">=45"",'Atenciones - Detalles de citas'!$AJ:$AJ,""1""&""Hombre"",'Atenciones - Detalles de citas'!$AF:$AF,""<=59"")"
LEGACY::REMASEP_OD::AF62,REMASEP_OD,AF62,DERIVED_AGGREGATION,AF28,"=COUNTIFS('Atenciones - Detalles de citas'!$AE:$AE,""*COMPOSITE*""&""*Hombre*"",'Atenciones - Detalles de citas'!$AF:$AF,"">=45"",'Atenciones - Detalles de citas'!$AE:$AE,""*COMPOSITE*""&""*Hombre*"",'Atenciones - Detalles de citas'!$AF:$AF,""<=59"")-AF28"
LEGACY::REMASEP_OD::AF63,REMASEP_OD,AF63,BASE_AGGREGATION,,"=COUNTIFS('Atenciones - Detalles de citas'!$AE:$AE,""*5010023 - PULPECTOMIA*""&""*Odontopediatría*""&""*Hombre*"",'Atenciones - Detalles de citas'!$AF:$AF,"">=45"",'Atenciones - Detalles de citas'!$AE:$AE,""*5010023 - PULPECTOMIA*""&""*Odontopediatría*""&""*Hombre*"",'Atenciones - Detalles de citas'!$AF:$AF,""<=59"")+COUNTIFS('Atenciones - Detalles de citas'!$AE:$AE,""*5010003 - PULPOTOMIA*""&""*Odontopediatría*""&""*Hombre*"",'Atenciones - Detalles de citas'!$AF:$AF,"">=45"",'Atenciones - Detalles de citas'!$AE:$AE,""*5010003 - PULPOTOMIA*""&""*Odontopediatría*""&""*Hombre*"",'Atenciones - Detalles de citas'!$AF:$AF,""<=59"")"
LEGACY::REMASEP_OD::AF65,REMASEP_OD,AF65,DERIVED_AGGREGATION,AF24,"=COUNTIFS('Atenciones - Detalles de citas'!$AE:$AE,""*DESTARTRAJE*""&""*Hombre*"",'Atenciones - Detalles de citas'!$AF:$AF,"">=45"",'Atenciones - Detalles de citas'!$AE:$AE,""*DESTARTRAJE*""&""*Hombre*"",'Atenciones - Detalles de citas'!$AF:$AF,""<=59"")-AF24"
LEGACY::REMASEP_OD::AF66,REMASEP_OD,AF66,BASE_AGGREGATION,,"=COUNTIFS('Atenciones - Detalles de citas'!$AE:$AE,""*AMALGAMA*""&""*Hombre*"",'Atenciones - Detalles de citas'!$AF:$AF,"">=45"",'Atenciones - Detalles de citas'!$AE:$AE,""*AMALGAMA*""&""*Hombre*"",'Atenciones - Detalles de citas'!$AF:$AF,""<=59"")"
LEGACY::REMASEP_OD::AF70,REMASEP_OD,AF70,BASE_AGGREGATION,,"=COUNTIFS('Atenciones - Detalles de citas'!$AE:$AE,""*INSTALACIÓN PRÓTESIS TOTAL ACRÍLICA SUP O INF*""&""*Hombre*"",'Atenciones - Detalles de citas'!$AF:$AF,"">=45"",'Atenciones - Detalles de citas'!$AE:$AE,""*INSTALACIÓN PRÓTESIS TOTAL ACRÍLICA SUP O INF*""&""*Hombre*"",'Atenciones - Detalles de citas'!$AF:$AF,""<=59"")"
LEGACY::REMASEP_OD::AF71,REMASEP_OD,AF71,BASE_AGGREGATION,,"=COUNTIFS('Atenciones - Detalles de citas'!$AE:$AE,""*INSTALACIÓN PRÓTESIS PARCIAL METÁLICA SUP O INF*""&""*Hombre*"",'Atenciones - Detalles de citas'!$AF:$AF,"">=45"",'Atenciones - Detalles de citas'!$AE:$AE,""*INSTALACIÓN PRÓTESIS PARCIAL METÁLICA SUP O INF*""&""*Hombre*"",'Atenciones - Detalles de citas'!$AF:$AF,""<=59"")"
LEGACY::REMASEP_OD::AF72,REMASEP_OD,AF72,BASE_AGGREGATION,,"=COUNTIFS('Atenciones - Detalles de citas'!$AE:$AE,""*CEMENTACIÓN PRÓTESIS FIJA SOBRE DIENTE*""&""*Hombre*"",'Atenciones - Detalles de citas'!$AF:$AF,"">=45"",'Atenciones - Detalles de citas'!$AE:$AE,""*CEMENTACIÓN PRÓTESIS FIJA SOBRE DIENTE*""&""*Hombre*"",'Atenciones - Detalles de citas'!$AF:$AF,""<=59"")"
LEGACY::REMASEP_OD::AF73,REMASEP_OD,AF73,BASE_AGGREGATION,,"=COUNTIFS('Atenciones - Detalles de citas'!$AE:$AE,""*INSTALACIÓN CORONA DEFINITIVA SOBRE IMPLANTE*""&""*Hombre*"",'Atenciones - Detalles de citas'!$AF:$AF,"">=45"",'Atenciones - Detalles de citas'!$AE:$AE,""*INSTALACIÓN CORONA DEFINITIVA SOBRE IMPLANTE*""&""*Hombre*"",'Atenciones - Detalles de citas'!$AF:$AF,""<=59"")"
LEGACY::REMASEP_OD::AF74,REMASEP_OD,AF74,BASE_AGGREGATION,,"=COUNTIFS('Atenciones - Detalles de citas'!$AE:$AE,""*AMALGAMA*""&""*Hombre*"",'Atenciones - Detalles de citas'!$AF:$AF,"">=45"",'Atenciones - Detalles de citas'!$AE:$AE,""*AMALGAMA*""&""*Hombre*"",'Atenciones - Detalles de citas'!$AF:$AF,""<=59"")"
LEGACY::REMASEP_OD::AF8,REMASEP_OD,AF8,BASE_AGGREGATION,,"=COUNTIFS('Atenciones - Detalles de citas'!$AD:$AD,$A8&""Hombre"",'Atenciones - Detalles de citas'!$AF:$AF,"">=45"",'Atenciones - Detalles de citas'!$AD:$AD,$A8&""Hombre"",'Atenciones - Detalles de citas'!$AF:$AF,""<=59"")"
LEGACY::REMASEP_OD::AF89,REMASEP_OD,AF89,BASE_AGGREGATION,,"=COUNTIFS('Atenciones - Detalles de citas'!$AE:$AE,""*5009002 - DESGASTE SELECTIVO*""&""*Hombre*"",'Atenciones - Detalles de citas'!$AF:$AF,"">=45"",'Atenciones - Detalles de citas'!$AE:$AE,""*5009002 - DESGASTE SELECTIVO*""&""*Hombre*"",'Atenciones - Detalles de citas'!$AF:$AF,""<=59"")"
LEGACY::REMASEP_OD::AF9,REMASEP_OD,AF9,BASE_AGGREGATION,,"=COUNTIFS('Atenciones - Detalles de citas'!$AD:$AD,$A9&""Hombre"",'Atenciones - Detalles de citas'!$AF:$AF,"">=45"",'Atenciones - Detalles de citas'!$AD:$AD,$A9&""Hombre"",'Atenciones - Detalles de citas'!$AF:$AF,""<=59"")"
LEGACY::REMASEP_OD::AF90,REMASEP_OD,AF90,BASE_AGGREGATION,,"=COUNTIFS('Atenciones - Detalles de citas'!$AL:$AL,""1""&""Hombre"",'Atenciones - Detalles de citas'!$AF:$AF,"">=45"",'Atenciones - Detalles de citas'!$AL:$AL,""1""&""Hombre"",'Atenciones - Detalles de citas'!$AF:$AF,""<=59"")"
LEGACY::REMASEP_OD::AG10,REMASEP_OD,AG10,BASE_AGGREGATION,,"=COUNTIFS('Atenciones - Detalles de citas'!$AH:$AH,$A10&""Mujer"",'Atenciones - Detalles de citas'!$AF:$AF,"">=45"",'Atenciones - Detalles de citas'!$AH:$AH,$A10&""Mujer"",'Atenciones - Detalles de citas'!$AF:$AF,""<=59"")"
LEGACY::REMASEP_OD::AG13,REMASEP_OD,AG13,BASE_AGGREGATION,,"=COUNTIFS('Atenciones - Detalles de citas'!$AE:$AE,""*5001005 - SELLANTES*""&""*Mujer*"",'Atenciones - Detalles de citas'!$AF:$AF,"">=45"",'Atenciones - Detalles de citas'!$AE:$AE,""*5001005 - SELLANTES*""&""*Mujer*"",'Atenciones - Detalles de citas'!$AF:$AF,""<=59"")"
LEGACY::REMASEP_OD::AG14,REMASEP_OD,AG14,BASE_AGGREGATION,,"=COUNTIFS('Atenciones - Detalles de citas'!$AE:$AE,""*50010112 - INSTRUCCIÓN DE HIGIENE ORAL*""&""*Mujer*"",'Atenciones - Detalles de citas'!$AF:$AF,"">=45"",'Atenciones - Detalles de citas'!$AE:$AE,""*50010112 - INSTRUCCIÓN DE HIGIENE ORAL*""&""*Mujer*"",'Atenciones - Detalles de citas'!$AF:$AF,""<=59"")"
LEGACY::REMASEP_OD::AG16,REMASEP_OD,AG16,BASE_AGGREGATION,,"=COUNTIFS('Atenciones - Detalles de citas'!$AE:$AE,""*5010011 - PROFILAXIS*""&""*Mujer*"",'Atenciones - Detalles de citas'!$AF:$AF,"">=45"",'Atenciones - Detalles de citas'!$AE:$AE,""*5010011 - PROFILAXIS*""&""*Mujer*"",'Atenciones - Detalles de citas'!$AF:$AF,""<=59"")"
LEGACY::REMASEP_OD::AG17,REMASEP_OD,AG17,BASE_AGGREGATION,,"=COUNTIFS('Atenciones - Detalles de citas'!$AE:$AE,""*5001016 - FLUOR*""&""*Mujer*"",'Atenciones - Detalles de citas'!$AF:$AF,"">=45"",'Atenciones - Detalles de citas'!$AE:$AE,""*5001016 - FLUOR*""&""*Mujer*"",'Atenciones - Detalles de citas'!$AF:$AF,""<=59"")"
LEGACY::REMASEP_OD::AG24,REMASEP_OD,AG24,BASE_AGGREGATION,,"=COUNTIFS('Atenciones - Detalles de citas'!$AE:$AE,""*5012021 - DESTARTRAJE*""&""*Odontología General*""&""*Mujer*"",'Atenciones - Detalles de citas'!$AF:$AF,"">=45"",'Atenciones - Detalles de citas'!$AE:$AE,""*5012021 - DESTARTRAJE*""&""*Odontología General*""&""*Mujer*"",'Atenciones - Detalles de citas'!$AF:$AF,""<=59"")"
LEGACY::REMASEP_OD::AG28,REMASEP_OD,AG28,BASE_AGGREGATION,,"=COUNTIFS('Atenciones - Detalles de citas'!$AE:$AE,""*COMPOSITE*""&""*Odontología General*""&""*Mujer*"",'Atenciones - Detalles de citas'!$AF:$AF,"">=45"",'Atenciones - Detalles de citas'!$AE:$AE,""*COMPOSITE*""&""*Odontología General*""&""*Mujer*"",'Atenciones - Detalles de citas'!$AF:$AF,""<=59"")"
LEGACY::REMASEP_OD::AG30,REMASEP_OD,AG30,BASE_AGGREGATION,,"=COUNTIFS('Atenciones - Detalles de citas'!$AE:$AE,""*5010009 - VIDRIO IONÓMERO*""&""*Odontología General*""&""*Mujer*"",'Atenciones - Detalles de citas'!$AF:$AF,"">=45"",'Atenciones - Detalles de citas'!$AE:$AE,""*5010009 - VIDRIO IONÓMERO*""&""*Odontología General*""&""*Mujer*"",'Atenciones - Detalles de citas'!$AF:$AF,""<=59"")"
LEGACY::REMASEP_OD::AG40,REMASEP_OD,AG40,BASE_AGGREGATION,,"=COUNTIFS('Atenciones - Detalles de citas'!$AI:$AI,""*evaluacion odon esp*""&""*Mujer*"",'Atenciones - Detalles de citas'!$AF:$AF,"">=45"",'Atenciones - Detalles de citas'!$AI:$AI,""*evaluacion odon esp*""&""*Mujer*"",'Atenciones - Detalles de citas'!$AF:$AF,""<=59"")"
LEGACY::REMASEP_OD::AG46,REMASEP_OD,AG46,DERIVED_AGGREGATION,AG30,"=COUNTIFS('Atenciones - Detalles de citas'!$AE:$AE,""*5010009 - VIDRIO IONÓMERO*""&""*Mujer*"",'Atenciones - Detalles de citas'!$AF:$AF,"">=45"",'Atenciones - Detalles de citas'!$AE:$AE,""*5010009 - VIDRIO IONÓMERO*""&""*Mujer*"",'Atenciones - Detalles de citas'!$AF:$AF,""<=59"")-AG30"
LEGACY::REMASEP_OD::AG47,REMASEP_OD,AG47,BASE_AGGREGATION,,"=COUNTIFS('Atenciones - Detalles de citas'!$AE:$AE,""*5005008 - CEMENTACIÓN CARILLA RESINA INDIRECTA*""&""*Mujer*"",'Atenciones - Detalles de citas'!$AF:$AF,"">=45"",'Atenciones - Detalles de citas'!$AE:$AE,""*5005008 - CEMENTACIÓN CARILLA RESINA INDIRECTA*""&""*Mujer*"",'Atenciones - Detalles de citas'!$AF:$AF,""<=59"")"
LEGACY::REMASEP_OD::AG48,REMASEP_OD,AG48,BASE_AGGREGATION,,"=COUNTIFS('Atenciones - Detalles de citas'!$AE:$AE,""*INSTALACIÓN APARATO REMOVIBLE*""&""*Mujer*"",'Atenciones - Detalles de citas'!$AF:$AF,"">=45"",'Atenciones - Detalles de citas'!$AE:$AE,""*INSTALACIÓN APARATO REMOVIBLE*""&""*Mujer*"",'Atenciones - Detalles de citas'!$AF:$AF,""<=59"")"
LEGACY::REMASEP_OD::AG49,REMASEP_OD,AG49,BASE_AGGREGATION,,"=COUNTIFS('Atenciones - Detalles de citas'!$AE:$AE,""*5004001 - INSTALACIÓN APARATO FIJO SUP O INF*""&""*Mujer*"",'Atenciones - Detalles de citas'!$AF:$AF,"">=45"",'Atenciones - Detalles de citas'!$AE:$AE,""*5004001 - INSTALACIÓN APARATO FIJO SUP O INF*""&""*Mujer*"",'Atenciones - Detalles de citas'!$AF:$AF,""<=59"")"
LEGACY::REMASEP_OD::AG50,REMASEP_OD,AG50,BASE_AGGREGATION,,"=COUNTIFS('Atenciones - Detalles de citas'!$AE:$AE,""*INSTALACIÓN CONTENCION*""&""*Mujer*"",'Atenciones - Detalles de citas'!$AF:$AF,"">=45"",'Atenciones - Detalles de citas'!$AE:$AE,""*INSTALACIÓN CONTENCION*""&""*Mujer*"",'Atenciones - Detalles de citas'!$AF:$AF,""<=59"")"
LEGACY::REMASEP_OD::AG51,REMASEP_OD,AG51,BASE_AGGREGATION,,"=COUNTIFS('Atenciones - Detalles de citas'!$AE:$AE,""*5004018 - RETIRO APARATO FIJO-LIMPIEZA-IMPRESIÓN*""&""*Mujer*"",'Atenciones - Detalles de citas'!$AF:$AF,"">=45"",'Atenciones - Detalles de citas'!$AE:$AE,""*5004018 - RETIRO APARATO FIJO-LIMPIEZA-IMPRESIÓN*""&""*Mujer*"",'Atenciones - Detalles de citas'!$AF:$AF,""<=59"")"
LEGACY::REMASEP_OD::AG52,REMASEP_OD,AG52,BASE_AGGREGATION,,"=COUNTIFS('Atenciones - Detalles de citas'!$AE:$AE,""*5004020 - CONTROL ORTODONCIA QUIRÚRGICO*""&""*Mujer*"",'Atenciones - Detalles de citas'!$AF:$AF,"">=45"",'Atenciones - Detalles de citas'!$AE:$AE,""*5004020 - CONTROL ORTODONCIA QUIRÚRGICO*""&""*Mujer*"",'Atenciones - Detalles de citas'!$AF:$AF,""<=59"")"
LEGACY::REMASEP_OD::AG53,REMASEP_OD,AG53,BASE_AGGREGATION,,"=COUNTIFS('Atenciones - Detalles de citas'!$AK:$AK,""*1*""&""*Mujer*"",'Atenciones - Detalles de citas'!$AF:$AF,"">=45"",'Atenciones - Detalles de citas'!$AK:$AK,""*1*""&""*Mujer*"",'Atenciones - Detalles de citas'!$AF:$AF,""<=59"")"
LEGACY::REMASEP_OD::AG54,REMASEP_OD,AG54,BASE_AGGREGATION,,"=COUNTIFS('Atenciones - Detalles de citas'!$AJ:$AJ,""1""&""Mujer"",'Atenciones - Detalles de citas'!$AF:$AF,"">=45"",'Atenciones - Detalles de citas'!$AJ:$AJ,""1""&""Mujer"",'Atenciones - Detalles de citas'!$AF:$AF,""<=59"")"
LEGACY::REMASEP_OD::AG62,REMASEP_OD,AG62,DERIVED_AGGREGATION,AG28,"=COUNTIFS('Atenciones - Detalles de citas'!$AE:$AE,""*COMPOSITE*""&""*Mujer*"",'Atenciones - Detalles de citas'!$AF:$AF,"">=45"",'Atenciones - Detalles de citas'!$AE:$AE,""*COMPOSITE*""&""*Mujer*"",'Atenciones - Detalles de citas'!$AF:$AF,""<=59"")-AG28"
LEGACY::REMASEP_OD::AG63,REMASEP_OD,AG63,BASE_AGGREGATION,,"=COUNTIFS('Atenciones - Detalles de citas'!$AE:$AE,""*5010023 - PULPECTOMIA*""&""*Odontopediatría*""&""*Mujer*"",'Atenciones - Detalles de citas'!$AF:$AF,"">=45"",'Atenciones - Detalles de citas'!$AE:$AE,""*5010023 - PULPECTOMIA*""&""*Odontopediatría*""&""*Mujer*"",'Atenciones - Detalles de citas'!$AF:$AF,""<=59"")+COUNTIFS('Atenciones - Detalles de citas'!$AE:$AE,""*5010003 - PULPOTOMIA*""&""*Odontopediatría*""&""*Mujer*"",'Atenciones - Detalles de citas'!$AF:$AF,"">=45"",'Atenciones - Detalles de citas'!$AE:$AE,""*5010003 - PULPOTOMIA*""&""*Odontopediatría*""&""*Mujer*"",'Atenciones - Detalles de citas'!$AF:$AF,""<=59"")"
LEGACY::REMASEP_OD::AG65,REMASEP_OD,AG65,DERIVED_AGGREGATION,AG24,"=COUNTIFS('Atenciones - Detalles de citas'!$AE:$AE,""*DESTARTRAJE*""&""*Mujer*"",'Atenciones - Detalles de citas'!$AF:$AF,"">=45"",'Atenciones - Detalles de citas'!$AE:$AE,""*DESTARTRAJE*""&""*Mujer*"",'Atenciones - Detalles de citas'!$AF:$AF,""<=59"")-AG24"
LEGACY::REMASEP_OD::AG66,REMASEP_OD,AG66,BASE_AGGREGATION,,"=COUNTIFS('Atenciones - Detalles de citas'!$AE:$AE,""*AMALGAMA*""&""*Mujer*"",'Atenciones - Detalles de citas'!$AF:$AF,"">=45"",'Atenciones - Detalles de citas'!$AE:$AE,""*AMALGAMA*""&""*Mujer*"",'Atenciones - Detalles de citas'!$AF:$AF,""<=59"")"
LEGACY::REMASEP_OD::AG70,REMASEP_OD,AG70,BASE_AGGREGATION,,"=COUNTIFS('Atenciones - Detalles de citas'!$AE:$AE,""*INSTALACIÓN PRÓTESIS TOTAL ACRÍLICA SUP O INF*""&""*Mujer*"",'Atenciones - Detalles de citas'!$AF:$AF,"">=45"",'Atenciones - Detalles de citas'!$AE:$AE,""*INSTALACIÓN PRÓTESIS TOTAL ACRÍLICA SUP O INF*""&""*Mujer*"",'Atenciones - Detalles de citas'!$AF:$AF,""<=59"")"
LEGACY::REMASEP_OD::AG71,REMASEP_OD,AG71,BASE_AGGREGATION,,"=COUNTIFS('Atenciones - Detalles de citas'!$AE:$AE,""*INSTALACIÓN PRÓTESIS PARCIAL METÁLICA SUP O INF*""&""*Mujer*"",'Atenciones - Detalles de citas'!$AF:$AF,"">=45"",'Atenciones - Detalles de citas'!$AE:$AE,""*INSTALACIÓN PRÓTESIS PARCIAL METÁLICA SUP O INF*""&""*Mujer*"",'Atenciones - Detalles de citas'!$AF:$AF,""<=59"")"
LEGACY::REMASEP_OD::AG72,REMASEP_OD,AG72,BASE_AGGREGATION,,"=COUNTIFS('Atenciones - Detalles de citas'!$AE:$AE,""*CEMENTACIÓN PRÓTESIS FIJA SOBRE DIENTE*""&""*Mujer*"",'Atenciones - Detalles de citas'!$AF:$AF,"">=45"",'Atenciones - Detalles de citas'!$AE:$AE,""*CEMENTACIÓN PRÓTESIS FIJA SOBRE DIENTE*""&""*Mujer*"",'Atenciones - Detalles de citas'!$AF:$AF,""<=59"")"
LEGACY::REMASEP_OD::AG73,REMASEP_OD,AG73,BASE_AGGREGATION,,"=COUNTIFS('Atenciones - Detalles de citas'!$AE:$AE,""*INSTALACIÓN CORONA DEFINITIVA SOBRE IMPLANTE*""&""*Mujer*"",'Atenciones - Detalles de citas'!$AF:$AF,"">=45"",'Atenciones - Detalles de citas'!$AE:$AE,""*INSTALACIÓN CORONA DEFINITIVA SOBRE IMPLANTE*""&""*Mujer*"",'Atenciones - Detalles de citas'!$AF:$AF,""<=59"")"
LEGACY::REMASEP_OD::AG74,REMASEP_OD,AG74,BASE_AGGREGATION,,"=COUNTIFS('Atenciones - Detalles de citas'!$AE:$AE,""*AMALGAMA*""&""*Mujer*"",'Atenciones - Detalles de citas'!$AF:$AF,"">=45"",'Atenciones - Detalles de citas'!$AE:$AE,""*AMALGAMA*""&""*Mujer*"",'Atenciones - Detalles de citas'!$AF:$AF,""<=59"")"
LEGACY::REMASEP_OD::AG8,REMASEP_OD,AG8,BASE_AGGREGATION,,"=COUNTIFS('Atenciones - Detalles de citas'!$AD:$AD,$A8&""Mujer"",'Atenciones - Detalles de citas'!$AF:$AF,"">=45"",'Atenciones - Detalles de citas'!$AD:$AD,$A8&""Mujer"",'Atenciones - Detalles de citas'!$AF:$AF,""<=59"")"
LEGACY::REMASEP_OD::AG89,REMASEP_OD,AG89,BASE_AGGREGATION,,"=COUNTIFS('Atenciones - Detalles de citas'!$AE:$AE,""*5009002 - DESGASTE SELECTIVO*""&""*Mujer*"",'Atenciones - Detalles de citas'!$AF:$AF,"">=45"",'Atenciones - Detalles de citas'!$AE:$AE,""*5009002 - DESGASTE SELECTIVO*""&""*Mujer*"",'Atenciones - Detalles de citas'!$AF:$AF,""<=59"")"
LEGACY::REMASEP_OD::AG9,REMASEP_OD,AG9,BASE_AGGREGATION,,"=COUNTIFS('Atenciones - Detalles de citas'!$AD:$AD,$A9&""Mujer"",'Atenciones - Detalles de citas'!$AF:$AF,"">=45"",'Atenciones - Detalles de citas'!$AD:$AD,$A9&""Mujer"",'Atenciones - Detalles de citas'!$AF:$AF,""<=59"")"
LEGACY::REMASEP_OD::AG90,REMASEP_OD,AG90,BASE_AGGREGATION,,"=COUNTIFS('Atenciones - Detalles de citas'!$AL:$AL,""1""&""Mujer"",'Atenciones - Detalles de citas'!$AF:$AF,"">=45"",'Atenciones - Detalles de citas'!$AL:$AL,""1""&""Mujer"",'Atenciones - Detalles de citas'!$AF:$AF,""<=59"")"
LEGACY::REMASEP_OD::AH10,REMASEP_OD,AH10,BASE_AGGREGATION,,"=COUNTIFS('Atenciones - Detalles de citas'!$AH:$AH,$A10&""Hombre"",'Atenciones - Detalles de citas'!$AF:$AF,"">=60"",'Atenciones - Detalles de citas'!$AH:$AH,$A10&""Hombre"",'Atenciones - Detalles de citas'!$AF:$AF,""<=64"")"
LEGACY::REMASEP_OD::AH13,REMASEP_OD,AH13,BASE_AGGREGATION,,"=COUNTIFS('Atenciones - Detalles de citas'!$AE:$AE,""*5001005 - SELLANTES*""&""*Hombre*"",'Atenciones - Detalles de citas'!$AF:$AF,"">=60"",'Atenciones - Detalles de citas'!$AE:$AE,""*5001005 - SELLANTES*""&""*Hombre*"",'Atenciones - Detalles de citas'!$AF:$AF,""<=64"")"
LEGACY::REMASEP_OD::AH14,REMASEP_OD,AH14,BASE_AGGREGATION,,"=COUNTIFS('Atenciones - Detalles de citas'!$AE:$AE,""*50010112 - INSTRUCCIÓN DE HIGIENE ORAL*""&""*Hombre*"",'Atenciones - Detalles de citas'!$AF:$AF,"">=60"",'Atenciones - Detalles de citas'!$AE:$AE,""*50010112 - INSTRUCCIÓN DE HIGIENE ORAL*""&""*Hombre*"",'Atenciones - Detalles de citas'!$AF:$AF,""<=64"")"
LEGACY::REMASEP_OD::AH16,REMASEP_OD,AH16,BASE_AGGREGATION,,"=COUNTIFS('Atenciones - Detalles de citas'!$AE:$AE,""*5010011 - PROFILAXIS*""&""*Hombre*"",'Atenciones - Detalles de citas'!$AF:$AF,"">=60"",'Atenciones - Detalles de citas'!$AE:$AE,""*5010011 - PROFILAXIS*""&""*Hombre*"",'Atenciones - Detalles de citas'!$AF:$AF,""<=64"")"
LEGACY::REMASEP_OD::AH17,REMASEP_OD,AH17,BASE_AGGREGATION,,"=COUNTIFS('Atenciones - Detalles de citas'!$AE:$AE,""*5001016 - FLUOR*""&""*Hombre*"",'Atenciones - Detalles de citas'!$AF:$AF,"">=60"",'Atenciones - Detalles de citas'!$AE:$AE,""*5001016 - FLUOR*""&""*Hombre*"",'Atenciones - Detalles de citas'!$AF:$AF,""<=64"")"
LEGACY::REMASEP_OD::AH24,REMASEP_OD,AH24,BASE_AGGREGATION,,"=COUNTIFS('Atenciones - Detalles de citas'!$AE:$AE,""*5012021 - DESTARTRAJE*""&""*Odontología General*""&""*Hombre*"",'Atenciones - Detalles de citas'!$AF:$AF,"">=60"",'Atenciones - Detalles de citas'!$AE:$AE,""*5012021 - DESTARTRAJE*""&""*Odontología General*""&""*Hombre*"",'Atenciones - Detalles de citas'!$AF:$AF,""<=64"")"
LEGACY::REMASEP_OD::AH28,REMASEP_OD,AH28,BASE_AGGREGATION,,"=COUNTIFS('Atenciones - Detalles de citas'!$AE:$AE,""*COMPOSITE*""&""*Odontología General*""&""*Hombre*"",'Atenciones - Detalles de citas'!$AF:$AF,"">=60"",'Atenciones - Detalles de citas'!$AE:$AE,""*COMPOSITE*""&""*Odontología General*""&""*Hombre*"",'Atenciones - Detalles de citas'!$AF:$AF,""<=64"")"
LEGACY::REMASEP_OD::AH30,REMASEP_OD,AH30,BASE_AGGREGATION,,"=COUNTIFS('Atenciones - Detalles de citas'!$AE:$AE,""*5010009 - VIDRIO IONÓMERO*""&""*Odontología General*""&""*Hombre*"",'Atenciones - Detalles de citas'!$AF:$AF,"">=60"",'Atenciones - Detalles de citas'!$AE:$AE,""*5010009 - VIDRIO IONÓMERO*""&""*Odontología General*""&""*Hombre*"",'Atenciones - Detalles de citas'!$AF:$AF,""<=64"")"
LEGACY::REMASEP_OD::AH40,REMASEP_OD,AH40,BASE_AGGREGATION,,"=COUNTIFS('Atenciones - Detalles de citas'!$AI:$AI,""*evaluacion odon esp*""&""*Hombre*"",'Atenciones - Detalles de citas'!$AF:$AF,"">=60"",'Atenciones - Detalles de citas'!$AI:$AI,""*evaluacion odon esp*""&""*Hombre*"",'Atenciones - Detalles de citas'!$AF:$AF,""<=64"")"
LEGACY::REMASEP_OD::AH46,REMASEP_OD,AH46,DERIVED_AGGREGATION,AH30,"=COUNTIFS('Atenciones - Detalles de citas'!$AE:$AE,""*5010009 - VIDRIO IONÓMERO*""&""*Hombre*"",'Atenciones - Detalles de citas'!$AF:$AF,"">=60"",'Atenciones - Detalles de citas'!$AE:$AE,""*5010009 - VIDRIO IONÓMERO*""&""*Hombre*"",'Atenciones - Detalles de citas'!$AF:$AF,""<=64"")-AH30"
LEGACY::REMASEP_OD::AH47,REMASEP_OD,AH47,BASE_AGGREGATION,,"=COUNTIFS('Atenciones - Detalles de citas'!$AE:$AE,""*5005008 - CEMENTACIÓN CARILLA RESINA INDIRECTA*""&""*Hombre*"",'Atenciones - Detalles de citas'!$AF:$AF,"">=60"",'Atenciones - Detalles de citas'!$AE:$AE,""*5005008 - CEMENTACIÓN CARILLA RESINA INDIRECTA*""&""*Hombre*"",'Atenciones - Detalles de citas'!$AF:$AF,""<=64"")"
LEGACY::REMASEP_OD::AH48,REMASEP_OD,AH48,BASE_AGGREGATION,,"=COUNTIFS('Atenciones - Detalles de citas'!$AE:$AE,""*INSTALACIÓN APARATO REMOVIBLE*""&""*Hombre*"",'Atenciones - Detalles de citas'!$AF:$AF,"">=60"",'Atenciones - Detalles de citas'!$AE:$AE,""*INSTALACIÓN APARATO REMOVIBLE*""&""*Hombre*"",'Atenciones - Detalles de citas'!$AF:$AF,""<=64"")"
LEGACY::REMASEP_OD::AH49,REMASEP_OD,AH49,BASE_AGGREGATION,,"=COUNTIFS('Atenciones - Detalles de citas'!$AE:$AE,""*5004001 - INSTALACIÓN APARATO FIJO SUP O INF*""&""*Hombre*"",'Atenciones - Detalles de citas'!$AF:$AF,"">=60"",'Atenciones - Detalles de citas'!$AE:$AE,""*5004001 - INSTALACIÓN APARATO FIJO SUP O INF*""&""*Hombre*"",'Atenciones - Detalles de citas'!$AF:$AF,""<=64"")"
LEGACY::REMASEP_OD::AH50,REMASEP_OD,AH50,BASE_AGGREGATION,,"=COUNTIFS('Atenciones - Detalles de citas'!$AE:$AE,""*INSTALACIÓN CONTENCION*""&""*Hombre*"",'Atenciones - Detalles de citas'!$AF:$AF,"">=60"",'Atenciones - Detalles de citas'!$AE:$AE,""*INSTALACIÓN CONTENCION*""&""*Hombre*"",'Atenciones - Detalles de citas'!$AF:$AF,""<=64"")"
LEGACY::REMASEP_OD::AH51,REMASEP_OD,AH51,BASE_AGGREGATION,,"=COUNTIFS('Atenciones - Detalles de citas'!$AE:$AE,""*5004018 - RETIRO APARATO FIJO-LIMPIEZA-IMPRESIÓN*""&""*Hombre*"",'Atenciones - Detalles de citas'!$AF:$AF,"">=60"",'Atenciones - Detalles de citas'!$AE:$AE,""*5004018 - RETIRO APARATO FIJO-LIMPIEZA-IMPRESIÓN*""&""*Hombre*"",'Atenciones - Detalles de citas'!$AF:$AF,""<=64"")"
LEGACY::REMASEP_OD::AH52,REMASEP_OD,AH52,BASE_AGGREGATION,,"=COUNTIFS('Atenciones - Detalles de citas'!$AE:$AE,""*5004020 - CONTROL ORTODONCIA QUIRÚRGICO*""&""*Hombre*"",'Atenciones - Detalles de citas'!$AF:$AF,"">=60"",'Atenciones - Detalles de citas'!$AE:$AE,""*5004020 - CONTROL ORTODONCIA QUIRÚRGICO*""&""*Hombre*"",'Atenciones - Detalles de citas'!$AF:$AF,""<=64"")"
LEGACY::REMASEP_OD::AH53,REMASEP_OD,AH53,BASE_AGGREGATION,,"=COUNTIFS('Atenciones - Detalles de citas'!$AK:$AK,""*1*""&""*Hombre*"",'Atenciones - Detalles de citas'!$AF:$AF,"">=60"",'Atenciones - Detalles de citas'!$AK:$AK,""*1*""&""*Hombre*"",'Atenciones - Detalles de citas'!$AF:$AF,""<=64"")"
LEGACY::REMASEP_OD::AH54,REMASEP_OD,AH54,BASE_AGGREGATION,,"=COUNTIFS('Atenciones - Detalles de citas'!$AJ:$AJ,""1""&""Hombre"",'Atenciones - Detalles de citas'!$AF:$AF,"">=60"",'Atenciones - Detalles de citas'!$AJ:$AJ,""1""&""Hombre"",'Atenciones - Detalles de citas'!$AF:$AF,""<=64"")"
LEGACY::REMASEP_OD::AH62,REMASEP_OD,AH62,DERIVED_AGGREGATION,AH28,"=COUNTIFS('Atenciones - Detalles de citas'!$AE:$AE,""*COMPOSITE*""&""*Hombre*"",'Atenciones - Detalles de citas'!$AF:$AF,"">=60"",'Atenciones - Detalles de citas'!$AE:$AE,""*COMPOSITE*""&""*Hombre*"",'Atenciones - Detalles de citas'!$AF:$AF,""<=64"")-AH28"
LEGACY::REMASEP_OD::AH63,REMASEP_OD,AH63,BASE_AGGREGATION,,"=COUNTIFS('Atenciones - Detalles de citas'!$AE:$AE,""*5010023 - PULPECTOMIA*""&""*Odontopediatría*""&""*Hombre*"",'Atenciones - Detalles de citas'!$AF:$AF,"">=60"",'Atenciones - Detalles de citas'!$AE:$AE,""*5010023 - PULPECTOMIA*""&""*Odontopediatría*""&""*Hombre*"",'Atenciones - Detalles de citas'!$AF:$AF,""<=64"")+COUNTIFS('Atenciones - Detalles de citas'!$AE:$AE,""*5010003 - PULPOTOMIA*""&""*Odontopediatría*""&""*Hombre*"",'Atenciones - Detalles de citas'!$AF:$AF,"">=60"",'Atenciones - Detalles de citas'!$AE:$AE,""*5010003 - PULPOTOMIA*""&""*Odontopediatría*""&""*Hombre*"",'Atenciones - Detalles de citas'!$AF:$AF,""<=64"")"
LEGACY::REMASEP_OD::AH65,REMASEP_OD,AH65,DERIVED_AGGREGATION,AH24,"=COUNTIFS('Atenciones - Detalles de citas'!$AE:$AE,""*DESTARTRAJE*""&""*Hombre*"",'Atenciones - Detalles de citas'!$AF:$AF,"">=60"",'Atenciones - Detalles de citas'!$AE:$AE,""*DESTARTRAJE*""&""*Hombre*"",'Atenciones - Detalles de citas'!$AF:$AF,""<=64"")-AH24"
LEGACY::REMASEP_OD::AH66,REMASEP_OD,AH66,BASE_AGGREGATION,,"=COUNTIFS('Atenciones - Detalles de citas'!$AE:$AE,""*AMALGAMA*""&""*Hombre*"",'Atenciones - Detalles de citas'!$AF:$AF,"">=60"",'Atenciones - Detalles de citas'!$AE:$AE,""*AMALGAMA*""&""*Hombre*"",'Atenciones - Detalles de citas'!$AF:$AF,""<=64"")"
LEGACY::REMASEP_OD::AH70,REMASEP_OD,AH70,BASE_AGGREGATION,,"=COUNTIFS('Atenciones - Detalles de citas'!$AE:$AE,""*INSTALACIÓN PRÓTESIS TOTAL ACRÍLICA SUP O INF*""&""*Hombre*"",'Atenciones - Detalles de citas'!$AF:$AF,"">=60"",'Atenciones - Detalles de citas'!$AE:$AE,""*INSTALACIÓN PRÓTESIS TOTAL ACRÍLICA SUP O INF*""&""*Hombre*"",'Atenciones - Detalles de citas'!$AF:$AF,""<=64"")"
LEGACY::REMASEP_OD::AH71,REMASEP_OD,AH71,BASE_AGGREGATION,,"=COUNTIFS('Atenciones - Detalles de citas'!$AE:$AE,""*INSTALACIÓN PRÓTESIS PARCIAL METÁLICA SUP O INF*""&""*Hombre*"",'Atenciones - Detalles de citas'!$AF:$AF,"">=60"",'Atenciones - Detalles de citas'!$AE:$AE,""*INSTALACIÓN PRÓTESIS PARCIAL METÁLICA SUP O INF*""&""*Hombre*"",'Atenciones - Detalles de citas'!$AF:$AF,""<=64"")"
LEGACY::REMASEP_OD::AH72,REMASEP_OD,AH72,BASE_AGGREGATION,,"=COUNTIFS('Atenciones - Detalles de citas'!$AE:$AE,""*CEMENTACIÓN PRÓTESIS FIJA SOBRE DIENTE*""&""*Hombre*"",'Atenciones - Detalles de citas'!$AF:$AF,"">=60"",'Atenciones - Detalles de citas'!$AE:$AE,""*CEMENTACIÓN PRÓTESIS FIJA SOBRE DIENTE*""&""*Hombre*"",'Atenciones - Detalles de citas'!$AF:$AF,""<=64"")"
LEGACY::REMASEP_OD::AH73,REMASEP_OD,AH73,BASE_AGGREGATION,,"=COUNTIFS('Atenciones - Detalles de citas'!$AE:$AE,""*INSTALACIÓN CORONA DEFINITIVA SOBRE IMPLANTE*""&""*Hombre*"",'Atenciones - Detalles de citas'!$AF:$AF,"">=60"",'Atenciones - Detalles de citas'!$AE:$AE,""*INSTALACIÓN CORONA DEFINITIVA SOBRE IMPLANTE*""&""*Hombre*"",'Atenciones - Detalles de citas'!$AF:$AF,""<=64"")"
LEGACY::REMASEP_OD::AH74,REMASEP_OD,AH74,BASE_AGGREGATION,,"=COUNTIFS('Atenciones - Detalles de citas'!$AE:$AE,""*AMALGAMA*""&""*Hombre*"",'Atenciones - Detalles de citas'!$AF:$AF,"">=60"",'Atenciones - Detalles de citas'!$AE:$AE,""*AMALGAMA*""&""*Hombre*"",'Atenciones - Detalles de citas'!$AF:$AF,""<=64"")"
LEGACY::REMASEP_OD::AH8,REMASEP_OD,AH8,BASE_AGGREGATION,,"=COUNTIFS('Atenciones - Detalles de citas'!$AD:$AD,$A8&""Hombre"",'Atenciones - Detalles de citas'!$AF:$AF,"">=60"",'Atenciones - Detalles de citas'!$AD:$AD,$A8&""Hombre"",'Atenciones - Detalles de citas'!$AF:$AF,""<=64"")"
LEGACY::REMASEP_OD::AH89,REMASEP_OD,AH89,BASE_AGGREGATION,,"=COUNTIFS('Atenciones - Detalles de citas'!$AE:$AE,""*5009002 - DESGASTE SELECTIVO*""&""*Hombre*"",'Atenciones - Detalles de citas'!$AF:$AF,"">=60"",'Atenciones - Detalles de citas'!$AE:$AE,""*5009002 - DESGASTE SELECTIVO*""&""*Hombre*"",'Atenciones - Detalles de citas'!$AF:$AF,""<=64"")"
LEGACY::REMASEP_OD::AH9,REMASEP_OD,AH9,BASE_AGGREGATION,,"=COUNTIFS('Atenciones - Detalles de citas'!$AD:$AD,$A9&""Hombre"",'Atenciones - Detalles de citas'!$AF:$AF,"">=60"",'Atenciones - Detalles de citas'!$AD:$AD,$A9&""Hombre"",'Atenciones - Detalles de citas'!$AF:$AF,""<=64"")"
LEGACY::REMASEP_OD::AH90,REMASEP_OD,AH90,BASE_AGGREGATION,,"=COUNTIFS('Atenciones - Detalles de citas'!$AL:$AL,""1""&""Hombre"",'Atenciones - Detalles de citas'!$AF:$AF,"">=60"",'Atenciones - Detalles de citas'!$AL:$AL,""1""&""Hombre"",'Atenciones - Detalles de citas'!$AF:$AF,""<=64"")"
LEGACY::REMASEP_OD::AI10,REMASEP_OD,AI10,BASE_AGGREGATION,,"=COUNTIFS('Atenciones - Detalles de citas'!$AH:$AH,$A10&""Mujer"",'Atenciones - Detalles de citas'!$AF:$AF,"">=60"",'Atenciones - Detalles de citas'!$AH:$AH,$A10&""Mujer"",'Atenciones - Detalles de citas'!$AF:$AF,""<=64"")"
LEGACY::REMASEP_OD::AI13,REMASEP_OD,AI13,BASE_AGGREGATION,,"=COUNTIFS('Atenciones - Detalles de citas'!$AE:$AE,""*5001005 - SELLANTES*""&""*Mujer*"",'Atenciones - Detalles de citas'!$AF:$AF,"">=60"",'Atenciones - Detalles de citas'!$AE:$AE,""*5001005 - SELLANTES*""&""*Mujer*"",'Atenciones - Detalles de citas'!$AF:$AF,""<=64"")"
LEGACY::REMASEP_OD::AI14,REMASEP_OD,AI14,BASE_AGGREGATION,,"=COUNTIFS('Atenciones - Detalles de citas'!$AE:$AE,""*50010112 - INSTRUCCIÓN DE HIGIENE ORAL*""&""*Mujer*"",'Atenciones - Detalles de citas'!$AF:$AF,"">=60"",'Atenciones - Detalles de citas'!$AE:$AE,""*50010112 - INSTRUCCIÓN DE HIGIENE ORAL*""&""*Mujer*"",'Atenciones - Detalles de citas'!$AF:$AF,""<=64"")"
LEGACY::REMASEP_OD::AI16,REMASEP_OD,AI16,BASE_AGGREGATION,,"=COUNTIFS('Atenciones - Detalles de citas'!$AE:$AE,""*5010011 - PROFILAXIS*""&""*Mujer*"",'Atenciones - Detalles de citas'!$AF:$AF,"">=60"",'Atenciones - Detalles de citas'!$AE:$AE,""*5010011 - PROFILAXIS*""&""*Mujer*"",'Atenciones - Detalles de citas'!$AF:$AF,""<=64"")"
LEGACY::REMASEP_OD::AI17,REMASEP_OD,AI17,BASE_AGGREGATION,,"=COUNTIFS('Atenciones - Detalles de citas'!$AE:$AE,""*5001016 - FLUOR*""&""*Mujer*"",'Atenciones - Detalles de citas'!$AF:$AF,"">=60"",'Atenciones - Detalles de citas'!$AE:$AE,""*5001016 - FLUOR*""&""*Mujer*"",'Atenciones - Detalles de citas'!$AF:$AF,""<=64"")"
LEGACY::REMASEP_OD::AI24,REMASEP_OD,AI24,BASE_AGGREGATION,,"=COUNTIFS('Atenciones - Detalles de citas'!$AE:$AE,""*5012021 - DESTARTRAJE*""&""*Odontología General*""&""*Mujer*"",'Atenciones - Detalles de citas'!$AF:$AF,"">=60"",'Atenciones - Detalles de citas'!$AE:$AE,""*5012021 - DESTARTRAJE*""&""*Odontología General*""&""*Mujer*"",'Atenciones - Detalles de citas'!$AF:$AF,""<=64"")"
LEGACY::REMASEP_OD::AI28,REMASEP_OD,AI28,BASE_AGGREGATION,,"=COUNTIFS('Atenciones - Detalles de citas'!$AE:$AE,""*COMPOSITE*""&""*Odontología General*""&""*Mujer*"",'Atenciones - Detalles de citas'!$AF:$AF,"">=60"",'Atenciones - Detalles de citas'!$AE:$AE,""*COMPOSITE*""&""*Odontología General*""&""*Mujer*"",'Atenciones - Detalles de citas'!$AF:$AF,""<=64"")"
LEGACY::REMASEP_OD::AI30,REMASEP_OD,AI30,BASE_AGGREGATION,,"=COUNTIFS('Atenciones - Detalles de citas'!$AE:$AE,""*5010009 - VIDRIO IONÓMERO*""&""*Odontología General*""&""*Mujer*"",'Atenciones - Detalles de citas'!$AF:$AF,"">=60"",'Atenciones - Detalles de citas'!$AE:$AE,""*5010009 - VIDRIO IONÓMERO*""&""*Odontología General*""&""*Mujer*"",'Atenciones - Detalles de citas'!$AF:$AF,""<=64"")"
LEGACY::REMASEP_OD::AI40,REMASEP_OD,AI40,BASE_AGGREGATION,,"=COUNTIFS('Atenciones - Detalles de citas'!$AI:$AI,""*evaluacion odon esp*""&""*Mujer*"",'Atenciones - Detalles de citas'!$AF:$AF,"">=60"",'Atenciones - Detalles de citas'!$AI:$AI,""*evaluacion odon esp*""&""*Mujer*"",'Atenciones - Detalles de citas'!$AF:$AF,""<=64"")"
LEGACY::REMASEP_OD::AI46,REMASEP_OD,AI46,DERIVED_AGGREGATION,AI30,"=COUNTIFS('Atenciones - Detalles de citas'!$AE:$AE,""*5010009 - VIDRIO IONÓMERO*""&""*Mujer*"",'Atenciones - Detalles de citas'!$AF:$AF,"">=60"",'Atenciones - Detalles de citas'!$AE:$AE,""*5010009 - VIDRIO IONÓMERO*""&""*Mujer*"",'Atenciones - Detalles de citas'!$AF:$AF,""<=64"")-AI30"
LEGACY::REMASEP_OD::AI47,REMASEP_OD,AI47,BASE_AGGREGATION,,"=COUNTIFS('Atenciones - Detalles de citas'!$AE:$AE,""*5005008 - CEMENTACIÓN CARILLA RESINA INDIRECTA*""&""*Mujer*"",'Atenciones - Detalles de citas'!$AF:$AF,"">=60"",'Atenciones - Detalles de citas'!$AE:$AE,""*5005008 - CEMENTACIÓN CARILLA RESINA INDIRECTA*""&""*Mujer*"",'Atenciones - Detalles de citas'!$AF:$AF,""<=64"")"
LEGACY::REMASEP_OD::AI48,REMASEP_OD,AI48,BASE_AGGREGATION,,"=COUNTIFS('Atenciones - Detalles de citas'!$AE:$AE,""*INSTALACIÓN APARATO REMOVIBLE*""&""*Mujer*"",'Atenciones - Detalles de citas'!$AF:$AF,"">=60"",'Atenciones - Detalles de citas'!$AE:$AE,""*INSTALACIÓN APARATO REMOVIBLE*""&""*Mujer*"",'Atenciones - Detalles de citas'!$AF:$AF,""<=64"")"
LEGACY::REMASEP_OD::AI49,REMASEP_OD,AI49,BASE_AGGREGATION,,"=COUNTIFS('Atenciones - Detalles de citas'!$AE:$AE,""*5004001 - INSTALACIÓN APARATO FIJO SUP O INF*""&""*Mujer*"",'Atenciones - Detalles de citas'!$AF:$AF,"">=60"",'Atenciones - Detalles de citas'!$AE:$AE,""*5004001 - INSTALACIÓN APARATO FIJO SUP O INF*""&""*Mujer*"",'Atenciones - Detalles de citas'!$AF:$AF,""<=64"")"
LEGACY::REMASEP_OD::AI50,REMASEP_OD,AI50,BASE_AGGREGATION,,"=COUNTIFS('Atenciones - Detalles de citas'!$AE:$AE,""*INSTALACIÓN CONTENCION*""&""*Mujer*"",'Atenciones - Detalles de citas'!$AF:$AF,"">=60"",'Atenciones - Detalles de citas'!$AE:$AE,""*INSTALACIÓN CONTENCION*""&""*Mujer*"",'Atenciones - Detalles de citas'!$AF:$AF,""<=64"")"
LEGACY::REMASEP_OD::AI51,REMASEP_OD,AI51,BASE_AGGREGATION,,"=COUNTIFS('Atenciones - Detalles de citas'!$AE:$AE,""*5004018 - RETIRO APARATO FIJO-LIMPIEZA-IMPRESIÓN*""&""*Mujer*"",'Atenciones - Detalles de citas'!$AF:$AF,"">=60"",'Atenciones - Detalles de citas'!$AE:$AE,""*5004018 - RETIRO APARATO FIJO-LIMPIEZA-IMPRESIÓN*""&""*Mujer*"",'Atenciones - Detalles de citas'!$AF:$AF,""<=64"")"
LEGACY::REMASEP_OD::AI52,REMASEP_OD,AI52,BASE_AGGREGATION,,"=COUNTIFS('Atenciones - Detalles de citas'!$AE:$AE,""*5004020 - CONTROL ORTODONCIA QUIRÚRGICO*""&""*Mujer*"",'Atenciones - Detalles de citas'!$AF:$AF,"">=60"",'Atenciones - Detalles de citas'!$AE:$AE,""*5004020 - CONTROL ORTODONCIA QUIRÚRGICO*""&""*Mujer*"",'Atenciones - Detalles de citas'!$AF:$AF,""<=64"")"
LEGACY::REMASEP_OD::AI53,REMASEP_OD,AI53,BASE_AGGREGATION,,"=COUNTIFS('Atenciones - Detalles de citas'!$AK:$AK,""*1*""&""*Mujer*"",'Atenciones - Detalles de citas'!$AF:$AF,"">=60"",'Atenciones - Detalles de citas'!$AK:$AK,""*1*""&""*Mujer*"",'Atenciones - Detalles de citas'!$AF:$AF,""<=64"")"
LEGACY::REMASEP_OD::AI54,REMASEP_OD,AI54,BASE_AGGREGATION,,"=COUNTIFS('Atenciones - Detalles de citas'!$AJ:$AJ,""1""&""Mujer"",'Atenciones - Detalles de citas'!$AF:$AF,"">=60"",'Atenciones - Detalles de citas'!$AJ:$AJ,""1""&""Mujer"",'Atenciones - Detalles de citas'!$AF:$AF,""<=64"")"
LEGACY::REMASEP_OD::AI62,REMASEP_OD,AI62,DERIVED_AGGREGATION,AI28,"=COUNTIFS('Atenciones - Detalles de citas'!$AE:$AE,""*COMPOSITE*""&""*Mujer*"",'Atenciones - Detalles de citas'!$AF:$AF,"">=60"",'Atenciones - Detalles de citas'!$AE:$AE,""*COMPOSITE*""&""*Mujer*"",'Atenciones - Detalles de citas'!$AF:$AF,""<=64"")-AI28"
LEGACY::REMASEP_OD::AI63,REMASEP_OD,AI63,BASE_AGGREGATION,,"=COUNTIFS('Atenciones - Detalles de citas'!$AE:$AE,""*5010023 - PULPECTOMIA*""&""*Odontopediatría*""&""*Mujer*"",'Atenciones - Detalles de citas'!$AF:$AF,"">=60"",'Atenciones - Detalles de citas'!$AE:$AE,""*5010023 - PULPECTOMIA*""&""*Odontopediatría*""&""*Mujer*"",'Atenciones - Detalles de citas'!$AF:$AF,""<=64"")+COUNTIFS('Atenciones - Detalles de citas'!$AE:$AE,""*5010003 - PULPOTOMIA*""&""*Odontopediatría*""&""*Mujer*"",'Atenciones - Detalles de citas'!$AF:$AF,"">=60"",'Atenciones - Detalles de citas'!$AE:$AE,""*5010003 - PULPOTOMIA*""&""*Odontopediatría*""&""*Mujer*"",'Atenciones - Detalles de citas'!$AF:$AF,""<=64"")"
LEGACY::REMASEP_OD::AI65,REMASEP_OD,AI65,DERIVED_AGGREGATION,AI24,"=COUNTIFS('Atenciones - Detalles de citas'!$AE:$AE,""*DESTARTRAJE*""&""*Mujer*"",'Atenciones - Detalles de citas'!$AF:$AF,"">=60"",'Atenciones - Detalles de citas'!$AE:$AE,""*DESTARTRAJE*""&""*Mujer*"",'Atenciones - Detalles de citas'!$AF:$AF,""<=64"")-AI24"
LEGACY::REMASEP_OD::AI66,REMASEP_OD,AI66,BASE_AGGREGATION,,"=COUNTIFS('Atenciones - Detalles de citas'!$AE:$AE,""*AMALGAMA*""&""*Mujer*"",'Atenciones - Detalles de citas'!$AF:$AF,"">=60"",'Atenciones - Detalles de citas'!$AE:$AE,""*AMALGAMA*""&""*Mujer*"",'Atenciones - Detalles de citas'!$AF:$AF,""<=64"")"
LEGACY::REMASEP_OD::AI70,REMASEP_OD,AI70,BASE_AGGREGATION,,"=COUNTIFS('Atenciones - Detalles de citas'!$AE:$AE,""*INSTALACIÓN PRÓTESIS TOTAL ACRÍLICA SUP O INF*""&""*Mujer*"",'Atenciones - Detalles de citas'!$AF:$AF,"">=60"",'Atenciones - Detalles de citas'!$AE:$AE,""*INSTALACIÓN PRÓTESIS TOTAL ACRÍLICA SUP O INF*""&""*Mujer*"",'Atenciones - Detalles de citas'!$AF:$AF,""<=64"")"
LEGACY::REMASEP_OD::AI71,REMASEP_OD,AI71,BASE_AGGREGATION,,"=COUNTIFS('Atenciones - Detalles de citas'!$AE:$AE,""*INSTALACIÓN PRÓTESIS PARCIAL METÁLICA SUP O INF*""&""*Mujer*"",'Atenciones - Detalles de citas'!$AF:$AF,"">=60"",'Atenciones - Detalles de citas'!$AE:$AE,""*INSTALACIÓN PRÓTESIS PARCIAL METÁLICA SUP O INF*""&""*Mujer*"",'Atenciones - Detalles de citas'!$AF:$AF,""<=64"")"
LEGACY::REMASEP_OD::AI72,REMASEP_OD,AI72,BASE_AGGREGATION,,"=COUNTIFS('Atenciones - Detalles de citas'!$AE:$AE,""*CEMENTACIÓN PRÓTESIS FIJA SOBRE DIENTE*""&""*Mujer*"",'Atenciones - Detalles de citas'!$AF:$AF,"">=60"",'Atenciones - Detalles de citas'!$AE:$AE,""*CEMENTACIÓN PRÓTESIS FIJA SOBRE DIENTE*""&""*Mujer*"",'Atenciones - Detalles de citas'!$AF:$AF,""<=64"")"
LEGACY::REMASEP_OD::AI73,REMASEP_OD,AI73,BASE_AGGREGATION,,"=COUNTIFS('Atenciones - Detalles de citas'!$AE:$AE,""*INSTALACIÓN CORONA DEFINITIVA SOBRE IMPLANTE*""&""*Mujer*"",'Atenciones - Detalles de citas'!$AF:$AF,"">=60"",'Atenciones - Detalles de citas'!$AE:$AE,""*INSTALACIÓN CORONA DEFINITIVA SOBRE IMPLANTE*""&""*Mujer*"",'Atenciones - Detalles de citas'!$AF:$AF,""<=64"")"
LEGACY::REMASEP_OD::AI74,REMASEP_OD,AI74,BASE_AGGREGATION,,"=COUNTIFS('Atenciones - Detalles de citas'!$AE:$AE,""*AMALGAMA*""&""*Mujer*"",'Atenciones - Detalles de citas'!$AF:$AF,"">=60"",'Atenciones - Detalles de citas'!$AE:$AE,""*AMALGAMA*""&""*Mujer*"",'Atenciones - Detalles de citas'!$AF:$AF,""<=64"")"
LEGACY::REMASEP_OD::AI8,REMASEP_OD,AI8,BASE_AGGREGATION,,"=COUNTIFS('Atenciones - Detalles de citas'!$AD:$AD,$A8&""Mujer"",'Atenciones - Detalles de citas'!$AF:$AF,"">=60"",'Atenciones - Detalles de citas'!$AD:$AD,$A8&""Mujer"",'Atenciones - Detalles de citas'!$AF:$AF,""<=64"")"
LEGACY::REMASEP_OD::AI89,REMASEP_OD,AI89,BASE_AGGREGATION,,"=COUNTIFS('Atenciones - Detalles de citas'!$AE:$AE,""*5009002 - DESGASTE SELECTIVO*""&""*Mujer*"",'Atenciones - Detalles de citas'!$AF:$AF,"">=60"",'Atenciones - Detalles de citas'!$AE:$AE,""*5009002 - DESGASTE SELECTIVO*""&""*Mujer*"",'Atenciones - Detalles de citas'!$AF:$AF,""<=64"")"
LEGACY::REMASEP_OD::AI9,REMASEP_OD,AI9,BASE_AGGREGATION,,"=COUNTIFS('Atenciones - Detalles de citas'!$AD:$AD,$A9&""Mujer"",'Atenciones - Detalles de citas'!$AF:$AF,"">=60"",'Atenciones - Detalles de citas'!$AD:$AD,$A9&""Mujer"",'Atenciones - Detalles de citas'!$AF:$AF,""<=64"")"
LEGACY::REMASEP_OD::AI90,REMASEP_OD,AI90,BASE_AGGREGATION,,"=COUNTIFS('Atenciones - Detalles de citas'!$AL:$AL,""1""&""Mujer"",'Atenciones - Detalles de citas'!$AF:$AF,"">=60"",'Atenciones - Detalles de citas'!$AL:$AL,""1""&""Mujer"",'Atenciones - Detalles de citas'!$AF:$AF,""<=64"")"
LEGACY::REMASEP_OD::AJ10,REMASEP_OD,AJ10,BASE_AGGREGATION,,"=COUNTIFS('Atenciones - Detalles de citas'!$AH:$AH,$A10&""Hombre"",'Atenciones - Detalles de citas'!$AF:$AF,"">=65"",'Atenciones - Detalles de citas'!$AH:$AH,$A10&""Hombre"",'Atenciones - Detalles de citas'!$AF:$AF,""<=74"")"
LEGACY::REMASEP_OD::AJ13,REMASEP_OD,AJ13,BASE_AGGREGATION,,"=COUNTIFS('Atenciones - Detalles de citas'!$AE:$AE,""*5001005 - SELLANTES*""&""*Hombre*"",'Atenciones - Detalles de citas'!$AF:$AF,"">=65"",'Atenciones - Detalles de citas'!$AE:$AE,""*5001005 - SELLANTES*""&""*Hombre*"",'Atenciones - Detalles de citas'!$AF:$AF,""<=74"")"
LEGACY::REMASEP_OD::AJ14,REMASEP_OD,AJ14,BASE_AGGREGATION,,"=COUNTIFS('Atenciones - Detalles de citas'!$AE:$AE,""*50010112 - INSTRUCCIÓN DE HIGIENE ORAL*""&""*Hombre*"",'Atenciones - Detalles de citas'!$AF:$AF,"">=65"",'Atenciones - Detalles de citas'!$AE:$AE,""*50010112 - INSTRUCCIÓN DE HIGIENE ORAL*""&""*Hombre*"",'Atenciones - Detalles de citas'!$AF:$AF,""<=74"")"
LEGACY::REMASEP_OD::AJ16,REMASEP_OD,AJ16,BASE_AGGREGATION,,"=COUNTIFS('Atenciones - Detalles de citas'!$AE:$AE,""*5010011 - PROFILAXIS*""&""*Hombre*"",'Atenciones - Detalles de citas'!$AF:$AF,"">=65"",'Atenciones - Detalles de citas'!$AE:$AE,""*5010011 - PROFILAXIS*""&""*Hombre*"",'Atenciones - Detalles de citas'!$AF:$AF,""<=74"")"
LEGACY::REMASEP_OD::AJ17,REMASEP_OD,AJ17,BASE_AGGREGATION,,"=COUNTIFS('Atenciones - Detalles de citas'!$AE:$AE,""*5001016 - FLUOR*""&""*Hombre*"",'Atenciones - Detalles de citas'!$AF:$AF,"">=65"",'Atenciones - Detalles de citas'!$AE:$AE,""*5001016 - FLUOR*""&""*Hombre*"",'Atenciones - Detalles de citas'!$AF:$AF,""<=74"")"
LEGACY::REMASEP_OD::AJ24,REMASEP_OD,AJ24,BASE_AGGREGATION,,"=COUNTIFS('Atenciones - Detalles de citas'!$AE:$AE,""*5012021 - DESTARTRAJE*""&""*Odontología General*""&""*Hombre*"",'Atenciones - Detalles de citas'!$AF:$AF,"">=65"",'Atenciones - Detalles de citas'!$AE:$AE,""*5012021 - DESTARTRAJE*""&""*Odontología General*""&""*Hombre*"",'Atenciones - Detalles de citas'!$AF:$AF,""<=74"")"
LEGACY::REMASEP_OD::AJ28,REMASEP_OD,AJ28,BASE_AGGREGATION,,"=COUNTIFS('Atenciones - Detalles de citas'!$AE:$AE,""*COMPOSITE*""&""*Odontología General*""&""*Hombre*"",'Atenciones - Detalles de citas'!$AF:$AF,"">=65"",'Atenciones - Detalles de citas'!$AE:$AE,""*COMPOSITE*""&""*Odontología General*""&""*Hombre*"",'Atenciones - Detalles de citas'!$AF:$AF,""<=74"")"
LEGACY::REMASEP_OD::AJ30,REMASEP_OD,AJ30,BASE_AGGREGATION,,"=COUNTIFS('Atenciones - Detalles de citas'!$AE:$AE,""*5010009 - VIDRIO IONÓMERO*""&""*Odontología General*""&""*Hombre*"",'Atenciones - Detalles de citas'!$AF:$AF,"">=65"",'Atenciones - Detalles de citas'!$AE:$AE,""*5010009 - VIDRIO IONÓMERO*""&""*Odontología General*""&""*Hombre*"",'Atenciones - Detalles de citas'!$AF:$AF,""<=74"")"
LEGACY::REMASEP_OD::AJ40,REMASEP_OD,AJ40,BASE_AGGREGATION,,"=COUNTIFS('Atenciones - Detalles de citas'!$AI:$AI,""*evaluacion odon esp*""&""*Hombre*"",'Atenciones - Detalles de citas'!$AF:$AF,"">=65"",'Atenciones - Detalles de citas'!$AI:$AI,""*evaluacion odon esp*""&""*Hombre*"",'Atenciones - Detalles de citas'!$AF:$AF,""<=74"")"
LEGACY::REMASEP_OD::AJ46,REMASEP_OD,AJ46,DERIVED_AGGREGATION,AJ30,"=COUNTIFS('Atenciones - Detalles de citas'!$AE:$AE,""*5010009 - VIDRIO IONÓMERO*""&""*Hombre*"",'Atenciones - Detalles de citas'!$AF:$AF,"">=65"",'Atenciones - Detalles de citas'!$AE:$AE,""*5010009 - VIDRIO IONÓMERO*""&""*Hombre*"",'Atenciones - Detalles de citas'!$AF:$AF,""<=74"")-AJ30"
LEGACY::REMASEP_OD::AJ47,REMASEP_OD,AJ47,BASE_AGGREGATION,,"=COUNTIFS('Atenciones - Detalles de citas'!$AE:$AE,""*5005008 - CEMENTACIÓN CARILLA RESINA INDIRECTA*""&""*Hombre*"",'Atenciones - Detalles de citas'!$AF:$AF,"">=65"",'Atenciones - Detalles de citas'!$AE:$AE,""*5005008 - CEMENTACIÓN CARILLA RESINA INDIRECTA*""&""*Hombre*"",'Atenciones - Detalles de citas'!$AF:$AF,""<=74"")"
LEGACY::REMASEP_OD::AJ48,REMASEP_OD,AJ48,BASE_AGGREGATION,,"=COUNTIFS('Atenciones - Detalles de citas'!$AE:$AE,""*INSTALACIÓN APARATO REMOVIBLE*""&""*Hombre*"",'Atenciones - Detalles de citas'!$AF:$AF,"">=65"",'Atenciones - Detalles de citas'!$AE:$AE,""*INSTALACIÓN APARATO REMOVIBLE*""&""*Hombre*"",'Atenciones - Detalles de citas'!$AF:$AF,""<=74"")"
LEGACY::REMASEP_OD::AJ49,REMASEP_OD,AJ49,BASE_AGGREGATION,,"=COUNTIFS('Atenciones - Detalles de citas'!$AE:$AE,""*5004001 - INSTALACIÓN APARATO FIJO SUP O INF*""&""*Hombre*"",'Atenciones - Detalles de citas'!$AF:$AF,"">=65"",'Atenciones - Detalles de citas'!$AE:$AE,""*5004001 - INSTALACIÓN APARATO FIJO SUP O INF*""&""*Hombre*"",'Atenciones - Detalles de citas'!$AF:$AF,""<=74"")"
LEGACY::REMASEP_OD::AJ50,REMASEP_OD,AJ50,BASE_AGGREGATION,,"=COUNTIFS('Atenciones - Detalles de citas'!$AE:$AE,""*INSTALACIÓN CONTENCION*""&""*Hombre*"",'Atenciones - Detalles de citas'!$AF:$AF,"">=65"",'Atenciones - Detalles de citas'!$AE:$AE,""*INSTALACIÓN CONTENCION*""&""*Hombre*"",'Atenciones - Detalles de citas'!$AF:$AF,""<=74"")"
LEGACY::REMASEP_OD::AJ51,REMASEP_OD,AJ51,BASE_AGGREGATION,,"=COUNTIFS('Atenciones - Detalles de citas'!$AE:$AE,""*5004018 - RETIRO APARATO FIJO-LIMPIEZA-IMPRESIÓN*""&""*Hombre*"",'Atenciones - Detalles de citas'!$AF:$AF,"">=65"",'Atenciones - Detalles de citas'!$AE:$AE,""*5004018 - RETIRO APARATO FIJO-LIMPIEZA-IMPRESIÓN*""&""*Hombre*"",'Atenciones - Detalles de citas'!$AF:$AF,""<=74"")"
LEGACY::REMASEP_OD::AJ52,REMASEP_OD,AJ52,BASE_AGGREGATION,,"=COUNTIFS('Atenciones - Detalles de citas'!$AE:$AE,""*5004020 - CONTROL ORTODONCIA QUIRÚRGICO*""&""*Hombre*"",'Atenciones - Detalles de citas'!$AF:$AF,"">=65"",'Atenciones - Detalles de citas'!$AE:$AE,""*5004020 - CONTROL ORTODONCIA QUIRÚRGICO*""&""*Hombre*"",'Atenciones - Detalles de citas'!$AF:$AF,""<=74"")"
LEGACY::REMASEP_OD::AJ53,REMASEP_OD,AJ53,BASE_AGGREGATION,,"=COUNTIFS('Atenciones - Detalles de citas'!$AK:$AK,""*1*""&""*Hombre*"",'Atenciones - Detalles de citas'!$AF:$AF,"">=65"",'Atenciones - Detalles de citas'!$AK:$AK,""*1*""&""*Hombre*"",'Atenciones - Detalles de citas'!$AF:$AF,""<=74"")"
LEGACY::REMASEP_OD::AJ54,REMASEP_OD,AJ54,BASE_AGGREGATION,,"=COUNTIFS('Atenciones - Detalles de citas'!$AJ:$AJ,""1""&""Hombre"",'Atenciones - Detalles de citas'!$AF:$AF,"">=65"",'Atenciones - Detalles de citas'!$AJ:$AJ,""1""&""Hombre"",'Atenciones - Detalles de citas'!$AF:$AF,""<=74"")"
LEGACY::REMASEP_OD::AJ62,REMASEP_OD,AJ62,DERIVED_AGGREGATION,AJ28,"=COUNTIFS('Atenciones - Detalles de citas'!$AE:$AE,""*COMPOSITE*""&""*Hombre*"",'Atenciones - Detalles de citas'!$AF:$AF,"">=65"",'Atenciones - Detalles de citas'!$AE:$AE,""*COMPOSITE*""&""*Hombre*"",'Atenciones - Detalles de citas'!$AF:$AF,""<=74"")-AJ28"
LEGACY::REMASEP_OD::AJ63,REMASEP_OD,AJ63,BASE_AGGREGATION,,"=COUNTIFS('Atenciones - Detalles de citas'!$AE:$AE,""*5010023 - PULPECTOMIA*""&""*Odontopediatría*""&""*Hombre*"",'Atenciones - Detalles de citas'!$AF:$AF,"">=65"",'Atenciones - Detalles de citas'!$AE:$AE,""*5010023 - PULPECTOMIA*""&""*Odontopediatría*""&""*Hombre*"",'Atenciones - Detalles de citas'!$AF:$AF,""<=74"")+COUNTIFS('Atenciones - Detalles de citas'!$AE:$AE,""*5010003 - PULPOTOMIA*""&""*Odontopediatría*""&""*Hombre*"",'Atenciones - Detalles de citas'!$AF:$AF,"">=65"",'Atenciones - Detalles de citas'!$AE:$AE,""*5010003 - PULPOTOMIA*""&""*Odontopediatría*""&""*Hombre*"",'Atenciones - Detalles de citas'!$AF:$AF,""<=74"")"
LEGACY::REMASEP_OD::AJ65,REMASEP_OD,AJ65,DERIVED_AGGREGATION,AJ24,"=COUNTIFS('Atenciones - Detalles de citas'!$AE:$AE,""*DESTARTRAJE*""&""*Hombre*"",'Atenciones - Detalles de citas'!$AF:$AF,"">=65"",'Atenciones - Detalles de citas'!$AE:$AE,""*DESTARTRAJE*""&""*Hombre*"",'Atenciones - Detalles de citas'!$AF:$AF,""<=74"")-AJ24"
LEGACY::REMASEP_OD::AJ66,REMASEP_OD,AJ66,BASE_AGGREGATION,,"=COUNTIFS('Atenciones - Detalles de citas'!$AE:$AE,""*AMALGAMA*""&""*Hombre*"",'Atenciones - Detalles de citas'!$AF:$AF,"">=65"",'Atenciones - Detalles de citas'!$AE:$AE,""*AMALGAMA*""&""*Hombre*"",'Atenciones - Detalles de citas'!$AF:$AF,""<=74"")"
LEGACY::REMASEP_OD::AJ70,REMASEP_OD,AJ70,BASE_AGGREGATION,,"=COUNTIFS('Atenciones - Detalles de citas'!$AE:$AE,""*INSTALACIÓN PRÓTESIS TOTAL ACRÍLICA SUP O INF*""&""*Hombre*"",'Atenciones - Detalles de citas'!$AF:$AF,"">=65"",'Atenciones - Detalles de citas'!$AE:$AE,""*INSTALACIÓN PRÓTESIS TOTAL ACRÍLICA SUP O INF*""&""*Hombre*"",'Atenciones - Detalles de citas'!$AF:$AF,""<=74"")"
LEGACY::REMASEP_OD::AJ71,REMASEP_OD,AJ71,BASE_AGGREGATION,,"=COUNTIFS('Atenciones - Detalles de citas'!$AE:$AE,""*INSTALACIÓN PRÓTESIS PARCIAL METÁLICA SUP O INF*""&""*Hombre*"",'Atenciones - Detalles de citas'!$AF:$AF,"">=65"",'Atenciones - Detalles de citas'!$AE:$AE,""*INSTALACIÓN PRÓTESIS PARCIAL METÁLICA SUP O INF*""&""*Hombre*"",'Atenciones - Detalles de citas'!$AF:$AF,""<=74"")"
LEGACY::REMASEP_OD::AJ72,REMASEP_OD,AJ72,BASE_AGGREGATION,,"=COUNTIFS('Atenciones - Detalles de citas'!$AE:$AE,""*CEMENTACIÓN PRÓTESIS FIJA SOBRE DIENTE*""&""*Hombre*"",'Atenciones - Detalles de citas'!$AF:$AF,"">=65"",'Atenciones - Detalles de citas'!$AE:$AE,""*CEMENTACIÓN PRÓTESIS FIJA SOBRE DIENTE*""&""*Hombre*"",'Atenciones - Detalles de citas'!$AF:$AF,""<=74"")"
LEGACY::REMASEP_OD::AJ73,REMASEP_OD,AJ73,BASE_AGGREGATION,,"=COUNTIFS('Atenciones - Detalles de citas'!$AE:$AE,""*INSTALACIÓN CORONA DEFINITIVA SOBRE IMPLANTE*""&""*Hombre*"",'Atenciones - Detalles de citas'!$AF:$AF,"">=65"",'Atenciones - Detalles de citas'!$AE:$AE,""*INSTALACIÓN CORONA DEFINITIVA SOBRE IMPLANTE*""&""*Hombre*"",'Atenciones - Detalles de citas'!$AF:$AF,""<=74"")"
LEGACY::REMASEP_OD::AJ74,REMASEP_OD,AJ74,BASE_AGGREGATION,,"=COUNTIFS('Atenciones - Detalles de citas'!$AE:$AE,""*AMALGAMA*""&""*Hombre*"",'Atenciones - Detalles de citas'!$AF:$AF,"">=65"",'Atenciones - Detalles de citas'!$AE:$AE,""*AMALGAMA*""&""*Hombre*"",'Atenciones - Detalles de citas'!$AF:$AF,""<=74"")"
LEGACY::REMASEP_OD::AJ8,REMASEP_OD,AJ8,BASE_AGGREGATION,,"=COUNTIFS('Atenciones - Detalles de citas'!$AD:$AD,$A8&""Hombre"",'Atenciones - Detalles de citas'!$AF:$AF,"">=65"",'Atenciones - Detalles de citas'!$AD:$AD,$A8&""Hombre"",'Atenciones - Detalles de citas'!$AF:$AF,""<=74"")"
LEGACY::REMASEP_OD::AJ89,REMASEP_OD,AJ89,BASE_AGGREGATION,,"=COUNTIFS('Atenciones - Detalles de citas'!$AE:$AE,""*5009002 - DESGASTE SELECTIVO*""&""*Hombre*"",'Atenciones - Detalles de citas'!$AF:$AF,"">=65"",'Atenciones - Detalles de citas'!$AE:$AE,""*5009002 - DESGASTE SELECTIVO*""&""*Hombre*"",'Atenciones - Detalles de citas'!$AF:$AF,""<=74"")"
LEGACY::REMASEP_OD::AJ9,REMASEP_OD,AJ9,BASE_AGGREGATION,,"=COUNTIFS('Atenciones - Detalles de citas'!$AD:$AD,$A9&""Hombre"",'Atenciones - Detalles de citas'!$AF:$AF,"">=65"",'Atenciones - Detalles de citas'!$AD:$AD,$A9&""Hombre"",'Atenciones - Detalles de citas'!$AF:$AF,""<=74"")"
LEGACY::REMASEP_OD::AJ90,REMASEP_OD,AJ90,BASE_AGGREGATION,,"=COUNTIFS('Atenciones - Detalles de citas'!$AL:$AL,""1""&""Hombre"",'Atenciones - Detalles de citas'!$AF:$AF,"">=65"",'Atenciones - Detalles de citas'!$AL:$AL,""1""&""Hombre"",'Atenciones - Detalles de citas'!$AF:$AF,""<=74"")"
LEGACY::REMASEP_OD::AK10,REMASEP_OD,AK10,BASE_AGGREGATION,,"=COUNTIFS('Atenciones - Detalles de citas'!$AH:$AH,$A10&""Mujer"",'Atenciones - Detalles de citas'!$AF:$AF,"">=65"",'Atenciones - Detalles de citas'!$AH:$AH,$A10&""Mujer"",'Atenciones - Detalles de citas'!$AF:$AF,""<=74"")"
LEGACY::REMASEP_OD::AK13,REMASEP_OD,AK13,BASE_AGGREGATION,,"=COUNTIFS('Atenciones - Detalles de citas'!$AE:$AE,""*5001005 - SELLANTES*""&""*Mujer*"",'Atenciones - Detalles de citas'!$AF:$AF,"">=65"",'Atenciones - Detalles de citas'!$AE:$AE,""*5001005 - SELLANTES*""&""*Mujer*"",'Atenciones - Detalles de citas'!$AF:$AF,""<=74"")"
LEGACY::REMASEP_OD::AK14,REMASEP_OD,AK14,BASE_AGGREGATION,,"=COUNTIFS('Atenciones - Detalles de citas'!$AE:$AE,""*50010112 - INSTRUCCIÓN DE HIGIENE ORAL*""&""*Mujer*"",'Atenciones - Detalles de citas'!$AF:$AF,"">=65"",'Atenciones - Detalles de citas'!$AE:$AE,""*50010112 - INSTRUCCIÓN DE HIGIENE ORAL*""&""*Mujer*"",'Atenciones - Detalles de citas'!$AF:$AF,""<=74"")"
LEGACY::REMASEP_OD::AK16,REMASEP_OD,AK16,BASE_AGGREGATION,,"=COUNTIFS('Atenciones - Detalles de citas'!$AE:$AE,""*5010011 - PROFILAXIS*""&""*Mujer*"",'Atenciones - Detalles de citas'!$AF:$AF,"">=65"",'Atenciones - Detalles de citas'!$AE:$AE,""*5010011 - PROFILAXIS*""&""*Mujer*"",'Atenciones - Detalles de citas'!$AF:$AF,""<=74"")"
LEGACY::REMASEP_OD::AK17,REMASEP_OD,AK17,BASE_AGGREGATION,,"=COUNTIFS('Atenciones - Detalles de citas'!$AE:$AE,""*5001016 - FLUOR*""&""*Mujer*"",'Atenciones - Detalles de citas'!$AF:$AF,"">=65"",'Atenciones - Detalles de citas'!$AE:$AE,""*5001016 - FLUOR*""&""*Mujer*"",'Atenciones - Detalles de citas'!$AF:$AF,""<=74"")"
LEGACY::REMASEP_OD::AK24,REMASEP_OD,AK24,BASE_AGGREGATION,,"=COUNTIFS('Atenciones - Detalles de citas'!$AE:$AE,""*5012021 - DESTARTRAJE*""&""*Odontología General*""&""*Mujer*"",'Atenciones - Detalles de citas'!$AF:$AF,"">=65"",'Atenciones - Detalles de citas'!$AE:$AE,""*5012021 - DESTARTRAJE*""&""*Odontología General*""&""*Mujer*"",'Atenciones - Detalles de citas'!$AF:$AF,""<=74"")"
LEGACY::REMASEP_OD::AK28,REMASEP_OD,AK28,BASE_AGGREGATION,,"=COUNTIFS('Atenciones - Detalles de citas'!$AE:$AE,""*COMPOSITE*""&""*Odontología General*""&""*Mujer*"",'Atenciones - Detalles de citas'!$AF:$AF,"">=65"",'Atenciones - Detalles de citas'!$AE:$AE,""*COMPOSITE*""&""*Odontología General*""&""*Mujer*"",'Atenciones - Detalles de citas'!$AF:$AF,""<=74"")"
LEGACY::REMASEP_OD::AK30,REMASEP_OD,AK30,BASE_AGGREGATION,,"=COUNTIFS('Atenciones - Detalles de citas'!$AE:$AE,""*5010009 - VIDRIO IONÓMERO*""&""*Odontología General*""&""*Mujer*"",'Atenciones - Detalles de citas'!$AF:$AF,"">=65"",'Atenciones - Detalles de citas'!$AE:$AE,""*5010009 - VIDRIO IONÓMERO*""&""*Odontología General*""&""*Mujer*"",'Atenciones - Detalles de citas'!$AF:$AF,""<=74"")"
LEGACY::REMASEP_OD::AK40,REMASEP_OD,AK40,BASE_AGGREGATION,,"=COUNTIFS('Atenciones - Detalles de citas'!$AI:$AI,""*evaluacion odon esp*""&""*Mujer*"",'Atenciones - Detalles de citas'!$AF:$AF,"">=65"",'Atenciones - Detalles de citas'!$AI:$AI,""*evaluacion odon esp*""&""*Mujer*"",'Atenciones - Detalles de citas'!$AF:$AF,""<=74"")"
LEGACY::REMASEP_OD::AK46,REMASEP_OD,AK46,DERIVED_AGGREGATION,AK30,"=COUNTIFS('Atenciones - Detalles de citas'!$AE:$AE,""*5010009 - VIDRIO IONÓMERO*""&""*Mujer*"",'Atenciones - Detalles de citas'!$AF:$AF,"">=65"",'Atenciones - Detalles de citas'!$AE:$AE,""*5010009 - VIDRIO IONÓMERO*""&""*Mujer*"",'Atenciones - Detalles de citas'!$AF:$AF,""<=74"")-AK30"
LEGACY::REMASEP_OD::AK47,REMASEP_OD,AK47,BASE_AGGREGATION,,"=COUNTIFS('Atenciones - Detalles de citas'!$AE:$AE,""*5005008 - CEMENTACIÓN CARILLA RESINA INDIRECTA*""&""*Mujer*"",'Atenciones - Detalles de citas'!$AF:$AF,"">=65"",'Atenciones - Detalles de citas'!$AE:$AE,""*5005008 - CEMENTACIÓN CARILLA RESINA INDIRECTA*""&""*Mujer*"",'Atenciones - Detalles de citas'!$AF:$AF,""<=74"")"
LEGACY::REMASEP_OD::AK48,REMASEP_OD,AK48,BASE_AGGREGATION,,"=COUNTIFS('Atenciones - Detalles de citas'!$AE:$AE,""*INSTALACIÓN APARATO REMOVIBLE*""&""*Mujer*"",'Atenciones - Detalles de citas'!$AF:$AF,"">=65"",'Atenciones - Detalles de citas'!$AE:$AE,""*INSTALACIÓN APARATO REMOVIBLE*""&""*Mujer*"",'Atenciones - Detalles de citas'!$AF:$AF,""<=74"")"
LEGACY::REMASEP_OD::AK49,REMASEP_OD,AK49,BASE_AGGREGATION,,"=COUNTIFS('Atenciones - Detalles de citas'!$AE:$AE,""*5004001 - INSTALACIÓN APARATO FIJO SUP O INF*""&""*Mujer*"",'Atenciones - Detalles de citas'!$AF:$AF,"">=65"",'Atenciones - Detalles de citas'!$AE:$AE,""*5004001 - INSTALACIÓN APARATO FIJO SUP O INF*""&""*Mujer*"",'Atenciones - Detalles de citas'!$AF:$AF,""<=74"")"
LEGACY::REMASEP_OD::AK50,REMASEP_OD,AK50,BASE_AGGREGATION,,"=COUNTIFS('Atenciones - Detalles de citas'!$AE:$AE,""*INSTALACIÓN CONTENCION*""&""*Mujer*"",'Atenciones - Detalles de citas'!$AF:$AF,"">=65"",'Atenciones - Detalles de citas'!$AE:$AE,""*INSTALACIÓN CONTENCION*""&""*Mujer*"",'Atenciones - Detalles de citas'!$AF:$AF,""<=74"")"
LEGACY::REMASEP_OD::AK51,REMASEP_OD,AK51,BASE_AGGREGATION,,"=COUNTIFS('Atenciones - Detalles de citas'!$AE:$AE,""*5004018 - RETIRO APARATO FIJO-LIMPIEZA-IMPRESIÓN*""&""*Mujer*"",'Atenciones - Detalles de citas'!$AF:$AF,"">=65"",'Atenciones - Detalles de citas'!$AE:$AE,""*5004018 - RETIRO APARATO FIJO-LIMPIEZA-IMPRESIÓN*""&""*Mujer*"",'Atenciones - Detalles de citas'!$AF:$AF,""<=74"")"
LEGACY::REMASEP_OD::AK52,REMASEP_OD,AK52,BASE_AGGREGATION,,"=COUNTIFS('Atenciones - Detalles de citas'!$AE:$AE,""*5004020 - CONTROL ORTODONCIA QUIRÚRGICO*""&""*Mujer*"",'Atenciones - Detalles de citas'!$AF:$AF,"">=65"",'Atenciones - Detalles de citas'!$AE:$AE,""*5004020 - CONTROL ORTODONCIA QUIRÚRGICO*""&""*Mujer*"",'Atenciones - Detalles de citas'!$AF:$AF,""<=74"")"
LEGACY::REMASEP_OD::AK53,REMASEP_OD,AK53,BASE_AGGREGATION,,"=COUNTIFS('Atenciones - Detalles de citas'!$AK:$AK,""*1*""&""*Mujer*"",'Atenciones - Detalles de citas'!$AF:$AF,"">=65"",'Atenciones - Detalles de citas'!$AK:$AK,""*1*""&""*Mujer*"",'Atenciones - Detalles de citas'!$AF:$AF,""<=74"")"
LEGACY::REMASEP_OD::AK54,REMASEP_OD,AK54,BASE_AGGREGATION,,"=COUNTIFS('Atenciones - Detalles de citas'!$AJ:$AJ,""1""&""Mujer"",'Atenciones - Detalles de citas'!$AF:$AF,"">=65"",'Atenciones - Detalles de citas'!$AJ:$AJ,""1""&""Mujer"",'Atenciones - Detalles de citas'!$AF:$AF,""<=74"")"
LEGACY::REMASEP_OD::AK62,REMASEP_OD,AK62,DERIVED_AGGREGATION,AK28,"=COUNTIFS('Atenciones - Detalles de citas'!$AE:$AE,""*COMPOSITE*""&""*Mujer*"",'Atenciones - Detalles de citas'!$AF:$AF,"">=65"",'Atenciones - Detalles de citas'!$AE:$AE,""*COMPOSITE*""&""*Mujer*"",'Atenciones - Detalles de citas'!$AF:$AF,""<=74"")-AK28"
LEGACY::REMASEP_OD::AK63,REMASEP_OD,AK63,BASE_AGGREGATION,,"=COUNTIFS('Atenciones - Detalles de citas'!$AE:$AE,""*5010023 - PULPECTOMIA*""&""*Odontopediatría*""&""*Mujer*"",'Atenciones - Detalles de citas'!$AF:$AF,"">=65"",'Atenciones - Detalles de citas'!$AE:$AE,""*5010023 - PULPECTOMIA*""&""*Odontopediatría*""&""*Mujer*"",'Atenciones - Detalles de citas'!$AF:$AF,""<=74"")+COUNTIFS('Atenciones - Detalles de citas'!$AE:$AE,""*5010003 - PULPOTOMIA*""&""*Odontopediatría*""&""*Mujer*"",'Atenciones - Detalles de citas'!$AF:$AF,"">=65"",'Atenciones - Detalles de citas'!$AE:$AE,""*5010003 - PULPOTOMIA*""&""*Odontopediatría*""&""*Mujer*"",'Atenciones - Detalles de citas'!$AF:$AF,""<=74"")"
LEGACY::REMASEP_OD::AK65,REMASEP_OD,AK65,DERIVED_AGGREGATION,AK24,"=COUNTIFS('Atenciones - Detalles de citas'!$AE:$AE,""*DESTARTRAJE*""&""*Mujer*"",'Atenciones - Detalles de citas'!$AF:$AF,"">=65"",'Atenciones - Detalles de citas'!$AE:$AE,""*DESTARTRAJE*""&""*Mujer*"",'Atenciones - Detalles de citas'!$AF:$AF,""<=74"")-AK24"
LEGACY::REMASEP_OD::AK66,REMASEP_OD,AK66,BASE_AGGREGATION,,"=COUNTIFS('Atenciones - Detalles de citas'!$AE:$AE,""*AMALGAMA*""&""*Mujer*"",'Atenciones - Detalles de citas'!$AF:$AF,"">=65"",'Atenciones - Detalles de citas'!$AE:$AE,""*AMALGAMA*""&""*Mujer*"",'Atenciones - Detalles de citas'!$AF:$AF,""<=74"")"
LEGACY::REMASEP_OD::AK70,REMASEP_OD,AK70,BASE_AGGREGATION,,"=COUNTIFS('Atenciones - Detalles de citas'!$AE:$AE,""*INSTALACIÓN PRÓTESIS TOTAL ACRÍLICA SUP O INF*""&""*Mujer*"",'Atenciones - Detalles de citas'!$AF:$AF,"">=65"",'Atenciones - Detalles de citas'!$AE:$AE,""*INSTALACIÓN PRÓTESIS TOTAL ACRÍLICA SUP O INF*""&""*Mujer*"",'Atenciones - Detalles de citas'!$AF:$AF,""<=74"")"
LEGACY::REMASEP_OD::AK71,REMASEP_OD,AK71,BASE_AGGREGATION,,"=COUNTIFS('Atenciones - Detalles de citas'!$AE:$AE,""*INSTALACIÓN PRÓTESIS PARCIAL METÁLICA SUP O INF*""&""*Mujer*"",'Atenciones - Detalles de citas'!$AF:$AF,"">=65"",'Atenciones - Detalles de citas'!$AE:$AE,""*INSTALACIÓN PRÓTESIS PARCIAL METÁLICA SUP O INF*""&""*Mujer*"",'Atenciones - Detalles de citas'!$AF:$AF,""<=74"")"
LEGACY::REMASEP_OD::AK72,REMASEP_OD,AK72,BASE_AGGREGATION,,"=COUNTIFS('Atenciones - Detalles de citas'!$AE:$AE,""*CEMENTACIÓN PRÓTESIS FIJA SOBRE DIENTE*""&""*Mujer*"",'Atenciones - Detalles de citas'!$AF:$AF,"">=65"",'Atenciones - Detalles de citas'!$AE:$AE,""*CEMENTACIÓN PRÓTESIS FIJA SOBRE DIENTE*""&""*Mujer*"",'Atenciones - Detalles de citas'!$AF:$AF,""<=74"")"
LEGACY::REMASEP_OD::AK73,REMASEP_OD,AK73,BASE_AGGREGATION,,"=COUNTIFS('Atenciones - Detalles de citas'!$AE:$AE,""*INSTALACIÓN CORONA DEFINITIVA SOBRE IMPLANTE*""&""*Mujer*"",'Atenciones - Detalles de citas'!$AF:$AF,"">=65"",'Atenciones - Detalles de citas'!$AE:$AE,""*INSTALACIÓN CORONA DEFINITIVA SOBRE IMPLANTE*""&""*Mujer*"",'Atenciones - Detalles de citas'!$AF:$AF,""<=74"")"
LEGACY::REMASEP_OD::AK74,REMASEP_OD,AK74,BASE_AGGREGATION,,"=COUNTIFS('Atenciones - Detalles de citas'!$AE:$AE,""*AMALGAMA*""&""*Mujer*"",'Atenciones - Detalles de citas'!$AF:$AF,"">=65"",'Atenciones - Detalles de citas'!$AE:$AE,""*AMALGAMA*""&""*Mujer*"",'Atenciones - Detalles de citas'!$AF:$AF,""<=74"")"
LEGACY::REMASEP_OD::AK8,REMASEP_OD,AK8,BASE_AGGREGATION,,"=COUNTIFS('Atenciones - Detalles de citas'!$AD:$AD,$A8&""Mujer"",'Atenciones - Detalles de citas'!$AF:$AF,"">=65"",'Atenciones - Detalles de citas'!$AD:$AD,$A8&""Mujer"",'Atenciones - Detalles de citas'!$AF:$AF,""<=74"")"
LEGACY::REMASEP_OD::AK89,REMASEP_OD,AK89,BASE_AGGREGATION,,"=COUNTIFS('Atenciones - Detalles de citas'!$AE:$AE,""*5009002 - DESGASTE SELECTIVO*""&""*Mujer*"",'Atenciones - Detalles de citas'!$AF:$AF,"">=65"",'Atenciones - Detalles de citas'!$AE:$AE,""*5009002 - DESGASTE SELECTIVO*""&""*Mujer*"",'Atenciones - Detalles de citas'!$AF:$AF,""<=74"")"
LEGACY::REMASEP_OD::AK9,REMASEP_OD,AK9,BASE_AGGREGATION,,"=COUNTIFS('Atenciones - Detalles de citas'!$AD:$AD,$A9&""Mujer"",'Atenciones - Detalles de citas'!$AF:$AF,"">=65"",'Atenciones - Detalles de citas'!$AD:$AD,$A9&""Mujer"",'Atenciones - Detalles de citas'!$AF:$AF,""<=74"")"
LEGACY::REMASEP_OD::AK90,REMASEP_OD,AK90,BASE_AGGREGATION,,"=COUNTIFS('Atenciones - Detalles de citas'!$AL:$AL,""1""&""Mujer"",'Atenciones - Detalles de citas'!$AF:$AF,"">=65"",'Atenciones - Detalles de citas'!$AL:$AL,""1""&""Mujer"",'Atenciones - Detalles de citas'!$AF:$AF,""<=74"")"
LEGACY::REMASEP_OD::AL10,REMASEP_OD,AL10,BASE_AGGREGATION,,"=COUNTIFS('Atenciones - Detalles de citas'!$AH:$AH,$A10&""Hombre"",'Atenciones - Detalles de citas'!$AF:$AF,"">=75"")"
LEGACY::REMASEP_OD::AL13,REMASEP_OD,AL13,BASE_AGGREGATION,,"=COUNTIFS('Atenciones - Detalles de citas'!$AE:$AE,""*5001005 - SELLANTES*""&""*Hombre*"",'Atenciones - Detalles de citas'!$AF:$AF,"">=75"")"
LEGACY::REMASEP_OD::AL14,REMASEP_OD,AL14,BASE_AGGREGATION,,"=COUNTIFS('Atenciones - Detalles de citas'!$AE:$AE,""*50010112 - INSTRUCCIÓN DE HIGIENE ORAL*""&""*Hombre*"",'Atenciones - Detalles de citas'!$AF:$AF,"">=75"")"
LEGACY::REMASEP_OD::AL16,REMASEP_OD,AL16,BASE_AGGREGATION,,"=COUNTIFS('Atenciones - Detalles de citas'!$AE:$AE,""*5010011 - PROFILAXIS*""&""*Hombre*"",'Atenciones - Detalles de citas'!$AF:$AF,"">=75"")"
LEGACY::REMASEP_OD::AL17,REMASEP_OD,AL17,BASE_AGGREGATION,,"=COUNTIFS('Atenciones - Detalles de citas'!$AE:$AE,""*5001016 - FLUOR*""&""*Hombre*"",'Atenciones - Detalles de citas'!$AF:$AF,"">=75"")"
LEGACY::REMASEP_OD::AL24,REMASEP_OD,AL24,BASE_AGGREGATION,,"=COUNTIFS('Atenciones - Detalles de citas'!$AE:$AE,""*5012021 - DESTARTRAJE*""&""*Odontología General*""&""*Hombre*"",'Atenciones - Detalles de citas'!$AF:$AF,"">=75"")"
LEGACY::REMASEP_OD::AL28,REMASEP_OD,AL28,BASE_AGGREGATION,,"=COUNTIFS('Atenciones - Detalles de citas'!$AE:$AE,""*COMPOSITE*""&""*Odontología General*""&""*Hombre*"",'Atenciones - Detalles de citas'!$AF:$AF,"">=75"")"
LEGACY::REMASEP_OD::AL30,REMASEP_OD,AL30,BASE_AGGREGATION,,"=COUNTIFS('Atenciones - Detalles de citas'!$AE:$AE,""*5010009 - VIDRIO IONÓMERO*""&""*Odontología General*""&""*Hombre*"",'Atenciones - Detalles de citas'!$AF:$AF,"">=75"")"
LEGACY::REMASEP_OD::AL40,REMASEP_OD,AL40,BASE_AGGREGATION,,"=COUNTIFS('Atenciones - Detalles de citas'!$AI:$AI,""*evaluacion odon esp*""&""*Hombre*"",'Atenciones - Detalles de citas'!$AF:$AF,"">=75"")"
LEGACY::REMASEP_OD::AL46,REMASEP_OD,AL46,DERIVED_AGGREGATION,AL30,"=COUNTIFS('Atenciones - Detalles de citas'!$AE:$AE,""*5010009 - VIDRIO IONÓMERO*""&""*Hombre*"",'Atenciones - Detalles de citas'!$AF:$AF,"">=75"")-AL30"
LEGACY::REMASEP_OD::AL47,REMASEP_OD,AL47,BASE_AGGREGATION,,"=COUNTIFS('Atenciones - Detalles de citas'!$AE:$AE,""*5005008 - CEMENTACIÓN CARILLA RESINA INDIRECTA*""&""*Hombre*"",'Atenciones - Detalles de citas'!$AF:$AF,"">=75"")"
LEGACY::REMASEP_OD::AL48,REMASEP_OD,AL48,BASE_AGGREGATION,,"=COUNTIFS('Atenciones - Detalles de citas'!$AE:$AE,""*INSTALACIÓN APARATO REMOVIBLE*""&""*Hombre*"",'Atenciones - Detalles de citas'!$AF:$AF,"">=75"")"
LEGACY::REMASEP_OD::AL49,REMASEP_OD,AL49,BASE_AGGREGATION,,"=COUNTIFS('Atenciones - Detalles de citas'!$AE:$AE,""*5004001 - INSTALACIÓN APARATO FIJO SUP O INF*""&""*Hombre*"",'Atenciones - Detalles de citas'!$AF:$AF,"">=75"")"
LEGACY::REMASEP_OD::AL50,REMASEP_OD,AL50,BASE_AGGREGATION,,"=COUNTIFS('Atenciones - Detalles de citas'!$AE:$AE,""*INSTALACIÓN CONTENCION*""&""*Hombre*"",'Atenciones - Detalles de citas'!$AF:$AF,"">=75"")"
LEGACY::REMASEP_OD::AL51,REMASEP_OD,AL51,BASE_AGGREGATION,,"=COUNTIFS('Atenciones - Detalles de citas'!$AE:$AE,""*5004018 - RETIRO APARATO FIJO-LIMPIEZA-IMPRESIÓN*""&""*Hombre*"",'Atenciones - Detalles de citas'!$AF:$AF,"">=75"")"
LEGACY::REMASEP_OD::AL52,REMASEP_OD,AL52,BASE_AGGREGATION,,"=COUNTIFS('Atenciones - Detalles de citas'!$AE:$AE,""*5004020 - CONTROL ORTODONCIA QUIRÚRGICO*""&""*Hombre*"",'Atenciones - Detalles de citas'!$AF:$AF,"">=75"")"
LEGACY::REMASEP_OD::AL53,REMASEP_OD,AL53,BASE_AGGREGATION,,"=COUNTIFS('Atenciones - Detalles de citas'!$AK:$AK,""*1*""&""*Hombre*"",'Atenciones - Detalles de citas'!$AF:$AF,"">=75"")"
LEGACY::REMASEP_OD::AL54,REMASEP_OD,AL54,BASE_AGGREGATION,,"=COUNTIFS('Atenciones - Detalles de citas'!$AJ:$AJ,""1""&""Hombre"",'Atenciones - Detalles de citas'!$AF:$AF,"">=75"")"
LEGACY::REMASEP_OD::AL62,REMASEP_OD,AL62,DERIVED_AGGREGATION,AL28,"=COUNTIFS('Atenciones - Detalles de citas'!$AE:$AE,""*COMPOSITE*""&""*Hombre*"",'Atenciones - Detalles de citas'!$AF:$AF,"">=75"")-AL28"
LEGACY::REMASEP_OD::AL63,REMASEP_OD,AL63,BASE_AGGREGATION,,"=COUNTIFS('Atenciones - Detalles de citas'!$AE:$AE,""*5010023 - PULPECTOMIA*""&""*Odontopediatría*""&""*Hombre*"",'Atenciones - Detalles de citas'!$AF:$AF,"">=75"")+COUNTIFS('Atenciones - Detalles de citas'!$AE:$AE,""*5010003 - PULPOTOMIA*""&""*Odontopediatría*""&""*Hombre*"",'Atenciones - Detalles de citas'!$AF:$AF,"">=75"")"
LEGACY::REMASEP_OD::AL65,REMASEP_OD,AL65,DERIVED_AGGREGATION,AL24,"=COUNTIFS('Atenciones - Detalles de citas'!$AE:$AE,""*DESTARTRAJE*""&""*Hombre*"",'Atenciones - Detalles de citas'!$AF:$AF,"">=75"")-AL24"
LEGACY::REMASEP_OD::AL66,REMASEP_OD,AL66,BASE_AGGREGATION,,"=COUNTIFS('Atenciones - Detalles de citas'!$AE:$AE,""*AMALGAMA*""&""*Hombre*"",'Atenciones - Detalles de citas'!$AF:$AF,"">=75"")"
LEGACY::REMASEP_OD::AL70,REMASEP_OD,AL70,BASE_AGGREGATION,,"=COUNTIFS('Atenciones - Detalles de citas'!$AE:$AE,""*INSTALACIÓN PRÓTESIS TOTAL ACRÍLICA SUP O INF*""&""*Hombre*"",'Atenciones - Detalles de citas'!$AF:$AF,"">=75"")"
LEGACY::REMASEP_OD::AL71,REMASEP_OD,AL71,BASE_AGGREGATION,,"=COUNTIFS('Atenciones - Detalles de citas'!$AE:$AE,""*INSTALACIÓN PRÓTESIS PARCIAL METÁLICA SUP O INF*""&""*Hombre*"",'Atenciones - Detalles de citas'!$AF:$AF,"">=75"")"
LEGACY::REMASEP_OD::AL72,REMASEP_OD,AL72,BASE_AGGREGATION,,"=COUNTIFS('Atenciones - Detalles de citas'!$AE:$AE,""*CEMENTACIÓN PRÓTESIS FIJA SOBRE DIENTE*""&""*Hombre*"",'Atenciones - Detalles de citas'!$AF:$AF,"">=75"")"
LEGACY::REMASEP_OD::AL73,REMASEP_OD,AL73,BASE_AGGREGATION,,"=COUNTIFS('Atenciones - Detalles de citas'!$AE:$AE,""*INSTALACIÓN CORONA DEFINITIVA SOBRE IMPLANTE*""&""*Hombre*"",'Atenciones - Detalles de citas'!$AF:$AF,"">=75"")"
LEGACY::REMASEP_OD::AL74,REMASEP_OD,AL74,BASE_AGGREGATION,,"=COUNTIFS('Atenciones - Detalles de citas'!$AE:$AE,""*AMALGAMA*""&""*Hombre*"",'Atenciones - Detalles de citas'!$AF:$AF,"">=75"")"
LEGACY::REMASEP_OD::AL8,REMASEP_OD,AL8,BASE_AGGREGATION,,"=COUNTIFS('Atenciones - Detalles de citas'!$AD:$AD,$A8&""Hombre"",'Atenciones - Detalles de citas'!$AF:$AF,"">=75"")"
LEGACY::REMASEP_OD::AL89,REMASEP_OD,AL89,BASE_AGGREGATION,,"=COUNTIFS('Atenciones - Detalles de citas'!$AE:$AE,""*5009002 - DESGASTE SELECTIVO*""&""*Hombre*"",'Atenciones - Detalles de citas'!$AF:$AF,"">=75"")"
LEGACY::REMASEP_OD::AL9,REMASEP_OD,AL9,BASE_AGGREGATION,,"=COUNTIFS('Atenciones - Detalles de citas'!$AD:$AD,$A9&""Hombre"",'Atenciones - Detalles de citas'!$AF:$AF,"">=75"")"
LEGACY::REMASEP_OD::AL90,REMASEP_OD,AL90,BASE_AGGREGATION,,"=COUNTIFS('Atenciones - Detalles de citas'!$AL:$AL,""1""&""Hombre"",'Atenciones - Detalles de citas'!$AF:$AF,"">=75"")"
LEGACY::REMASEP_OD::AM10,REMASEP_OD,AM10,BASE_AGGREGATION,,"=COUNTIFS('Atenciones - Detalles de citas'!$AH:$AH,$A10&""Mujer"",'Atenciones - Detalles de citas'!$AF:$AF,"">=75"")"
LEGACY::REMASEP_OD::AM13,REMASEP_OD,AM13,BASE_AGGREGATION,,"=COUNTIFS('Atenciones - Detalles de citas'!$AE:$AE,""*5001005 - SELLANTES*""&""*Mujer*"",'Atenciones - Detalles de citas'!$AF:$AF,"">=75"")"
LEGACY::REMASEP_OD::AM14,REMASEP_OD,AM14,BASE_AGGREGATION,,"=COUNTIFS('Atenciones - Detalles de citas'!$AE:$AE,""*50010112 - INSTRUCCIÓN DE HIGIENE ORAL*""&""*Mujer*"",'Atenciones - Detalles de citas'!$AF:$AF,"">=75"")"
LEGACY::REMASEP_OD::AM16,REMASEP_OD,AM16,BASE_AGGREGATION,,"=COUNTIFS('Atenciones - Detalles de citas'!$AE:$AE,""*5010011 - PROFILAXIS*""&""*Mujer*"",'Atenciones - Detalles de citas'!$AF:$AF,"">=75"")"
LEGACY::REMASEP_OD::AM17,REMASEP_OD,AM17,BASE_AGGREGATION,,"=COUNTIFS('Atenciones - Detalles de citas'!$AE:$AE,""*5001016 - FLUOR*""&""*Mujer*"",'Atenciones - Detalles de citas'!$AF:$AF,"">=75"")"
LEGACY::REMASEP_OD::AM24,REMASEP_OD,AM24,BASE_AGGREGATION,,"=COUNTIFS('Atenciones - Detalles de citas'!$AE:$AE,""*5012021 - DESTARTRAJE*""&""*Odontología General*""&""*Mujer*"",'Atenciones - Detalles de citas'!$AF:$AF,"">=75"")"
LEGACY::REMASEP_OD::AM28,REMASEP_OD,AM28,BASE_AGGREGATION,,"=COUNTIFS('Atenciones - Detalles de citas'!$AE:$AE,""*COMPOSITE*""&""*Odontología General*""&""*Mujer*"",'Atenciones - Detalles de citas'!$AF:$AF,"">=75"")"
LEGACY::REMASEP_OD::AM30,REMASEP_OD,AM30,BASE_AGGREGATION,,"=COUNTIFS('Atenciones - Detalles de citas'!$AE:$AE,""*5010009 - VIDRIO IONÓMERO*""&""*Odontología General*""&""*Mujer*"",'Atenciones - Detalles de citas'!$AF:$AF,"">=75"")"
LEGACY::REMASEP_OD::AM40,REMASEP_OD,AM40,BASE_AGGREGATION,,"=COUNTIFS('Atenciones - Detalles de citas'!$AI:$AI,""*evaluacion odon esp*""&""*Mujer*"",'Atenciones - Detalles de citas'!$AF:$AF,"">=75"")"
LEGACY::REMASEP_OD::AM46,REMASEP_OD,AM46,DERIVED_AGGREGATION,AM30,"=COUNTIFS('Atenciones - Detalles de citas'!$AE:$AE,""*5010009 - VIDRIO IONÓMERO*""&""*Mujer*"",'Atenciones - Detalles de citas'!$AF:$AF,"">=75"")-AM30"
LEGACY::REMASEP_OD::AM47,REMASEP_OD,AM47,BASE_AGGREGATION,,"=COUNTIFS('Atenciones - Detalles de citas'!$AE:$AE,""*5005008 - CEMENTACIÓN CARILLA RESINA INDIRECTA*""&""*Mujer*"",'Atenciones - Detalles de citas'!$AF:$AF,"">=75"")"
LEGACY::REMASEP_OD::AM48,REMASEP_OD,AM48,BASE_AGGREGATION,,"=COUNTIFS('Atenciones - Detalles de citas'!$AE:$AE,""*INSTALACIÓN APARATO REMOVIBLE*""&""*Mujer*"",'Atenciones - Detalles de citas'!$AF:$AF,"">=75"")"
LEGACY::REMASEP_OD::AM49,REMASEP_OD,AM49,BASE_AGGREGATION,,"=COUNTIFS('Atenciones - Detalles de citas'!$AE:$AE,""*5004001 - INSTALACIÓN APARATO FIJO SUP O INF*""&""*Mujer*"",'Atenciones - Detalles de citas'!$AF:$AF,"">=75"")"
LEGACY::REMASEP_OD::AM50,REMASEP_OD,AM50,BASE_AGGREGATION,,"=COUNTIFS('Atenciones - Detalles de citas'!$AE:$AE,""*INSTALACIÓN CONTENCION*""&""*Mujer*"",'Atenciones - Detalles de citas'!$AF:$AF,"">=75"")"
LEGACY::REMASEP_OD::AM51,REMASEP_OD,AM51,BASE_AGGREGATION,,"=COUNTIFS('Atenciones - Detalles de citas'!$AE:$AE,""*5004018 - RETIRO APARATO FIJO-LIMPIEZA-IMPRESIÓN*""&""*Mujer*"",'Atenciones - Detalles de citas'!$AF:$AF,"">=75"")"
LEGACY::REMASEP_OD::AM52,REMASEP_OD,AM52,BASE_AGGREGATION,,"=COUNTIFS('Atenciones - Detalles de citas'!$AE:$AE,""*5004020 - CONTROL ORTODONCIA QUIRÚRGICO*""&""*Mujer*"",'Atenciones - Detalles de citas'!$AF:$AF,"">=75"")"
LEGACY::REMASEP_OD::AM53,REMASEP_OD,AM53,BASE_AGGREGATION,,"=COUNTIFS('Atenciones - Detalles de citas'!$AK:$AK,""*1*""&""*Mujer*"",'Atenciones - Detalles de citas'!$AF:$AF,"">=75"")"
LEGACY::REMASEP_OD::AM54,REMASEP_OD,AM54,BASE_AGGREGATION,,"=COUNTIFS('Atenciones - Detalles de citas'!$AJ:$AJ,""1""&""Mujer"",'Atenciones - Detalles de citas'!$AF:$AF,"">=75"")"
LEGACY::REMASEP_OD::AM62,REMASEP_OD,AM62,DERIVED_AGGREGATION,AM28,"=COUNTIFS('Atenciones - Detalles de citas'!$AE:$AE,""*COMPOSITE*""&""*Mujer*"",'Atenciones - Detalles de citas'!$AF:$AF,"">=75"")-AM28"
LEGACY::REMASEP_OD::AM63,REMASEP_OD,AM63,BASE_AGGREGATION,,"=COUNTIFS('Atenciones - Detalles de citas'!$AE:$AE,""*5010023 - PULPECTOMIA*""&""*Odontopediatría*""&""*Mujer*"",'Atenciones - Detalles de citas'!$AF:$AF,"">=75"")+COUNTIFS('Atenciones - Detalles de citas'!$AE:$AE,""*5010003 - PULPOTOMIA*""&""*Odontopediatría*""&""*Mujer*"",'Atenciones - Detalles de citas'!$AF:$AF,"">=75"")"
LEGACY::REMASEP_OD::AM65,REMASEP_OD,AM65,DERIVED_AGGREGATION,AM24,"=COUNTIFS('Atenciones - Detalles de citas'!$AE:$AE,""*DESTARTRAJE*""&""*Mujer*"",'Atenciones - Detalles de citas'!$AF:$AF,"">=75"")-AM24"
LEGACY::REMASEP_OD::AM66,REMASEP_OD,AM66,BASE_AGGREGATION,,"=COUNTIFS('Atenciones - Detalles de citas'!$AE:$AE,""*AMALGAMA*""&""*Mujer*"",'Atenciones - Detalles de citas'!$AF:$AF,"">=75"")"
LEGACY::REMASEP_OD::AM70,REMASEP_OD,AM70,BASE_AGGREGATION,,"=COUNTIFS('Atenciones - Detalles de citas'!$AE:$AE,""*INSTALACIÓN PRÓTESIS TOTAL ACRÍLICA SUP O INF*""&""*Mujer*"",'Atenciones - Detalles de citas'!$AF:$AF,"">=75"")"
LEGACY::REMASEP_OD::AM71,REMASEP_OD,AM71,BASE_AGGREGATION,,"=COUNTIFS('Atenciones - Detalles de citas'!$AE:$AE,""*INSTALACIÓN PRÓTESIS PARCIAL METÁLICA SUP O INF*""&""*Mujer*"",'Atenciones - Detalles de citas'!$AF:$AF,"">=75"")"
LEGACY::REMASEP_OD::AM72,REMASEP_OD,AM72,BASE_AGGREGATION,,"=COUNTIFS('Atenciones - Detalles de citas'!$AE:$AE,""*CEMENTACIÓN PRÓTESIS FIJA SOBRE DIENTE*""&""*Mujer*"",'Atenciones - Detalles de citas'!$AF:$AF,"">=75"")"
LEGACY::REMASEP_OD::AM73,REMASEP_OD,AM73,BASE_AGGREGATION,,"=COUNTIFS('Atenciones - Detalles de citas'!$AE:$AE,""*INSTALACIÓN CORONA DEFINITIVA SOBRE IMPLANTE*""&""*Mujer*"",'Atenciones - Detalles de citas'!$AF:$AF,"">=75"")"
LEGACY::REMASEP_OD::AM74,REMASEP_OD,AM74,BASE_AGGREGATION,,"=COUNTIFS('Atenciones - Detalles de citas'!$AE:$AE,""*AMALGAMA*""&""*Mujer*"",'Atenciones - Detalles de citas'!$AF:$AF,"">=75"")"
LEGACY::REMASEP_OD::AM8,REMASEP_OD,AM8,BASE_AGGREGATION,,"=COUNTIFS('Atenciones - Detalles de citas'!$AD:$AD,$A8&""Mujer"",'Atenciones - Detalles de citas'!$AF:$AF,"">=75"")"
LEGACY::REMASEP_OD::AM89,REMASEP_OD,AM89,BASE_AGGREGATION,,"=COUNTIFS('Atenciones - Detalles de citas'!$AE:$AE,""*5009002 - DESGASTE SELECTIVO*""&""*Mujer*"",'Atenciones - Detalles de citas'!$AF:$AF,"">=75"")"
LEGACY::REMASEP_OD::AM9,REMASEP_OD,AM9,BASE_AGGREGATION,,"=COUNTIFS('Atenciones - Detalles de citas'!$AD:$AD,$A9&""Mujer"",'Atenciones - Detalles de citas'!$AF:$AF,"">=75"")"
LEGACY::REMASEP_OD::AM90,REMASEP_OD,AM90,BASE_AGGREGATION,,"=COUNTIFS('Atenciones - Detalles de citas'!$AL:$AL,""1""&""Mujer"",'Atenciones - Detalles de citas'!$AF:$AF,"">=75"")"
LEGACY::REMASEP_OD::F10,REMASEP_OD,F10,BASE_AGGREGATION,,"=COUNTIFS('Atenciones - Detalles de citas'!$AH:$AH,$A10&""Hombre"",'Atenciones - Detalles de citas'!$AF:$AF,""<2"")"
LEGACY::REMASEP_OD::F13,REMASEP_OD,F13,BASE_AGGREGATION,,"=COUNTIFS('Atenciones - Detalles de citas'!$AE:$AE,""*5001005 - SELLANTES*""&""*Hombre*"",'Atenciones - Detalles de citas'!$AF:$AF,""<2"")"
LEGACY::REMASEP_OD::F14,REMASEP_OD,F14,BASE_AGGREGATION,,"=COUNTIFS('Atenciones - Detalles de citas'!$AE:$AE,""*50010112 - INSTRUCCIÓN DE HIGIENE ORAL*""&""*Hombre*"",'Atenciones - Detalles de citas'!$AF:$AF,""<2"")"
LEGACY::REMASEP_OD::F16,REMASEP_OD,F16,BASE_AGGREGATION,,"=COUNTIFS('Atenciones - Detalles de citas'!$AE:$AE,""*5010011 - PROFILAXIS*""&""*Hombre*"",'Atenciones - Detalles de citas'!$AF:$AF,""<2"")"
LEGACY::REMASEP_OD::F17,REMASEP_OD,F17,BASE_AGGREGATION,,"=COUNTIFS('Atenciones - Detalles de citas'!$AE:$AE,""*5001016 - FLUOR*""&""*Hombre*"",'Atenciones - Detalles de citas'!$AF:$AF,""<2"")"
LEGACY::REMASEP_OD::F24,REMASEP_OD,F24,BASE_AGGREGATION,,"=COUNTIFS('Atenciones - Detalles de citas'!$AE:$AE,""*5012021 - DESTARTRAJE*""&""*Odontología General*""&""*Hombre*"",'Atenciones - Detalles de citas'!$AF:$AF,""<2"")"
LEGACY::REMASEP_OD::F28,REMASEP_OD,F28,BASE_AGGREGATION,,"=COUNTIFS('Atenciones - Detalles de citas'!$AE:$AE,""*COMPOSITE*""&""*Odontología General*""&""*Hombre*"",'Atenciones - Detalles de citas'!$AF:$AF,""<2"")"
LEGACY::REMASEP_OD::F30,REMASEP_OD,F30,BASE_AGGREGATION,,"=COUNTIFS('Atenciones - Detalles de citas'!$AE:$AE,""*5010009 - VIDRIO IONÓMERO*""&""*Odontología General*""&""*Hombre*"",'Atenciones - Detalles de citas'!$AF:$AF,""<2"")"
LEGACY::REMASEP_OD::F40,REMASEP_OD,F40,BASE_AGGREGATION,,"=COUNTIFS('Atenciones - Detalles de citas'!$AI:$AI,""*evaluacion odon esp*""&""*Hombre*"",'Atenciones - Detalles de citas'!$AF:$AF,""<2"")"
LEGACY::REMASEP_OD::F46,REMASEP_OD,F46,DERIVED_AGGREGATION,F30,"=COUNTIFS('Atenciones - Detalles de citas'!$AE:$AE,""*5010009 - VIDRIO IONÓMERO*""&""*Hombre*"",'Atenciones - Detalles de citas'!$AF:$AF,""<2"")-F30"
LEGACY::REMASEP_OD::F47,REMASEP_OD,F47,BASE_AGGREGATION,,"=COUNTIFS('Atenciones - Detalles de citas'!$AE:$AE,""*5005008 - CEMENTACIÓN CARILLA RESINA INDIRECTA*""&""*Hombre*"",'Atenciones - Detalles de citas'!$AF:$AF,""<2"")"
LEGACY::REMASEP_OD::F48,REMASEP_OD,F48,BASE_AGGREGATION,,"=COUNTIFS('Atenciones - Detalles de citas'!$AE:$AE,""*INSTALACIÓN APARATO REMOVIBLE*""&""*Hombre*"",'Atenciones - Detalles de citas'!$AF:$AF,""<2"")"
LEGACY::REMASEP_OD::F49,REMASEP_OD,F49,BASE_AGGREGATION,,"=COUNTIFS('Atenciones - Detalles de citas'!$AE:$AE,""*5004001 - INSTALACIÓN APARATO FIJO SUP O INF*""&""*Hombre*"",'Atenciones - Detalles de citas'!$AF:$AF,""<2"")"
LEGACY::REMASEP_OD::F50,REMASEP_OD,F50,BASE_AGGREGATION,,"=COUNTIFS('Atenciones - Detalles de citas'!$AE:$AE,""*INSTALACIÓN CONTENCION*""&""*Hombre*"",'Atenciones - Detalles de citas'!$AF:$AF,""<2"")"
LEGACY::REMASEP_OD::F51,REMASEP_OD,F51,BASE_AGGREGATION,,"=COUNTIFS('Atenciones - Detalles de citas'!$AE:$AE,""*5004018 - RETIRO APARATO FIJO-LIMPIEZA-IMPRESIÓN*""&""*Hombre*"",'Atenciones - Detalles de citas'!$AF:$AF,""<2"")"
LEGACY::REMASEP_OD::F52,REMASEP_OD,F52,BASE_AGGREGATION,,"=COUNTIFS('Atenciones - Detalles de citas'!$AE:$AE,""*5004020 - CONTROL ORTODONCIA QUIRÚRGICO*""&""*Hombre*"",'Atenciones - Detalles de citas'!$AF:$AF,""<2"")"
LEGACY::REMASEP_OD::F53,REMASEP_OD,F53,BASE_AGGREGATION,,"=COUNTIFS('Atenciones - Detalles de citas'!$AK:$AK,""1""&""*Hombre*"",'Atenciones - Detalles de citas'!$AF:$AF,""<2"")"
LEGACY::REMASEP_OD::F54,REMASEP_OD,F54,BASE_AGGREGATION,,"=COUNTIFS('Atenciones - Detalles de citas'!$AJ:$AJ,""1""&""Hombre"",'Atenciones - Detalles de citas'!$AF:$AF,""<2"")"
LEGACY::REMASEP_OD::F62,REMASEP_OD,F62,DERIVED_AGGREGATION,F28,"=COUNTIFS('Atenciones - Detalles de citas'!$AE:$AE,""*COMPOSITE*""&""*Hombre*"",'Atenciones - Detalles de citas'!$AF:$AF,""<2"")-F28"
LEGACY::REMASEP_OD::F63,REMASEP_OD,F63,BASE_AGGREGATION,,"=COUNTIFS('Atenciones - Detalles de citas'!$AE:$AE,""*5010023 - PULPECTOMIA*""&""*Odontopediatría*""&""*Hombre*"",'Atenciones - Detalles de citas'!$AF:$AF,""<2"")+COUNTIFS('Atenciones - Detalles de citas'!$AE:$AE,""*5010003 - PULPOTOMIA*""&""*Odontopediatría*""&""*Hombre*"",'Atenciones - Detalles de citas'!$AF:$AF,""<2"")"
LEGACY::REMASEP_OD::F65,REMASEP_OD,F65,DERIVED_AGGREGATION,F24,"=COUNTIFS('Atenciones - Detalles de citas'!$AE:$AE,""*DESTARTRAJE*""&""*Hombre*"",'Atenciones - Detalles de citas'!$AF:$AF,""<2"")-F24"
LEGACY::REMASEP_OD::F66,REMASEP_OD,F66,BASE_AGGREGATION,,"=COUNTIFS('Atenciones - Detalles de citas'!$AE:$AE,""*AMALGAMA*""&""*Hombre*"",'Atenciones - Detalles de citas'!$AF:$AF,""<2"")"
LEGACY::REMASEP_OD::F70,REMASEP_OD,F70,BASE_AGGREGATION,,"=COUNTIFS('Atenciones - Detalles de citas'!$AE:$AE,""*INSTALACIÓN PRÓTESIS TOTAL ACRÍLICA SUP O INF*""&""*Hombre*"",'Atenciones - Detalles de citas'!$AF:$AF,""<2"")"
LEGACY::REMASEP_OD::F71,REMASEP_OD,F71,BASE_AGGREGATION,,"=COUNTIFS('Atenciones - Detalles de citas'!$AE:$AE,""*INSTALACIÓN PRÓTESIS PARCIAL METÁLICA SUP O INF*""&""*Hombre*"",'Atenciones - Detalles de citas'!$AF:$AF,""<2"")"
LEGACY::REMASEP_OD::F72,REMASEP_OD,F72,BASE_AGGREGATION,,"=COUNTIFS('Atenciones - Detalles de citas'!$AE:$AE,""*CEMENTACIÓN PRÓTESIS FIJA SOBRE DIENTE*""&""*Hombre*"",'Atenciones - Detalles de citas'!$AF:$AF,""<2"")"
LEGACY::REMASEP_OD::F73,REMASEP_OD,F73,BASE_AGGREGATION,,"=COUNTIFS('Atenciones - Detalles de citas'!$AE:$AE,""*INSTALACIÓN CORONA DEFINITIVA SOBRE IMPLANTE*""&""*Hombre*"",'Atenciones - Detalles de citas'!$AF:$AF,""<2"")"
LEGACY::REMASEP_OD::F74,REMASEP_OD,F74,BASE_AGGREGATION,,"=COUNTIFS('Atenciones - Detalles de citas'!$AE:$AE,""*AMALGAMA*""&""*Hombre*"",'Atenciones - Detalles de citas'!$AF:$AF,""<2"")"
LEGACY::REMASEP_OD::F8,REMASEP_OD,F8,BASE_AGGREGATION,,"=COUNTIFS('Atenciones - Detalles de citas'!$AD:$AD,$A8&""Hombre"",'Atenciones - Detalles de citas'!$AF:$AF,""<2"")"
LEGACY::REMASEP_OD::F89,REMASEP_OD,F89,BASE_AGGREGATION,,"=COUNTIFS('Atenciones - Detalles de citas'!$AE:$AE,""*5009002 - DESGASTE SELECTIVO*""&""*Hombre*"",'Atenciones - Detalles de citas'!$AF:$AF,""<2"")"
LEGACY::REMASEP_OD::F9,REMASEP_OD,F9,BASE_AGGREGATION,,"=COUNTIFS('Atenciones - Detalles de citas'!$AD:$AD,$A9&""Hombre"",'Atenciones - Detalles de citas'!$AF:$AF,""<2"")"
LEGACY::REMASEP_OD::F90,REMASEP_OD,F90,BASE_AGGREGATION,,"=COUNTIFS('Atenciones - Detalles de citas'!$AL:$AL,""1""&""Hombre"",'Atenciones - Detalles de citas'!$AF:$AF,""<2"")"
LEGACY::REMASEP_OD::G10,REMASEP_OD,G10,BASE_AGGREGATION,,"=COUNTIFS('Atenciones - Detalles de citas'!$AH:$AH,$A10&""Mujer"",'Atenciones - Detalles de citas'!$AF:$AF,""<2"")"
LEGACY::REMASEP_OD::G13,REMASEP_OD,G13,BASE_AGGREGATION,,"=COUNTIFS('Atenciones - Detalles de citas'!$AE:$AE,""*5001005 - SELLANTES*""&""*Mujer*"",'Atenciones - Detalles de citas'!$AF:$AF,""<2"")"
LEGACY::REMASEP_OD::G14,REMASEP_OD,G14,BASE_AGGREGATION,,"=COUNTIFS('Atenciones - Detalles de citas'!$AE:$AE,""*50010112 - INSTRUCCIÓN DE HIGIENE ORAL*""&""*Mujer*"",'Atenciones - Detalles de citas'!$AF:$AF,""<2"")"
LEGACY::REMASEP_OD::G16,REMASEP_OD,G16,BASE_AGGREGATION,,"=COUNTIFS('Atenciones - Detalles de citas'!$AE:$AE,""*5010011 - PROFILAXIS*""&""*Mujer*"",'Atenciones - Detalles de citas'!$AF:$AF,""<2"")"
LEGACY::REMASEP_OD::G17,REMASEP_OD,G17,BASE_AGGREGATION,,"=COUNTIFS('Atenciones - Detalles de citas'!$AE:$AE,""*5001016 - FLUOR*""&""*Mujer*"",'Atenciones - Detalles de citas'!$AF:$AF,""<2"")"
LEGACY::REMASEP_OD::G24,REMASEP_OD,G24,BASE_AGGREGATION,,"=COUNTIFS('Atenciones - Detalles de citas'!$AE:$AE,""*5012021 - DESTARTRAJE*""&""*Odontología General*""&""*Mujer*"",'Atenciones - Detalles de citas'!$AF:$AF,""<2"")"
LEGACY::REMASEP_OD::G28,REMASEP_OD,G28,BASE_AGGREGATION,,"=COUNTIFS('Atenciones - Detalles de citas'!$AE:$AE,""*COMPOSITE*""&""*Odontología General*""&""*Mujer*"",'Atenciones - Detalles de citas'!$AF:$AF,""<2"")"
LEGACY::REMASEP_OD::G30,REMASEP_OD,G30,BASE_AGGREGATION,,"=COUNTIFS('Atenciones - Detalles de citas'!$AE:$AE,""*5010009 - VIDRIO IONÓMERO*""&""*Odontología General*""&""*Mujer*"",'Atenciones - Detalles de citas'!$AF:$AF,""<2"")"
LEGACY::REMASEP_OD::G40,REMASEP_OD,G40,BASE_AGGREGATION,,"=COUNTIFS('Atenciones - Detalles de citas'!$AI:$AI,""*evaluacion odon esp*""&""*Mujer*"",'Atenciones - Detalles de citas'!$AF:$AF,""<2"")"
LEGACY::REMASEP_OD::G46,REMASEP_OD,G46,DERIVED_AGGREGATION,G30,"=COUNTIFS('Atenciones - Detalles de citas'!$AE:$AE,""*5010009 - VIDRIO IONÓMERO*""&""*Mujer*"",'Atenciones - Detalles de citas'!$AF:$AF,""<2"")-G30"
LEGACY::REMASEP_OD::G47,REMASEP_OD,G47,BASE_AGGREGATION,,"=COUNTIFS('Atenciones - Detalles de citas'!$AE:$AE,""*5005008 - CEMENTACIÓN CARILLA RESINA INDIRECTA*""&""*Mujer*"",'Atenciones - Detalles de citas'!$AF:$AF,""<2"")"
LEGACY::REMASEP_OD::G48,REMASEP_OD,G48,BASE_AGGREGATION,,"=COUNTIFS('Atenciones - Detalles de citas'!$AE:$AE,""*INSTALACIÓN APARATO REMOVIBLE*""&""*Mujer*"",'Atenciones - Detalles de citas'!$AF:$AF,""<2"")"
LEGACY::REMASEP_OD::G49,REMASEP_OD,G49,BASE_AGGREGATION,,"=COUNTIFS('Atenciones - Detalles de citas'!$AE:$AE,""*5004001 - INSTALACIÓN APARATO FIJO SUP O INF*""&""*Mujer*"",'Atenciones - Detalles de citas'!$AF:$AF,""<2"")"
LEGACY::REMASEP_OD::G50,REMASEP_OD,G50,BASE_AGGREGATION,,"=COUNTIFS('Atenciones - Detalles de citas'!$AE:$AE,""*INSTALACIÓN CONTENCION*""&""*Mujer*"",'Atenciones - Detalles de citas'!$AF:$AF,""<2"")"
LEGACY::REMASEP_OD::G51,REMASEP_OD,G51,BASE_AGGREGATION,,"=COUNTIFS('Atenciones - Detalles de citas'!$AE:$AE,""*5004018 - RETIRO APARATO FIJO-LIMPIEZA-IMPRESIÓN*""&""*Mujer*"",'Atenciones - Detalles de citas'!$AF:$AF,""<2"")"
LEGACY::REMASEP_OD::G52,REMASEP_OD,G52,BASE_AGGREGATION,,"=COUNTIFS('Atenciones - Detalles de citas'!$AE:$AE,""*5004020 - CONTROL ORTODONCIA QUIRÚRGICO*""&""*Mujer*"",'Atenciones - Detalles de citas'!$AF:$AF,""<2"")"
LEGACY::REMASEP_OD::G53,REMASEP_OD,G53,BASE_AGGREGATION,,"=COUNTIFS('Atenciones - Detalles de citas'!$AK:$AK,""*1*""&""*Mujer*"",'Atenciones - Detalles de citas'!$AF:$AF,""<2"")"
LEGACY::REMASEP_OD::G54,REMASEP_OD,G54,BASE_AGGREGATION,,"=COUNTIFS('Atenciones - Detalles de citas'!$AJ:$AJ,""1""&""Mujer"",'Atenciones - Detalles de citas'!$AF:$AF,""<2"")"
LEGACY::REMASEP_OD::G62,REMASEP_OD,G62,DERIVED_AGGREGATION,G28,"=COUNTIFS('Atenciones - Detalles de citas'!$AE:$AE,""*COMPOSITE*""&""*Mujer*"",'Atenciones - Detalles de citas'!$AF:$AF,""<2"")-G28"
LEGACY::REMASEP_OD::G63,REMASEP_OD,G63,BASE_AGGREGATION,,"=COUNTIFS('Atenciones - Detalles de citas'!$AE:$AE,""*5010023 - PULPECTOMIA*""&""*Odontopediatría*""&""*Mujer*"",'Atenciones - Detalles de citas'!$AF:$AF,""<2"")+COUNTIFS('Atenciones - Detalles de citas'!$AE:$AE,""*5010003 - PULPOTOMIA*""&""*Odontopediatría*""&""*Mujer*"",'Atenciones - Detalles de citas'!$AF:$AF,""<2"")"
LEGACY::REMASEP_OD::G65,REMASEP_OD,G65,DERIVED_AGGREGATION,G24,"=COUNTIFS('Atenciones - Detalles de citas'!$AE:$AE,""*DESTARTRAJE*""&""*Mujer*"",'Atenciones - Detalles de citas'!$AF:$AF,""<2"")-G24"
LEGACY::REMASEP_OD::G66,REMASEP_OD,G66,BASE_AGGREGATION,,"=COUNTIFS('Atenciones - Detalles de citas'!$AE:$AE,""*AMALGAMA*""&""*Mujer*"",'Atenciones - Detalles de citas'!$AF:$AF,""<2"")"
LEGACY::REMASEP_OD::G70,REMASEP_OD,G70,BASE_AGGREGATION,,"=COUNTIFS('Atenciones - Detalles de citas'!$AE:$AE,""*INSTALACIÓN PRÓTESIS TOTAL ACRÍLICA SUP O INF*""&""*Mujer*"",'Atenciones - Detalles de citas'!$AF:$AF,""<2"")"
LEGACY::REMASEP_OD::G71,REMASEP_OD,G71,BASE_AGGREGATION,,"=COUNTIFS('Atenciones - Detalles de citas'!$AE:$AE,""*INSTALACIÓN PRÓTESIS PARCIAL METÁLICA SUP O INF*""&""*Mujer*"",'Atenciones - Detalles de citas'!$AF:$AF,""<2"")"
LEGACY::REMASEP_OD::G72,REMASEP_OD,G72,BASE_AGGREGATION,,"=COUNTIFS('Atenciones - Detalles de citas'!$AE:$AE,""*CEMENTACIÓN PRÓTESIS FIJA SOBRE DIENTE*""&""*Mujer*"",'Atenciones - Detalles de citas'!$AF:$AF,""<2"")"
LEGACY::REMASEP_OD::G73,REMASEP_OD,G73,BASE_AGGREGATION,,"=COUNTIFS('Atenciones - Detalles de citas'!$AE:$AE,""*INSTALACIÓN CORONA DEFINITIVA SOBRE IMPLANTE*""&""*Mujer*"",'Atenciones - Detalles de citas'!$AF:$AF,""<2"")"
LEGACY::REMASEP_OD::G74,REMASEP_OD,G74,BASE_AGGREGATION,,"=COUNTIFS('Atenciones - Detalles de citas'!$AE:$AE,""*AMALGAMA*""&""*Mujer*"",'Atenciones - Detalles de citas'!$AF:$AF,""<2"")"
LEGACY::REMASEP_OD::G8,REMASEP_OD,G8,BASE_AGGREGATION,,"=COUNTIFS('Atenciones - Detalles de citas'!$AD:$AD,$A8&""Mujer"",'Atenciones - Detalles de citas'!$AF:$AF,""<2"")"
LEGACY::REMASEP_OD::G89,REMASEP_OD,G89,BASE_AGGREGATION,,"=COUNTIFS('Atenciones - Detalles de citas'!$AE:$AE,""*5009002 - DESGASTE SELECTIVO*""&""*Mujer*"",'Atenciones - Detalles de citas'!$AF:$AF,""<2"")"
LEGACY::REMASEP_OD::G9,REMASEP_OD,G9,BASE_AGGREGATION,,"=COUNTIFS('Atenciones - Detalles de citas'!$AD:$AD,$A9&""Mujer"",'Atenciones - Detalles de citas'!$AF:$AF,""<2"")"
LEGACY::REMASEP_OD::G90,REMASEP_OD,G90,BASE_AGGREGATION,,"=COUNTIFS('Atenciones - Detalles de citas'!$AL:$AL,""1""&""Mujer"",'Atenciones - Detalles de citas'!$AF:$AF,""<2"")"
LEGACY::REMASEP_OD::H10,REMASEP_OD,H10,BASE_AGGREGATION,,"=COUNTIFS('Atenciones - Detalles de citas'!$AH:$AH,$A10&""Hombre"",'Atenciones - Detalles de citas'!$AF:$AF,""=2"")"
LEGACY::REMASEP_OD::H13,REMASEP_OD,H13,BASE_AGGREGATION,,"=COUNTIFS('Atenciones - Detalles de citas'!$AE:$AE,""*5001005 - SELLANTES*""&""*Hombre*"",'Atenciones - Detalles de citas'!$AF:$AF,""=2"")"
LEGACY::REMASEP_OD::H14,REMASEP_OD,H14,BASE_AGGREGATION,,"=COUNTIFS('Atenciones - Detalles de citas'!$AE:$AE,""*50010112 - INSTRUCCIÓN DE HIGIENE ORAL*""&""*Hombre*"",'Atenciones - Detalles de citas'!$AF:$AF,""=2"")"
LEGACY::REMASEP_OD::H16,REMASEP_OD,H16,BASE_AGGREGATION,,"=COUNTIFS('Atenciones - Detalles de citas'!$AE:$AE,""*5010011 - PROFILAXIS*""&""*Hombre*"",'Atenciones - Detalles de citas'!$AF:$AF,""=2"")"
LEGACY::REMASEP_OD::H17,REMASEP_OD,H17,BASE_AGGREGATION,,"=COUNTIFS('Atenciones - Detalles de citas'!$AE:$AE,""*5001016 - FLUOR*""&""*Hombre*"",'Atenciones - Detalles de citas'!$AF:$AF,""=2"")"
LEGACY::REMASEP_OD::H24,REMASEP_OD,H24,BASE_AGGREGATION,,"=COUNTIFS('Atenciones - Detalles de citas'!$AE:$AE,""*5012021 - DESTARTRAJE*""&""*Odontología General*""&""*Hombre*"",'Atenciones - Detalles de citas'!$AF:$AF,""=2"")"
LEGACY::REMASEP_OD::H28,REMASEP_OD,H28,BASE_AGGREGATION,,"=COUNTIFS('Atenciones - Detalles de citas'!$AE:$AE,""*COMPOSITE*""&""*Odontología General*""&""*Hombre*"",'Atenciones - Detalles de citas'!$AF:$AF,""=2"")"
LEGACY::REMASEP_OD::H30,REMASEP_OD,H30,BASE_AGGREGATION,,"=COUNTIFS('Atenciones - Detalles de citas'!$AE:$AE,""*5010009 - VIDRIO IONÓMERO*""&""*Odontología General*""&""*Hombre*"",'Atenciones - Detalles de citas'!$AF:$AF,""=2"")"
LEGACY::REMASEP_OD::H40,REMASEP_OD,H40,BASE_AGGREGATION,,"=COUNTIFS('Atenciones - Detalles de citas'!$AI:$AI,""*evaluacion odon esp*""&""*Hombre*"",'Atenciones - Detalles de citas'!$AF:$AF,""=2"")"
LEGACY::REMASEP_OD::H46,REMASEP_OD,H46,DERIVED_AGGREGATION,H30,"=COUNTIFS('Atenciones - Detalles de citas'!$AE:$AE,""*5010009 - VIDRIO IONÓMERO*""&""*Hombre*"",'Atenciones - Detalles de citas'!$AF:$AF,""=2"")-H30"
LEGACY::REMASEP_OD::H47,REMASEP_OD,H47,BASE_AGGREGATION,,"=COUNTIFS('Atenciones - Detalles de citas'!$AE:$AE,""*5005008 - CEMENTACIÓN CARILLA RESINA INDIRECTA*""&""*Hombre*"",'Atenciones - Detalles de citas'!$AF:$AF,""=2"")"
LEGACY::REMASEP_OD::H48,REMASEP_OD,H48,BASE_AGGREGATION,,"=COUNTIFS('Atenciones - Detalles de citas'!$AE:$AE,""*INSTALACIÓN APARATO REMOVIBLE*""&""*Hombre*"",'Atenciones - Detalles de citas'!$AF:$AF,""=2"")"
LEGACY::REMASEP_OD::H49,REMASEP_OD,H49,BASE_AGGREGATION,,"=COUNTIFS('Atenciones - Detalles de citas'!$AE:$AE,""*5004001 - INSTALACIÓN APARATO FIJO SUP O INF*""&""*Hombre*"",'Atenciones - Detalles de citas'!$AF:$AF,""=2"")"
LEGACY::REMASEP_OD::H50,REMASEP_OD,H50,BASE_AGGREGATION,,"=COUNTIFS('Atenciones - Detalles de citas'!$AE:$AE,""*INSTALACIÓN CONTENCION*""&""*Hombre*"",'Atenciones - Detalles de citas'!$AF:$AF,""=2"")"
LEGACY::REMASEP_OD::H51,REMASEP_OD,H51,BASE_AGGREGATION,,"=COUNTIFS('Atenciones - Detalles de citas'!$AE:$AE,""*5004018 - RETIRO APARATO FIJO-LIMPIEZA-IMPRESIÓN*""&""*Hombre*"",'Atenciones - Detalles de citas'!$AF:$AF,""=2"")"
LEGACY::REMASEP_OD::H52,REMASEP_OD,H52,BASE_AGGREGATION,,"=COUNTIFS('Atenciones - Detalles de citas'!$AE:$AE,""*5004020 - CONTROL ORTODONCIA QUIRÚRGICO*""&""*Hombre*"",'Atenciones - Detalles de citas'!$AF:$AF,""=2"")"
LEGACY::REMASEP_OD::H53,REMASEP_OD,H53,BASE_AGGREGATION,,"=COUNTIFS('Atenciones - Detalles de citas'!$AK:$AK,""*1*""&""*Hombre*"",'Atenciones - Detalles de citas'!$AF:$AF,""=2"")"
LEGACY::REMASEP_OD::H54,REMASEP_OD,H54,BASE_AGGREGATION,,"=COUNTIFS('Atenciones - Detalles de citas'!$AJ:$AJ,""1""&""Hombre"",'Atenciones - Detalles de citas'!$AF:$AF,""=2"")"
LEGACY::REMASEP_OD::H62,REMASEP_OD,H62,DERIVED_AGGREGATION,H28,"=COUNTIFS('Atenciones - Detalles de citas'!$AE:$AE,""*COMPOSITE*""&""*Hombre*"",'Atenciones - Detalles de citas'!$AF:$AF,""=2"")-H28"
LEGACY::REMASEP_OD::H63,REMASEP_OD,H63,BASE_AGGREGATION,,"=COUNTIFS('Atenciones - Detalles de citas'!$AE:$AE,""*5010023 - PULPECTOMIA*""&""*Odontopediatría*""&""*Hombre*"",'Atenciones - Detalles de citas'!$AF:$AF,""=2"")+COUNTIFS('Atenciones - Detalles de citas'!$AE:$AE,""*5010003 - PULPOTOMIA*""&""*Odontopediatría*""&""*Hombre*"",'Atenciones - Detalles de citas'!$AF:$AF,""=2"")"
LEGACY::REMASEP_OD::H65,REMASEP_OD,H65,DERIVED_AGGREGATION,H24,"=COUNTIFS('Atenciones - Detalles de citas'!$AE:$AE,""*DESTARTRAJE*""&""*Hombre*"",'Atenciones - Detalles de citas'!$AF:$AF,""=2"")-H24"
LEGACY::REMASEP_OD::H66,REMASEP_OD,H66,BASE_AGGREGATION,,"=COUNTIFS('Atenciones - Detalles de citas'!$AE:$AE,""*AMALGAMA*""&""*Hombre*"",'Atenciones - Detalles de citas'!$AF:$AF,""=2"")"
LEGACY::REMASEP_OD::H70,REMASEP_OD,H70,BASE_AGGREGATION,,"=COUNTIFS('Atenciones - Detalles de citas'!$AE:$AE,""*INSTALACIÓN PRÓTESIS TOTAL ACRÍLICA SUP O INF*""&""*Hombre*"",'Atenciones - Detalles de citas'!$AF:$AF,""=2"")"
LEGACY::REMASEP_OD::H71,REMASEP_OD,H71,BASE_AGGREGATION,,"=COUNTIFS('Atenciones - Detalles de citas'!$AE:$AE,""*INSTALACIÓN PRÓTESIS PARCIAL METÁLICA SUP O INF*""&""*Hombre*"",'Atenciones - Detalles de citas'!$AF:$AF,""=2"")"
LEGACY::REMASEP_OD::H72,REMASEP_OD,H72,BASE_AGGREGATION,,"=COUNTIFS('Atenciones - Detalles de citas'!$AE:$AE,""*CEMENTACIÓN PRÓTESIS FIJA SOBRE DIENTE*""&""*Hombre*"",'Atenciones - Detalles de citas'!$AF:$AF,""=2"")"
LEGACY::REMASEP_OD::H73,REMASEP_OD,H73,BASE_AGGREGATION,,"=COUNTIFS('Atenciones - Detalles de citas'!$AE:$AE,""*INSTALACIÓN CORONA DEFINITIVA SOBRE IMPLANTE*""&""*Hombre*"",'Atenciones - Detalles de citas'!$AF:$AF,""=2"")"
LEGACY::REMASEP_OD::H74,REMASEP_OD,H74,BASE_AGGREGATION,,"=COUNTIFS('Atenciones - Detalles de citas'!$AE:$AE,""*AMALGAMA*""&""*Hombre*"",'Atenciones - Detalles de citas'!$AF:$AF,""=2"")"
LEGACY::REMASEP_OD::H8,REMASEP_OD,H8,BASE_AGGREGATION,,"=COUNTIFS('Atenciones - Detalles de citas'!$AD:$AD,$A8&""Hombre"",'Atenciones - Detalles de citas'!$AF:$AF,""=2"")"
LEGACY::REMASEP_OD::H89,REMASEP_OD,H89,BASE_AGGREGATION,,"=COUNTIFS('Atenciones - Detalles de citas'!$AE:$AE,""*5009002 - DESGASTE SELECTIVO*""&""*Hombre*"",'Atenciones - Detalles de citas'!$AF:$AF,""=2"")"
LEGACY::REMASEP_OD::H9,REMASEP_OD,H9,BASE_AGGREGATION,,"=COUNTIFS('Atenciones - Detalles de citas'!$AD:$AD,$A9&""Hombre"",'Atenciones - Detalles de citas'!$AF:$AF,""=2"")"
LEGACY::REMASEP_OD::H90,REMASEP_OD,H90,BASE_AGGREGATION,,"=COUNTIFS('Atenciones - Detalles de citas'!$AL:$AL,""1""&""Hombre"",'Atenciones - Detalles de citas'!$AF:$AF,""=2"")"
LEGACY::REMASEP_OD::I10,REMASEP_OD,I10,BASE_AGGREGATION,,"=COUNTIFS('Atenciones - Detalles de citas'!$AH:$AH,$A10&""Mujer"",'Atenciones - Detalles de citas'!$AF:$AF,""=2"")"
LEGACY::REMASEP_OD::I13,REMASEP_OD,I13,BASE_AGGREGATION,,"=COUNTIFS('Atenciones - Detalles de citas'!$AE:$AE,""*5001005 - SELLANTES*""&""*Mujer*"",'Atenciones - Detalles de citas'!$AF:$AF,""=2"")"
LEGACY::REMASEP_OD::I14,REMASEP_OD,I14,BASE_AGGREGATION,,"=COUNTIFS('Atenciones - Detalles de citas'!$AE:$AE,""*50010112 - INSTRUCCIÓN DE HIGIENE ORAL*""&""*Mujer*"",'Atenciones - Detalles de citas'!$AF:$AF,""=2"")"
LEGACY::REMASEP_OD::I16,REMASEP_OD,I16,BASE_AGGREGATION,,"=COUNTIFS('Atenciones - Detalles de citas'!$AE:$AE,""*5010011 - PROFILAXIS*""&""*Mujer*"",'Atenciones - Detalles de citas'!$AF:$AF,""=2"")"
LEGACY::REMASEP_OD::I17,REMASEP_OD,I17,BASE_AGGREGATION,,"=COUNTIFS('Atenciones - Detalles de citas'!$AE:$AE,""*5001016 - FLUOR*""&""*Mujer*"",'Atenciones - Detalles de citas'!$AF:$AF,""=2"")"
LEGACY::REMASEP_OD::I24,REMASEP_OD,I24,BASE_AGGREGATION,,"=COUNTIFS('Atenciones - Detalles de citas'!$AE:$AE,""*5012021 - DESTARTRAJE*""&""*Odontología General*""&""*Mujer*"",'Atenciones - Detalles de citas'!$AF:$AF,""=2"")"
LEGACY::REMASEP_OD::I28,REMASEP_OD,I28,BASE_AGGREGATION,,"=COUNTIFS('Atenciones - Detalles de citas'!$AE:$AE,""*COMPOSITE*""&""*Odontología General*""&""*Mujer*"",'Atenciones - Detalles de citas'!$AF:$AF,""=2"")"
LEGACY::REMASEP_OD::I30,REMASEP_OD,I30,BASE_AGGREGATION,,"=COUNTIFS('Atenciones - Detalles de citas'!$AE:$AE,""*5010009 - VIDRIO IONÓMERO*""&""*Odontología General*""&""*Mujer*"",'Atenciones - Detalles de citas'!$AF:$AF,""=2"")"
LEGACY::REMASEP_OD::I40,REMASEP_OD,I40,BASE_AGGREGATION,,"=COUNTIFS('Atenciones - Detalles de citas'!$AI:$AI,""*evaluacion odon esp*""&""*Mujer*"",'Atenciones - Detalles de citas'!$AF:$AF,""=2"")"
LEGACY::REMASEP_OD::I46,REMASEP_OD,I46,DERIVED_AGGREGATION,I30,"=COUNTIFS('Atenciones - Detalles de citas'!$AE:$AE,""*5010009 - VIDRIO IONÓMERO*""&""*Mujer*"",'Atenciones - Detalles de citas'!$AF:$AF,""=2"")-I30"
LEGACY::REMASEP_OD::I47,REMASEP_OD,I47,BASE_AGGREGATION,,"=COUNTIFS('Atenciones - Detalles de citas'!$AE:$AE,""*5005008 - CEMENTACIÓN CARILLA RESINA INDIRECTA*""&""*Mujer*"",'Atenciones - Detalles de citas'!$AF:$AF,""=2"")"
LEGACY::REMASEP_OD::I48,REMASEP_OD,I48,BASE_AGGREGATION,,"=COUNTIFS('Atenciones - Detalles de citas'!$AE:$AE,""*INSTALACIÓN APARATO REMOVIBLE*""&""*Mujer*"",'Atenciones - Detalles de citas'!$AF:$AF,""=2"")"
LEGACY::REMASEP_OD::I49,REMASEP_OD,I49,BASE_AGGREGATION,,"=COUNTIFS('Atenciones - Detalles de citas'!$AE:$AE,""*5004001 - INSTALACIÓN APARATO FIJO SUP O INF*""&""*Mujer*"",'Atenciones - Detalles de citas'!$AF:$AF,""=2"")"
LEGACY::REMASEP_OD::I50,REMASEP_OD,I50,BASE_AGGREGATION,,"=COUNTIFS('Atenciones - Detalles de citas'!$AE:$AE,""*INSTALACIÓN CONTENCION*""&""*Mujer*"",'Atenciones - Detalles de citas'!$AF:$AF,""=2"")"
LEGACY::REMASEP_OD::I51,REMASEP_OD,I51,BASE_AGGREGATION,,"=COUNTIFS('Atenciones - Detalles de citas'!$AE:$AE,""*5004018 - RETIRO APARATO FIJO-LIMPIEZA-IMPRESIÓN*""&""*Mujer*"",'Atenciones - Detalles de citas'!$AF:$AF,""=2"")"
LEGACY::REMASEP_OD::I52,REMASEP_OD,I52,BASE_AGGREGATION,,"=COUNTIFS('Atenciones - Detalles de citas'!$AE:$AE,""*5004020 - CONTROL ORTODONCIA QUIRÚRGICO*""&""*Mujer*"",'Atenciones - Detalles de citas'!$AF:$AF,""=2"")"
LEGACY::REMASEP_OD::I53,REMASEP_OD,I53,BASE_AGGREGATION,,"=COUNTIFS('Atenciones - Detalles de citas'!$AK:$AK,""*1*""&""*Mujer*"",'Atenciones - Detalles de citas'!$AF:$AF,""=2"")"
LEGACY::REMASEP_OD::I54,REMASEP_OD,I54,BASE_AGGREGATION,,"=COUNTIFS('Atenciones - Detalles de citas'!$AJ:$AJ,""1""&""Mujer"",'Atenciones - Detalles de citas'!$AF:$AF,""=2"")"
LEGACY::REMASEP_OD::I62,REMASEP_OD,I62,DERIVED_AGGREGATION,I28,"=COUNTIFS('Atenciones - Detalles de citas'!$AE:$AE,""*COMPOSITE*""&""*Mujer*"",'Atenciones - Detalles de citas'!$AF:$AF,""=2"")-I28"
LEGACY::REMASEP_OD::I63,REMASEP_OD,I63,BASE_AGGREGATION,,"=COUNTIFS('Atenciones - Detalles de citas'!$AE:$AE,""*5010023 - PULPECTOMIA*""&""*Odontopediatría*""&""*Mujer*"",'Atenciones - Detalles de citas'!$AF:$AF,""=2"")+COUNTIFS('Atenciones - Detalles de citas'!$AE:$AE,""*5010003 - PULPOTOMIA*""&""*Odontopediatría*""&""*Mujer*"",'Atenciones - Detalles de citas'!$AF:$AF,""=2"")"
LEGACY::REMASEP_OD::I65,REMASEP_OD,I65,DERIVED_AGGREGATION,I24,"=COUNTIFS('Atenciones - Detalles de citas'!$AE:$AE,""*DESTARTRAJE*""&""*Mujer*"",'Atenciones - Detalles de citas'!$AF:$AF,""=2"")-I24"
LEGACY::REMASEP_OD::I66,REMASEP_OD,I66,BASE_AGGREGATION,,"=COUNTIFS('Atenciones - Detalles de citas'!$AE:$AE,""*AMALGAMA*""&""*Mujer*"",'Atenciones - Detalles de citas'!$AF:$AF,""=2"")"
LEGACY::REMASEP_OD::I70,REMASEP_OD,I70,BASE_AGGREGATION,,"=COUNTIFS('Atenciones - Detalles de citas'!$AE:$AE,""*INSTALACIÓN PRÓTESIS TOTAL ACRÍLICA SUP O INF*""&""*Mujer*"",'Atenciones - Detalles de citas'!$AF:$AF,""=2"")"
LEGACY::REMASEP_OD::I71,REMASEP_OD,I71,BASE_AGGREGATION,,"=COUNTIFS('Atenciones - Detalles de citas'!$AE:$AE,""*INSTALACIÓN PRÓTESIS PARCIAL METÁLICA SUP O INF*""&""*Mujer*"",'Atenciones - Detalles de citas'!$AF:$AF,""=2"")"
LEGACY::REMASEP_OD::I72,REMASEP_OD,I72,BASE_AGGREGATION,,"=COUNTIFS('Atenciones - Detalles de citas'!$AE:$AE,""*CEMENTACIÓN PRÓTESIS FIJA SOBRE DIENTE*""&""*Mujer*"",'Atenciones - Detalles de citas'!$AF:$AF,""=2"")"
LEGACY::REMASEP_OD::I73,REMASEP_OD,I73,BASE_AGGREGATION,,"=COUNTIFS('Atenciones - Detalles de citas'!$AE:$AE,""*INSTALACIÓN CORONA DEFINITIVA SOBRE IMPLANTE*""&""*Mujer*"",'Atenciones - Detalles de citas'!$AF:$AF,""=2"")"
LEGACY::REMASEP_OD::I74,REMASEP_OD,I74,BASE_AGGREGATION,,"=COUNTIFS('Atenciones - Detalles de citas'!$AE:$AE,""*AMALGAMA*""&""*Mujer*"",'Atenciones - Detalles de citas'!$AF:$AF,""=2"")"
LEGACY::REMASEP_OD::I8,REMASEP_OD,I8,BASE_AGGREGATION,,"=COUNTIFS('Atenciones - Detalles de citas'!$AD:$AD,$A8&""Mujer"",'Atenciones - Detalles de citas'!$AF:$AF,""=2"")"
LEGACY::REMASEP_OD::I89,REMASEP_OD,I89,BASE_AGGREGATION,,"=COUNTIFS('Atenciones - Detalles de citas'!$AE:$AE,""*5009002 - DESGASTE SELECTIVO*""&""*Mujer*"",'Atenciones - Detalles de citas'!$AF:$AF,""=2"")"
LEGACY::REMASEP_OD::I9,REMASEP_OD,I9,BASE_AGGREGATION,,"=COUNTIFS('Atenciones - Detalles de citas'!$AD:$AD,$A9&""Mujer"",'Atenciones - Detalles de citas'!$AF:$AF,""=2"")"
LEGACY::REMASEP_OD::I90,REMASEP_OD,I90,BASE_AGGREGATION,,"=COUNTIFS('Atenciones - Detalles de citas'!$AL:$AL,""1""&""Mujer"",'Atenciones - Detalles de citas'!$AF:$AF,""=2"")"
LEGACY::REMASEP_OD::J10,REMASEP_OD,J10,BASE_AGGREGATION,,"=COUNTIFS('Atenciones - Detalles de citas'!$AH:$AH,$A10&""Hombre"",'Atenciones - Detalles de citas'!$AF:$AF,""=3"")"
LEGACY::REMASEP_OD::J13,REMASEP_OD,J13,BASE_AGGREGATION,,"=COUNTIFS('Atenciones - Detalles de citas'!$AE:$AE,""*5001005 - SELLANTES*""&""*Hombre*"",'Atenciones - Detalles de citas'!$AF:$AF,""=3"")"
LEGACY::REMASEP_OD::J14,REMASEP_OD,J14,BASE_AGGREGATION,,"=COUNTIFS('Atenciones - Detalles de citas'!$AE:$AE,""*50010112 - INSTRUCCIÓN DE HIGIENE ORAL*""&""*Hombre*"",'Atenciones - Detalles de citas'!$AF:$AF,""=3"")"
LEGACY::REMASEP_OD::J16,REMASEP_OD,J16,BASE_AGGREGATION,,"=COUNTIFS('Atenciones - Detalles de citas'!$AE:$AE,""*5010011 - PROFILAXIS*""&""*Hombre*"",'Atenciones - Detalles de citas'!$AF:$AF,""=3"")"
LEGACY::REMASEP_OD::J17,REMASEP_OD,J17,BASE_AGGREGATION,,"=COUNTIFS('Atenciones - Detalles de citas'!$AE:$AE,""*5001016 - FLUOR*""&""*Hombre*"",'Atenciones - Detalles de citas'!$AF:$AF,""=3"")"
LEGACY::REMASEP_OD::J24,REMASEP_OD,J24,BASE_AGGREGATION,,"=COUNTIFS('Atenciones - Detalles de citas'!$AE:$AE,""*5012021 - DESTARTRAJE*""&""*Odontología General*""&""*Hombre*"",'Atenciones - Detalles de citas'!$AF:$AF,""=3"")"
LEGACY::REMASEP_OD::J28,REMASEP_OD,J28,BASE_AGGREGATION,,"=COUNTIFS('Atenciones - Detalles de citas'!$AE:$AE,""*COMPOSITE*""&""*Odontología General*""&""*Hombre*"",'Atenciones - Detalles de citas'!$AF:$AF,""=3"")"
LEGACY::REMASEP_OD::J30,REMASEP_OD,J30,BASE_AGGREGATION,,"=COUNTIFS('Atenciones - Detalles de citas'!$AE:$AE,""*5010009 - VIDRIO IONÓMERO*""&""*Odontología General*""&""*Hombre*"",'Atenciones - Detalles de citas'!$AF:$AF,""=3"")"
LEGACY::REMASEP_OD::J40,REMASEP_OD,J40,BASE_AGGREGATION,,"=COUNTIFS('Atenciones - Detalles de citas'!$AI:$AI,""*evaluacion odon esp*""&""*Hombre*"",'Atenciones - Detalles de citas'!$AF:$AF,""=3"")"
LEGACY::REMASEP_OD::J46,REMASEP_OD,J46,DERIVED_AGGREGATION,J30,"=COUNTIFS('Atenciones - Detalles de citas'!$AE:$AE,""*5010009 - VIDRIO IONÓMERO*""&""*Hombre*"",'Atenciones - Detalles de citas'!$AF:$AF,""=3"")-J30"
LEGACY::REMASEP_OD::J47,REMASEP_OD,J47,BASE_AGGREGATION,,"=COUNTIFS('Atenciones - Detalles de citas'!$AE:$AE,""*5005008 - CEMENTACIÓN CARILLA RESINA INDIRECTA*""&""*Hombre*"",'Atenciones - Detalles de citas'!$AF:$AF,""=3"")"
LEGACY::REMASEP_OD::J48,REMASEP_OD,J48,BASE_AGGREGATION,,"=COUNTIFS('Atenciones - Detalles de citas'!$AE:$AE,""*INSTALACIÓN APARATO REMOVIBLE*""&""*Hombre*"",'Atenciones - Detalles de citas'!$AF:$AF,""=3"")"
LEGACY::REMASEP_OD::J49,REMASEP_OD,J49,BASE_AGGREGATION,,"=COUNTIFS('Atenciones - Detalles de citas'!$AE:$AE,""*5004001 - INSTALACIÓN APARATO FIJO SUP O INF*""&""*Hombre*"",'Atenciones - Detalles de citas'!$AF:$AF,""=3"")"
LEGACY::REMASEP_OD::J50,REMASEP_OD,J50,BASE_AGGREGATION,,"=COUNTIFS('Atenciones - Detalles de citas'!$AE:$AE,""*INSTALACIÓN CONTENCION*""&""*Hombre*"",'Atenciones - Detalles de citas'!$AF:$AF,""=3"")"
LEGACY::REMASEP_OD::J51,REMASEP_OD,J51,BASE_AGGREGATION,,"=COUNTIFS('Atenciones - Detalles de citas'!$AE:$AE,""*5004018 - RETIRO APARATO FIJO-LIMPIEZA-IMPRESIÓN*""&""*Hombre*"",'Atenciones - Detalles de citas'!$AF:$AF,""=3"")"
LEGACY::REMASEP_OD::J52,REMASEP_OD,J52,BASE_AGGREGATION,,"=COUNTIFS('Atenciones - Detalles de citas'!$AE:$AE,""*5004020 - CONTROL ORTODONCIA QUIRÚRGICO*""&""*Hombre*"",'Atenciones - Detalles de citas'!$AF:$AF,""=3"")"
LEGACY::REMASEP_OD::J53,REMASEP_OD,J53,BASE_AGGREGATION,,"=COUNTIFS('Atenciones - Detalles de citas'!$AK:$AK,""*1*""&""*Hombre*"",'Atenciones - Detalles de citas'!$AF:$AF,""=3"")"
LEGACY::REMASEP_OD::J54,REMASEP_OD,J54,BASE_AGGREGATION,,"=COUNTIFS('Atenciones - Detalles de citas'!$AJ:$AJ,""1""&""Hombre"",'Atenciones - Detalles de citas'!$AF:$AF,""=3"")"
LEGACY::REMASEP_OD::J62,REMASEP_OD,J62,DERIVED_AGGREGATION,J28,"=COUNTIFS('Atenciones - Detalles de citas'!$AE:$AE,""*COMPOSITE*""&""*Hombre*"",'Atenciones - Detalles de citas'!$AF:$AF,""=3"")-J28"
LEGACY::REMASEP_OD::J63,REMASEP_OD,J63,BASE_AGGREGATION,,"=COUNTIFS('Atenciones - Detalles de citas'!$AE:$AE,""*5010023 - PULPECTOMIA*""&""*Odontopediatría*""&""*Hombre*"",'Atenciones - Detalles de citas'!$AF:$AF,""=3"")+COUNTIFS('Atenciones - Detalles de citas'!$AE:$AE,""*5010003 - PULPOTOMIA*""&""*Odontopediatría*""&""*Hombre*"",'Atenciones - Detalles de citas'!$AF:$AF,""=3"")"
LEGACY::REMASEP_OD::J65,REMASEP_OD,J65,DERIVED_AGGREGATION,J24,"=COUNTIFS('Atenciones - Detalles de citas'!$AE:$AE,""*DESTARTRAJE*""&""*Hombre*"",'Atenciones - Detalles de citas'!$AF:$AF,""=3"")-J24"
LEGACY::REMASEP_OD::J66,REMASEP_OD,J66,BASE_AGGREGATION,,"=COUNTIFS('Atenciones - Detalles de citas'!$AE:$AE,""*AMALGAMA*""&""*Hombre*"",'Atenciones - Detalles de citas'!$AF:$AF,""=3"")"
LEGACY::REMASEP_OD::J70,REMASEP_OD,J70,BASE_AGGREGATION,,"=COUNTIFS('Atenciones - Detalles de citas'!$AE:$AE,""*INSTALACIÓN PRÓTESIS TOTAL ACRÍLICA SUP O INF*""&""*Hombre*"",'Atenciones - Detalles de citas'!$AF:$AF,""=3"")"
LEGACY::REMASEP_OD::J71,REMASEP_OD,J71,BASE_AGGREGATION,,"=COUNTIFS('Atenciones - Detalles de citas'!$AE:$AE,""*INSTALACIÓN PRÓTESIS PARCIAL METÁLICA SUP O INF*""&""*Hombre*"",'Atenciones - Detalles de citas'!$AF:$AF,""=3"")"
LEGACY::REMASEP_OD::J72,REMASEP_OD,J72,BASE_AGGREGATION,,"=COUNTIFS('Atenciones - Detalles de citas'!$AE:$AE,""*CEMENTACIÓN PRÓTESIS FIJA SOBRE DIENTE*""&""*Hombre*"",'Atenciones - Detalles de citas'!$AF:$AF,""=3"")"
LEGACY::REMASEP_OD::J73,REMASEP_OD,J73,BASE_AGGREGATION,,"=COUNTIFS('Atenciones - Detalles de citas'!$AE:$AE,""*INSTALACIÓN CORONA DEFINITIVA SOBRE IMPLANTE*""&""*Hombre*"",'Atenciones - Detalles de citas'!$AF:$AF,""=3"")"
LEGACY::REMASEP_OD::J74,REMASEP_OD,J74,BASE_AGGREGATION,,"=COUNTIFS('Atenciones - Detalles de citas'!$AE:$AE,""*AMALGAMA*""&""*Hombre*"",'Atenciones - Detalles de citas'!$AF:$AF,""=3"")"
LEGACY::REMASEP_OD::J8,REMASEP_OD,J8,BASE_AGGREGATION,,"=COUNTIFS('Atenciones - Detalles de citas'!$AD:$AD,$A8&""Hombre"",'Atenciones - Detalles de citas'!$AF:$AF,""=3"")"
LEGACY::REMASEP_OD::J89,REMASEP_OD,J89,BASE_AGGREGATION,,"=COUNTIFS('Atenciones - Detalles de citas'!$AE:$AE,""*5009002 - DESGASTE SELECTIVO*""&""*Hombre*"",'Atenciones - Detalles de citas'!$AF:$AF,""=3"")"
LEGACY::REMASEP_OD::J9,REMASEP_OD,J9,BASE_AGGREGATION,,"=COUNTIFS('Atenciones - Detalles de citas'!$AD:$AD,$A9&""Hombre"",'Atenciones - Detalles de citas'!$AF:$AF,""=3"")"
LEGACY::REMASEP_OD::J90,REMASEP_OD,J90,BASE_AGGREGATION,,"=COUNTIFS('Atenciones - Detalles de citas'!$AL:$AL,""1""&""Hombre"",'Atenciones - Detalles de citas'!$AF:$AF,""=3"")"
LEGACY::REMASEP_OD::K10,REMASEP_OD,K10,BASE_AGGREGATION,,"=COUNTIFS('Atenciones - Detalles de citas'!$AH:$AH,$A10&""Mujer"",'Atenciones - Detalles de citas'!$AF:$AF,""=3"")"
LEGACY::REMASEP_OD::K13,REMASEP_OD,K13,BASE_AGGREGATION,,"=COUNTIFS('Atenciones - Detalles de citas'!$AE:$AE,""*5001005 - SELLANTES*""&""*Mujer*"",'Atenciones - Detalles de citas'!$AF:$AF,""=3"")"
LEGACY::REMASEP_OD::K14,REMASEP_OD,K14,BASE_AGGREGATION,,"=COUNTIFS('Atenciones - Detalles de citas'!$AE:$AE,""*50010112 - INSTRUCCIÓN DE HIGIENE ORAL*""&""*Mujer*"",'Atenciones - Detalles de citas'!$AF:$AF,""=3"")"
LEGACY::REMASEP_OD::K16,REMASEP_OD,K16,BASE_AGGREGATION,,"=COUNTIFS('Atenciones - Detalles de citas'!$AE:$AE,""*5010011 - PROFILAXIS*""&""*Mujer*"",'Atenciones - Detalles de citas'!$AF:$AF,""=3"")"
LEGACY::REMASEP_OD::K17,REMASEP_OD,K17,BASE_AGGREGATION,,"=COUNTIFS('Atenciones - Detalles de citas'!$AE:$AE,""*5001016 - FLUOR*""&""*Mujer*"",'Atenciones - Detalles de citas'!$AF:$AF,""=3"")"
LEGACY::REMASEP_OD::K24,REMASEP_OD,K24,BASE_AGGREGATION,,"=COUNTIFS('Atenciones - Detalles de citas'!$AE:$AE,""*5012021 - DESTARTRAJE*""&""*Odontología General*""&""*Mujer*"",'Atenciones - Detalles de citas'!$AF:$AF,""=3"")"
LEGACY::REMASEP_OD::K28,REMASEP_OD,K28,BASE_AGGREGATION,,"=COUNTIFS('Atenciones - Detalles de citas'!$AE:$AE,""*COMPOSITE*""&""*Odontología General*""&""*Mujer*"",'Atenciones - Detalles de citas'!$AF:$AF,""=3"")"
LEGACY::REMASEP_OD::K30,REMASEP_OD,K30,BASE_AGGREGATION,,"=COUNTIFS('Atenciones - Detalles de citas'!$AE:$AE,""*5010009 - VIDRIO IONÓMERO*""&""*Odontología General*""&""*Mujer*"",'Atenciones - Detalles de citas'!$AF:$AF,""=3"")"
LEGACY::REMASEP_OD::K40,REMASEP_OD,K40,BASE_AGGREGATION,,"=COUNTIFS('Atenciones - Detalles de citas'!$AI:$AI,""*evaluacion odon esp*""&""*Mujer*"",'Atenciones - Detalles de citas'!$AF:$AF,""=3"")"
LEGACY::REMASEP_OD::K46,REMASEP_OD,K46,DERIVED_AGGREGATION,K30,"=COUNTIFS('Atenciones - Detalles de citas'!$AE:$AE,""*5010009 - VIDRIO IONÓMERO*""&""*Mujer*"",'Atenciones - Detalles de citas'!$AF:$AF,""=3"")-K30"
LEGACY::REMASEP_OD::K47,REMASEP_OD,K47,BASE_AGGREGATION,,"=COUNTIFS('Atenciones - Detalles de citas'!$AE:$AE,""*5005008 - CEMENTACIÓN CARILLA RESINA INDIRECTA*""&""*Mujer*"",'Atenciones - Detalles de citas'!$AF:$AF,""=3"")"
LEGACY::REMASEP_OD::K48,REMASEP_OD,K48,BASE_AGGREGATION,,"=COUNTIFS('Atenciones - Detalles de citas'!$AE:$AE,""*INSTALACIÓN APARATO REMOVIBLE*""&""*Mujer*"",'Atenciones - Detalles de citas'!$AF:$AF,""=3"")"
LEGACY::REMASEP_OD::K49,REMASEP_OD,K49,BASE_AGGREGATION,,"=COUNTIFS('Atenciones - Detalles de citas'!$AE:$AE,""*5004001 - INSTALACIÓN APARATO FIJO SUP O INF*""&""*Mujer*"",'Atenciones - Detalles de citas'!$AF:$AF,""=3"")"
LEGACY::REMASEP_OD::K50,REMASEP_OD,K50,BASE_AGGREGATION,,"=COUNTIFS('Atenciones - Detalles de citas'!$AE:$AE,""*INSTALACIÓN CONTENCION*""&""*Mujer*"",'Atenciones - Detalles de citas'!$AF:$AF,""=3"")"
LEGACY::REMASEP_OD::K51,REMASEP_OD,K51,BASE_AGGREGATION,,"=COUNTIFS('Atenciones - Detalles de citas'!$AE:$AE,""*5004018 - RETIRO APARATO FIJO-LIMPIEZA-IMPRESIÓN*""&""*Mujer*"",'Atenciones - Detalles de citas'!$AF:$AF,""=3"")"
LEGACY::REMASEP_OD::K52,REMASEP_OD,K52,BASE_AGGREGATION,,"=COUNTIFS('Atenciones - Detalles de citas'!$AE:$AE,""*5004020 - CONTROL ORTODONCIA QUIRÚRGICO*""&""*Mujer*"",'Atenciones - Detalles de citas'!$AF:$AF,""=3"")"
LEGACY::REMASEP_OD::K53,REMASEP_OD,K53,BASE_AGGREGATION,,"=COUNTIFS('Atenciones - Detalles de citas'!$AK:$AK,""*1*""&""*Mujer*"",'Atenciones - Detalles de citas'!$AF:$AF,""=3"")"
LEGACY::REMASEP_OD::K54,REMASEP_OD,K54,BASE_AGGREGATION,,"=COUNTIFS('Atenciones - Detalles de citas'!$AJ:$AJ,""1""&""Mujer"",'Atenciones - Detalles de citas'!$AF:$AF,""=3"")"
LEGACY::REMASEP_OD::K62,REMASEP_OD,K62,DERIVED_AGGREGATION,K28,"=COUNTIFS('Atenciones - Detalles de citas'!$AE:$AE,""*COMPOSITE*""&""*Mujer*"",'Atenciones - Detalles de citas'!$AF:$AF,""=3"")-K28"
LEGACY::REMASEP_OD::K63,REMASEP_OD,K63,BASE_AGGREGATION,,"=COUNTIFS('Atenciones - Detalles de citas'!$AE:$AE,""*5010023 - PULPECTOMIA*""&""*Odontopediatría*""&""*Mujer*"",'Atenciones - Detalles de citas'!$AF:$AF,""=3"")+COUNTIFS('Atenciones - Detalles de citas'!$AE:$AE,""*5010003 - PULPOTOMIA*""&""*Odontopediatría*""&""*Mujer*"",'Atenciones - Detalles de citas'!$AF:$AF,""=3"")"
LEGACY::REMASEP_OD::K65,REMASEP_OD,K65,DERIVED_AGGREGATION,K24,"=COUNTIFS('Atenciones - Detalles de citas'!$AE:$AE,""*DESTARTRAJE*""&""*Mujer*"",'Atenciones - Detalles de citas'!$AF:$AF,""=3"")-K24"
LEGACY::REMASEP_OD::K66,REMASEP_OD,K66,BASE_AGGREGATION,,"=COUNTIFS('Atenciones - Detalles de citas'!$AE:$AE,""*AMALGAMA*""&""*Mujer*"",'Atenciones - Detalles de citas'!$AF:$AF,""=3"")"
LEGACY::REMASEP_OD::K70,REMASEP_OD,K70,BASE_AGGREGATION,,"=COUNTIFS('Atenciones - Detalles de citas'!$AE:$AE,""*INSTALACIÓN PRÓTESIS TOTAL ACRÍLICA SUP O INF*""&""*Mujer*"",'Atenciones - Detalles de citas'!$AF:$AF,""=3"")"
LEGACY::REMASEP_OD::K71,REMASEP_OD,K71,BASE_AGGREGATION,,"=COUNTIFS('Atenciones - Detalles de citas'!$AE:$AE,""*INSTALACIÓN PRÓTESIS PARCIAL METÁLICA SUP O INF*""&""*Mujer*"",'Atenciones - Detalles de citas'!$AF:$AF,""=3"")"
LEGACY::REMASEP_OD::K72,REMASEP_OD,K72,BASE_AGGREGATION,,"=COUNTIFS('Atenciones - Detalles de citas'!$AE:$AE,""*CEMENTACIÓN PRÓTESIS FIJA SOBRE DIENTE*""&""*Mujer*"",'Atenciones - Detalles de citas'!$AF:$AF,""=3"")"
LEGACY::REMASEP_OD::K73,REMASEP_OD,K73,BASE_AGGREGATION,,"=COUNTIFS('Atenciones - Detalles de citas'!$AE:$AE,""*INSTALACIÓN CORONA DEFINITIVA SOBRE IMPLANTE*""&""*Mujer*"",'Atenciones - Detalles de citas'!$AF:$AF,""=3"")"
LEGACY::REMASEP_OD::K74,REMASEP_OD,K74,BASE_AGGREGATION,,"=COUNTIFS('Atenciones - Detalles de citas'!$AE:$AE,""*AMALGAMA*""&""*Mujer*"",'Atenciones - Detalles de citas'!$AF:$AF,""=3"")"
LEGACY::REMASEP_OD::K8,REMASEP_OD,K8,BASE_AGGREGATION,,"=COUNTIFS('Atenciones - Detalles de citas'!$AD:$AD,$A8&""Mujer"",'Atenciones - Detalles de citas'!$AF:$AF,""=3"")"
LEGACY::REMASEP_OD::K89,REMASEP_OD,K89,BASE_AGGREGATION,,"=COUNTIFS('Atenciones - Detalles de citas'!$AE:$AE,""*5009002 - DESGASTE SELECTIVO*""&""*Mujer*"",'Atenciones - Detalles de citas'!$AF:$AF,""=3"")"
LEGACY::REMASEP_OD::K9,REMASEP_OD,K9,BASE_AGGREGATION,,"=COUNTIFS('Atenciones - Detalles de citas'!$AD:$AD,$A9&""Mujer"",'Atenciones - Detalles de citas'!$AF:$AF,""=3"")"
LEGACY::REMASEP_OD::K90,REMASEP_OD,K90,BASE_AGGREGATION,,"=COUNTIFS('Atenciones - Detalles de citas'!$AL:$AL,""1""&""Mujer"",'Atenciones - Detalles de citas'!$AF:$AF,""=3"")"
LEGACY::REMASEP_OD::L10,REMASEP_OD,L10,BASE_AGGREGATION,,"=COUNTIFS('Atenciones - Detalles de citas'!$AH:$AH,$A10&""Hombre"",'Atenciones - Detalles de citas'!$AF:$AF,""=4"")"
LEGACY::REMASEP_OD::L13,REMASEP_OD,L13,BASE_AGGREGATION,,"=COUNTIFS('Atenciones - Detalles de citas'!$AE:$AE,""*5001005 - SELLANTES*""&""*Hombre*"",'Atenciones - Detalles de citas'!$AF:$AF,""=4"")"
LEGACY::REMASEP_OD::L14,REMASEP_OD,L14,BASE_AGGREGATION,,"=COUNTIFS('Atenciones - Detalles de citas'!$AE:$AE,""*50010112 - INSTRUCCIÓN DE HIGIENE ORAL*""&""*Hombre*"",'Atenciones - Detalles de citas'!$AF:$AF,""=4"")"
LEGACY::REMASEP_OD::L16,REMASEP_OD,L16,BASE_AGGREGATION,,"=COUNTIFS('Atenciones - Detalles de citas'!$AE:$AE,""*5010011 - PROFILAXIS*""&""*Hombre*"",'Atenciones - Detalles de citas'!$AF:$AF,""=4"")"
LEGACY::REMASEP_OD::L17,REMASEP_OD,L17,BASE_AGGREGATION,,"=COUNTIFS('Atenciones - Detalles de citas'!$AE:$AE,""*5001016 - FLUOR*""&""*Hombre*"",'Atenciones - Detalles de citas'!$AF:$AF,""=4"")"
LEGACY::REMASEP_OD::L24,REMASEP_OD,L24,BASE_AGGREGATION,,"=COUNTIFS('Atenciones - Detalles de citas'!$AE:$AE,""*5012021 - DESTARTRAJE*""&""*Odontología General*""&""*Hombre*"",'Atenciones - Detalles de citas'!$AF:$AF,""=4"")"
LEGACY::REMASEP_OD::L28,REMASEP_OD,L28,BASE_AGGREGATION,,"=COUNTIFS('Atenciones - Detalles de citas'!$AE:$AE,""*COMPOSITE*""&""*Odontología General*""&""*Hombre*"",'Atenciones - Detalles de citas'!$AF:$AF,""=4"")"
LEGACY::REMASEP_OD::L30,REMASEP_OD,L30,BASE_AGGREGATION,,"=COUNTIFS('Atenciones - Detalles de citas'!$AE:$AE,""*5010009 - VIDRIO IONÓMERO*""&""*Odontología General*""&""*Hombre*"",'Atenciones - Detalles de citas'!$AF:$AF,""=4"")"
LEGACY::REMASEP_OD::L40,REMASEP_OD,L40,BASE_AGGREGATION,,"=COUNTIFS('Atenciones - Detalles de citas'!$AI:$AI,""*evaluacion odon esp*""&""*Hombre*"",'Atenciones - Detalles de citas'!$AF:$AF,""=4"")"
LEGACY::REMASEP_OD::L46,REMASEP_OD,L46,DERIVED_AGGREGATION,L30,"=COUNTIFS('Atenciones - Detalles de citas'!$AE:$AE,""*5010009 - VIDRIO IONÓMERO*""&""*Hombre*"",'Atenciones - Detalles de citas'!$AF:$AF,""=4"")-L30"
LEGACY::REMASEP_OD::L47,REMASEP_OD,L47,BASE_AGGREGATION,,"=COUNTIFS('Atenciones - Detalles de citas'!$AE:$AE,""*5005008 - CEMENTACIÓN CARILLA RESINA INDIRECTA*""&""*Hombre*"",'Atenciones - Detalles de citas'!$AF:$AF,""=4"")"
LEGACY::REMASEP_OD::L48,REMASEP_OD,L48,BASE_AGGREGATION,,"=COUNTIFS('Atenciones - Detalles de citas'!$AE:$AE,""*INSTALACIÓN APARATO REMOVIBLE*""&""*Hombre*"",'Atenciones - Detalles de citas'!$AF:$AF,""=4"")"
LEGACY::REMASEP_OD::L49,REMASEP_OD,L49,BASE_AGGREGATION,,"=COUNTIFS('Atenciones - Detalles de citas'!$AE:$AE,""*5004001 - INSTALACIÓN APARATO FIJO SUP O INF*""&""*Hombre*"",'Atenciones - Detalles de citas'!$AF:$AF,""=4"")"
LEGACY::REMASEP_OD::L50,REMASEP_OD,L50,BASE_AGGREGATION,,"=COUNTIFS('Atenciones - Detalles de citas'!$AE:$AE,""*INSTALACIÓN CONTENCION*""&""*Hombre*"",'Atenciones - Detalles de citas'!$AF:$AF,""=4"")"
LEGACY::REMASEP_OD::L51,REMASEP_OD,L51,BASE_AGGREGATION,,"=COUNTIFS('Atenciones - Detalles de citas'!$AE:$AE,""*5004018 - RETIRO APARATO FIJO-LIMPIEZA-IMPRESIÓN*""&""*Hombre*"",'Atenciones - Detalles de citas'!$AF:$AF,""=4"")"
LEGACY::REMASEP_OD::L52,REMASEP_OD,L52,BASE_AGGREGATION,,"=COUNTIFS('Atenciones - Detalles de citas'!$AE:$AE,""*5004020 - CONTROL ORTODONCIA QUIRÚRGICO*""&""*Hombre*"",'Atenciones - Detalles de citas'!$AF:$AF,""=4"")"
LEGACY::REMASEP_OD::L53,REMASEP_OD,L53,BASE_AGGREGATION,,"=COUNTIFS('Atenciones - Detalles de citas'!$AK:$AK,""*1*""&""*Hombre*"",'Atenciones - Detalles de citas'!$AF:$AF,""=4"")"
LEGACY::REMASEP_OD::L54,REMASEP_OD,L54,BASE_AGGREGATION,,"=COUNTIFS('Atenciones - Detalles de citas'!$AJ:$AJ,""1""&""Hombre"",'Atenciones - Detalles de citas'!$AF:$AF,""=4"")"
LEGACY::REMASEP_OD::L62,REMASEP_OD,L62,DERIVED_AGGREGATION,L28,"=COUNTIFS('Atenciones - Detalles de citas'!$AE:$AE,""*COMPOSITE*""&""*Hombre*"",'Atenciones - Detalles de citas'!$AF:$AF,""=4"")-L28"
LEGACY::REMASEP_OD::L63,REMASEP_OD,L63,BASE_AGGREGATION,,"=COUNTIFS('Atenciones - Detalles de citas'!$AE:$AE,""*5010023 - PULPECTOMIA*""&""*Odontopediatría*""&""*Hombre*"",'Atenciones - Detalles de citas'!$AF:$AF,""=4"")+COUNTIFS('Atenciones - Detalles de citas'!$AE:$AE,""*5010003 - PULPOTOMIA*""&""*Odontopediatría*""&""*Hombre*"",'Atenciones - Detalles de citas'!$AF:$AF,""=4"")"
LEGACY::REMASEP_OD::L65,REMASEP_OD,L65,DERIVED_AGGREGATION,L24,"=COUNTIFS('Atenciones - Detalles de citas'!$AE:$AE,""*DESTARTRAJE*""&""*Hombre*"",'Atenciones - Detalles de citas'!$AF:$AF,""=4"")-L24"
LEGACY::REMASEP_OD::L66,REMASEP_OD,L66,BASE_AGGREGATION,,"=COUNTIFS('Atenciones - Detalles de citas'!$AE:$AE,""*AMALGAMA*""&""*Hombre*"",'Atenciones - Detalles de citas'!$AF:$AF,""=4"")"
LEGACY::REMASEP_OD::L70,REMASEP_OD,L70,BASE_AGGREGATION,,"=COUNTIFS('Atenciones - Detalles de citas'!$AE:$AE,""*INSTALACIÓN PRÓTESIS TOTAL ACRÍLICA SUP O INF*""&""*Hombre*"",'Atenciones - Detalles de citas'!$AF:$AF,""=4"")"
LEGACY::REMASEP_OD::L71,REMASEP_OD,L71,BASE_AGGREGATION,,"=COUNTIFS('Atenciones - Detalles de citas'!$AE:$AE,""*INSTALACIÓN PRÓTESIS PARCIAL METÁLICA SUP O INF*""&""*Hombre*"",'Atenciones - Detalles de citas'!$AF:$AF,""=4"")"
LEGACY::REMASEP_OD::L72,REMASEP_OD,L72,BASE_AGGREGATION,,"=COUNTIFS('Atenciones - Detalles de citas'!$AE:$AE,""*CEMENTACIÓN PRÓTESIS FIJA SOBRE DIENTE*""&""*Hombre*"",'Atenciones - Detalles de citas'!$AF:$AF,""=4"")"
LEGACY::REMASEP_OD::L73,REMASEP_OD,L73,BASE_AGGREGATION,,"=COUNTIFS('Atenciones - Detalles de citas'!$AE:$AE,""*INSTALACIÓN CORONA DEFINITIVA SOBRE IMPLANTE*""&""*Hombre*"",'Atenciones - Detalles de citas'!$AF:$AF,""=4"")"
LEGACY::REMASEP_OD::L74,REMASEP_OD,L74,BASE_AGGREGATION,,"=COUNTIFS('Atenciones - Detalles de citas'!$AE:$AE,""*AMALGAMA*""&""*Hombre*"",'Atenciones - Detalles de citas'!$AF:$AF,""=4"")"
LEGACY::REMASEP_OD::L8,REMASEP_OD,L8,BASE_AGGREGATION,,"=COUNTIFS('Atenciones - Detalles de citas'!$AD:$AD,$A8&""Hombre"",'Atenciones - Detalles de citas'!$AF:$AF,""=4"")"
LEGACY::REMASEP_OD::L89,REMASEP_OD,L89,BASE_AGGREGATION,,"=COUNTIFS('Atenciones - Detalles de citas'!$AE:$AE,""*5009002 - DESGASTE SELECTIVO*""&""*Hombre*"",'Atenciones - Detalles de citas'!$AF:$AF,""=4"")"
LEGACY::REMASEP_OD::L9,REMASEP_OD,L9,BASE_AGGREGATION,,"=COUNTIFS('Atenciones - Detalles de citas'!$AD:$AD,$A9&""Hombre"",'Atenciones - Detalles de citas'!$AF:$AF,""=4"")"
LEGACY::REMASEP_OD::L90,REMASEP_OD,L90,BASE_AGGREGATION,,"=COUNTIFS('Atenciones - Detalles de citas'!$AL:$AL,""1""&""Hombre"",'Atenciones - Detalles de citas'!$AF:$AF,""=4"")"
LEGACY::REMASEP_OD::M10,REMASEP_OD,M10,BASE_AGGREGATION,,"=COUNTIFS('Atenciones - Detalles de citas'!$AH:$AH,$A10&""Mujer"",'Atenciones - Detalles de citas'!$AF:$AF,""=4"")"
LEGACY::REMASEP_OD::M13,REMASEP_OD,M13,BASE_AGGREGATION,,"=COUNTIFS('Atenciones - Detalles de citas'!$AE:$AE,""*5001005 - SELLANTES*""&""*Mujer*"",'Atenciones - Detalles de citas'!$AF:$AF,""=4"")"
LEGACY::REMASEP_OD::M14,REMASEP_OD,M14,BASE_AGGREGATION,,"=COUNTIFS('Atenciones - Detalles de citas'!$AE:$AE,""*50010112 - INSTRUCCIÓN DE HIGIENE ORAL*""&""*Mujer*"",'Atenciones - Detalles de citas'!$AF:$AF,""=4"")"
LEGACY::REMASEP_OD::M16,REMASEP_OD,M16,BASE_AGGREGATION,,"=COUNTIFS('Atenciones - Detalles de citas'!$AE:$AE,""*5010011 - PROFILAXIS*""&""*Mujer*"",'Atenciones - Detalles de citas'!$AF:$AF,""=4"")"
LEGACY::REMASEP_OD::M17,REMASEP_OD,M17,BASE_AGGREGATION,,"=COUNTIFS('Atenciones - Detalles de citas'!$AE:$AE,""*5001016 - FLUOR*""&""*Mujer*"",'Atenciones - Detalles de citas'!$AF:$AF,""=4"")"
LEGACY::REMASEP_OD::M24,REMASEP_OD,M24,BASE_AGGREGATION,,"=COUNTIFS('Atenciones - Detalles de citas'!$AE:$AE,""*5012021 - DESTARTRAJE*""&""*Odontología General*""&""*Mujer*"",'Atenciones - Detalles de citas'!$AF:$AF,""=4"")"
LEGACY::REMASEP_OD::M28,REMASEP_OD,M28,BASE_AGGREGATION,,"=COUNTIFS('Atenciones - Detalles de citas'!$AE:$AE,""*COMPOSITE*""&""*Odontología General*""&""*Mujer*"",'Atenciones - Detalles de citas'!$AF:$AF,""=4"")"
LEGACY::REMASEP_OD::M30,REMASEP_OD,M30,BASE_AGGREGATION,,"=COUNTIFS('Atenciones - Detalles de citas'!$AE:$AE,""*5010009 - VIDRIO IONÓMERO*""&""*Odontología General*""&""*Mujer*"",'Atenciones - Detalles de citas'!$AF:$AF,""=4"")"
LEGACY::REMASEP_OD::M40,REMASEP_OD,M40,BASE_AGGREGATION,,"=COUNTIFS('Atenciones - Detalles de citas'!$AI:$AI,""*evaluacion odon esp*""&""*Mujer*"",'Atenciones - Detalles de citas'!$AF:$AF,""=4"")"
LEGACY::REMASEP_OD::M46,REMASEP_OD,M46,DERIVED_AGGREGATION,M30,"=COUNTIFS('Atenciones - Detalles de citas'!$AE:$AE,""*5010009 - VIDRIO IONÓMERO*""&""*Mujer*"",'Atenciones - Detalles de citas'!$AF:$AF,""=4"")-M30"
LEGACY::REMASEP_OD::M47,REMASEP_OD,M47,BASE_AGGREGATION,,"=COUNTIFS('Atenciones - Detalles de citas'!$AE:$AE,""*5005008 - CEMENTACIÓN CARILLA RESINA INDIRECTA*""&""*Mujer*"",'Atenciones - Detalles de citas'!$AF:$AF,""=4"")"
LEGACY::REMASEP_OD::M48,REMASEP_OD,M48,BASE_AGGREGATION,,"=COUNTIFS('Atenciones - Detalles de citas'!$AE:$AE,""*INSTALACIÓN APARATO REMOVIBLE*""&""*Mujer*"",'Atenciones - Detalles de citas'!$AF:$AF,""=4"")"
LEGACY::REMASEP_OD::M49,REMASEP_OD,M49,BASE_AGGREGATION,,"=COUNTIFS('Atenciones - Detalles de citas'!$AE:$AE,""*5004001 - INSTALACIÓN APARATO FIJO SUP O INF*""&""*Mujer*"",'Atenciones - Detalles de citas'!$AF:$AF,""=4"")"
LEGACY::REMASEP_OD::M50,REMASEP_OD,M50,BASE_AGGREGATION,,"=COUNTIFS('Atenciones - Detalles de citas'!$AE:$AE,""*INSTALACIÓN CONTENCION*""&""*Mujer*"",'Atenciones - Detalles de citas'!$AF:$AF,""=4"")"
LEGACY::REMASEP_OD::M51,REMASEP_OD,M51,BASE_AGGREGATION,,"=COUNTIFS('Atenciones - Detalles de citas'!$AE:$AE,""*5004018 - RETIRO APARATO FIJO-LIMPIEZA-IMPRESIÓN*""&""*Mujer*"",'Atenciones - Detalles de citas'!$AF:$AF,""=4"")"
LEGACY::REMASEP_OD::M52,REMASEP_OD,M52,BASE_AGGREGATION,,"=COUNTIFS('Atenciones - Detalles de citas'!$AE:$AE,""*5004020 - CONTROL ORTODONCIA QUIRÚRGICO*""&""*Mujer*"",'Atenciones - Detalles de citas'!$AF:$AF,""=4"")"
LEGACY::REMASEP_OD::M53,REMASEP_OD,M53,BASE_AGGREGATION,,"=COUNTIFS('Atenciones - Detalles de citas'!$AK:$AK,""*1*""&""*Mujer*"",'Atenciones - Detalles de citas'!$AF:$AF,""=4"")"
LEGACY::REMASEP_OD::M54,REMASEP_OD,M54,BASE_AGGREGATION,,"=COUNTIFS('Atenciones - Detalles de citas'!$AJ:$AJ,""1""&""Mujer"",'Atenciones - Detalles de citas'!$AF:$AF,""=4"")"
LEGACY::REMASEP_OD::M62,REMASEP_OD,M62,DERIVED_AGGREGATION,M28,"=COUNTIFS('Atenciones - Detalles de citas'!$AE:$AE,""*COMPOSITE*""&""*Mujer*"",'Atenciones - Detalles de citas'!$AF:$AF,""=4"")-M28"
LEGACY::REMASEP_OD::M63,REMASEP_OD,M63,BASE_AGGREGATION,,"=COUNTIFS('Atenciones - Detalles de citas'!$AE:$AE,""*5010023 - PULPECTOMIA*""&""*Odontopediatría*""&""*Mujer*"",'Atenciones - Detalles de citas'!$AF:$AF,""=4"")+COUNTIFS('Atenciones - Detalles de citas'!$AE:$AE,""*5010003 - PULPOTOMIA*""&""*Odontopediatría*""&""*Mujer*"",'Atenciones - Detalles de citas'!$AF:$AF,""=4"")"
LEGACY::REMASEP_OD::M65,REMASEP_OD,M65,DERIVED_AGGREGATION,M24,"=COUNTIFS('Atenciones - Detalles de citas'!$AE:$AE,""*DESTARTRAJE*""&""*Mujer*"",'Atenciones - Detalles de citas'!$AF:$AF,""=4"")-M24"
LEGACY::REMASEP_OD::M66,REMASEP_OD,M66,BASE_AGGREGATION,,"=COUNTIFS('Atenciones - Detalles de citas'!$AE:$AE,""*AMALGAMA*""&""*Mujer*"",'Atenciones - Detalles de citas'!$AF:$AF,""=4"")"
LEGACY::REMASEP_OD::M70,REMASEP_OD,M70,BASE_AGGREGATION,,"=COUNTIFS('Atenciones - Detalles de citas'!$AE:$AE,""*INSTALACIÓN PRÓTESIS TOTAL ACRÍLICA SUP O INF*""&""*Mujer*"",'Atenciones - Detalles de citas'!$AF:$AF,""=4"")"
LEGACY::REMASEP_OD::M71,REMASEP_OD,M71,BASE_AGGREGATION,,"=COUNTIFS('Atenciones - Detalles de citas'!$AE:$AE,""*INSTALACIÓN PRÓTESIS PARCIAL METÁLICA SUP O INF*""&""*Mujer*"",'Atenciones - Detalles de citas'!$AF:$AF,""=4"")"
LEGACY::REMASEP_OD::M72,REMASEP_OD,M72,BASE_AGGREGATION,,"=COUNTIFS('Atenciones - Detalles de citas'!$AE:$AE,""*CEMENTACIÓN PRÓTESIS FIJA SOBRE DIENTE*""&""*Mujer*"",'Atenciones - Detalles de citas'!$AF:$AF,""=4"")"
LEGACY::REMASEP_OD::M73,REMASEP_OD,M73,BASE_AGGREGATION,,"=COUNTIFS('Atenciones - Detalles de citas'!$AE:$AE,""*INSTALACIÓN CORONA DEFINITIVA SOBRE IMPLANTE*""&""*Mujer*"",'Atenciones - Detalles de citas'!$AF:$AF,""=4"")"
LEGACY::REMASEP_OD::M74,REMASEP_OD,M74,BASE_AGGREGATION,,"=COUNTIFS('Atenciones - Detalles de citas'!$AE:$AE,""*AMALGAMA*""&""*Mujer*"",'Atenciones - Detalles de citas'!$AF:$AF,""=4"")"
LEGACY::REMASEP_OD::M8,REMASEP_OD,M8,BASE_AGGREGATION,,"=COUNTIFS('Atenciones - Detalles de citas'!$AD:$AD,$A8&""Mujer"",'Atenciones - Detalles de citas'!$AF:$AF,""=4"")"
LEGACY::REMASEP_OD::M89,REMASEP_OD,M89,BASE_AGGREGATION,,"=COUNTIFS('Atenciones - Detalles de citas'!$AE:$AE,""*5009002 - DESGASTE SELECTIVO*""&""*Mujer*"",'Atenciones - Detalles de citas'!$AF:$AF,""=4"")"
LEGACY::REMASEP_OD::M9,REMASEP_OD,M9,BASE_AGGREGATION,,"=COUNTIFS('Atenciones - Detalles de citas'!$AD:$AD,$A9&""Mujer"",'Atenciones - Detalles de citas'!$AF:$AF,""=4"")"
LEGACY::REMASEP_OD::M90,REMASEP_OD,M90,BASE_AGGREGATION,,"=COUNTIFS('Atenciones - Detalles de citas'!$AL:$AL,""1""&""Mujer"",'Atenciones - Detalles de citas'!$AF:$AF,""=4"")"
LEGACY::REMASEP_OD::N10,REMASEP_OD,N10,BASE_AGGREGATION,,"=COUNTIFS('Atenciones - Detalles de citas'!$AH:$AH,$A10&""Hombre"",'Atenciones - Detalles de citas'!$AF:$AF,""=5"")"
LEGACY::REMASEP_OD::N13,REMASEP_OD,N13,BASE_AGGREGATION,,"=COUNTIFS('Atenciones - Detalles de citas'!$AE:$AE,""*5001005 - SELLANTES*""&""*Hombre*"",'Atenciones - Detalles de citas'!$AF:$AF,""=5"")"
LEGACY::REMASEP_OD::N14,REMASEP_OD,N14,BASE_AGGREGATION,,"=COUNTIFS('Atenciones - Detalles de citas'!$AE:$AE,""*50010112 - INSTRUCCIÓN DE HIGIENE ORAL*""&""*Hombre*"",'Atenciones - Detalles de citas'!$AF:$AF,""=5"")"
LEGACY::REMASEP_OD::N16,REMASEP_OD,N16,BASE_AGGREGATION,,"=COUNTIFS('Atenciones - Detalles de citas'!$AE:$AE,""*5010011 - PROFILAXIS*""&""*Hombre*"",'Atenciones - Detalles de citas'!$AF:$AF,""=5"")"
LEGACY::REMASEP_OD::N17,REMASEP_OD,N17,BASE_AGGREGATION,,"=COUNTIFS('Atenciones - Detalles de citas'!$AE:$AE,""*5001016 - FLUOR*""&""*Hombre*"",'Atenciones - Detalles de citas'!$AF:$AF,""=5"")"
LEGACY::REMASEP_OD::N24,REMASEP_OD,N24,BASE_AGGREGATION,,"=COUNTIFS('Atenciones - Detalles de citas'!$AE:$AE,""*5012021 - DESTARTRAJE*""&""*Odontología General*""&""*Hombre*"",'Atenciones - Detalles de citas'!$AF:$AF,""=5"")"
LEGACY::REMASEP_OD::N28,REMASEP_OD,N28,BASE_AGGREGATION,,"=COUNTIFS('Atenciones - Detalles de citas'!$AE:$AE,""*COMPOSITE*""&""*Odontología General*""&""*Hombre*"",'Atenciones - Detalles de citas'!$AF:$AF,""=5"")"
LEGACY::REMASEP_OD::N30,REMASEP_OD,N30,BASE_AGGREGATION,,"=COUNTIFS('Atenciones - Detalles de citas'!$AE:$AE,""*5010009 - VIDRIO IONÓMERO*""&""*Odontología General*""&""*Hombre*"",'Atenciones - Detalles de citas'!$AF:$AF,""=5"")"
LEGACY::REMASEP_OD::N40,REMASEP_OD,N40,BASE_AGGREGATION,,"=COUNTIFS('Atenciones - Detalles de citas'!$AI:$AI,""*evaluacion odon esp*""&""*Hombre*"",'Atenciones - Detalles de citas'!$AF:$AF,""=5"")"
LEGACY::REMASEP_OD::N46,REMASEP_OD,N46,DERIVED_AGGREGATION,N30,"=COUNTIFS('Atenciones - Detalles de citas'!$AE:$AE,""*5010009 - VIDRIO IONÓMERO*""&""*Hombre*"",'Atenciones - Detalles de citas'!$AF:$AF,""=5"")-N30"
LEGACY::REMASEP_OD::N47,REMASEP_OD,N47,BASE_AGGREGATION,,"=COUNTIFS('Atenciones - Detalles de citas'!$AE:$AE,""*5005008 - CEMENTACIÓN CARILLA RESINA INDIRECTA*""&""*Hombre*"",'Atenciones - Detalles de citas'!$AF:$AF,""=5"")"
LEGACY::REMASEP_OD::N48,REMASEP_OD,N48,BASE_AGGREGATION,,"=COUNTIFS('Atenciones - Detalles de citas'!$AE:$AE,""*INSTALACIÓN APARATO REMOVIBLE*""&""*Hombre*"",'Atenciones - Detalles de citas'!$AF:$AF,""=5"")"
LEGACY::REMASEP_OD::N49,REMASEP_OD,N49,BASE_AGGREGATION,,"=COUNTIFS('Atenciones - Detalles de citas'!$AE:$AE,""*5004001 - INSTALACIÓN APARATO FIJO SUP O INF*""&""*Hombre*"",'Atenciones - Detalles de citas'!$AF:$AF,""=5"")"
LEGACY::REMASEP_OD::N50,REMASEP_OD,N50,BASE_AGGREGATION,,"=COUNTIFS('Atenciones - Detalles de citas'!$AE:$AE,""*INSTALACIÓN CONTENCION*""&""*Hombre*"",'Atenciones - Detalles de citas'!$AF:$AF,""=5"")"
LEGACY::REMASEP_OD::N51,REMASEP_OD,N51,BASE_AGGREGATION,,"=COUNTIFS('Atenciones - Detalles de citas'!$AE:$AE,""*5004018 - RETIRO APARATO FIJO-LIMPIEZA-IMPRESIÓN*""&""*Hombre*"",'Atenciones - Detalles de citas'!$AF:$AF,""=5"")"
LEGACY::REMASEP_OD::N52,REMASEP_OD,N52,BASE_AGGREGATION,,"=COUNTIFS('Atenciones - Detalles de citas'!$AE:$AE,""*5004020 - CONTROL ORTODONCIA QUIRÚRGICO*""&""*Hombre*"",'Atenciones - Detalles de citas'!$AF:$AF,""=5"")"
LEGACY::REMASEP_OD::N53,REMASEP_OD,N53,BASE_AGGREGATION,,"=COUNTIFS('Atenciones - Detalles de citas'!$AK:$AK,""*1*""&""*Hombre*"",'Atenciones - Detalles de citas'!$AF:$AF,""=5"")"
LEGACY::REMASEP_OD::N54,REMASEP_OD,N54,BASE_AGGREGATION,,"=COUNTIFS('Atenciones - Detalles de citas'!$AJ:$AJ,""1""&""Hombre"",'Atenciones - Detalles de citas'!$AF:$AF,""=5"")"
LEGACY::REMASEP_OD::N62,REMASEP_OD,N62,DERIVED_AGGREGATION,N28,"=COUNTIFS('Atenciones - Detalles de citas'!$AE:$AE,""*COMPOSITE*""&""*Hombre*"",'Atenciones - Detalles de citas'!$AF:$AF,""=5"")-N28"
LEGACY::REMASEP_OD::N63,REMASEP_OD,N63,BASE_AGGREGATION,,"=COUNTIFS('Atenciones - Detalles de citas'!$AE:$AE,""*5010023 - PULPECTOMIA*""&""*Odontopediatría*""&""*Hombre*"",'Atenciones - Detalles de citas'!$AF:$AF,""=5"")+COUNTIFS('Atenciones - Detalles de citas'!$AE:$AE,""*5010003 - PULPOTOMIA*""&""*Odontopediatría*""&""*Hombre*"",'Atenciones - Detalles de citas'!$AF:$AF,""=5"")"
LEGACY::REMASEP_OD::N65,REMASEP_OD,N65,DERIVED_AGGREGATION,N24,"=COUNTIFS('Atenciones - Detalles de citas'!$AE:$AE,""*DESTARTRAJE*""&""*Hombre*"",'Atenciones - Detalles de citas'!$AF:$AF,""=5"")-N24"
LEGACY::REMASEP_OD::N66,REMASEP_OD,N66,BASE_AGGREGATION,,"=COUNTIFS('Atenciones - Detalles de citas'!$AE:$AE,""*AMALGAMA*""&""*Hombre*"",'Atenciones - Detalles de citas'!$AF:$AF,""=5"")"
LEGACY::REMASEP_OD::N70,REMASEP_OD,N70,BASE_AGGREGATION,,"=COUNTIFS('Atenciones - Detalles de citas'!$AE:$AE,""*INSTALACIÓN PRÓTESIS TOTAL ACRÍLICA SUP O INF*""&""*Hombre*"",'Atenciones - Detalles de citas'!$AF:$AF,""=5"")"
LEGACY::REMASEP_OD::N71,REMASEP_OD,N71,BASE_AGGREGATION,,"=COUNTIFS('Atenciones - Detalles de citas'!$AE:$AE,""*INSTALACIÓN PRÓTESIS PARCIAL METÁLICA SUP O INF*""&""*Hombre*"",'Atenciones - Detalles de citas'!$AF:$AF,""=5"")"
LEGACY::REMASEP_OD::N72,REMASEP_OD,N72,BASE_AGGREGATION,,"=COUNTIFS('Atenciones - Detalles de citas'!$AE:$AE,""*CEMENTACIÓN PRÓTESIS FIJA SOBRE DIENTE*""&""*Hombre*"",'Atenciones - Detalles de citas'!$AF:$AF,""=5"")"
LEGACY::REMASEP_OD::N73,REMASEP_OD,N73,BASE_AGGREGATION,,"=COUNTIFS('Atenciones - Detalles de citas'!$AE:$AE,""*INSTALACIÓN CORONA DEFINITIVA SOBRE IMPLANTE*""&""*Hombre*"",'Atenciones - Detalles de citas'!$AF:$AF,""=5"")"
LEGACY::REMASEP_OD::N74,REMASEP_OD,N74,BASE_AGGREGATION,,"=COUNTIFS('Atenciones - Detalles de citas'!$AE:$AE,""*AMALGAMA*""&""*Hombre*"",'Atenciones - Detalles de citas'!$AF:$AF,""=5"")"
LEGACY::REMASEP_OD::N8,REMASEP_OD,N8,BASE_AGGREGATION,,"=COUNTIFS('Atenciones - Detalles de citas'!$AD:$AD,$A8&""Hombre"",'Atenciones - Detalles de citas'!$AF:$AF,""=5"")"
LEGACY::REMASEP_OD::N89,REMASEP_OD,N89,BASE_AGGREGATION,,"=COUNTIFS('Atenciones - Detalles de citas'!$AE:$AE,""*5009002 - DESGASTE SELECTIVO*""&""*Hombre*"",'Atenciones - Detalles de citas'!$AF:$AF,""=5"")"
LEGACY::REMASEP_OD::N9,REMASEP_OD,N9,BASE_AGGREGATION,,"=COUNTIFS('Atenciones - Detalles de citas'!$AD:$AD,$A9&""Hombre"",'Atenciones - Detalles de citas'!$AF:$AF,""=5"")"
LEGACY::REMASEP_OD::N90,REMASEP_OD,N90,BASE_AGGREGATION,,"=COUNTIFS('Atenciones - Detalles de citas'!$AL:$AL,""1""&""Hombre"",'Atenciones - Detalles de citas'!$AF:$AF,""=5"")"
LEGACY::REMASEP_OD::O10,REMASEP_OD,O10,BASE_AGGREGATION,,"=COUNTIFS('Atenciones - Detalles de citas'!$AH:$AH,$A10&""Mujer"",'Atenciones - Detalles de citas'!$AF:$AF,""=5"")"
LEGACY::REMASEP_OD::O13,REMASEP_OD,O13,BASE_AGGREGATION,,"=COUNTIFS('Atenciones - Detalles de citas'!$AE:$AE,""*5001005 - SELLANTES*""&""*Mujer*"",'Atenciones - Detalles de citas'!$AF:$AF,""=5"")"
LEGACY::REMASEP_OD::O14,REMASEP_OD,O14,BASE_AGGREGATION,,"=COUNTIFS('Atenciones - Detalles de citas'!$AE:$AE,""*50010112 - INSTRUCCIÓN DE HIGIENE ORAL*""&""*Mujer*"",'Atenciones - Detalles de citas'!$AF:$AF,""=5"")"
LEGACY::REMASEP_OD::O16,REMASEP_OD,O16,BASE_AGGREGATION,,"=COUNTIFS('Atenciones - Detalles de citas'!$AE:$AE,""*5010011 - PROFILAXIS*""&""*Mujer*"",'Atenciones - Detalles de citas'!$AF:$AF,""=5"")"
LEGACY::REMASEP_OD::O17,REMASEP_OD,O17,BASE_AGGREGATION,,"=COUNTIFS('Atenciones - Detalles de citas'!$AE:$AE,""*5001016 - FLUOR*""&""*Mujer*"",'Atenciones - Detalles de citas'!$AF:$AF,""=5"")"
LEGACY::REMASEP_OD::O24,REMASEP_OD,O24,BASE_AGGREGATION,,"=COUNTIFS('Atenciones - Detalles de citas'!$AE:$AE,""*5012021 - DESTARTRAJE*""&""*Odontología General*""&""*Mujer*"",'Atenciones - Detalles de citas'!$AF:$AF,""=5"")"
LEGACY::REMASEP_OD::O28,REMASEP_OD,O28,BASE_AGGREGATION,,"=COUNTIFS('Atenciones - Detalles de citas'!$AE:$AE,""*COMPOSITE*""&""*Odontología General*""&""*Mujer*"",'Atenciones - Detalles de citas'!$AF:$AF,""=5"")"
LEGACY::REMASEP_OD::O30,REMASEP_OD,O30,BASE_AGGREGATION,,"=COUNTIFS('Atenciones - Detalles de citas'!$AE:$AE,""*5010009 - VIDRIO IONÓMERO*""&""*Odontología General*""&""*Mujer*"",'Atenciones - Detalles de citas'!$AF:$AF,""=5"")"
LEGACY::REMASEP_OD::O40,REMASEP_OD,O40,BASE_AGGREGATION,,"=COUNTIFS('Atenciones - Detalles de citas'!$AI:$AI,""*evaluacion odon esp*""&""*Mujer*"",'Atenciones - Detalles de citas'!$AF:$AF,""=5"")"
LEGACY::REMASEP_OD::O46,REMASEP_OD,O46,DERIVED_AGGREGATION,O30,"=COUNTIFS('Atenciones - Detalles de citas'!$AE:$AE,""*5010009 - VIDRIO IONÓMERO*""&""*Mujer*"",'Atenciones - Detalles de citas'!$AF:$AF,""=5"")-O30"
LEGACY::REMASEP_OD::O47,REMASEP_OD,O47,BASE_AGGREGATION,,"=COUNTIFS('Atenciones - Detalles de citas'!$AE:$AE,""*5005008 - CEMENTACIÓN CARILLA RESINA INDIRECTA*""&""*Mujer*"",'Atenciones - Detalles de citas'!$AF:$AF,""=5"")"
LEGACY::REMASEP_OD::O48,REMASEP_OD,O48,BASE_AGGREGATION,,"=COUNTIFS('Atenciones - Detalles de citas'!$AE:$AE,""*INSTALACIÓN APARATO REMOVIBLE*""&""*Mujer*"",'Atenciones - Detalles de citas'!$AF:$AF,""=5"")"
LEGACY::REMASEP_OD::O49,REMASEP_OD,O49,BASE_AGGREGATION,,"=COUNTIFS('Atenciones - Detalles de citas'!$AE:$AE,""*5004001 - INSTALACIÓN APARATO FIJO SUP O INF*""&""*Mujer*"",'Atenciones - Detalles de citas'!$AF:$AF,""=5"")"
LEGACY::REMASEP_OD::O50,REMASEP_OD,O50,BASE_AGGREGATION,,"=COUNTIFS('Atenciones - Detalles de citas'!$AE:$AE,""*INSTALACIÓN CONTENCION*""&""*Mujer*"",'Atenciones - Detalles de citas'!$AF:$AF,""=5"")"
LEGACY::REMASEP_OD::O51,REMASEP_OD,O51,BASE_AGGREGATION,,"=COUNTIFS('Atenciones - Detalles de citas'!$AE:$AE,""*5004018 - RETIRO APARATO FIJO-LIMPIEZA-IMPRESIÓN*""&""*Mujer*"",'Atenciones - Detalles de citas'!$AF:$AF,""=5"")"
LEGACY::REMASEP_OD::O52,REMASEP_OD,O52,BASE_AGGREGATION,,"=COUNTIFS('Atenciones - Detalles de citas'!$AE:$AE,""*5004020 - CONTROL ORTODONCIA QUIRÚRGICO*""&""*Mujer*"",'Atenciones - Detalles de citas'!$AF:$AF,""=5"")"
LEGACY::REMASEP_OD::O53,REMASEP_OD,O53,BASE_AGGREGATION,,"=COUNTIFS('Atenciones - Detalles de citas'!$AK:$AK,""*1*""&""*Mujer*"",'Atenciones - Detalles de citas'!$AF:$AF,""=5"")"
LEGACY::REMASEP_OD::O54,REMASEP_OD,O54,BASE_AGGREGATION,,"=COUNTIFS('Atenciones - Detalles de citas'!$AJ:$AJ,""1""&""Mujer"",'Atenciones - Detalles de citas'!$AF:$AF,""=5"")"
LEGACY::REMASEP_OD::O62,REMASEP_OD,O62,DERIVED_AGGREGATION,O28,"=COUNTIFS('Atenciones - Detalles de citas'!$AE:$AE,""*COMPOSITE*""&""*Mujer*"",'Atenciones - Detalles de citas'!$AF:$AF,""=5"")-O28"
LEGACY::REMASEP_OD::O63,REMASEP_OD,O63,BASE_AGGREGATION,,"=COUNTIFS('Atenciones - Detalles de citas'!$AE:$AE,""*5010023 - PULPECTOMIA*""&""*Odontopediatría*""&""*Mujer*"",'Atenciones - Detalles de citas'!$AF:$AF,""=5"")+COUNTIFS('Atenciones - Detalles de citas'!$AE:$AE,""*5010003 - PULPOTOMIA*""&""*Odontopediatría*""&""*Mujer*"",'Atenciones - Detalles de citas'!$AF:$AF,""=5"")"
LEGACY::REMASEP_OD::O65,REMASEP_OD,O65,DERIVED_AGGREGATION,O24,"=COUNTIFS('Atenciones - Detalles de citas'!$AE:$AE,""*DESTARTRAJE*""&""*Mujer*"",'Atenciones - Detalles de citas'!$AF:$AF,""=5"")-O24"
LEGACY::REMASEP_OD::O66,REMASEP_OD,O66,BASE_AGGREGATION,,"=COUNTIFS('Atenciones - Detalles de citas'!$AE:$AE,""*AMALGAMA*""&""*Mujer*"",'Atenciones - Detalles de citas'!$AF:$AF,""=5"")"
LEGACY::REMASEP_OD::O70,REMASEP_OD,O70,BASE_AGGREGATION,,"=COUNTIFS('Atenciones - Detalles de citas'!$AE:$AE,""*INSTALACIÓN PRÓTESIS TOTAL ACRÍLICA SUP O INF*""&""*Mujer*"",'Atenciones - Detalles de citas'!$AF:$AF,""=5"")"
LEGACY::REMASEP_OD::O71,REMASEP_OD,O71,BASE_AGGREGATION,,"=COUNTIFS('Atenciones - Detalles de citas'!$AE:$AE,""*INSTALACIÓN PRÓTESIS PARCIAL METÁLICA SUP O INF*""&""*Mujer*"",'Atenciones - Detalles de citas'!$AF:$AF,""=5"")"
LEGACY::REMASEP_OD::O72,REMASEP_OD,O72,BASE_AGGREGATION,,"=COUNTIFS('Atenciones - Detalles de citas'!$AE:$AE,""*CEMENTACIÓN PRÓTESIS FIJA SOBRE DIENTE*""&""*Mujer*"",'Atenciones - Detalles de citas'!$AF:$AF,""=5"")"
LEGACY::REMASEP_OD::O73,REMASEP_OD,O73,BASE_AGGREGATION,,"=COUNTIFS('Atenciones - Detalles de citas'!$AE:$AE,""*INSTALACIÓN CORONA DEFINITIVA SOBRE IMPLANTE*""&""*Mujer*"",'Atenciones - Detalles de citas'!$AF:$AF,""=5"")"
LEGACY::REMASEP_OD::O74,REMASEP_OD,O74,BASE_AGGREGATION,,"=COUNTIFS('Atenciones - Detalles de citas'!$AE:$AE,""*AMALGAMA*""&""*Mujer*"",'Atenciones - Detalles de citas'!$AF:$AF,""=5"")"
LEGACY::REMASEP_OD::O8,REMASEP_OD,O8,BASE_AGGREGATION,,"=COUNTIFS('Atenciones - Detalles de citas'!$AD:$AD,$A8&""Mujer"",'Atenciones - Detalles de citas'!$AF:$AF,""=5"")"
LEGACY::REMASEP_OD::O89,REMASEP_OD,O89,BASE_AGGREGATION,,"=COUNTIFS('Atenciones - Detalles de citas'!$AE:$AE,""*5009002 - DESGASTE SELECTIVO*""&""*Mujer*"",'Atenciones - Detalles de citas'!$AF:$AF,""=5"")"
LEGACY::REMASEP_OD::O9,REMASEP_OD,O9,BASE_AGGREGATION,,"=COUNTIFS('Atenciones - Detalles de citas'!$AD:$AD,$A9&""Mujer"",'Atenciones - Detalles de citas'!$AF:$AF,""=5"")"
LEGACY::REMASEP_OD::O90,REMASEP_OD,O90,BASE_AGGREGATION,,"=COUNTIFS('Atenciones - Detalles de citas'!$AL:$AL,""1""&""Mujer"",'Atenciones - Detalles de citas'!$AF:$AF,""=5"")"
LEGACY::REMASEP_OD::P10,REMASEP_OD,P10,BASE_AGGREGATION,,"=COUNTIFS('Atenciones - Detalles de citas'!$AH:$AH,$A10&""Hombre"",'Atenciones - Detalles de citas'!$AF:$AF,""=6"")"
LEGACY::REMASEP_OD::P13,REMASEP_OD,P13,BASE_AGGREGATION,,"=COUNTIFS('Atenciones - Detalles de citas'!$AE:$AE,""*5001005 - SELLANTES*""&""*Hombre*"",'Atenciones - Detalles de citas'!$AF:$AF,""=6"")"
LEGACY::REMASEP_OD::P14,REMASEP_OD,P14,BASE_AGGREGATION,,"=COUNTIFS('Atenciones - Detalles de citas'!$AE:$AE,""*50010112 - INSTRUCCIÓN DE HIGIENE ORAL*""&""*Hombre*"",'Atenciones - Detalles de citas'!$AF:$AF,""=6"")"
LEGACY::REMASEP_OD::P16,REMASEP_OD,P16,BASE_AGGREGATION,,"=COUNTIFS('Atenciones - Detalles de citas'!$AE:$AE,""*5010011 - PROFILAXIS*""&""*Hombre*"",'Atenciones - Detalles de citas'!$AF:$AF,""=6"")"
LEGACY::REMASEP_OD::P17,REMASEP_OD,P17,BASE_AGGREGATION,,"=COUNTIFS('Atenciones - Detalles de citas'!$AE:$AE,""*5001016 - FLUOR*""&""*Hombre*"",'Atenciones - Detalles de citas'!$AF:$AF,""=6"")"
LEGACY::REMASEP_OD::P24,REMASEP_OD,P24,BASE_AGGREGATION,,"=COUNTIFS('Atenciones - Detalles de citas'!$AE:$AE,""*5012021 - DESTARTRAJE*""&""*Odontología General*""&""*Hombre*"",'Atenciones - Detalles de citas'!$AF:$AF,""=6"")"
LEGACY::REMASEP_OD::P28,REMASEP_OD,P28,BASE_AGGREGATION,,"=COUNTIFS('Atenciones - Detalles de citas'!$AE:$AE,""*COMPOSITE*""&""*Odontología General*""&""*Hombre*"",'Atenciones - Detalles de citas'!$AF:$AF,""=6"")"
LEGACY::REMASEP_OD::P30,REMASEP_OD,P30,BASE_AGGREGATION,,"=COUNTIFS('Atenciones - Detalles de citas'!$AE:$AE,""*5010009 - VIDRIO IONÓMERO*""&""*Odontología General*""&""*Hombre*"",'Atenciones - Detalles de citas'!$AF:$AF,""=6"")"
LEGACY::REMASEP_OD::P40,REMASEP_OD,P40,BASE_AGGREGATION,,"=COUNTIFS('Atenciones - Detalles de citas'!$AI:$AI,""*evaluacion odon esp*""&""*Hombre*"",'Atenciones - Detalles de citas'!$AF:$AF,""=6"")"
LEGACY::REMASEP_OD::P46,REMASEP_OD,P46,DERIVED_AGGREGATION,P30,"=COUNTIFS('Atenciones - Detalles de citas'!$AE:$AE,""*5010009 - VIDRIO IONÓMERO*""&""*Hombre*"",'Atenciones - Detalles de citas'!$AF:$AF,""=6"")-P30"
LEGACY::REMASEP_OD::P47,REMASEP_OD,P47,BASE_AGGREGATION,,"=COUNTIFS('Atenciones - Detalles de citas'!$AE:$AE,""*5005008 - CEMENTACIÓN CARILLA RESINA INDIRECTA*""&""*Hombre*"",'Atenciones - Detalles de citas'!$AF:$AF,""=6"")"
LEGACY::REMASEP_OD::P48,REMASEP_OD,P48,BASE_AGGREGATION,,"=COUNTIFS('Atenciones - Detalles de citas'!$AE:$AE,""*INSTALACIÓN APARATO REMOVIBLE*""&""*Hombre*"",'Atenciones - Detalles de citas'!$AF:$AF,""=6"")"
LEGACY::REMASEP_OD::P49,REMASEP_OD,P49,BASE_AGGREGATION,,"=COUNTIFS('Atenciones - Detalles de citas'!$AE:$AE,""*5004001 - INSTALACIÓN APARATO FIJO SUP O INF*""&""*Hombre*"",'Atenciones - Detalles de citas'!$AF:$AF,""=6"")"
LEGACY::REMASEP_OD::P50,REMASEP_OD,P50,BASE_AGGREGATION,,"=COUNTIFS('Atenciones - Detalles de citas'!$AE:$AE,""*INSTALACIÓN CONTENCION*""&""*Hombre*"",'Atenciones - Detalles de citas'!$AF:$AF,""=6"")"
LEGACY::REMASEP_OD::P51,REMASEP_OD,P51,BASE_AGGREGATION,,"=COUNTIFS('Atenciones - Detalles de citas'!$AE:$AE,""*5004018 - RETIRO APARATO FIJO-LIMPIEZA-IMPRESIÓN*""&""*Hombre*"",'Atenciones - Detalles de citas'!$AF:$AF,""=6"")"
LEGACY::REMASEP_OD::P52,REMASEP_OD,P52,BASE_AGGREGATION,,"=COUNTIFS('Atenciones - Detalles de citas'!$AE:$AE,""*5004020 - CONTROL ORTODONCIA QUIRÚRGICO*""&""*Hombre*"",'Atenciones - Detalles de citas'!$AF:$AF,""=6"")"
LEGACY::REMASEP_OD::P53,REMASEP_OD,P53,BASE_AGGREGATION,,"=COUNTIFS('Atenciones - Detalles de citas'!$AK:$AK,""*1*""&""*Hombre*"",'Atenciones - Detalles de citas'!$AF:$AF,""=6"")"
LEGACY::REMASEP_OD::P54,REMASEP_OD,P54,BASE_AGGREGATION,,"=COUNTIFS('Atenciones - Detalles de citas'!$AJ:$AJ,""1""&""Hombre"",'Atenciones - Detalles de citas'!$AF:$AF,""=6"")"
LEGACY::REMASEP_OD::P62,REMASEP_OD,P62,DERIVED_AGGREGATION,P28,"=COUNTIFS('Atenciones - Detalles de citas'!$AE:$AE,""*COMPOSITE*""&""*Hombre*"",'Atenciones - Detalles de citas'!$AF:$AF,""=6"")-P28"
LEGACY::REMASEP_OD::P63,REMASEP_OD,P63,BASE_AGGREGATION,,"=COUNTIFS('Atenciones - Detalles de citas'!$AE:$AE,""*5010023 - PULPECTOMIA*""&""*Odontopediatría*""&""*Hombre*"",'Atenciones - Detalles de citas'!$AF:$AF,""=6"")+COUNTIFS('Atenciones - Detalles de citas'!$AE:$AE,""*5010003 - PULPOTOMIA*""&""*Odontopediatría*""&""*Hombre*"",'Atenciones - Detalles de citas'!$AF:$AF,""=6"")"
LEGACY::REMASEP_OD::P65,REMASEP_OD,P65,DERIVED_AGGREGATION,P24,"=COUNTIFS('Atenciones - Detalles de citas'!$AE:$AE,""*DESTARTRAJE*""&""*Hombre*"",'Atenciones - Detalles de citas'!$AF:$AF,""=6"")-P24"
LEGACY::REMASEP_OD::P66,REMASEP_OD,P66,BASE_AGGREGATION,,"=COUNTIFS('Atenciones - Detalles de citas'!$AE:$AE,""*AMALGAMA*""&""*Hombre*"",'Atenciones - Detalles de citas'!$AF:$AF,""=6"")"
LEGACY::REMASEP_OD::P70,REMASEP_OD,P70,BASE_AGGREGATION,,"=COUNTIFS('Atenciones - Detalles de citas'!$AE:$AE,""*INSTALACIÓN PRÓTESIS TOTAL ACRÍLICA SUP O INF*""&""*Hombre*"",'Atenciones - Detalles de citas'!$AF:$AF,""=6"")"
LEGACY::REMASEP_OD::P71,REMASEP_OD,P71,BASE_AGGREGATION,,"=COUNTIFS('Atenciones - Detalles de citas'!$AE:$AE,""*INSTALACIÓN PRÓTESIS PARCIAL METÁLICA SUP O INF*""&""*Hombre*"",'Atenciones - Detalles de citas'!$AF:$AF,""=6"")"
LEGACY::REMASEP_OD::P72,REMASEP_OD,P72,BASE_AGGREGATION,,"=COUNTIFS('Atenciones - Detalles de citas'!$AE:$AE,""*CEMENTACIÓN PRÓTESIS FIJA SOBRE DIENTE*""&""*Hombre*"",'Atenciones - Detalles de citas'!$AF:$AF,""=6"")"
LEGACY::REMASEP_OD::P73,REMASEP_OD,P73,BASE_AGGREGATION,,"=COUNTIFS('Atenciones - Detalles de citas'!$AE:$AE,""*INSTALACIÓN CORONA DEFINITIVA SOBRE IMPLANTE*""&""*Hombre*"",'Atenciones - Detalles de citas'!$AF:$AF,""=6"")"
LEGACY::REMASEP_OD::P74,REMASEP_OD,P74,BASE_AGGREGATION,,"=COUNTIFS('Atenciones - Detalles de citas'!$AE:$AE,""*AMALGAMA*""&""*Hombre*"",'Atenciones - Detalles de citas'!$AF:$AF,""=6"")"
LEGACY::REMASEP_OD::P8,REMASEP_OD,P8,BASE_AGGREGATION,,"=COUNTIFS('Atenciones - Detalles de citas'!$AD:$AD,$A8&""Hombre"",'Atenciones - Detalles de citas'!$AF:$AF,""=6"")"
LEGACY::REMASEP_OD::P89,REMASEP_OD,P89,BASE_AGGREGATION,,"=COUNTIFS('Atenciones - Detalles de citas'!$AE:$AE,""*5009002 - DESGASTE SELECTIVO*""&""*Hombre*"",'Atenciones - Detalles de citas'!$AF:$AF,""=6"")"
LEGACY::REMASEP_OD::P9,REMASEP_OD,P9,BASE_AGGREGATION,,"=COUNTIFS('Atenciones - Detalles de citas'!$AD:$AD,$A9&""Hombre"",'Atenciones - Detalles de citas'!$AF:$AF,""=6"")"
LEGACY::REMASEP_OD::P90,REMASEP_OD,P90,BASE_AGGREGATION,,"=COUNTIFS('Atenciones - Detalles de citas'!$AL:$AL,""1""&""Hombre"",'Atenciones - Detalles de citas'!$AF:$AF,""=6"")"
LEGACY::REMASEP_OD::Q10,REMASEP_OD,Q10,BASE_AGGREGATION,,"=COUNTIFS('Atenciones - Detalles de citas'!$AH:$AH,$A10&""Mujer"",'Atenciones - Detalles de citas'!$AF:$AF,""=6"")"
LEGACY::REMASEP_OD::Q13,REMASEP_OD,Q13,BASE_AGGREGATION,,"=COUNTIFS('Atenciones - Detalles de citas'!$AE:$AE,""*5001005 - SELLANTES*""&""*Mujer*"",'Atenciones - Detalles de citas'!$AF:$AF,""=6"")"
LEGACY::REMASEP_OD::Q14,REMASEP_OD,Q14,BASE_AGGREGATION,,"=COUNTIFS('Atenciones - Detalles de citas'!$AE:$AE,""*50010112 - INSTRUCCIÓN DE HIGIENE ORAL*""&""*Mujer*"",'Atenciones - Detalles de citas'!$AF:$AF,""=6"")"
LEGACY::REMASEP_OD::Q16,REMASEP_OD,Q16,BASE_AGGREGATION,,"=COUNTIFS('Atenciones - Detalles de citas'!$AE:$AE,""*5010011 - PROFILAXIS*""&""*Mujer*"",'Atenciones - Detalles de citas'!$AF:$AF,""=6"")"
LEGACY::REMASEP_OD::Q17,REMASEP_OD,Q17,BASE_AGGREGATION,,"=COUNTIFS('Atenciones - Detalles de citas'!$AE:$AE,""*5001016 - FLUOR*""&""*Mujer*"",'Atenciones - Detalles de citas'!$AF:$AF,""=6"")"
LEGACY::REMASEP_OD::Q24,REMASEP_OD,Q24,BASE_AGGREGATION,,"=COUNTIFS('Atenciones - Detalles de citas'!$AE:$AE,""*5012021 - DESTARTRAJE*""&""*Odontología General*""&""*Mujer*"",'Atenciones - Detalles de citas'!$AF:$AF,""=6"")"
LEGACY::REMASEP_OD::Q28,REMASEP_OD,Q28,BASE_AGGREGATION,,"=COUNTIFS('Atenciones - Detalles de citas'!$AE:$AE,""*COMPOSITE*""&""*Odontología General*""&""*Mujer*"",'Atenciones - Detalles de citas'!$AF:$AF,""=6"")"
LEGACY::REMASEP_OD::Q30,REMASEP_OD,Q30,BASE_AGGREGATION,,"=COUNTIFS('Atenciones - Detalles de citas'!$AE:$AE,""*5010009 - VIDRIO IONÓMERO*""&""*Odontología General*""&""*Mujer*"",'Atenciones - Detalles de citas'!$AF:$AF,""=6"")"
LEGACY::REMASEP_OD::Q40,REMASEP_OD,Q40,BASE_AGGREGATION,,"=COUNTIFS('Atenciones - Detalles de citas'!$AI:$AI,""*evaluacion odon esp*""&""*Mujer*"",'Atenciones - Detalles de citas'!$AF:$AF,""=6"")"
LEGACY::REMASEP_OD::Q46,REMASEP_OD,Q46,DERIVED_AGGREGATION,Q30,"=COUNTIFS('Atenciones - Detalles de citas'!$AE:$AE,""*5010009 - VIDRIO IONÓMERO*""&""*Mujer*"",'Atenciones - Detalles de citas'!$AF:$AF,""=6"")-Q30"
LEGACY::REMASEP_OD::Q47,REMASEP_OD,Q47,BASE_AGGREGATION,,"=COUNTIFS('Atenciones - Detalles de citas'!$AE:$AE,""*5005008 - CEMENTACIÓN CARILLA RESINA INDIRECTA*""&""*Mujer*"",'Atenciones - Detalles de citas'!$AF:$AF,""=6"")"
LEGACY::REMASEP_OD::Q48,REMASEP_OD,Q48,BASE_AGGREGATION,,"=COUNTIFS('Atenciones - Detalles de citas'!$AE:$AE,""*INSTALACIÓN APARATO REMOVIBLE*""&""*Mujer*"",'Atenciones - Detalles de citas'!$AF:$AF,""=6"")"
LEGACY::REMASEP_OD::Q49,REMASEP_OD,Q49,BASE_AGGREGATION,,"=COUNTIFS('Atenciones - Detalles de citas'!$AE:$AE,""*5004001 - INSTALACIÓN APARATO FIJO SUP O INF*""&""*Mujer*"",'Atenciones - Detalles de citas'!$AF:$AF,""=6"")"
LEGACY::REMASEP_OD::Q50,REMASEP_OD,Q50,BASE_AGGREGATION,,"=COUNTIFS('Atenciones - Detalles de citas'!$AE:$AE,""*INSTALACIÓN CONTENCION*""&""*Mujer*"",'Atenciones - Detalles de citas'!$AF:$AF,""=6"")"
LEGACY::REMASEP_OD::Q51,REMASEP_OD,Q51,BASE_AGGREGATION,,"=COUNTIFS('Atenciones - Detalles de citas'!$AE:$AE,""*5004018 - RETIRO APARATO FIJO-LIMPIEZA-IMPRESIÓN*""&""*Mujer*"",'Atenciones - Detalles de citas'!$AF:$AF,""=6"")"
LEGACY::REMASEP_OD::Q52,REMASEP_OD,Q52,BASE_AGGREGATION,,"=COUNTIFS('Atenciones - Detalles de citas'!$AE:$AE,""*5004020 - CONTROL ORTODONCIA QUIRÚRGICO*""&""*Mujer*"",'Atenciones - Detalles de citas'!$AF:$AF,""=6"")"
LEGACY::REMASEP_OD::Q53,REMASEP_OD,Q53,BASE_AGGREGATION,,"=COUNTIFS('Atenciones - Detalles de citas'!$AK:$AK,""*1*""&""*Mujer*"",'Atenciones - Detalles de citas'!$AF:$AF,""=6"")"
LEGACY::REMASEP_OD::Q54,REMASEP_OD,Q54,BASE_AGGREGATION,,"=COUNTIFS('Atenciones - Detalles de citas'!$AJ:$AJ,""1""&""Mujer"",'Atenciones - Detalles de citas'!$AF:$AF,""=6"")"
LEGACY::REMASEP_OD::Q62,REMASEP_OD,Q62,DERIVED_AGGREGATION,Q28,"=COUNTIFS('Atenciones - Detalles de citas'!$AE:$AE,""*COMPOSITE*""&""*Mujer*"",'Atenciones - Detalles de citas'!$AF:$AF,""=6"")-Q28"
LEGACY::REMASEP_OD::Q63,REMASEP_OD,Q63,BASE_AGGREGATION,,"=COUNTIFS('Atenciones - Detalles de citas'!$AE:$AE,""*5010023 - PULPECTOMIA*""&""*Odontopediatría*""&""*Mujer*"",'Atenciones - Detalles de citas'!$AF:$AF,""=6"")+COUNTIFS('Atenciones - Detalles de citas'!$AE:$AE,""*5010003 - PULPOTOMIA*""&""*Odontopediatría*""&""*Mujer*"",'Atenciones - Detalles de citas'!$AF:$AF,""=6"")"
LEGACY::REMASEP_OD::Q65,REMASEP_OD,Q65,DERIVED_AGGREGATION,Q24,"=COUNTIFS('Atenciones - Detalles de citas'!$AE:$AE,""*DESTARTRAJE*""&""*Mujer*"",'Atenciones - Detalles de citas'!$AF:$AF,""=6"")-Q24"
LEGACY::REMASEP_OD::Q66,REMASEP_OD,Q66,BASE_AGGREGATION,,"=COUNTIFS('Atenciones - Detalles de citas'!$AE:$AE,""*AMALGAMA*""&""*Mujer*"",'Atenciones - Detalles de citas'!$AF:$AF,""=6"")"
LEGACY::REMASEP_OD::Q70,REMASEP_OD,Q70,BASE_AGGREGATION,,"=COUNTIFS('Atenciones - Detalles de citas'!$AE:$AE,""*INSTALACIÓN PRÓTESIS TOTAL ACRÍLICA SUP O INF*""&""*Mujer*"",'Atenciones - Detalles de citas'!$AF:$AF,""=6"")"
LEGACY::REMASEP_OD::Q71,REMASEP_OD,Q71,BASE_AGGREGATION,,"=COUNTIFS('Atenciones - Detalles de citas'!$AE:$AE,""*INSTALACIÓN PRÓTESIS PARCIAL METÁLICA SUP O INF*""&""*Mujer*"",'Atenciones - Detalles de citas'!$AF:$AF,""=6"")"
LEGACY::REMASEP_OD::Q72,REMASEP_OD,Q72,BASE_AGGREGATION,,"=COUNTIFS('Atenciones - Detalles de citas'!$AE:$AE,""*CEMENTACIÓN PRÓTESIS FIJA SOBRE DIENTE*""&""*Mujer*"",'Atenciones - Detalles de citas'!$AF:$AF,""=6"")"
LEGACY::REMASEP_OD::Q73,REMASEP_OD,Q73,BASE_AGGREGATION,,"=COUNTIFS('Atenciones - Detalles de citas'!$AE:$AE,""*INSTALACIÓN CORONA DEFINITIVA SOBRE IMPLANTE*""&""*Mujer*"",'Atenciones - Detalles de citas'!$AF:$AF,""=6"")"
LEGACY::REMASEP_OD::Q74,REMASEP_OD,Q74,BASE_AGGREGATION,,"=COUNTIFS('Atenciones - Detalles de citas'!$AE:$AE,""*AMALGAMA*""&""*Mujer*"",'Atenciones - Detalles de citas'!$AF:$AF,""=6"")"
LEGACY::REMASEP_OD::Q8,REMASEP_OD,Q8,BASE_AGGREGATION,,"=COUNTIFS('Atenciones - Detalles de citas'!$AD:$AD,$A8&""Mujer"",'Atenciones - Detalles de citas'!$AF:$AF,""=6"")"
LEGACY::REMASEP_OD::Q89,REMASEP_OD,Q89,BASE_AGGREGATION,,"=COUNTIFS('Atenciones - Detalles de citas'!$AE:$AE,""*5009002 - DESGASTE SELECTIVO*""&""*Mujer*"",'Atenciones - Detalles de citas'!$AF:$AF,""=6"")"
LEGACY::REMASEP_OD::Q9,REMASEP_OD,Q9,BASE_AGGREGATION,,"=COUNTIFS('Atenciones - Detalles de citas'!$AD:$AD,$A9&""Mujer"",'Atenciones - Detalles de citas'!$AF:$AF,""=6"")"
LEGACY::REMASEP_OD::Q90,REMASEP_OD,Q90,BASE_AGGREGATION,,"=COUNTIFS('Atenciones - Detalles de citas'!$AL:$AL,""1""&""Mujer"",'Atenciones - Detalles de citas'!$AF:$AF,""=6"")"
LEGACY::REMASEP_OD::R10,REMASEP_OD,R10,BASE_AGGREGATION,,"=COUNTIFS('Atenciones - Detalles de citas'!$AH:$AH,$A10&""Hombre"",'Atenciones - Detalles de citas'!$AF:$AF,""=7"")"
LEGACY::REMASEP_OD::R13,REMASEP_OD,R13,BASE_AGGREGATION,,"=COUNTIFS('Atenciones - Detalles de citas'!$AE:$AE,""*5001005 - SELLANTES*""&""*Hombre*"",'Atenciones - Detalles de citas'!$AF:$AF,""=7"")"
LEGACY::REMASEP_OD::R14,REMASEP_OD,R14,BASE_AGGREGATION,,"=COUNTIFS('Atenciones - Detalles de citas'!$AE:$AE,""*50010112 - INSTRUCCIÓN DE HIGIENE ORAL*""&""*Hombre*"",'Atenciones - Detalles de citas'!$AF:$AF,""=7"")"
LEGACY::REMASEP_OD::R16,REMASEP_OD,R16,BASE_AGGREGATION,,"=COUNTIFS('Atenciones - Detalles de citas'!$AE:$AE,""*5010011 - PROFILAXIS*""&""*Hombre*"",'Atenciones - Detalles de citas'!$AF:$AF,""=7"")"
LEGACY::REMASEP_OD::R17,REMASEP_OD,R17,BASE_AGGREGATION,,"=COUNTIFS('Atenciones - Detalles de citas'!$AE:$AE,""*5001016 - FLUOR*""&""*Hombre*"",'Atenciones - Detalles de citas'!$AF:$AF,""=7"")"
LEGACY::REMASEP_OD::R24,REMASEP_OD,R24,BASE_AGGREGATION,,"=COUNTIFS('Atenciones - Detalles de citas'!$AE:$AE,""*5012021 - DESTARTRAJE*""&""*Odontología General*""&""*Hombre*"",'Atenciones - Detalles de citas'!$AF:$AF,""=7"")"
LEGACY::REMASEP_OD::R28,REMASEP_OD,R28,BASE_AGGREGATION,,"=COUNTIFS('Atenciones - Detalles de citas'!$AE:$AE,""*COMPOSITE*""&""*Odontología General*""&""*Hombre*"",'Atenciones - Detalles de citas'!$AF:$AF,""=7"")"
LEGACY::REMASEP_OD::R30,REMASEP_OD,R30,BASE_AGGREGATION,,"=COUNTIFS('Atenciones - Detalles de citas'!$AE:$AE,""*5010009 - VIDRIO IONÓMERO*""&""*Odontología General*""&""*Hombre*"",'Atenciones - Detalles de citas'!$AF:$AF,""=7"")"
LEGACY::REMASEP_OD::R40,REMASEP_OD,R40,BASE_AGGREGATION,,"=COUNTIFS('Atenciones - Detalles de citas'!$AI:$AI,""*evaluacion odon esp*""&""*Hombre*"",'Atenciones - Detalles de citas'!$AF:$AF,""=7"")"
LEGACY::REMASEP_OD::R46,REMASEP_OD,R46,DERIVED_AGGREGATION,R30,"=COUNTIFS('Atenciones - Detalles de citas'!$AE:$AE,""*5010009 - VIDRIO IONÓMERO*""&""*Hombre*"",'Atenciones - Detalles de citas'!$AF:$AF,""=7"")-R30"
LEGACY::REMASEP_OD::R47,REMASEP_OD,R47,BASE_AGGREGATION,,"=COUNTIFS('Atenciones - Detalles de citas'!$AE:$AE,""*5005008 - CEMENTACIÓN CARILLA RESINA INDIRECTA*""&""*Hombre*"",'Atenciones - Detalles de citas'!$AF:$AF,""=7"")"
LEGACY::REMASEP_OD::R48,REMASEP_OD,R48,BASE_AGGREGATION,,"=COUNTIFS('Atenciones - Detalles de citas'!$AE:$AE,""*INSTALACIÓN APARATO REMOVIBLE*""&""*Hombre*"",'Atenciones - Detalles de citas'!$AF:$AF,""=7"")"
LEGACY::REMASEP_OD::R49,REMASEP_OD,R49,BASE_AGGREGATION,,"=COUNTIFS('Atenciones - Detalles de citas'!$AE:$AE,""*5004001 - INSTALACIÓN APARATO FIJO SUP O INF*""&""*Hombre*"",'Atenciones - Detalles de citas'!$AF:$AF,""=7"")"
LEGACY::REMASEP_OD::R50,REMASEP_OD,R50,BASE_AGGREGATION,,"=COUNTIFS('Atenciones - Detalles de citas'!$AE:$AE,""*INSTALACIÓN CONTENCION*""&""*Hombre*"",'Atenciones - Detalles de citas'!$AF:$AF,""=7"")"
LEGACY::REMASEP_OD::R51,REMASEP_OD,R51,BASE_AGGREGATION,,"=COUNTIFS('Atenciones - Detalles de citas'!$AE:$AE,""*5004018 - RETIRO APARATO FIJO-LIMPIEZA-IMPRESIÓN*""&""*Hombre*"",'Atenciones - Detalles de citas'!$AF:$AF,""=7"")"
LEGACY::REMASEP_OD::R52,REMASEP_OD,R52,BASE_AGGREGATION,,"=COUNTIFS('Atenciones - Detalles de citas'!$AE:$AE,""*5004020 - CONTROL ORTODONCIA QUIRÚRGICO*""&""*Hombre*"",'Atenciones - Detalles de citas'!$AF:$AF,""=7"")"
LEGACY::REMASEP_OD::R53,REMASEP_OD,R53,BASE_AGGREGATION,,"=COUNTIFS('Atenciones - Detalles de citas'!$AK:$AK,""*1*""&""*Hombre*"",'Atenciones - Detalles de citas'!$AF:$AF,""=7"")"
LEGACY::REMASEP_OD::R54,REMASEP_OD,R54,BASE_AGGREGATION,,"=COUNTIFS('Atenciones - Detalles de citas'!$AJ:$AJ,""1""&""Hombre"",'Atenciones - Detalles de citas'!$AF:$AF,""=7"")"
LEGACY::REMASEP_OD::R62,REMASEP_OD,R62,DERIVED_AGGREGATION,R28,"=COUNTIFS('Atenciones - Detalles de citas'!$AE:$AE,""*COMPOSITE*""&""*Hombre*"",'Atenciones - Detalles de citas'!$AF:$AF,""=7"")-R28"
LEGACY::REMASEP_OD::R63,REMASEP_OD,R63,BASE_AGGREGATION,,"=COUNTIFS('Atenciones - Detalles de citas'!$AE:$AE,""*5010023 - PULPECTOMIA*""&""*Odontopediatría*""&""*Hombre*"",'Atenciones - Detalles de citas'!$AF:$AF,""=7"")+COUNTIFS('Atenciones - Detalles de citas'!$AE:$AE,""*5010003 - PULPOTOMIA*""&""*Odontopediatría*""&""*Hombre*"",'Atenciones - Detalles de citas'!$AF:$AF,""=7"")"
LEGACY::REMASEP_OD::R65,REMASEP_OD,R65,DERIVED_AGGREGATION,R24,"=COUNTIFS('Atenciones - Detalles de citas'!$AE:$AE,""*DESTARTRAJE*""&""*Hombre*"",'Atenciones - Detalles de citas'!$AF:$AF,""=7"")-R24"
LEGACY::REMASEP_OD::R66,REMASEP_OD,R66,BASE_AGGREGATION,,"=COUNTIFS('Atenciones - Detalles de citas'!$AE:$AE,""*AMALGAMA*""&""*Hombre*"",'Atenciones - Detalles de citas'!$AF:$AF,""=7"")"
LEGACY::REMASEP_OD::R70,REMASEP_OD,R70,BASE_AGGREGATION,,"=COUNTIFS('Atenciones - Detalles de citas'!$AE:$AE,""*INSTALACIÓN PRÓTESIS TOTAL ACRÍLICA SUP O INF*""&""*Hombre*"",'Atenciones - Detalles de citas'!$AF:$AF,""=7"")"
LEGACY::REMASEP_OD::R71,REMASEP_OD,R71,BASE_AGGREGATION,,"=COUNTIFS('Atenciones - Detalles de citas'!$AE:$AE,""*INSTALACIÓN PRÓTESIS PARCIAL METÁLICA SUP O INF*""&""*Hombre*"",'Atenciones - Detalles de citas'!$AF:$AF,""=7"")"
LEGACY::REMASEP_OD::R72,REMASEP_OD,R72,BASE_AGGREGATION,,"=COUNTIFS('Atenciones - Detalles de citas'!$AE:$AE,""*CEMENTACIÓN PRÓTESIS FIJA SOBRE DIENTE*""&""*Hombre*"",'Atenciones - Detalles de citas'!$AF:$AF,""=7"")"
LEGACY::REMASEP_OD::R73,REMASEP_OD,R73,BASE_AGGREGATION,,"=COUNTIFS('Atenciones - Detalles de citas'!$AE:$AE,""*INSTALACIÓN CORONA DEFINITIVA SOBRE IMPLANTE*""&""*Hombre*"",'Atenciones - Detalles de citas'!$AF:$AF,""=7"")"
LEGACY::REMASEP_OD::R74,REMASEP_OD,R74,BASE_AGGREGATION,,"=COUNTIFS('Atenciones - Detalles de citas'!$AE:$AE,""*AMALGAMA*""&""*Hombre*"",'Atenciones - Detalles de citas'!$AF:$AF,""=7"")"
LEGACY::REMASEP_OD::R8,REMASEP_OD,R8,BASE_AGGREGATION,,"=COUNTIFS('Atenciones - Detalles de citas'!$AD:$AD,$A8&""Hombre"",'Atenciones - Detalles de citas'!$AF:$AF,""=7"")"
LEGACY::REMASEP_OD::R89,REMASEP_OD,R89,BASE_AGGREGATION,,"=COUNTIFS('Atenciones - Detalles de citas'!$AE:$AE,""*5009002 - DESGASTE SELECTIVO*""&""*Hombre*"",'Atenciones - Detalles de citas'!$AF:$AF,""=7"")"
LEGACY::REMASEP_OD::R9,REMASEP_OD,R9,BASE_AGGREGATION,,"=COUNTIFS('Atenciones - Detalles de citas'!$AD:$AD,$A9&""Hombre"",'Atenciones - Detalles de citas'!$AF:$AF,""=7"")"
LEGACY::REMASEP_OD::R90,REMASEP_OD,R90,BASE_AGGREGATION,,"=COUNTIFS('Atenciones - Detalles de citas'!$AL:$AL,""1""&""Hombre"",'Atenciones - Detalles de citas'!$AF:$AF,""=7"")"
LEGACY::REMASEP_OD::S10,REMASEP_OD,S10,BASE_AGGREGATION,,"=COUNTIFS('Atenciones - Detalles de citas'!$AH:$AH,$A10&""Mujer"",'Atenciones - Detalles de citas'!$AF:$AF,""=7"")"
LEGACY::REMASEP_OD::S13,REMASEP_OD,S13,BASE_AGGREGATION,,"=COUNTIFS('Atenciones - Detalles de citas'!$AE:$AE,""*5001005 - SELLANTES*""&""*Mujer*"",'Atenciones - Detalles de citas'!$AF:$AF,""=7"")"
LEGACY::REMASEP_OD::S14,REMASEP_OD,S14,BASE_AGGREGATION,,"=COUNTIFS('Atenciones - Detalles de citas'!$AE:$AE,""*50010112 - INSTRUCCIÓN DE HIGIENE ORAL*""&""*Mujer*"",'Atenciones - Detalles de citas'!$AF:$AF,""=7"")"
LEGACY::REMASEP_OD::S16,REMASEP_OD,S16,BASE_AGGREGATION,,"=COUNTIFS('Atenciones - Detalles de citas'!$AE:$AE,""*5010011 - PROFILAXIS*""&""*Mujer*"",'Atenciones - Detalles de citas'!$AF:$AF,""=7"")"
LEGACY::REMASEP_OD::S17,REMASEP_OD,S17,BASE_AGGREGATION,,"=COUNTIFS('Atenciones - Detalles de citas'!$AE:$AE,""*5001016 - FLUOR*""&""*Mujer*"",'Atenciones - Detalles de citas'!$AF:$AF,""=7"")"
LEGACY::REMASEP_OD::S24,REMASEP_OD,S24,BASE_AGGREGATION,,"=COUNTIFS('Atenciones - Detalles de citas'!$AE:$AE,""*5012021 - DESTARTRAJE*""&""*Odontología General*""&""*Mujer*"",'Atenciones - Detalles de citas'!$AF:$AF,""=7"")"
LEGACY::REMASEP_OD::S28,REMASEP_OD,S28,BASE_AGGREGATION,,"=COUNTIFS('Atenciones - Detalles de citas'!$AE:$AE,""*COMPOSITE*""&""*Odontología General*""&""*Mujer*"",'Atenciones - Detalles de citas'!$AF:$AF,""=7"")"
LEGACY::REMASEP_OD::S30,REMASEP_OD,S30,BASE_AGGREGATION,,"=COUNTIFS('Atenciones - Detalles de citas'!$AE:$AE,""*5010009 - VIDRIO IONÓMERO*""&""*Odontología General*""&""*Mujer*"",'Atenciones - Detalles de citas'!$AF:$AF,""=7"")"
LEGACY::REMASEP_OD::S40,REMASEP_OD,S40,BASE_AGGREGATION,,"=COUNTIFS('Atenciones - Detalles de citas'!$AI:$AI,""*evaluacion odon esp*""&""*Mujer*"",'Atenciones - Detalles de citas'!$AF:$AF,""=7"")"
LEGACY::REMASEP_OD::S46,REMASEP_OD,S46,DERIVED_AGGREGATION,S30,"=COUNTIFS('Atenciones - Detalles de citas'!$AE:$AE,""*5010009 - VIDRIO IONÓMERO*""&""*Mujer*"",'Atenciones - Detalles de citas'!$AF:$AF,""=7"")-S30"
LEGACY::REMASEP_OD::S47,REMASEP_OD,S47,BASE_AGGREGATION,,"=COUNTIFS('Atenciones - Detalles de citas'!$AE:$AE,""*5005008 - CEMENTACIÓN CARILLA RESINA INDIRECTA*""&""*Mujer*"",'Atenciones - Detalles de citas'!$AF:$AF,""=7"")"
LEGACY::REMASEP_OD::S48,REMASEP_OD,S48,BASE_AGGREGATION,,"=COUNTIFS('Atenciones - Detalles de citas'!$AE:$AE,""*INSTALACIÓN APARATO REMOVIBLE*""&""*Mujer*"",'Atenciones - Detalles de citas'!$AF:$AF,""=7"")"
LEGACY::REMASEP_OD::S49,REMASEP_OD,S49,BASE_AGGREGATION,,"=COUNTIFS('Atenciones - Detalles de citas'!$AE:$AE,""*5004001 - INSTALACIÓN APARATO FIJO SUP O INF*""&""*Mujer*"",'Atenciones - Detalles de citas'!$AF:$AF,""=7"")"
LEGACY::REMASEP_OD::S50,REMASEP_OD,S50,BASE_AGGREGATION,,"=COUNTIFS('Atenciones - Detalles de citas'!$AE:$AE,""*INSTALACIÓN CONTENCION*""&""*Mujer*"",'Atenciones - Detalles de citas'!$AF:$AF,""=7"")"
LEGACY::REMASEP_OD::S51,REMASEP_OD,S51,BASE_AGGREGATION,,"=COUNTIFS('Atenciones - Detalles de citas'!$AE:$AE,""*5004018 - RETIRO APARATO FIJO-LIMPIEZA-IMPRESIÓN*""&""*Mujer*"",'Atenciones - Detalles de citas'!$AF:$AF,""=7"")"
LEGACY::REMASEP_OD::S52,REMASEP_OD,S52,BASE_AGGREGATION,,"=COUNTIFS('Atenciones - Detalles de citas'!$AE:$AE,""*5004020 - CONTROL ORTODONCIA QUIRÚRGICO*""&""*Mujer*"",'Atenciones - Detalles de citas'!$AF:$AF,""=7"")"
LEGACY::REMASEP_OD::S53,REMASEP_OD,S53,BASE_AGGREGATION,,"=COUNTIFS('Atenciones - Detalles de citas'!$AK:$AK,""*1*""&""*Mujer*"",'Atenciones - Detalles de citas'!$AF:$AF,""=7"")"
LEGACY::REMASEP_OD::S54,REMASEP_OD,S54,BASE_AGGREGATION,,"=COUNTIFS('Atenciones - Detalles de citas'!$AJ:$AJ,""1""&""Mujer"",'Atenciones - Detalles de citas'!$AF:$AF,""=7"")"
LEGACY::REMASEP_OD::S62,REMASEP_OD,S62,DERIVED_AGGREGATION,S28,"=COUNTIFS('Atenciones - Detalles de citas'!$AE:$AE,""*COMPOSITE*""&""*Mujer*"",'Atenciones - Detalles de citas'!$AF:$AF,""=7"")-S28"
LEGACY::REMASEP_OD::S63,REMASEP_OD,S63,BASE_AGGREGATION,,"=COUNTIFS('Atenciones - Detalles de citas'!$AE:$AE,""*5010023 - PULPECTOMIA*""&""*Odontopediatría*""&""*Mujer*"",'Atenciones - Detalles de citas'!$AF:$AF,""=7"")+COUNTIFS('Atenciones - Detalles de citas'!$AE:$AE,""*5010003 - PULPOTOMIA*""&""*Odontopediatría*""&""*Mujer*"",'Atenciones - Detalles de citas'!$AF:$AF,""=7"")"
LEGACY::REMASEP_OD::S65,REMASEP_OD,S65,DERIVED_AGGREGATION,S24,"=COUNTIFS('Atenciones - Detalles de citas'!$AE:$AE,""*DESTARTRAJE*""&""*Mujer*"",'Atenciones - Detalles de citas'!$AF:$AF,""=7"")-S24"
LEGACY::REMASEP_OD::S66,REMASEP_OD,S66,BASE_AGGREGATION,,"=COUNTIFS('Atenciones - Detalles de citas'!$AE:$AE,""*AMALGAMA*""&""*Mujer*"",'Atenciones - Detalles de citas'!$AF:$AF,""=7"")"
LEGACY::REMASEP_OD::S70,REMASEP_OD,S70,BASE_AGGREGATION,,"=COUNTIFS('Atenciones - Detalles de citas'!$AE:$AE,""*INSTALACIÓN PRÓTESIS TOTAL ACRÍLICA SUP O INF*""&""*Mujer*"",'Atenciones - Detalles de citas'!$AF:$AF,""=7"")"
LEGACY::REMASEP_OD::S71,REMASEP_OD,S71,BASE_AGGREGATION,,"=COUNTIFS('Atenciones - Detalles de citas'!$AE:$AE,""*INSTALACIÓN PRÓTESIS PARCIAL METÁLICA SUP O INF*""&""*Mujer*"",'Atenciones - Detalles de citas'!$AF:$AF,""=7"")"
LEGACY::REMASEP_OD::S72,REMASEP_OD,S72,BASE_AGGREGATION,,"=COUNTIFS('Atenciones - Detalles de citas'!$AE:$AE,""*CEMENTACIÓN PRÓTESIS FIJA SOBRE DIENTE*""&""*Mujer*"",'Atenciones - Detalles de citas'!$AF:$AF,""=7"")"
LEGACY::REMASEP_OD::S73,REMASEP_OD,S73,BASE_AGGREGATION,,"=COUNTIFS('Atenciones - Detalles de citas'!$AE:$AE,""*INSTALACIÓN CORONA DEFINITIVA SOBRE IMPLANTE*""&""*Mujer*"",'Atenciones - Detalles de citas'!$AF:$AF,""=7"")"
LEGACY::REMASEP_OD::S74,REMASEP_OD,S74,BASE_AGGREGATION,,"=COUNTIFS('Atenciones - Detalles de citas'!$AE:$AE,""*AMALGAMA*""&""*Mujer*"",'Atenciones - Detalles de citas'!$AF:$AF,""=7"")"
LEGACY::REMASEP_OD::S8,REMASEP_OD,S8,BASE_AGGREGATION,,"=COUNTIFS('Atenciones - Detalles de citas'!$AD:$AD,$A8&""Mujer"",'Atenciones - Detalles de citas'!$AF:$AF,""=7"")"
LEGACY::REMASEP_OD::S89,REMASEP_OD,S89,BASE_AGGREGATION,,"=COUNTIFS('Atenciones - Detalles de citas'!$AE:$AE,""*5009002 - DESGASTE SELECTIVO*""&""*Mujer*"",'Atenciones - Detalles de citas'!$AF:$AF,""=7"")"
LEGACY::REMASEP_OD::S9,REMASEP_OD,S9,BASE_AGGREGATION,,"=COUNTIFS('Atenciones - Detalles de citas'!$AD:$AD,$A9&""Mujer"",'Atenciones - Detalles de citas'!$AF:$AF,""=7"")"
LEGACY::REMASEP_OD::S90,REMASEP_OD,S90,BASE_AGGREGATION,,"=COUNTIFS('Atenciones - Detalles de citas'!$AL:$AL,""1""&""Mujer"",'Atenciones - Detalles de citas'!$AF:$AF,""=7"")"
LEGACY::REMASEP_OD::T10,REMASEP_OD,T10,BASE_AGGREGATION,,"=COUNTIFS('Atenciones - Detalles de citas'!$AH:$AH,$A10&""Hombre"",'Atenciones - Detalles de citas'!$AF:$AF,"">=8"",'Atenciones - Detalles de citas'!$AH:$AH,$A10&""Hombre"",'Atenciones - Detalles de citas'!$AF:$AF,""<=9"")"
LEGACY::REMASEP_OD::T13,REMASEP_OD,T13,BASE_AGGREGATION,,"=COUNTIFS('Atenciones - Detalles de citas'!$AE:$AE,""*5001005 - SELLANTES*""&""*Hombre*"",'Atenciones - Detalles de citas'!$AF:$AF,"">=8"",'Atenciones - Detalles de citas'!$AE:$AE,""*5001005 - SELLANTES*""&""*Hombre*"",'Atenciones - Detalles de citas'!$AF:$AF,""<=9"")"
LEGACY::REMASEP_OD::T14,REMASEP_OD,T14,BASE_AGGREGATION,,"=COUNTIFS('Atenciones - Detalles de citas'!$AE:$AE,""*50010112 - INSTRUCCIÓN DE HIGIENE ORAL*""&""*Hombre*"",'Atenciones - Detalles de citas'!$AF:$AF,"">=8"",'Atenciones - Detalles de citas'!$AE:$AE,""*50010112 - INSTRUCCIÓN DE HIGIENE ORAL*""&""*Hombre*"",'Atenciones - Detalles de citas'!$AF:$AF,""<=9"")"
LEGACY::REMASEP_OD::T16,REMASEP_OD,T16,BASE_AGGREGATION,,"=COUNTIFS('Atenciones - Detalles de citas'!$AE:$AE,""*5010011 - PROFILAXIS*""&""*Hombre*"",'Atenciones - Detalles de citas'!$AF:$AF,"">=8"",'Atenciones - Detalles de citas'!$AE:$AE,""*5010011 - PROFILAXIS*""&""*Hombre*"",'Atenciones - Detalles de citas'!$AF:$AF,""<=9"")"
LEGACY::REMASEP_OD::T17,REMASEP_OD,T17,BASE_AGGREGATION,,"=COUNTIFS('Atenciones - Detalles de citas'!$AE:$AE,""*5001016 - FLUOR*""&""*Hombre*"",'Atenciones - Detalles de citas'!$AF:$AF,"">=8"",'Atenciones - Detalles de citas'!$AE:$AE,""*5001016 - FLUOR*""&""*Hombre*"",'Atenciones - Detalles de citas'!$AF:$AF,""<=9"")"
LEGACY::REMASEP_OD::T24,REMASEP_OD,T24,BASE_AGGREGATION,,"=COUNTIFS('Atenciones - Detalles de citas'!$AE:$AE,""*5012021 - DESTARTRAJE*""&""*Odontología General*""&""*Hombre*"",'Atenciones - Detalles de citas'!$AF:$AF,"">=8"",'Atenciones - Detalles de citas'!$AE:$AE,""*5012021 - DESTARTRAJE*""&""*Odontología General*""&""*Hombre*"",'Atenciones - Detalles de citas'!$AF:$AF,""<=9"")"
LEGACY::REMASEP_OD::T28,REMASEP_OD,T28,BASE_AGGREGATION,,"=COUNTIFS('Atenciones - Detalles de citas'!$AE:$AE,""*COMPOSITE*""&""*Odontología General*""&""*Hombre*"",'Atenciones - Detalles de citas'!$AF:$AF,"">=8"",'Atenciones - Detalles de citas'!$AE:$AE,""*COMPOSITE*""&""*Odontología General*""&""*Hombre*"",'Atenciones - Detalles de citas'!$AF:$AF,""<=9"")"
LEGACY::REMASEP_OD::T30,REMASEP_OD,T30,BASE_AGGREGATION,,"=COUNTIFS('Atenciones - Detalles de citas'!$AE:$AE,""*5010009 - VIDRIO IONÓMERO*""&""*Odontología General*""&""*Hombre*"",'Atenciones - Detalles de citas'!$AF:$AF,"">=8"",'Atenciones - Detalles de citas'!$AE:$AE,""*5010009 - VIDRIO IONÓMERO*""&""*Odontología General*""&""*Hombre*"",'Atenciones - Detalles de citas'!$AF:$AF,""<=9"")"
LEGACY::REMASEP_OD::T40,REMASEP_OD,T40,BASE_AGGREGATION,,"=COUNTIFS('Atenciones - Detalles de citas'!$AI:$AI,""*evaluacion odon esp*""&""*Hombre*"",'Atenciones - Detalles de citas'!$AF:$AF,"">=8"",'Atenciones - Detalles de citas'!$AI:$AI,""*evaluacion odon esp*""&""*Hombre*"",'Atenciones - Detalles de citas'!$AF:$AF,""<=9"")"
LEGACY::REMASEP_OD::T46,REMASEP_OD,T46,DERIVED_AGGREGATION,T30,"=COUNTIFS('Atenciones - Detalles de citas'!$AE:$AE,""*5010009 - VIDRIO IONÓMERO*""&""*Hombre*"",'Atenciones - Detalles de citas'!$AF:$AF,"">=8"",'Atenciones - Detalles de citas'!$AE:$AE,""*5010009 - VIDRIO IONÓMERO*""&""*Hombre*"",'Atenciones - Detalles de citas'!$AF:$AF,""<=9"")-T30"
LEGACY::REMASEP_OD::T47,REMASEP_OD,T47,BASE_AGGREGATION,,"=COUNTIFS('Atenciones - Detalles de citas'!$AE:$AE,""*5005008 - CEMENTACIÓN CARILLA RESINA INDIRECTA*""&""*Hombre*"",'Atenciones - Detalles de citas'!$AF:$AF,"">=8"",'Atenciones - Detalles de citas'!$AE:$AE,""*5005008 - CEMENTACIÓN CARILLA RESINA INDIRECTA*""&""*Hombre*"",'Atenciones - Detalles de citas'!$AF:$AF,""<=9"")"
LEGACY::REMASEP_OD::T48,REMASEP_OD,T48,BASE_AGGREGATION,,"=COUNTIFS('Atenciones - Detalles de citas'!$AE:$AE,""*INSTALACIÓN APARATO REMOVIBLE*""&""*Hombre*"",'Atenciones - Detalles de citas'!$AF:$AF,"">=8"",'Atenciones - Detalles de citas'!$AE:$AE,""*INSTALACIÓN APARATO REMOVIBLE*""&""*Hombre*"",'Atenciones - Detalles de citas'!$AF:$AF,""<=9"")"
LEGACY::REMASEP_OD::T49,REMASEP_OD,T49,BASE_AGGREGATION,,"=COUNTIFS('Atenciones - Detalles de citas'!$AE:$AE,""*5004001 - INSTALACIÓN APARATO FIJO SUP O INF*""&""*Hombre*"",'Atenciones - Detalles de citas'!$AF:$AF,"">=8"",'Atenciones - Detalles de citas'!$AE:$AE,""*5004001 - INSTALACIÓN APARATO FIJO SUP O INF*""&""*Hombre*"",'Atenciones - Detalles de citas'!$AF:$AF,""<=9"")"
LEGACY::REMASEP_OD::T50,REMASEP_OD,T50,BASE_AGGREGATION,,"=COUNTIFS('Atenciones - Detalles de citas'!$AE:$AE,""*INSTALACIÓN CONTENCION*""&""*Hombre*"",'Atenciones - Detalles de citas'!$AF:$AF,"">=8"",'Atenciones - Detalles de citas'!$AE:$AE,""*INSTALACIÓN CONTENCION*""&""*Hombre*"",'Atenciones - Detalles de citas'!$AF:$AF,""<=9"")"
LEGACY::REMASEP_OD::T51,REMASEP_OD,T51,BASE_AGGREGATION,,"=COUNTIFS('Atenciones - Detalles de citas'!$AE:$AE,""*5004018 - RETIRO APARATO FIJO-LIMPIEZA-IMPRESIÓN*""&""*Hombre*"",'Atenciones - Detalles de citas'!$AF:$AF,"">=8"",'Atenciones - Detalles de citas'!$AE:$AE,""*5004018 - RETIRO APARATO FIJO-LIMPIEZA-IMPRESIÓN*""&""*Hombre*"",'Atenciones - Detalles de citas'!$AF:$AF,""<=9"")"
LEGACY::REMASEP_OD::T52,REMASEP_OD,T52,BASE_AGGREGATION,,"=COUNTIFS('Atenciones - Detalles de citas'!$AE:$AE,""*5004020 - CONTROL ORTODONCIA QUIRÚRGICO*""&""*Hombre*"",'Atenciones - Detalles de citas'!$AF:$AF,"">=8"",'Atenciones - Detalles de citas'!$AE:$AE,""*5004020 - CONTROL ORTODONCIA QUIRÚRGICO*""&""*Hombre*"",'Atenciones - Detalles de citas'!$AF:$AF,""<=9"")"
LEGACY::REMASEP_OD::T53,REMASEP_OD,T53,BASE_AGGREGATION,,"=COUNTIFS('Atenciones - Detalles de citas'!$AK:$AK,""*1*""&""*Hombre*"",'Atenciones - Detalles de citas'!$AF:$AF,"">=8"",'Atenciones - Detalles de citas'!$AK:$AK,""*1*""&""*Hombre*"",'Atenciones - Detalles de citas'!$AF:$AF,""<=9"")"
LEGACY::REMASEP_OD::T54,REMASEP_OD,T54,BASE_AGGREGATION,,"=COUNTIFS('Atenciones - Detalles de citas'!$AJ:$AJ,""1""&""Hombre"",'Atenciones - Detalles de citas'!$AF:$AF,"">=8"",'Atenciones - Detalles de citas'!$AJ:$AJ,""1""&""Hombre"",'Atenciones - Detalles de citas'!$AF:$AF,""<=9"")"
LEGACY::REMASEP_OD::T62,REMASEP_OD,T62,DERIVED_AGGREGATION,T28,"=COUNTIFS('Atenciones - Detalles de citas'!$AE:$AE,""*COMPOSITE*""&""*Hombre*"",'Atenciones - Detalles de citas'!$AF:$AF,"">=8"",'Atenciones - Detalles de citas'!$AE:$AE,""*COMPOSITE*""&""*Hombre*"",'Atenciones - Detalles de citas'!$AF:$AF,""<=9"")-T28"
LEGACY::REMASEP_OD::T63,REMASEP_OD,T63,BASE_AGGREGATION,,"=COUNTIFS('Atenciones - Detalles de citas'!$AE:$AE,""*5010003 - PULPOTOMIA*""&""*Odontopediatría*""&""*Hombre*"",'Atenciones - Detalles de citas'!$AF:$AF,"">=8"",'Atenciones - Detalles de citas'!$AE:$AE,""*5010003 - PULPOTOMIA*""&""*Odontopediatría*""&""*Hombre*"",'Atenciones - Detalles de citas'!$AF:$AF,""<=9"")+COUNTIFS('Atenciones - Detalles de citas'!$AE:$AE,""*5010023 - PULPECTOMIA*""&""*Odontopediatría*""&""*Hombre*"",'Atenciones - Detalles de citas'!$AF:$AF,"">=8"",'Atenciones - Detalles de citas'!$AE:$AE,""*5010023 - PULPECTOMIA*""&""*Odontopediatría*""&""*Hombre*"",'Atenciones - Detalles de citas'!$AF:$AF,""<=9"")"
LEGACY::REMASEP_OD::T65,REMASEP_OD,T65,DERIVED_AGGREGATION,T24,"=COUNTIFS('Atenciones - Detalles de citas'!$AE:$AE,""*DESTARTRAJE*""&""*Hombre*"",'Atenciones - Detalles de citas'!$AF:$AF,"">=8"",'Atenciones - Detalles de citas'!$AE:$AE,""*DESTARTRAJE*""&""*Hombre*"",'Atenciones - Detalles de citas'!$AF:$AF,""<=9"")-T24"
LEGACY::REMASEP_OD::T66,REMASEP_OD,T66,BASE_AGGREGATION,,"=COUNTIFS('Atenciones - Detalles de citas'!$AE:$AE,""*AMALGAMA*""&""*Hombre*"",'Atenciones - Detalles de citas'!$AF:$AF,"">=8"",'Atenciones - Detalles de citas'!$AE:$AE,""*AMALGAMA*""&""*Hombre*"",'Atenciones - Detalles de citas'!$AF:$AF,""<=9"")"
LEGACY::REMASEP_OD::T70,REMASEP_OD,T70,BASE_AGGREGATION,,"=COUNTIFS('Atenciones - Detalles de citas'!$AE:$AE,""*INSTALACIÓN PRÓTESIS TOTAL ACRÍLICA SUP O INF*""&""*Hombre*"",'Atenciones - Detalles de citas'!$AF:$AF,"">=8"",'Atenciones - Detalles de citas'!$AE:$AE,""*INSTALACIÓN PRÓTESIS TOTAL ACRÍLICA SUP O INF*""&""*Hombre*"",'Atenciones - Detalles de citas'!$AF:$AF,""<=9"")"
LEGACY::REMASEP_OD::T71,REMASEP_OD,T71,BASE_AGGREGATION,,"=COUNTIFS('Atenciones - Detalles de citas'!$AE:$AE,""*INSTALACIÓN PRÓTESIS PARCIAL METÁLICA SUP O INF*""&""*Hombre*"",'Atenciones - Detalles de citas'!$AF:$AF,"">=8"",'Atenciones - Detalles de citas'!$AE:$AE,""*INSTALACIÓN PRÓTESIS PARCIAL METÁLICA SUP O INF*""&""*Hombre*"",'Atenciones - Detalles de citas'!$AF:$AF,""<=9"")"
LEGACY::REMASEP_OD::T72,REMASEP_OD,T72,BASE_AGGREGATION,,"=COUNTIFS('Atenciones - Detalles de citas'!$AE:$AE,""*CEMENTACIÓN PRÓTESIS FIJA SOBRE DIENTE*""&""*Hombre*"",'Atenciones - Detalles de citas'!$AF:$AF,"">=8"",'Atenciones - Detalles de citas'!$AE:$AE,""*CEMENTACIÓN PRÓTESIS FIJA SOBRE DIENTE*""&""*Hombre*"",'Atenciones - Detalles de citas'!$AF:$AF,""<=9"")"
LEGACY::REMASEP_OD::T73,REMASEP_OD,T73,BASE_AGGREGATION,,"=COUNTIFS('Atenciones - Detalles de citas'!$AE:$AE,""*INSTALACIÓN CORONA DEFINITIVA SOBRE IMPLANTE*""&""*Hombre*"",'Atenciones - Detalles de citas'!$AF:$AF,"">=8"",'Atenciones - Detalles de citas'!$AE:$AE,""*INSTALACIÓN CORONA DEFINITIVA SOBRE IMPLANTE*""&""*Hombre*"",'Atenciones - Detalles de citas'!$AF:$AF,""<=9"")"
LEGACY::REMASEP_OD::T74,REMASEP_OD,T74,BASE_AGGREGATION,,"=COUNTIFS('Atenciones - Detalles de citas'!$AE:$AE,""*AMALGAMA*""&""*Hombre*"",'Atenciones - Detalles de citas'!$AF:$AF,"">=8"",'Atenciones - Detalles de citas'!$AE:$AE,""*AMALGAMA*""&""*Hombre*"",'Atenciones - Detalles de citas'!$AF:$AF,""<=9"")"
LEGACY::REMASEP_OD::T8,REMASEP_OD,T8,BASE_AGGREGATION,,"=COUNTIFS('Atenciones - Detalles de citas'!$AD:$AD,$A8&""Hombre"",'Atenciones - Detalles de citas'!$AF:$AF,"">=8"",'Atenciones - Detalles de citas'!$AD:$AD,$A8&""Hombre"",'Atenciones - Detalles de citas'!$AF:$AF,""<=9"")"
LEGACY::REMASEP_OD::T89,REMASEP_OD,T89,BASE_AGGREGATION,,"=COUNTIFS('Atenciones - Detalles de citas'!$AE:$AE,""*5009002 - DESGASTE SELECTIVO*""&""*Hombre*"",'Atenciones - Detalles de citas'!$AF:$AF,"">=8"",'Atenciones - Detalles de citas'!$AE:$AE,""*5009002 - DESGASTE SELECTIVO*""&""*Hombre*"",'Atenciones - Detalles de citas'!$AF:$AF,""<=9"")"
LEGACY::REMASEP_OD::T9,REMASEP_OD,T9,BASE_AGGREGATION,,"=COUNTIFS('Atenciones - Detalles de citas'!$AD:$AD,$A9&""Hombre"",'Atenciones - Detalles de citas'!$AF:$AF,"">=8"",'Atenciones - Detalles de citas'!$AD:$AD,$A9&""Hombre"",'Atenciones - Detalles de citas'!$AF:$AF,""<=9"")"
LEGACY::REMASEP_OD::T90,REMASEP_OD,T90,BASE_AGGREGATION,,"=COUNTIFS('Atenciones - Detalles de citas'!$AL:$AL,""1""&""Hombre"",'Atenciones - Detalles de citas'!$AF:$AF,"">=8"",'Atenciones - Detalles de citas'!$AL:$AL,""1""&""Hombre"",'Atenciones - Detalles de citas'!$AF:$AF,""<=9"")"
LEGACY::REMASEP_OD::U10,REMASEP_OD,U10,BASE_AGGREGATION,,"=COUNTIFS('Atenciones - Detalles de citas'!$AH:$AH,$A10&""Mujer"",'Atenciones - Detalles de citas'!$AF:$AF,"">=8"",'Atenciones - Detalles de citas'!$AH:$AH,$A10&""Mujer"",'Atenciones - Detalles de citas'!$AF:$AF,""<=9"")"
LEGACY::REMASEP_OD::U13,REMASEP_OD,U13,BASE_AGGREGATION,,"=COUNTIFS('Atenciones - Detalles de citas'!$AE:$AE,""*5001005 - SELLANTES*""&""*Mujer*"",'Atenciones - Detalles de citas'!$AF:$AF,"">=8"",'Atenciones - Detalles de citas'!$AE:$AE,""*5001005 - SELLANTES*""&""*Mujer*"",'Atenciones - Detalles de citas'!$AF:$AF,""<=9"")"
LEGACY::REMASEP_OD::U14,REMASEP_OD,U14,BASE_AGGREGATION,,"=COUNTIFS('Atenciones - Detalles de citas'!$AE:$AE,""*50010112 - INSTRUCCIÓN DE HIGIENE ORAL*""&""*Mujer*"",'Atenciones - Detalles de citas'!$AF:$AF,"">=8"",'Atenciones - Detalles de citas'!$AE:$AE,""*50010112 - INSTRUCCIÓN DE HIGIENE ORAL*""&""*Mujer*"",'Atenciones - Detalles de citas'!$AF:$AF,""<=9"")"
LEGACY::REMASEP_OD::U16,REMASEP_OD,U16,BASE_AGGREGATION,,"=COUNTIFS('Atenciones - Detalles de citas'!$AE:$AE,""*5010011 - PROFILAXIS*""&""*Mujer*"",'Atenciones - Detalles de citas'!$AF:$AF,"">=8"",'Atenciones - Detalles de citas'!$AE:$AE,""*5010011 - PROFILAXIS*""&""*Mujer*"",'Atenciones - Detalles de citas'!$AF:$AF,""<=9"")"
LEGACY::REMASEP_OD::U17,REMASEP_OD,U17,BASE_AGGREGATION,,"=COUNTIFS('Atenciones - Detalles de citas'!$AE:$AE,""*5001016 - FLUOR*""&""*Mujer*"",'Atenciones - Detalles de citas'!$AF:$AF,"">=8"",'Atenciones - Detalles de citas'!$AE:$AE,""*5001016 - FLUOR*""&""*Mujer*"",'Atenciones - Detalles de citas'!$AF:$AF,""<=9"")"
LEGACY::REMASEP_OD::U24,REMASEP_OD,U24,BASE_AGGREGATION,,"=COUNTIFS('Atenciones - Detalles de citas'!$AE:$AE,""*5012021 - DESTARTRAJE*""&""*Odontología General*""&""*Mujer*"",'Atenciones - Detalles de citas'!$AF:$AF,"">=8"",'Atenciones - Detalles de citas'!$AE:$AE,""*5012021 - DESTARTRAJE*""&""*Odontología General*""&""*Mujer*"",'Atenciones - Detalles de citas'!$AF:$AF,""<=9"")"
LEGACY::REMASEP_OD::U28,REMASEP_OD,U28,BASE_AGGREGATION,,"=COUNTIFS('Atenciones - Detalles de citas'!$AE:$AE,""*COMPOSITE*""&""*Odontología General*""&""*Mujer*"",'Atenciones - Detalles de citas'!$AF:$AF,"">=8"",'Atenciones - Detalles de citas'!$AE:$AE,""*COMPOSITE*""&""*Odontología General*""&""*Mujer*"",'Atenciones - Detalles de citas'!$AF:$AF,""<=9"")"
LEGACY::REMASEP_OD::U30,REMASEP_OD,U30,BASE_AGGREGATION,,"=COUNTIFS('Atenciones - Detalles de citas'!$AE:$AE,""*5010009 - VIDRIO IONÓMERO*""&""*Odontología General*""&""*Mujer*"",'Atenciones - Detalles de citas'!$AF:$AF,"">=8"",'Atenciones - Detalles de citas'!$AE:$AE,""*5010009 - VIDRIO IONÓMERO*""&""*Odontología General*""&""*Mujer*"",'Atenciones - Detalles de citas'!$AF:$AF,""<=9"")"
LEGACY::REMASEP_OD::U40,REMASEP_OD,U40,BASE_AGGREGATION,,"=COUNTIFS('Atenciones - Detalles de citas'!$AI:$AI,""*evaluacion odon esp*""&""*Mujer*"",'Atenciones - Detalles de citas'!$AF:$AF,"">=8"",'Atenciones - Detalles de citas'!$AI:$AI,""*evaluacion odon esp*""&""*Mujer*"",'Atenciones - Detalles de citas'!$AF:$AF,""<=9"")"
LEGACY::REMASEP_OD::U46,REMASEP_OD,U46,DERIVED_AGGREGATION,U30,"=COUNTIFS('Atenciones - Detalles de citas'!$AE:$AE,""*5010009 - VIDRIO IONÓMERO*""&""*Mujer*"",'Atenciones - Detalles de citas'!$AF:$AF,"">=8"",'Atenciones - Detalles de citas'!$AE:$AE,""*5010009 - VIDRIO IONÓMERO*""&""*Mujer*"",'Atenciones - Detalles de citas'!$AF:$AF,""<=9"")-U30"
LEGACY::REMASEP_OD::U47,REMASEP_OD,U47,BASE_AGGREGATION,,"=COUNTIFS('Atenciones - Detalles de citas'!$AE:$AE,""*5005008 - CEMENTACIÓN CARILLA RESINA INDIRECTA*""&""*Mujer*"",'Atenciones - Detalles de citas'!$AF:$AF,"">=8"",'Atenciones - Detalles de citas'!$AE:$AE,""*5005008 - CEMENTACIÓN CARILLA RESINA INDIRECTA*""&""*Mujer*"",'Atenciones - Detalles de citas'!$AF:$AF,""<=9"")"
LEGACY::REMASEP_OD::U48,REMASEP_OD,U48,BASE_AGGREGATION,,"=COUNTIFS('Atenciones - Detalles de citas'!$AE:$AE,""*INSTALACIÓN APARATO REMOVIBLE*""&""*Mujer*"",'Atenciones - Detalles de citas'!$AF:$AF,"">=8"",'Atenciones - Detalles de citas'!$AE:$AE,""*INSTALACIÓN APARATO REMOVIBLE*""&""*Mujer*"",'Atenciones - Detalles de citas'!$AF:$AF,""<=9"")"
LEGACY::REMASEP_OD::U49,REMASEP_OD,U49,BASE_AGGREGATION,,"=COUNTIFS('Atenciones - Detalles de citas'!$AE:$AE,""*5004001 - INSTALACIÓN APARATO FIJO SUP O INF*""&""*Mujer*"",'Atenciones - Detalles de citas'!$AF:$AF,"">=8"",'Atenciones - Detalles de citas'!$AE:$AE,""*5004001 - INSTALACIÓN APARATO FIJO SUP O INF*""&""*Mujer*"",'Atenciones - Detalles de citas'!$AF:$AF,""<=9"")"
LEGACY::REMASEP_OD::U50,REMASEP_OD,U50,BASE_AGGREGATION,,"=COUNTIFS('Atenciones - Detalles de citas'!$AE:$AE,""*INSTALACIÓN CONTENCION*""&""*Mujer*"",'Atenciones - Detalles de citas'!$AF:$AF,"">=8"",'Atenciones - Detalles de citas'!$AE:$AE,""*INSTALACIÓN CONTENCION*""&""*Mujer*"",'Atenciones - Detalles de citas'!$AF:$AF,""<=9"")"
LEGACY::REMASEP_OD::U51,REMASEP_OD,U51,BASE_AGGREGATION,,"=COUNTIFS('Atenciones - Detalles de citas'!$AE:$AE,""*5004018 - RETIRO APARATO FIJO-LIMPIEZA-IMPRESIÓN*""&""*Mujer*"",'Atenciones - Detalles de citas'!$AF:$AF,"">=8"",'Atenciones - Detalles de citas'!$AE:$AE,""*5004018 - RETIRO APARATO FIJO-LIMPIEZA-IMPRESIÓN*""&""*Mujer*"",'Atenciones - Detalles de citas'!$AF:$AF,""<=9"")"
LEGACY::REMASEP_OD::U52,REMASEP_OD,U52,BASE_AGGREGATION,,"=COUNTIFS('Atenciones - Detalles de citas'!$AE:$AE,""*5004020 - CONTROL ORTODONCIA QUIRÚRGICO*""&""*Mujer*"",'Atenciones - Detalles de citas'!$AF:$AF,"">=8"",'Atenciones - Detalles de citas'!$AE:$AE,""*5004020 - CONTROL ORTODONCIA QUIRÚRGICO*""&""*Mujer*"",'Atenciones - Detalles de citas'!$AF:$AF,""<=9"")"
LEGACY::REMASEP_OD::U53,REMASEP_OD,U53,BASE_AGGREGATION,,"=COUNTIFS('Atenciones - Detalles de citas'!$AK:$AK,""*1*""&""*Mujer*"",'Atenciones - Detalles de citas'!$AF:$AF,"">=8"",'Atenciones - Detalles de citas'!$AK:$AK,""*1*""&""*Mujer*"",'Atenciones - Detalles de citas'!$AF:$AF,""<=9"")"
LEGACY::REMASEP_OD::U54,REMASEP_OD,U54,BASE_AGGREGATION,,"=COUNTIFS('Atenciones - Detalles de citas'!$AJ:$AJ,""1""&""Mujer"",'Atenciones - Detalles de citas'!$AF:$AF,"">=8"",'Atenciones - Detalles de citas'!$AJ:$AJ,""1""&""Mujer"",'Atenciones - Detalles de citas'!$AF:$AF,""<=9"")"
LEGACY::REMASEP_OD::U62,REMASEP_OD,U62,DERIVED_AGGREGATION,U28,"=COUNTIFS('Atenciones - Detalles de citas'!$AE:$AE,""*COMPOSITE*""&""*Mujer*"",'Atenciones - Detalles de citas'!$AF:$AF,"">=8"",'Atenciones - Detalles de citas'!$AE:$AE,""*COMPOSITE*""&""*Mujer*"",'Atenciones - Detalles de citas'!$AF:$AF,""<=9"")-U28"
LEGACY::REMASEP_OD::U63,REMASEP_OD,U63,BASE_AGGREGATION,,"=COUNTIFS('Atenciones - Detalles de citas'!$AE:$AE,""*5010003 - PULPOTOMIA*""&""*Odontopediatría*""&""*Mujer*"",'Atenciones - Detalles de citas'!$AF:$AF,"">=8"",'Atenciones - Detalles de citas'!$AE:$AE,""*5010003 - PULPOTOMIA*""&""*Odontopediatría*""&""*Mujer*"",'Atenciones - Detalles de citas'!$AF:$AF,""<=9"")+COUNTIFS('Atenciones - Detalles de citas'!$AE:$AE,""*5010023 - PULPECTOMIA*""&""*Odontopediatría*""&""*Mujer*"",'Atenciones - Detalles de citas'!$AF:$AF,"">=8"",'Atenciones - Detalles de citas'!$AE:$AE,""*5010023 - PULPECTOMIA*""&""*Odontopediatría*""&""*Mujer*"",'Atenciones - Detalles de citas'!$AF:$AF,""<=9"")"
LEGACY::REMASEP_OD::U65,REMASEP_OD,U65,DERIVED_AGGREGATION,U24,"=COUNTIFS('Atenciones - Detalles de citas'!$AE:$AE,""*DESTARTRAJE*""&""*Mujer*"",'Atenciones - Detalles de citas'!$AF:$AF,"">=8"",'Atenciones - Detalles de citas'!$AE:$AE,""*DESTARTRAJE*""&""*Mujer*"",'Atenciones - Detalles de citas'!$AF:$AF,""<=9"")-U24"
LEGACY::REMASEP_OD::U66,REMASEP_OD,U66,BASE_AGGREGATION,,"=COUNTIFS('Atenciones - Detalles de citas'!$AE:$AE,""*AMALGAMA*""&""*Mujer*"",'Atenciones - Detalles de citas'!$AF:$AF,"">=8"",'Atenciones - Detalles de citas'!$AE:$AE,""*AMALGAMA*""&""*Mujer*"",'Atenciones - Detalles de citas'!$AF:$AF,""<=9"")"
LEGACY::REMASEP_OD::U70,REMASEP_OD,U70,BASE_AGGREGATION,,"=COUNTIFS('Atenciones - Detalles de citas'!$AE:$AE,""*INSTALACIÓN PRÓTESIS TOTAL ACRÍLICA SUP O INF*""&""*Mujer*"",'Atenciones - Detalles de citas'!$AF:$AF,"">=8"",'Atenciones - Detalles de citas'!$AE:$AE,""*INSTALACIÓN PRÓTESIS TOTAL ACRÍLICA SUP O INF*""&""*Mujer*"",'Atenciones - Detalles de citas'!$AF:$AF,""<=9"")"
LEGACY::REMASEP_OD::U71,REMASEP_OD,U71,BASE_AGGREGATION,,"=COUNTIFS('Atenciones - Detalles de citas'!$AE:$AE,""*INSTALACIÓN PRÓTESIS PARCIAL METÁLICA SUP O INF*""&""*Mujer*"",'Atenciones - Detalles de citas'!$AF:$AF,"">=8"",'Atenciones - Detalles de citas'!$AE:$AE,""*INSTALACIÓN PRÓTESIS PARCIAL METÁLICA SUP O INF*""&""*Mujer*"",'Atenciones - Detalles de citas'!$AF:$AF,""<=9"")"
LEGACY::REMASEP_OD::U72,REMASEP_OD,U72,BASE_AGGREGATION,,"=COUNTIFS('Atenciones - Detalles de citas'!$AE:$AE,""*CEMENTACIÓN PRÓTESIS FIJA SOBRE DIENTE*""&""*Mujer*"",'Atenciones - Detalles de citas'!$AF:$AF,"">=8"",'Atenciones - Detalles de citas'!$AE:$AE,""*CEMENTACIÓN PRÓTESIS FIJA SOBRE DIENTE*""&""*Mujer*"",'Atenciones - Detalles de citas'!$AF:$AF,""<=9"")"
LEGACY::REMASEP_OD::U73,REMASEP_OD,U73,BASE_AGGREGATION,,"=COUNTIFS('Atenciones - Detalles de citas'!$AE:$AE,""*INSTALACIÓN CORONA DEFINITIVA SOBRE IMPLANTE*""&""*Mujer*"",'Atenciones - Detalles de citas'!$AF:$AF,"">=8"",'Atenciones - Detalles de citas'!$AE:$AE,""*INSTALACIÓN CORONA DEFINITIVA SOBRE IMPLANTE*""&""*Mujer*"",'Atenciones - Detalles de citas'!$AF:$AF,""<=9"")"
LEGACY::REMASEP_OD::U74,REMASEP_OD,U74,BASE_AGGREGATION,,"=COUNTIFS('Atenciones - Detalles de citas'!$AE:$AE,""*AMALGAMA*""&""*Mujer*"",'Atenciones - Detalles de citas'!$AF:$AF,"">=8"",'Atenciones - Detalles de citas'!$AE:$AE,""*AMALGAMA*""&""*Mujer*"",'Atenciones - Detalles de citas'!$AF:$AF,""<=9"")"
LEGACY::REMASEP_OD::U8,REMASEP_OD,U8,BASE_AGGREGATION,,"=COUNTIFS('Atenciones - Detalles de citas'!$AD:$AD,$A8&""Mujer"",'Atenciones - Detalles de citas'!$AF:$AF,"">=8"",'Atenciones - Detalles de citas'!$AD:$AD,$A8&""Mujer"",'Atenciones - Detalles de citas'!$AF:$AF,""<=9"")"
LEGACY::REMASEP_OD::U89,REMASEP_OD,U89,BASE_AGGREGATION,,"=COUNTIFS('Atenciones - Detalles de citas'!$AE:$AE,""*5009002 - DESGASTE SELECTIVO*""&""*Mujer*"",'Atenciones - Detalles de citas'!$AF:$AF,"">=8"",'Atenciones - Detalles de citas'!$AE:$AE,""*5009002 - DESGASTE SELECTIVO*""&""*Mujer*"",'Atenciones - Detalles de citas'!$AF:$AF,""<=9"")"
LEGACY::REMASEP_OD::U9,REMASEP_OD,U9,BASE_AGGREGATION,,"=COUNTIFS('Atenciones - Detalles de citas'!$AD:$AD,$A9&""Mujer"",'Atenciones - Detalles de citas'!$AF:$AF,"">=8"",'Atenciones - Detalles de citas'!$AD:$AD,$A9&""Mujer"",'Atenciones - Detalles de citas'!$AF:$AF,""<=9"")"
LEGACY::REMASEP_OD::U90,REMASEP_OD,U90,BASE_AGGREGATION,,"=COUNTIFS('Atenciones - Detalles de citas'!$AL:$AL,""1""&""Mujer"",'Atenciones - Detalles de citas'!$AF:$AF,"">=8"",'Atenciones - Detalles de citas'!$AL:$AL,""1""&""Mujer"",'Atenciones - Detalles de citas'!$AF:$AF,""<=9"")"
LEGACY::REMASEP_OD::V10,REMASEP_OD,V10,BASE_AGGREGATION,,"=COUNTIFS('Atenciones - Detalles de citas'!$AH:$AH,$A10&""Hombre"",'Atenciones - Detalles de citas'!$AF:$AF,"">=10"",'Atenciones - Detalles de citas'!$AH:$AH,$A10&""Hombre"",'Atenciones - Detalles de citas'!$AF:$AF,""<=14"")"
LEGACY::REMASEP_OD::V13,REMASEP_OD,V13,BASE_AGGREGATION,,"=COUNTIFS('Atenciones - Detalles de citas'!$AE:$AE,""*5001005 - SELLANTES*""&""*Hombre*"",'Atenciones - Detalles de citas'!$AF:$AF,"">=10"",'Atenciones - Detalles de citas'!$AE:$AE,""*5001005 - SELLANTES*""&""*Hombre*"",'Atenciones - Detalles de citas'!$AF:$AF,""<=14"")"
LEGACY::REMASEP_OD::V14,REMASEP_OD,V14,BASE_AGGREGATION,,"=COUNTIFS('Atenciones - Detalles de citas'!$AE:$AE,""*50010112 - INSTRUCCIÓN DE HIGIENE ORAL*""&""*Hombre*"",'Atenciones - Detalles de citas'!$AF:$AF,"">=10"",'Atenciones - Detalles de citas'!$AE:$AE,""*50010112 - INSTRUCCIÓN DE HIGIENE ORAL*""&""*Hombre*"",'Atenciones - Detalles de citas'!$AF:$AF,""<=14"")"
LEGACY::REMASEP_OD::V16,REMASEP_OD,V16,BASE_AGGREGATION,,"=COUNTIFS('Atenciones - Detalles de citas'!$AE:$AE,""*5010011 - PROFILAXIS*""&""*Hombre*"",'Atenciones - Detalles de citas'!$AF:$AF,"">=10"",'Atenciones - Detalles de citas'!$AE:$AE,""*5010011 - PROFILAXIS*""&""*Hombre*"",'Atenciones - Detalles de citas'!$AF:$AF,""<=14"")"
LEGACY::REMASEP_OD::V17,REMASEP_OD,V17,BASE_AGGREGATION,,"=COUNTIFS('Atenciones - Detalles de citas'!$AE:$AE,""*5001016 - FLUOR*""&""*Hombre*"",'Atenciones - Detalles de citas'!$AF:$AF,"">=10"",'Atenciones - Detalles de citas'!$AE:$AE,""*5001016 - FLUOR*""&""*Hombre*"",'Atenciones - Detalles de citas'!$AF:$AF,""<=14"")"
LEGACY::REMASEP_OD::V24,REMASEP_OD,V24,BASE_AGGREGATION,,"=COUNTIFS('Atenciones - Detalles de citas'!$AE:$AE,""*5012021 - DESTARTRAJE*""&""*Odontología General*""&""*Hombre*"",'Atenciones - Detalles de citas'!$AF:$AF,"">=10"",'Atenciones - Detalles de citas'!$AE:$AE,""*5012021 - DESTARTRAJE*""&""*Odontología General*""&""*Hombre*"",'Atenciones - Detalles de citas'!$AF:$AF,""<=14"")"
LEGACY::REMASEP_OD::V28,REMASEP_OD,V28,BASE_AGGREGATION,,"=COUNTIFS('Atenciones - Detalles de citas'!$AE:$AE,""*COMPOSITE*""&""*Odontología General*""&""*Hombre*"",'Atenciones - Detalles de citas'!$AF:$AF,"">=10"",'Atenciones - Detalles de citas'!$AE:$AE,""*COMPOSITE*""&""*Odontología General*""&""*Hombre*"",'Atenciones - Detalles de citas'!$AF:$AF,""<=14"")"
LEGACY::REMASEP_OD::V30,REMASEP_OD,V30,BASE_AGGREGATION,,"=COUNTIFS('Atenciones - Detalles de citas'!$AE:$AE,""*5010009 - VIDRIO IONÓMERO*""&""*Odontología General*""&""*Hombre*"",'Atenciones - Detalles de citas'!$AF:$AF,"">=10"",'Atenciones - Detalles de citas'!$AE:$AE,""*5010009 - VIDRIO IONÓMERO*""&""*Odontología General*""&""*Hombre*"",'Atenciones - Detalles de citas'!$AF:$AF,""<=14"")"
LEGACY::REMASEP_OD::V40,REMASEP_OD,V40,BASE_AGGREGATION,,"=COUNTIFS('Atenciones - Detalles de citas'!$AI:$AI,""*evaluacion odon esp*""&""*Hombre*"",'Atenciones - Detalles de citas'!$AF:$AF,"">=10"",'Atenciones - Detalles de citas'!$AI:$AI,""*evaluacion odon esp*""&""*Hombre*"",'Atenciones - Detalles de citas'!$AF:$AF,""<=14"")"
LEGACY::REMASEP_OD::V46,REMASEP_OD,V46,DERIVED_AGGREGATION,V30,"=COUNTIFS('Atenciones - Detalles de citas'!$AE:$AE,""*5010009 - VIDRIO IONÓMERO*""&""*Hombre*"",'Atenciones - Detalles de citas'!$AF:$AF,"">=10"",'Atenciones - Detalles de citas'!$AE:$AE,""*5010009 - VIDRIO IONÓMERO*""&""*Hombre*"",'Atenciones - Detalles de citas'!$AF:$AF,""<=14"")-V30"
LEGACY::REMASEP_OD::V47,REMASEP_OD,V47,BASE_AGGREGATION,,"=COUNTIFS('Atenciones - Detalles de citas'!$AE:$AE,""*5005008 - CEMENTACIÓN CARILLA RESINA INDIRECTA*""&""*Hombre*"",'Atenciones - Detalles de citas'!$AF:$AF,"">=10"",'Atenciones - Detalles de citas'!$AE:$AE,""*5005008 - CEMENTACIÓN CARILLA RESINA INDIRECTA*""&""*Hombre*"",'Atenciones - Detalles de citas'!$AF:$AF,""<=14"")"
LEGACY::REMASEP_OD::V48,REMASEP_OD,V48,BASE_AGGREGATION,,"=COUNTIFS('Atenciones - Detalles de citas'!$AE:$AE,""*INSTALACIÓN APARATO REMOVIBLE*""&""*Hombre*"",'Atenciones - Detalles de citas'!$AF:$AF,"">=10"",'Atenciones - Detalles de citas'!$AE:$AE,""*INSTALACIÓN APARATO REMOVIBLE*""&""*Hombre*"",'Atenciones - Detalles de citas'!$AF:$AF,""<=14"")"
LEGACY::REMASEP_OD::V49,REMASEP_OD,V49,BASE_AGGREGATION,,"=COUNTIFS('Atenciones - Detalles de citas'!$AE:$AE,""*5004001 - INSTALACIÓN APARATO FIJO SUP O INF*""&""*Hombre*"",'Atenciones - Detalles de citas'!$AF:$AF,"">=10"",'Atenciones - Detalles de citas'!$AE:$AE,""*5004001 - INSTALACIÓN APARATO FIJO SUP O INF*""&""*Hombre*"",'Atenciones - Detalles de citas'!$AF:$AF,""<=14"")"
LEGACY::REMASEP_OD::V50,REMASEP_OD,V50,BASE_AGGREGATION,,"=COUNTIFS('Atenciones - Detalles de citas'!$AE:$AE,""*INSTALACIÓN CONTENCION*""&""*Hombre*"",'Atenciones - Detalles de citas'!$AF:$AF,"">=10"",'Atenciones - Detalles de citas'!$AE:$AE,""*INSTALACIÓN CONTENCION*""&""*Hombre*"",'Atenciones - Detalles de citas'!$AF:$AF,""<=14"")"
LEGACY::REMASEP_OD::V51,REMASEP_OD,V51,BASE_AGGREGATION,,"=COUNTIFS('Atenciones - Detalles de citas'!$AE:$AE,""*5004018 - RETIRO APARATO FIJO-LIMPIEZA-IMPRESIÓN*""&""*Hombre*"",'Atenciones - Detalles de citas'!$AF:$AF,"">=10"",'Atenciones - Detalles de citas'!$AE:$AE,""*5004018 - RETIRO APARATO FIJO-LIMPIEZA-IMPRESIÓN*""&""*Hombre*"",'Atenciones - Detalles de citas'!$AF:$AF,""<=14"")"
LEGACY::REMASEP_OD::V52,REMASEP_OD,V52,BASE_AGGREGATION,,"=COUNTIFS('Atenciones - Detalles de citas'!$AE:$AE,""*5004020 - CONTROL ORTODONCIA QUIRÚRGICO*""&""*Hombre*"",'Atenciones - Detalles de citas'!$AF:$AF,"">=10"",'Atenciones - Detalles de citas'!$AE:$AE,""*5004020 - CONTROL ORTODONCIA QUIRÚRGICO*""&""*Hombre*"",'Atenciones - Detalles de citas'!$AF:$AF,""<=14"")"
LEGACY::REMASEP_OD::V53,REMASEP_OD,V53,BASE_AGGREGATION,,"=COUNTIFS('Atenciones - Detalles de citas'!$AK:$AK,""*1*""&""*Hombre*"",'Atenciones - Detalles de citas'!$AF:$AF,"">=10"",'Atenciones - Detalles de citas'!$AK:$AK,""*1*""&""*Hombre*"",'Atenciones - Detalles de citas'!$AF:$AF,""<=14"")"
LEGACY::REMASEP_OD::V54,REMASEP_OD,V54,BASE_AGGREGATION,,"=COUNTIFS('Atenciones - Detalles de citas'!$AJ:$AJ,""1""&""Hombre"",'Atenciones - Detalles de citas'!$AF:$AF,"">=10"",'Atenciones - Detalles de citas'!$AJ:$AJ,""1""&""Hombre"",'Atenciones - Detalles de citas'!$AF:$AF,""<=14"")"
LEGACY::REMASEP_OD::V62,REMASEP_OD,V62,DERIVED_AGGREGATION,V28,"=COUNTIFS('Atenciones - Detalles de citas'!$AE:$AE,""*COMPOSITE*""&""*Hombre*"",'Atenciones - Detalles de citas'!$AF:$AF,"">=10"",'Atenciones - Detalles de citas'!$AE:$AE,""*COMPOSITE*""&""*Hombre*"",'Atenciones - Detalles de citas'!$AF:$AF,""<=14"")-V28"
LEGACY::REMASEP_OD::V63,REMASEP_OD,V63,BASE_AGGREGATION,,"=COUNTIFS('Atenciones - Detalles de citas'!$AE:$AE,""*5010003 - PULPOTOMIA*""&""*Odontopediatría*""&""*Hombre*"",'Atenciones - Detalles de citas'!$AF:$AF,"">=10"",'Atenciones - Detalles de citas'!$AE:$AE,""*5010003 - PULPOTOMIA*""&""*Odontopediatría*""&""*Hombre*"",'Atenciones - Detalles de citas'!$AF:$AF,""<=14"")+COUNTIFS('Atenciones - Detalles de citas'!$AE:$AE,""*5010023 - PULPECTOMIA*""&""*Odontopediatría*""&""*Hombre*"",'Atenciones - Detalles de citas'!$AF:$AF,"">=10"",'Atenciones - Detalles de citas'!$AE:$AE,""*5010023 - PULPECTOMIA*""&""*Odontopediatría*""&""*Hombre*"",'Atenciones - Detalles de citas'!$AF:$AF,""<=14"")"
LEGACY::REMASEP_OD::V65,REMASEP_OD,V65,DERIVED_AGGREGATION,V24,"=COUNTIFS('Atenciones - Detalles de citas'!$AE:$AE,""*DESTARTRAJE*""&""*Hombre*"",'Atenciones - Detalles de citas'!$AF:$AF,"">=10"",'Atenciones - Detalles de citas'!$AE:$AE,""*DESTARTRAJE*""&""*Hombre*"",'Atenciones - Detalles de citas'!$AF:$AF,""<=14"")-V24"
LEGACY::REMASEP_OD::V66,REMASEP_OD,V66,BASE_AGGREGATION,,"=COUNTIFS('Atenciones - Detalles de citas'!$AE:$AE,""*AMALGAMA*""&""*Hombre*"",'Atenciones - Detalles de citas'!$AF:$AF,"">=10"",'Atenciones - Detalles de citas'!$AE:$AE,""*AMALGAMA*""&""*Hombre*"",'Atenciones - Detalles de citas'!$AF:$AF,""<=14"")"
LEGACY::REMASEP_OD::V70,REMASEP_OD,V70,BASE_AGGREGATION,,"=COUNTIFS('Atenciones - Detalles de citas'!$AE:$AE,""*INSTALACIÓN PRÓTESIS TOTAL ACRÍLICA SUP O INF*""&""*Hombre*"",'Atenciones - Detalles de citas'!$AF:$AF,"">=10"",'Atenciones - Detalles de citas'!$AE:$AE,""*INSTALACIÓN PRÓTESIS TOTAL ACRÍLICA SUP O INF*""&""*Hombre*"",'Atenciones - Detalles de citas'!$AF:$AF,""<=14"")"
LEGACY::REMASEP_OD::V71,REMASEP_OD,V71,BASE_AGGREGATION,,"=COUNTIFS('Atenciones - Detalles de citas'!$AE:$AE,""*INSTALACIÓN PRÓTESIS PARCIAL METÁLICA SUP O INF*""&""*Hombre*"",'Atenciones - Detalles de citas'!$AF:$AF,"">=10"",'Atenciones - Detalles de citas'!$AE:$AE,""*INSTALACIÓN PRÓTESIS PARCIAL METÁLICA SUP O INF*""&""*Hombre*"",'Atenciones - Detalles de citas'!$AF:$AF,""<=14"")"
LEGACY::REMASEP_OD::V72,REMASEP_OD,V72,BASE_AGGREGATION,,"=COUNTIFS('Atenciones - Detalles de citas'!$AE:$AE,""*CEMENTACIÓN PRÓTESIS FIJA SOBRE DIENTE*""&""*Hombre*"",'Atenciones - Detalles de citas'!$AF:$AF,"">=10"",'Atenciones - Detalles de citas'!$AE:$AE,""*CEMENTACIÓN PRÓTESIS FIJA SOBRE DIENTE*""&""*Hombre*"",'Atenciones - Detalles de citas'!$AF:$AF,""<=14"")"
LEGACY::REMASEP_OD::V73,REMASEP_OD,V73,BASE_AGGREGATION,,"=COUNTIFS('Atenciones - Detalles de citas'!$AE:$AE,""*INSTALACIÓN CORONA DEFINITIVA SOBRE IMPLANTE*""&""*Hombre*"",'Atenciones - Detalles de citas'!$AF:$AF,"">=10"",'Atenciones - Detalles de citas'!$AE:$AE,""*INSTALACIÓN CORONA DEFINITIVA SOBRE IMPLANTE*""&""*Hombre*"",'Atenciones - Detalles de citas'!$AF:$AF,""<=14"")"
LEGACY::REMASEP_OD::V74,REMASEP_OD,V74,BASE_AGGREGATION,,"=COUNTIFS('Atenciones - Detalles de citas'!$AE:$AE,""*AMALGAMA*""&""*Hombre*"",'Atenciones - Detalles de citas'!$AF:$AF,"">=10"",'Atenciones - Detalles de citas'!$AE:$AE,""*AMALGAMA*""&""*Hombre*"",'Atenciones - Detalles de citas'!$AF:$AF,""<=14"")"
LEGACY::REMASEP_OD::V8,REMASEP_OD,V8,BASE_AGGREGATION,,"=COUNTIFS('Atenciones - Detalles de citas'!$AD:$AD,$A8&""Hombre"",'Atenciones - Detalles de citas'!$AF:$AF,"">=10"",'Atenciones - Detalles de citas'!$AD:$AD,$A8&""Hombre"",'Atenciones - Detalles de citas'!$AF:$AF,""<=14"")"
LEGACY::REMASEP_OD::V89,REMASEP_OD,V89,BASE_AGGREGATION,,"=COUNTIFS('Atenciones - Detalles de citas'!$AE:$AE,""*5009002 - DESGASTE SELECTIVO*""&""*Hombre*"",'Atenciones - Detalles de citas'!$AF:$AF,"">=10"",'Atenciones - Detalles de citas'!$AE:$AE,""*5009002 - DESGASTE SELECTIVO*""&""*Hombre*"",'Atenciones - Detalles de citas'!$AF:$AF,""<=14"")"
LEGACY::REMASEP_OD::V9,REMASEP_OD,V9,BASE_AGGREGATION,,"=COUNTIFS('Atenciones - Detalles de citas'!$AD:$AD,$A9&""Hombre"",'Atenciones - Detalles de citas'!$AF:$AF,"">=10"",'Atenciones - Detalles de citas'!$AD:$AD,$A9&""Hombre"",'Atenciones - Detalles de citas'!$AF:$AF,""<=14"")"
LEGACY::REMASEP_OD::V90,REMASEP_OD,V90,BASE_AGGREGATION,,"=COUNTIFS('Atenciones - Detalles de citas'!$AL:$AL,""1""&""Hombre"",'Atenciones - Detalles de citas'!$AF:$AF,"">=10"",'Atenciones - Detalles de citas'!$AL:$AL,""1""&""Hombre"",'Atenciones - Detalles de citas'!$AF:$AF,""<=14"")"
LEGACY::REMASEP_OD::W10,REMASEP_OD,W10,BASE_AGGREGATION,,"=COUNTIFS('Atenciones - Detalles de citas'!$AH:$AH,$A10&""Mujer"",'Atenciones - Detalles de citas'!$AF:$AF,"">=10"",'Atenciones - Detalles de citas'!$AH:$AH,$A10&""Mujer"",'Atenciones - Detalles de citas'!$AF:$AF,""<=14"")"
LEGACY::REMASEP_OD::W13,REMASEP_OD,W13,BASE_AGGREGATION,,"=COUNTIFS('Atenciones - Detalles de citas'!$AE:$AE,""*5001005 - SELLANTES*""&""*Mujer*"",'Atenciones - Detalles de citas'!$AF:$AF,"">=10"",'Atenciones - Detalles de citas'!$AE:$AE,""*5001005 - SELLANTES*""&""*Mujer*"",'Atenciones - Detalles de citas'!$AF:$AF,""<=14"")"
LEGACY::REMASEP_OD::W14,REMASEP_OD,W14,BASE_AGGREGATION,,"=COUNTIFS('Atenciones - Detalles de citas'!$AE:$AE,""*50010112 - INSTRUCCIÓN DE HIGIENE ORAL*""&""*Mujer*"",'Atenciones - Detalles de citas'!$AF:$AF,"">=10"",'Atenciones - Detalles de citas'!$AE:$AE,""*50010112 - INSTRUCCIÓN DE HIGIENE ORAL*""&""*Mujer*"",'Atenciones - Detalles de citas'!$AF:$AF,""<=14"")"
LEGACY::REMASEP_OD::W16,REMASEP_OD,W16,BASE_AGGREGATION,,"=COUNTIFS('Atenciones - Detalles de citas'!$AE:$AE,""*5010011 - PROFILAXIS*""&""*Mujer*"",'Atenciones - Detalles de citas'!$AF:$AF,"">=10"",'Atenciones - Detalles de citas'!$AE:$AE,""*5010011 - PROFILAXIS*""&""*Mujer*"",'Atenciones - Detalles de citas'!$AF:$AF,""<=14"")"
LEGACY::REMASEP_OD::W17,REMASEP_OD,W17,BASE_AGGREGATION,,"=COUNTIFS('Atenciones - Detalles de citas'!$AE:$AE,""*5001016 - FLUOR*""&""*Mujer*"",'Atenciones - Detalles de citas'!$AF:$AF,"">=10"",'Atenciones - Detalles de citas'!$AE:$AE,""*5001016 - FLUOR*""&""*Mujer*"",'Atenciones - Detalles de citas'!$AF:$AF,""<=14"")"
LEGACY::REMASEP_OD::W24,REMASEP_OD,W24,BASE_AGGREGATION,,"=COUNTIFS('Atenciones - Detalles de citas'!$AE:$AE,""*5012021 - DESTARTRAJE*""&""*Odontología General*""&""*Mujer*"",'Atenciones - Detalles de citas'!$AF:$AF,"">=10"",'Atenciones - Detalles de citas'!$AE:$AE,""*5012021 - DESTARTRAJE*""&""*Odontología General*""&""*Mujer*"",'Atenciones - Detalles de citas'!$AF:$AF,""<=14"")"
LEGACY::REMASEP_OD::W28,REMASEP_OD,W28,BASE_AGGREGATION,,"=COUNTIFS('Atenciones - Detalles de citas'!$AE:$AE,""*COMPOSITE*""&""*Odontología General*""&""*Mujer*"",'Atenciones - Detalles de citas'!$AF:$AF,"">=10"",'Atenciones - Detalles de citas'!$AE:$AE,""*COMPOSITE*""&""*Odontología General*""&""*Mujer*"",'Atenciones - Detalles de citas'!$AF:$AF,""<=14"")"
LEGACY::REMASEP_OD::W30,REMASEP_OD,W30,BASE_AGGREGATION,,"=COUNTIFS('Atenciones - Detalles de citas'!$AE:$AE,""*5010009 - VIDRIO IONÓMERO*""&""*Odontología General*""&""*Mujer*"",'Atenciones - Detalles de citas'!$AF:$AF,"">=10"",'Atenciones - Detalles de citas'!$AE:$AE,""*5010009 - VIDRIO IONÓMERO*""&""*Odontología General*""&""*Mujer*"",'Atenciones - Detalles de citas'!$AF:$AF,""<=14"")"
LEGACY::REMASEP_OD::W40,REMASEP_OD,W40,BASE_AGGREGATION,,"=COUNTIFS('Atenciones - Detalles de citas'!$AI:$AI,""*evaluacion odon esp*""&""*Mujer*"",'Atenciones - Detalles de citas'!$AF:$AF,"">=10"",'Atenciones - Detalles de citas'!$AI:$AI,""*evaluacion odon esp*""&""*Mujer*"",'Atenciones - Detalles de citas'!$AF:$AF,""<=14"")"
LEGACY::REMASEP_OD::W46,REMASEP_OD,W46,DERIVED_AGGREGATION,W30,"=COUNTIFS('Atenciones - Detalles de citas'!$AE:$AE,""*5010009 - VIDRIO IONÓMERO*""&""*Mujer*"",'Atenciones - Detalles de citas'!$AF:$AF,"">=10"",'Atenciones - Detalles de citas'!$AE:$AE,""*5010009 - VIDRIO IONÓMERO*""&""*Mujer*"",'Atenciones - Detalles de citas'!$AF:$AF,""<=14"")-W30"
LEGACY::REMASEP_OD::W47,REMASEP_OD,W47,BASE_AGGREGATION,,"=COUNTIFS('Atenciones - Detalles de citas'!$AE:$AE,""*5005008 - CEMENTACIÓN CARILLA RESINA INDIRECTA*""&""*Mujer*"",'Atenciones - Detalles de citas'!$AF:$AF,"">=10"",'Atenciones - Detalles de citas'!$AE:$AE,""*5005008 - CEMENTACIÓN CARILLA RESINA INDIRECTA*""&""*Mujer*"",'Atenciones - Detalles de citas'!$AF:$AF,""<=14"")"
LEGACY::REMASEP_OD::W48,REMASEP_OD,W48,BASE_AGGREGATION,,"=COUNTIFS('Atenciones - Detalles de citas'!$AE:$AE,""*INSTALACIÓN APARATO REMOVIBLE*""&""*Mujer*"",'Atenciones - Detalles de citas'!$AF:$AF,"">=10"",'Atenciones - Detalles de citas'!$AE:$AE,""*INSTALACIÓN APARATO REMOVIBLE*""&""*Mujer*"",'Atenciones - Detalles de citas'!$AF:$AF,""<=14"")"
LEGACY::REMASEP_OD::W49,REMASEP_OD,W49,BASE_AGGREGATION,,"=COUNTIFS('Atenciones - Detalles de citas'!$AE:$AE,""*5004001 - INSTALACIÓN APARATO FIJO SUP O INF*""&""*Mujer*"",'Atenciones - Detalles de citas'!$AF:$AF,"">=10"",'Atenciones - Detalles de citas'!$AE:$AE,""*5004001 - INSTALACIÓN APARATO FIJO SUP O INF*""&""*Mujer*"",'Atenciones - Detalles de citas'!$AF:$AF,""<=14"")"
LEGACY::REMASEP_OD::W50,REMASEP_OD,W50,BASE_AGGREGATION,,"=COUNTIFS('Atenciones - Detalles de citas'!$AE:$AE,""*INSTALACIÓN CONTENCION*""&""*Mujer*"",'Atenciones - Detalles de citas'!$AF:$AF,"">=10"",'Atenciones - Detalles de citas'!$AE:$AE,""*INSTALACIÓN CONTENCION*""&""*Mujer*"",'Atenciones - Detalles de citas'!$AF:$AF,""<=14"")"
LEGACY::REMASEP_OD::W51,REMASEP_OD,W51,BASE_AGGREGATION,,"=COUNTIFS('Atenciones - Detalles de citas'!$AE:$AE,""*5004018 - RETIRO APARATO FIJO-LIMPIEZA-IMPRESIÓN*""&""*Mujer*"",'Atenciones - Detalles de citas'!$AF:$AF,"">=10"",'Atenciones - Detalles de citas'!$AE:$AE,""*5004018 - RETIRO APARATO FIJO-LIMPIEZA-IMPRESIÓN*""&""*Mujer*"",'Atenciones - Detalles de citas'!$AF:$AF,""<=14"")"
LEGACY::REMASEP_OD::W52,REMASEP_OD,W52,BASE_AGGREGATION,,"=COUNTIFS('Atenciones - Detalles de citas'!$AE:$AE,""*5004020 - CONTROL ORTODONCIA QUIRÚRGICO*""&""*Mujer*"",'Atenciones - Detalles de citas'!$AF:$AF,"">=10"",'Atenciones - Detalles de citas'!$AE:$AE,""*5004020 - CONTROL ORTODONCIA QUIRÚRGICO*""&""*Mujer*"",'Atenciones - Detalles de citas'!$AF:$AF,""<=14"")"
LEGACY::REMASEP_OD::W53,REMASEP_OD,W53,BASE_AGGREGATION,,"=COUNTIFS('Atenciones - Detalles de citas'!$AK:$AK,""*1*""&""*Mujer*"",'Atenciones - Detalles de citas'!$AF:$AF,"">=10"",'Atenciones - Detalles de citas'!$AK:$AK,""*1*""&""*Mujer*"",'Atenciones - Detalles de citas'!$AF:$AF,""<=14"")"
LEGACY::REMASEP_OD::W54,REMASEP_OD,W54,BASE_AGGREGATION,,"=COUNTIFS('Atenciones - Detalles de citas'!$AJ:$AJ,""1""&""Mujer"",'Atenciones - Detalles de citas'!$AF:$AF,"">=10"",'Atenciones - Detalles de citas'!$AJ:$AJ,""1""&""Mujer"",'Atenciones - Detalles de citas'!$AF:$AF,""<=14"")"
LEGACY::REMASEP_OD::W62,REMASEP_OD,W62,DERIVED_AGGREGATION,W28,"=COUNTIFS('Atenciones - Detalles de citas'!$AE:$AE,""*COMPOSITE*""&""*Mujer*"",'Atenciones - Detalles de citas'!$AF:$AF,"">=10"",'Atenciones - Detalles de citas'!$AE:$AE,""*COMPOSITE*""&""*Mujer*"",'Atenciones - Detalles de citas'!$AF:$AF,""<=14"")-W28"
LEGACY::REMASEP_OD::W63,REMASEP_OD,W63,BASE_AGGREGATION,,"=COUNTIFS('Atenciones - Detalles de citas'!$AE:$AE,""*5010003 - PULPOTOMIA*""&""*Odontopediatría*""&""*Mujer*"",'Atenciones - Detalles de citas'!$AF:$AF,"">=10"",'Atenciones - Detalles de citas'!$AE:$AE,""*5010003 - PULPOTOMIA*""&""*Odontopediatría*""&""*Mujer*"",'Atenciones - Detalles de citas'!$AF:$AF,""<=14"")+COUNTIFS('Atenciones - Detalles de citas'!$AE:$AE,""*5010023 - PULPECTOMIA*""&""*Odontopediatría*""&""*Mujer*"",'Atenciones - Detalles de citas'!$AF:$AF,"">=10"",'Atenciones - Detalles de citas'!$AE:$AE,""*5010023 - PULPECTOMIA*""&""*Odontopediatría*""&""*Mujer*"",'Atenciones - Detalles de citas'!$AF:$AF,""<=14"")"
LEGACY::REMASEP_OD::W65,REMASEP_OD,W65,DERIVED_AGGREGATION,W24,"=COUNTIFS('Atenciones - Detalles de citas'!$AE:$AE,""*DESTARTRAJE*""&""*Mujer*"",'Atenciones - Detalles de citas'!$AF:$AF,"">=10"",'Atenciones - Detalles de citas'!$AE:$AE,""*DESTARTRAJE*""&""*Mujer*"",'Atenciones - Detalles de citas'!$AF:$AF,""<=14"")-W24"
LEGACY::REMASEP_OD::W66,REMASEP_OD,W66,BASE_AGGREGATION,,"=COUNTIFS('Atenciones - Detalles de citas'!$AE:$AE,""*AMALGAMA*""&""*Mujer*"",'Atenciones - Detalles de citas'!$AF:$AF,"">=10"",'Atenciones - Detalles de citas'!$AE:$AE,""*AMALGAMA*""&""*Mujer*"",'Atenciones - Detalles de citas'!$AF:$AF,""<=14"")"
LEGACY::REMASEP_OD::W70,REMASEP_OD,W70,BASE_AGGREGATION,,"=COUNTIFS('Atenciones - Detalles de citas'!$AE:$AE,""*INSTALACIÓN PRÓTESIS TOTAL ACRÍLICA SUP O INF*""&""*Mujer*"",'Atenciones - Detalles de citas'!$AF:$AF,"">=10"",'Atenciones - Detalles de citas'!$AE:$AE,""*INSTALACIÓN PRÓTESIS TOTAL ACRÍLICA SUP O INF*""&""*Mujer*"",'Atenciones - Detalles de citas'!$AF:$AF,""<=14"")"
LEGACY::REMASEP_OD::W71,REMASEP_OD,W71,BASE_AGGREGATION,,"=COUNTIFS('Atenciones - Detalles de citas'!$AE:$AE,""*INSTALACIÓN PRÓTESIS PARCIAL METÁLICA SUP O INF*""&""*Mujer*"",'Atenciones - Detalles de citas'!$AF:$AF,"">=10"",'Atenciones - Detalles de citas'!$AE:$AE,""*INSTALACIÓN PRÓTESIS PARCIAL METÁLICA SUP O INF*""&""*Mujer*"",'Atenciones - Detalles de citas'!$AF:$AF,""<=14"")"
LEGACY::REMASEP_OD::W72,REMASEP_OD,W72,BASE_AGGREGATION,,"=COUNTIFS('Atenciones - Detalles de citas'!$AE:$AE,""*CEMENTACIÓN PRÓTESIS FIJA SOBRE DIENTE*""&""*Mujer*"",'Atenciones - Detalles de citas'!$AF:$AF,"">=10"",'Atenciones - Detalles de citas'!$AE:$AE,""*CEMENTACIÓN PRÓTESIS FIJA SOBRE DIENTE*""&""*Mujer*"",'Atenciones - Detalles de citas'!$AF:$AF,""<=14"")"
LEGACY::REMASEP_OD::W73,REMASEP_OD,W73,BASE_AGGREGATION,,"=COUNTIFS('Atenciones - Detalles de citas'!$AE:$AE,""*INSTALACIÓN CORONA DEFINITIVA SOBRE IMPLANTE*""&""*Mujer*"",'Atenciones - Detalles de citas'!$AF:$AF,"">=10"",'Atenciones - Detalles de citas'!$AE:$AE,""*INSTALACIÓN CORONA DEFINITIVA SOBRE IMPLANTE*""&""*Mujer*"",'Atenciones - Detalles de citas'!$AF:$AF,""<=14"")"
LEGACY::REMASEP_OD::W74,REMASEP_OD,W74,BASE_AGGREGATION,,"=COUNTIFS('Atenciones - Detalles de citas'!$AE:$AE,""*AMALGAMA*""&""*Mujer*"",'Atenciones - Detalles de citas'!$AF:$AF,"">=10"",'Atenciones - Detalles de citas'!$AE:$AE,""*AMALGAMA*""&""*Mujer*"",'Atenciones - Detalles de citas'!$AF:$AF,""<=14"")"
LEGACY::REMASEP_OD::W8,REMASEP_OD,W8,BASE_AGGREGATION,,"=COUNTIFS('Atenciones - Detalles de citas'!$AD:$AD,$A8&""Mujer"",'Atenciones - Detalles de citas'!$AF:$AF,"">=10"",'Atenciones - Detalles de citas'!$AD:$AD,$A8&""Mujer"",'Atenciones - Detalles de citas'!$AF:$AF,""<=14"")"
LEGACY::REMASEP_OD::W89,REMASEP_OD,W89,BASE_AGGREGATION,,"=COUNTIFS('Atenciones - Detalles de citas'!$AE:$AE,""*5009002 - DESGASTE SELECTIVO*""&""*Mujer*"",'Atenciones - Detalles de citas'!$AF:$AF,"">=10"",'Atenciones - Detalles de citas'!$AE:$AE,""*5009002 - DESGASTE SELECTIVO*""&""*Mujer*"",'Atenciones - Detalles de citas'!$AF:$AF,""<=14"")"
LEGACY::REMASEP_OD::W9,REMASEP_OD,W9,BASE_AGGREGATION,,"=COUNTIFS('Atenciones - Detalles de citas'!$AD:$AD,$A9&""Mujer"",'Atenciones - Detalles de citas'!$AF:$AF,"">=10"",'Atenciones - Detalles de citas'!$AD:$AD,$A9&""Mujer"",'Atenciones - Detalles de citas'!$AF:$AF,""<=14"")"
LEGACY::REMASEP_OD::W90,REMASEP_OD,W90,BASE_AGGREGATION,,"=COUNTIFS('Atenciones - Detalles de citas'!$AL:$AL,""1""&""Mujer"",'Atenciones - Detalles de citas'!$AF:$AF,"">=10"",'Atenciones - Detalles de citas'!$AL:$AL,""1""&""Mujer"",'Atenciones - Detalles de citas'!$AF:$AF,""<=14"")"
LEGACY::REMASEP_OD::X10,REMASEP_OD,X10,BASE_AGGREGATION,,"=COUNTIFS('Atenciones - Detalles de citas'!$AH:$AH,$A10&""Hombre"",'Atenciones - Detalles de citas'!$AF:$AF,"">=15"",'Atenciones - Detalles de citas'!$AH:$AH,$A10&""Hombre"",'Atenciones - Detalles de citas'!$AF:$AF,""<=19"")"
LEGACY::REMASEP_OD::X13,REMASEP_OD,X13,BASE_AGGREGATION,,"=COUNTIFS('Atenciones - Detalles de citas'!$AE:$AE,""*5001005 - SELLANTES*""&""*Hombre*"",'Atenciones - Detalles de citas'!$AF:$AF,"">=15"",'Atenciones - Detalles de citas'!$AE:$AE,""*5001005 - SELLANTES*""&""*Hombre*"",'Atenciones - Detalles de citas'!$AF:$AF,""<=19"")"
LEGACY::REMASEP_OD::X14,REMASEP_OD,X14,BASE_AGGREGATION,,"=COUNTIFS('Atenciones - Detalles de citas'!$AE:$AE,""*50010112 - INSTRUCCIÓN DE HIGIENE ORAL*""&""*Hombre*"",'Atenciones - Detalles de citas'!$AF:$AF,"">=15"",'Atenciones - Detalles de citas'!$AE:$AE,""*50010112 - INSTRUCCIÓN DE HIGIENE ORAL*""&""*Hombre*"",'Atenciones - Detalles de citas'!$AF:$AF,""<=19"")"
LEGACY::REMASEP_OD::X16,REMASEP_OD,X16,BASE_AGGREGATION,,"=COUNTIFS('Atenciones - Detalles de citas'!$AE:$AE,""*5010011 - PROFILAXIS*""&""*Hombre*"",'Atenciones - Detalles de citas'!$AF:$AF,"">=15"",'Atenciones - Detalles de citas'!$AE:$AE,""*5010011 - PROFILAXIS*""&""*Hombre*"",'Atenciones - Detalles de citas'!$AF:$AF,""<=19"")"
LEGACY::REMASEP_OD::X17,REMASEP_OD,X17,BASE_AGGREGATION,,"=COUNTIFS('Atenciones - Detalles de citas'!$AE:$AE,""*5001016 - FLUOR*""&""*Hombre*"",'Atenciones - Detalles de citas'!$AF:$AF,"">=15"",'Atenciones - Detalles de citas'!$AE:$AE,""*5001016 - FLUOR*""&""*Hombre*"",'Atenciones - Detalles de citas'!$AF:$AF,""<=19"")"
LEGACY::REMASEP_OD::X24,REMASEP_OD,X24,BASE_AGGREGATION,,"=COUNTIFS('Atenciones - Detalles de citas'!$AE:$AE,""*5012021 - DESTARTRAJE*""&""*Odontología General*""&""*Hombre*"",'Atenciones - Detalles de citas'!$AF:$AF,"">=15"",'Atenciones - Detalles de citas'!$AE:$AE,""*5012021 - DESTARTRAJE*""&""*Odontología General*""&""*Hombre*"",'Atenciones - Detalles de citas'!$AF:$AF,""<=19"")"
LEGACY::REMASEP_OD::X28,REMASEP_OD,X28,BASE_AGGREGATION,,"=COUNTIFS('Atenciones - Detalles de citas'!$AE:$AE,""*COMPOSITE*""&""*Odontología General*""&""*Hombre*"",'Atenciones - Detalles de citas'!$AF:$AF,"">=15"",'Atenciones - Detalles de citas'!$AE:$AE,""*COMPOSITE*""&""*Odontología General*""&""*Hombre*"",'Atenciones - Detalles de citas'!$AF:$AF,""<=19"")"
LEGACY::REMASEP_OD::X30,REMASEP_OD,X30,BASE_AGGREGATION,,"=COUNTIFS('Atenciones - Detalles de citas'!$AE:$AE,""*5010009 - VIDRIO IONÓMERO*""&""*Odontología General*""&""*Hombre*"",'Atenciones - Detalles de citas'!$AF:$AF,"">=15"",'Atenciones - Detalles de citas'!$AE:$AE,""*5010009 - VIDRIO IONÓMERO*""&""*Odontología General*""&""*Hombre*"",'Atenciones - Detalles de citas'!$AF:$AF,""<=19"")"
LEGACY::REMASEP_OD::X40,REMASEP_OD,X40,BASE_AGGREGATION,,"=COUNTIFS('Atenciones - Detalles de citas'!$AI:$AI,""*evaluacion odon esp*""&""*Hombre*"",'Atenciones - Detalles de citas'!$AF:$AF,"">=15"",'Atenciones - Detalles de citas'!$AI:$AI,""*evaluacion odon esp*""&""*Hombre*"",'Atenciones - Detalles de citas'!$AF:$AF,""<=19"")"
LEGACY::REMASEP_OD::X46,REMASEP_OD,X46,DERIVED_AGGREGATION,X30,"=COUNTIFS('Atenciones - Detalles de citas'!$AE:$AE,""*5010009 - VIDRIO IONÓMERO*""&""*Hombre*"",'Atenciones - Detalles de citas'!$AF:$AF,"">=15"",'Atenciones - Detalles de citas'!$AE:$AE,""*5010009 - VIDRIO IONÓMERO*""&""*Hombre*"",'Atenciones - Detalles de citas'!$AF:$AF,""<=19"")-X30"
LEGACY::REMASEP_OD::X47,REMASEP_OD,X47,BASE_AGGREGATION,,"=COUNTIFS('Atenciones - Detalles de citas'!$AE:$AE,""*5005008 - CEMENTACIÓN CARILLA RESINA INDIRECTA*""&""*Hombre*"",'Atenciones - Detalles de citas'!$AF:$AF,"">=15"",'Atenciones - Detalles de citas'!$AE:$AE,""*5005008 - CEMENTACIÓN CARILLA RESINA INDIRECTA*""&""*Hombre*"",'Atenciones - Detalles de citas'!$AF:$AF,""<=19"")"
LEGACY::REMASEP_OD::X48,REMASEP_OD,X48,BASE_AGGREGATION,,"=COUNTIFS('Atenciones - Detalles de citas'!$AE:$AE,""*INSTALACIÓN APARATO REMOVIBLE*""&""*Hombre*"",'Atenciones - Detalles de citas'!$AF:$AF,"">=15"",'Atenciones - Detalles de citas'!$AE:$AE,""*INSTALACIÓN APARATO REMOVIBLE*""&""*Hombre*"",'Atenciones - Detalles de citas'!$AF:$AF,""<=19"")"
LEGACY::REMASEP_OD::X49,REMASEP_OD,X49,BASE_AGGREGATION,,"=COUNTIFS('Atenciones - Detalles de citas'!$AE:$AE,""*5004001 - INSTALACIÓN APARATO FIJO SUP O INF*""&""*Hombre*"",'Atenciones - Detalles de citas'!$AF:$AF,"">=15"",'Atenciones - Detalles de citas'!$AE:$AE,""*5004001 - INSTALACIÓN APARATO FIJO SUP O INF*""&""*Hombre*"",'Atenciones - Detalles de citas'!$AF:$AF,""<=19"")"
LEGACY::REMASEP_OD::X50,REMASEP_OD,X50,BASE_AGGREGATION,,"=COUNTIFS('Atenciones - Detalles de citas'!$AE:$AE,""*INSTALACIÓN CONTENCION*""&""*Hombre*"",'Atenciones - Detalles de citas'!$AF:$AF,"">=15"",'Atenciones - Detalles de citas'!$AE:$AE,""*INSTALACIÓN CONTENCION*""&""*Hombre*"",'Atenciones - Detalles de citas'!$AF:$AF,""<=19"")"
LEGACY::REMASEP_OD::X51,REMASEP_OD,X51,BASE_AGGREGATION,,"=COUNTIFS('Atenciones - Detalles de citas'!$AE:$AE,""*5004018 - RETIRO APARATO FIJO-LIMPIEZA-IMPRESIÓN*""&""*Hombre*"",'Atenciones - Detalles de citas'!$AF:$AF,"">=15"",'Atenciones - Detalles de citas'!$AE:$AE,""*5004018 - RETIRO APARATO FIJO-LIMPIEZA-IMPRESIÓN*""&""*Hombre*"",'Atenciones - Detalles de citas'!$AF:$AF,""<=19"")"
LEGACY::REMASEP_OD::X52,REMASEP_OD,X52,BASE_AGGREGATION,,"=COUNTIFS('Atenciones - Detalles de citas'!$AE:$AE,""*5004020 - CONTROL ORTODONCIA QUIRÚRGICO*""&""*Hombre*"",'Atenciones - Detalles de citas'!$AF:$AF,"">=15"",'Atenciones - Detalles de citas'!$AE:$AE,""*5004020 - CONTROL ORTODONCIA QUIRÚRGICO*""&""*Hombre*"",'Atenciones - Detalles de citas'!$AF:$AF,""<=19"")"
LEGACY::REMASEP_OD::X53,REMASEP_OD,X53,BASE_AGGREGATION,,"=COUNTIFS('Atenciones - Detalles de citas'!$AK:$AK,""*1*""&""*Hombre*"",'Atenciones - Detalles de citas'!$AF:$AF,"">=15"",'Atenciones - Detalles de citas'!$AK:$AK,""*1*""&""*Hombre*"",'Atenciones - Detalles de citas'!$AF:$AF,""<=19"")"
LEGACY::REMASEP_OD::X54,REMASEP_OD,X54,BASE_AGGREGATION,,"=COUNTIFS('Atenciones - Detalles de citas'!$AJ:$AJ,""1""&""Hombre"",'Atenciones - Detalles de citas'!$AF:$AF,"">=15"",'Atenciones - Detalles de citas'!$AJ:$AJ,""1""&""Hombre"",'Atenciones - Detalles de citas'!$AF:$AF,""<=19"")"
LEGACY::REMASEP_OD::X62,REMASEP_OD,X62,DERIVED_AGGREGATION,X28,"=COUNTIFS('Atenciones - Detalles de citas'!$AE:$AE,""*COMPOSITE*""&""*Hombre*"",'Atenciones - Detalles de citas'!$AF:$AF,"">=15"",'Atenciones - Detalles de citas'!$AE:$AE,""*COMPOSITE*""&""*Hombre*"",'Atenciones - Detalles de citas'!$AF:$AF,""<=19"")-X28"
LEGACY::REMASEP_OD::X63,REMASEP_OD,X63,BASE_AGGREGATION,,"=COUNTIFS('Atenciones - Detalles de citas'!$AE:$AE,""*5010023 - PULPECTOMIA*""&""*Odontopediatría*""&""*Hombre*"",'Atenciones - Detalles de citas'!$AF:$AF,"">=15"",'Atenciones - Detalles de citas'!$AE:$AE,""*5010023 - PULPECTOMIA*""&""*Odontopediatría*""&""*Hombre*"",'Atenciones - Detalles de citas'!$AF:$AF,""<=19"")+COUNTIFS('Atenciones - Detalles de citas'!$AE:$AE,""*5010003 - PULPOTOMIA*""&""*Odontopediatría*""&""*Hombre*"",'Atenciones - Detalles de citas'!$AF:$AF,"">=15"",'Atenciones - Detalles de citas'!$AE:$AE,""*5010003 - PULPOTOMIA*""&""*Odontopediatría*""&""*Hombre*"",'Atenciones - Detalles de citas'!$AF:$AF,""<=19"")"
LEGACY::REMASEP_OD::X65,REMASEP_OD,X65,DERIVED_AGGREGATION,X24,"=COUNTIFS('Atenciones - Detalles de citas'!$AE:$AE,""*DESTARTRAJE*""&""*Hombre*"",'Atenciones - Detalles de citas'!$AF:$AF,"">=15"",'Atenciones - Detalles de citas'!$AE:$AE,""*DESTARTRAJE*""&""*Hombre*"",'Atenciones - Detalles de citas'!$AF:$AF,""<=19"")-X24"
LEGACY::REMASEP_OD::X66,REMASEP_OD,X66,BASE_AGGREGATION,,"=COUNTIFS('Atenciones - Detalles de citas'!$AE:$AE,""*AMALGAMA*""&""*Hombre*"",'Atenciones - Detalles de citas'!$AF:$AF,"">=15"",'Atenciones - Detalles de citas'!$AE:$AE,""*AMALGAMA*""&""*Hombre*"",'Atenciones - Detalles de citas'!$AF:$AF,""<=19"")"
LEGACY::REMASEP_OD::X70,REMASEP_OD,X70,BASE_AGGREGATION,,"=COUNTIFS('Atenciones - Detalles de citas'!$AE:$AE,""*INSTALACIÓN PRÓTESIS TOTAL ACRÍLICA SUP O INF*""&""*Hombre*"",'Atenciones - Detalles de citas'!$AF:$AF,"">=15"",'Atenciones - Detalles de citas'!$AE:$AE,""*INSTALACIÓN PRÓTESIS TOTAL ACRÍLICA SUP O INF*""&""*Hombre*"",'Atenciones - Detalles de citas'!$AF:$AF,""<=19"")"
LEGACY::REMASEP_OD::X71,REMASEP_OD,X71,BASE_AGGREGATION,,"=COUNTIFS('Atenciones - Detalles de citas'!$AE:$AE,""*INSTALACIÓN PRÓTESIS PARCIAL METÁLICA SUP O INF*""&""*Hombre*"",'Atenciones - Detalles de citas'!$AF:$AF,"">=15"",'Atenciones - Detalles de citas'!$AE:$AE,""*INSTALACIÓN PRÓTESIS PARCIAL METÁLICA SUP O INF*""&""*Hombre*"",'Atenciones - Detalles de citas'!$AF:$AF,""<=19"")"
LEGACY::REMASEP_OD::X72,REMASEP_OD,X72,BASE_AGGREGATION,,"=COUNTIFS('Atenciones - Detalles de citas'!$AE:$AE,""*CEMENTACIÓN PRÓTESIS FIJA SOBRE DIENTE*""&""*Hombre*"",'Atenciones - Detalles de citas'!$AF:$AF,"">=15"",'Atenciones - Detalles de citas'!$AE:$AE,""*CEMENTACIÓN PRÓTESIS FIJA SOBRE DIENTE*""&""*Hombre*"",'Atenciones - Detalles de citas'!$AF:$AF,""<=19"")"
LEGACY::REMASEP_OD::X73,REMASEP_OD,X73,BASE_AGGREGATION,,"=COUNTIFS('Atenciones - Detalles de citas'!$AE:$AE,""*INSTALACIÓN CORONA DEFINITIVA SOBRE IMPLANTE*""&""*Hombre*"",'Atenciones - Detalles de citas'!$AF:$AF,"">=15"",'Atenciones - Detalles de citas'!$AE:$AE,""*INSTALACIÓN CORONA DEFINITIVA SOBRE IMPLANTE*""&""*Hombre*"",'Atenciones - Detalles de citas'!$AF:$AF,""<=19"")"
LEGACY::REMASEP_OD::X74,REMASEP_OD,X74,BASE_AGGREGATION,,"=COUNTIFS('Atenciones - Detalles de citas'!$AE:$AE,""*AMALGAMA*""&""*Hombre*"",'Atenciones - Detalles de citas'!$AF:$AF,"">=15"",'Atenciones - Detalles de citas'!$AE:$AE,""*AMALGAMA*""&""*Hombre*"",'Atenciones - Detalles de citas'!$AF:$AF,""<=19"")"
LEGACY::REMASEP_OD::X8,REMASEP_OD,X8,BASE_AGGREGATION,,"=COUNTIFS('Atenciones - Detalles de citas'!$AD:$AD,$A8&""Hombre"",'Atenciones - Detalles de citas'!$AF:$AF,"">=15"",'Atenciones - Detalles de citas'!$AD:$AD,$A8&""Hombre"",'Atenciones - Detalles de citas'!$AF:$AF,""<=19"")"
LEGACY::REMASEP_OD::X89,REMASEP_OD,X89,BASE_AGGREGATION,,"=COUNTIFS('Atenciones - Detalles de citas'!$AE:$AE,""*5009002 - DESGASTE SELECTIVO*""&""*Hombre*"",'Atenciones - Detalles de citas'!$AF:$AF,"">=15"",'Atenciones - Detalles de citas'!$AE:$AE,""*5009002 - DESGASTE SELECTIVO*""&""*Hombre*"",'Atenciones - Detalles de citas'!$AF:$AF,""<=19"")"
LEGACY::REMASEP_OD::X9,REMASEP_OD,X9,BASE_AGGREGATION,,"=COUNTIFS('Atenciones - Detalles de citas'!$AD:$AD,$A9&""Hombre"",'Atenciones - Detalles de citas'!$AF:$AF,"">=15"",'Atenciones - Detalles de citas'!$AD:$AD,$A9&""Hombre"",'Atenciones - Detalles de citas'!$AF:$AF,""<=19"")"
LEGACY::REMASEP_OD::X90,REMASEP_OD,X90,BASE_AGGREGATION,,"=COUNTIFS('Atenciones - Detalles de citas'!$AL:$AL,""1""&""Hombre"",'Atenciones - Detalles de citas'!$AF:$AF,"">=15"",'Atenciones - Detalles de citas'!$AL:$AL,""1""&""Hombre"",'Atenciones - Detalles de citas'!$AF:$AF,""<=19"")"
LEGACY::REMASEP_OD::Y10,REMASEP_OD,Y10,BASE_AGGREGATION,,"=COUNTIFS('Atenciones - Detalles de citas'!$AH:$AH,$A10&""Mujer"",'Atenciones - Detalles de citas'!$AF:$AF,"">=15"",'Atenciones - Detalles de citas'!$AH:$AH,$A10&""Mujer"",'Atenciones - Detalles de citas'!$AF:$AF,""<=19"")"
LEGACY::REMASEP_OD::Y13,REMASEP_OD,Y13,BASE_AGGREGATION,,"=COUNTIFS('Atenciones - Detalles de citas'!$AE:$AE,""*5001005 - SELLANTES*""&""*Mujer*"",'Atenciones - Detalles de citas'!$AF:$AF,"">=15"",'Atenciones - Detalles de citas'!$AE:$AE,""*5001005 - SELLANTES*""&""*Mujer*"",'Atenciones - Detalles de citas'!$AF:$AF,""<=19"")"
LEGACY::REMASEP_OD::Y14,REMASEP_OD,Y14,BASE_AGGREGATION,,"=COUNTIFS('Atenciones - Detalles de citas'!$AE:$AE,""*50010112 - INSTRUCCIÓN DE HIGIENE ORAL*""&""*Mujer*"",'Atenciones - Detalles de citas'!$AF:$AF,"">=15"",'Atenciones - Detalles de citas'!$AE:$AE,""*50010112 - INSTRUCCIÓN DE HIGIENE ORAL*""&""*Mujer*"",'Atenciones - Detalles de citas'!$AF:$AF,""<=19"")"
LEGACY::REMASEP_OD::Y16,REMASEP_OD,Y16,BASE_AGGREGATION,,"=COUNTIFS('Atenciones - Detalles de citas'!$AE:$AE,""*5010011 - PROFILAXIS*""&""*Mujer*"",'Atenciones - Detalles de citas'!$AF:$AF,"">=15"",'Atenciones - Detalles de citas'!$AE:$AE,""*5010011 - PROFILAXIS*""&""*Mujer*"",'Atenciones - Detalles de citas'!$AF:$AF,""<=19"")"
LEGACY::REMASEP_OD::Y17,REMASEP_OD,Y17,BASE_AGGREGATION,,"=COUNTIFS('Atenciones - Detalles de citas'!$AE:$AE,""*5001016 - FLUOR*""&""*Mujer*"",'Atenciones - Detalles de citas'!$AF:$AF,"">=15"",'Atenciones - Detalles de citas'!$AE:$AE,""*5001016 - FLUOR*""&""*Mujer*"",'Atenciones - Detalles de citas'!$AF:$AF,""<=19"")"
LEGACY::REMASEP_OD::Y24,REMASEP_OD,Y24,BASE_AGGREGATION,,"=COUNTIFS('Atenciones - Detalles de citas'!$AE:$AE,""*5012021 - DESTARTRAJE*""&""*Odontología General*""&""*Mujer*"",'Atenciones - Detalles de citas'!$AF:$AF,"">=15"",'Atenciones - Detalles de citas'!$AE:$AE,""*5012021 - DESTARTRAJE*""&""*Odontología General*""&""*Mujer*"",'Atenciones - Detalles de citas'!$AF:$AF,""<=19"")"
LEGACY::REMASEP_OD::Y28,REMASEP_OD,Y28,BASE_AGGREGATION,,"=COUNTIFS('Atenciones - Detalles de citas'!$AE:$AE,""*COMPOSITE*""&""*Odontología General*""&""*Mujer*"",'Atenciones - Detalles de citas'!$AF:$AF,"">=15"",'Atenciones - Detalles de citas'!$AE:$AE,""*COMPOSITE*""&""*Odontología General*""&""*Mujer*"",'Atenciones - Detalles de citas'!$AF:$AF,""<=19"")"
LEGACY::REMASEP_OD::Y30,REMASEP_OD,Y30,BASE_AGGREGATION,,"=COUNTIFS('Atenciones - Detalles de citas'!$AE:$AE,""*5010009 - VIDRIO IONÓMERO*""&""*Odontología General*""&""*Mujer*"",'Atenciones - Detalles de citas'!$AF:$AF,"">=15"",'Atenciones - Detalles de citas'!$AE:$AE,""*5010009 - VIDRIO IONÓMERO*""&""*Odontología General*""&""*Mujer*"",'Atenciones - Detalles de citas'!$AF:$AF,""<=19"")"
LEGACY::REMASEP_OD::Y40,REMASEP_OD,Y40,BASE_AGGREGATION,,"=COUNTIFS('Atenciones - Detalles de citas'!$AI:$AI,""*evaluacion odon esp*""&""*Mujer*"",'Atenciones - Detalles de citas'!$AF:$AF,"">=15"",'Atenciones - Detalles de citas'!$AI:$AI,""*evaluacion odon esp*""&""*Mujer*"",'Atenciones - Detalles de citas'!$AF:$AF,""<=19"")"
LEGACY::REMASEP_OD::Y46,REMASEP_OD,Y46,DERIVED_AGGREGATION,Y30,"=COUNTIFS('Atenciones - Detalles de citas'!$AE:$AE,""*5010009 - VIDRIO IONÓMERO*""&""*Mujer*"",'Atenciones - Detalles de citas'!$AF:$AF,"">=15"",'Atenciones - Detalles de citas'!$AE:$AE,""*5010009 - VIDRIO IONÓMERO*""&""*Mujer*"",'Atenciones - Detalles de citas'!$AF:$AF,""<=19"")-Y30"
LEGACY::REMASEP_OD::Y47,REMASEP_OD,Y47,BASE_AGGREGATION,,"=COUNTIFS('Atenciones - Detalles de citas'!$AE:$AE,""*5005008 - CEMENTACIÓN CARILLA RESINA INDIRECTA*""&""*Mujer*"",'Atenciones - Detalles de citas'!$AF:$AF,"">=15"",'Atenciones - Detalles de citas'!$AE:$AE,""*5005008 - CEMENTACIÓN CARILLA RESINA INDIRECTA*""&""*Mujer*"",'Atenciones - Detalles de citas'!$AF:$AF,""<=19"")"
LEGACY::REMASEP_OD::Y48,REMASEP_OD,Y48,BASE_AGGREGATION,,"=COUNTIFS('Atenciones - Detalles de citas'!$AE:$AE,""*INSTALACIÓN APARATO REMOVIBLE*""&""*Mujer*"",'Atenciones - Detalles de citas'!$AF:$AF,"">=15"",'Atenciones - Detalles de citas'!$AE:$AE,""*INSTALACIÓN APARATO REMOVIBLE*""&""*Mujer*"",'Atenciones - Detalles de citas'!$AF:$AF,""<=19"")"
LEGACY::REMASEP_OD::Y49,REMASEP_OD,Y49,BASE_AGGREGATION,,"=COUNTIFS('Atenciones - Detalles de citas'!$AE:$AE,""*5004001 - INSTALACIÓN APARATO FIJO SUP O INF*""&""*Mujer*"",'Atenciones - Detalles de citas'!$AF:$AF,"">=15"",'Atenciones - Detalles de citas'!$AE:$AE,""*5004001 - INSTALACIÓN APARATO FIJO SUP O INF*""&""*Mujer*"",'Atenciones - Detalles de citas'!$AF:$AF,""<=19"")"
LEGACY::REMASEP_OD::Y50,REMASEP_OD,Y50,BASE_AGGREGATION,,"=COUNTIFS('Atenciones - Detalles de citas'!$AE:$AE,""*INSTALACIÓN CONTENCION*""&""*Mujer*"",'Atenciones - Detalles de citas'!$AF:$AF,"">=15"",'Atenciones - Detalles de citas'!$AE:$AE,""*INSTALACIÓN CONTENCION*""&""*Mujer*"",'Atenciones - Detalles de citas'!$AF:$AF,""<=19"")"
LEGACY::REMASEP_OD::Y51,REMASEP_OD,Y51,BASE_AGGREGATION,,"=COUNTIFS('Atenciones - Detalles de citas'!$AE:$AE,""*5004018 - RETIRO APARATO FIJO-LIMPIEZA-IMPRESIÓN*""&""*Mujer*"",'Atenciones - Detalles de citas'!$AF:$AF,"">=15"",'Atenciones - Detalles de citas'!$AE:$AE,""*5004018 - RETIRO APARATO FIJO-LIMPIEZA-IMPRESIÓN*""&""*Mujer*"",'Atenciones - Detalles de citas'!$AF:$AF,""<=19"")"
LEGACY::REMASEP_OD::Y52,REMASEP_OD,Y52,BASE_AGGREGATION,,"=COUNTIFS('Atenciones - Detalles de citas'!$AE:$AE,""*5004020 - CONTROL ORTODONCIA QUIRÚRGICO*""&""*Mujer*"",'Atenciones - Detalles de citas'!$AF:$AF,"">=15"",'Atenciones - Detalles de citas'!$AE:$AE,""*5004020 - CONTROL ORTODONCIA QUIRÚRGICO*""&""*Mujer*"",'Atenciones - Detalles de citas'!$AF:$AF,""<=19"")"
LEGACY::REMASEP_OD::Y53,REMASEP_OD,Y53,BASE_AGGREGATION,,"=COUNTIFS('Atenciones - Detalles de citas'!$AK:$AK,""*1*""&""*Mujer*"",'Atenciones - Detalles de citas'!$AF:$AF,"">=15"",'Atenciones - Detalles de citas'!$AK:$AK,""*1*""&""*Mujer*"",'Atenciones - Detalles de citas'!$AF:$AF,""<=19"")"
LEGACY::REMASEP_OD::Y54,REMASEP_OD,Y54,BASE_AGGREGATION,,"=COUNTIFS('Atenciones - Detalles de citas'!$AJ:$AJ,""1""&""Mujer"",'Atenciones - Detalles de citas'!$AF:$AF,"">=15"",'Atenciones - Detalles de citas'!$AJ:$AJ,""1""&""Mujer"",'Atenciones - Detalles de citas'!$AF:$AF,""<=19"")"
LEGACY::REMASEP_OD::Y62,REMASEP_OD,Y62,DERIVED_AGGREGATION,Y28,"=COUNTIFS('Atenciones - Detalles de citas'!$AE:$AE,""*COMPOSITE*""&""*Mujer*"",'Atenciones - Detalles de citas'!$AF:$AF,"">=15"",'Atenciones - Detalles de citas'!$AE:$AE,""*COMPOSITE*""&""*Mujer*"",'Atenciones - Detalles de citas'!$AF:$AF,""<=19"")-Y28"
LEGACY::REMASEP_OD::Y63,REMASEP_OD,Y63,BASE_AGGREGATION,,"=COUNTIFS('Atenciones - Detalles de citas'!$AE:$AE,""*5010023 - PULPECTOMIA*""&""*Odontopediatría*""&""*Mujer*"",'Atenciones - Detalles de citas'!$AF:$AF,"">=15"",'Atenciones - Detalles de citas'!$AE:$AE,""*5010023 - PULPECTOMIA*""&""*Odontopediatría*""&""*Mujer*"",'Atenciones - Detalles de citas'!$AF:$AF,""<=19"")+COUNTIFS('Atenciones - Detalles de citas'!$AE:$AE,""*5010003 - PULPOTOMIA*""&""*Odontopediatría*""&""*Mujer*"",'Atenciones - Detalles de citas'!$AF:$AF,"">=15"",'Atenciones - Detalles de citas'!$AE:$AE,""*5010003 - PULPOTOMIA*""&""*Odontopediatría*""&""*Mujer*"",'Atenciones - Detalles de citas'!$AF:$AF,""<=19"")"
LEGACY::REMASEP_OD::Y65,REMASEP_OD,Y65,DERIVED_AGGREGATION,Y24,"=COUNTIFS('Atenciones - Detalles de citas'!$AE:$AE,""*DESTARTRAJE*""&""*Mujer*"",'Atenciones - Detalles de citas'!$AF:$AF,"">=15"",'Atenciones - Detalles de citas'!$AE:$AE,""*DESTARTRAJE*""&""*Mujer*"",'Atenciones - Detalles de citas'!$AF:$AF,""<=19"")-Y24"
LEGACY::REMASEP_OD::Y66,REMASEP_OD,Y66,BASE_AGGREGATION,,"=COUNTIFS('Atenciones - Detalles de citas'!$AE:$AE,""*AMALGAMA*""&""*Mujer*"",'Atenciones - Detalles de citas'!$AF:$AF,"">=15"",'Atenciones - Detalles de citas'!$AE:$AE,""*AMALGAMA*""&""*Mujer*"",'Atenciones - Detalles de citas'!$AF:$AF,""<=19"")"
LEGACY::REMASEP_OD::Y70,REMASEP_OD,Y70,BASE_AGGREGATION,,"=COUNTIFS('Atenciones - Detalles de citas'!$AE:$AE,""*INSTALACIÓN PRÓTESIS TOTAL ACRÍLICA SUP O INF*""&""*Mujer*"",'Atenciones - Detalles de citas'!$AF:$AF,"">=15"",'Atenciones - Detalles de citas'!$AE:$AE,""*INSTALACIÓN PRÓTESIS TOTAL ACRÍLICA SUP O INF*""&""*Mujer*"",'Atenciones - Detalles de citas'!$AF:$AF,""<=19"")"
LEGACY::REMASEP_OD::Y71,REMASEP_OD,Y71,BASE_AGGREGATION,,"=COUNTIFS('Atenciones - Detalles de citas'!$AE:$AE,""*INSTALACIÓN PRÓTESIS PARCIAL METÁLICA SUP O INF*""&""*Mujer*"",'Atenciones - Detalles de citas'!$AF:$AF,"">=15"",'Atenciones - Detalles de citas'!$AE:$AE,""*INSTALACIÓN PRÓTESIS PARCIAL METÁLICA SUP O INF*""&""*Mujer*"",'Atenciones - Detalles de citas'!$AF:$AF,""<=19"")"
LEGACY::REMASEP_OD::Y72,REMASEP_OD,Y72,BASE_AGGREGATION,,"=COUNTIFS('Atenciones - Detalles de citas'!$AE:$AE,""*CEMENTACIÓN PRÓTESIS FIJA SOBRE DIENTE*""&""*Mujer*"",'Atenciones - Detalles de citas'!$AF:$AF,"">=15"",'Atenciones - Detalles de citas'!$AE:$AE,""*CEMENTACIÓN PRÓTESIS FIJA SOBRE DIENTE*""&""*Mujer*"",'Atenciones - Detalles de citas'!$AF:$AF,""<=19"")"
LEGACY::REMASEP_OD::Y73,REMASEP_OD,Y73,BASE_AGGREGATION,,"=COUNTIFS('Atenciones - Detalles de citas'!$AE:$AE,""*INSTALACIÓN CORONA DEFINITIVA SOBRE IMPLANTE*""&""*Mujer*"",'Atenciones - Detalles de citas'!$AF:$AF,"">=15"",'Atenciones - Detalles de citas'!$AE:$AE,""*INSTALACIÓN CORONA DEFINITIVA SOBRE IMPLANTE*""&""*Mujer*"",'Atenciones - Detalles de citas'!$AF:$AF,""<=19"")"
LEGACY::REMASEP_OD::Y74,REMASEP_OD,Y74,BASE_AGGREGATION,,"=COUNTIFS('Atenciones - Detalles de citas'!$AE:$AE,""*AMALGAMA*""&""*Mujer*"",'Atenciones - Detalles de citas'!$AF:$AF,"">=15"",'Atenciones - Detalles de citas'!$AE:$AE,""*AMALGAMA*""&""*Mujer*"",'Atenciones - Detalles de citas'!$AF:$AF,""<=19"")"
LEGACY::REMASEP_OD::Y8,REMASEP_OD,Y8,BASE_AGGREGATION,,"=COUNTIFS('Atenciones - Detalles de citas'!$AD:$AD,$A8&""Mujer"",'Atenciones - Detalles de citas'!$AF:$AF,"">=15"",'Atenciones - Detalles de citas'!$AD:$AD,$A8&""Mujer"",'Atenciones - Detalles de citas'!$AF:$AF,""<=19"")"
LEGACY::REMASEP_OD::Y89,REMASEP_OD,Y89,BASE_AGGREGATION,,"=COUNTIFS('Atenciones - Detalles de citas'!$AE:$AE,""*5009002 - DESGASTE SELECTIVO*""&""*Mujer*"",'Atenciones - Detalles de citas'!$AF:$AF,"">=15"",'Atenciones - Detalles de citas'!$AE:$AE,""*5009002 - DESGASTE SELECTIVO*""&""*Mujer*"",'Atenciones - Detalles de citas'!$AF:$AF,""<=19"")"
LEGACY::REMASEP_OD::Y9,REMASEP_OD,Y9,BASE_AGGREGATION,,"=COUNTIFS('Atenciones - Detalles de citas'!$AD:$AD,$A9&""Mujer"",'Atenciones - Detalles de citas'!$AF:$AF,"">=15"",'Atenciones - Detalles de citas'!$AD:$AD,$A9&""Mujer"",'Atenciones - Detalles de citas'!$AF:$AF,""<=19"")"
LEGACY::REMASEP_OD::Y90,REMASEP_OD,Y90,BASE_AGGREGATION,,"=COUNTIFS('Atenciones - Detalles de citas'!$AL:$AL,""1""&""Mujer"",'Atenciones - Detalles de citas'!$AF:$AF,"">=15"",'Atenciones - Detalles de citas'!$AL:$AL,""1""&""Mujer"",'Atenciones - Detalles de citas'!$AF:$AF,""<=19"")"
LEGACY::REMASEP_OD::Z10,REMASEP_OD,Z10,BASE_AGGREGATION,,"=COUNTIFS('Atenciones - Detalles de citas'!$AH:$AH,$A10&""Hombre"",'Atenciones - Detalles de citas'!$AF:$AF,"">=20"",'Atenciones - Detalles de citas'!$AH:$AH,$A10&""Hombre"",'Atenciones - Detalles de citas'!$AF:$AF,""<=24"")"
LEGACY::REMASEP_OD::Z13,REMASEP_OD,Z13,BASE_AGGREGATION,,"=COUNTIFS('Atenciones - Detalles de citas'!$AE:$AE,""*5001005 - SELLANTES*""&""*Hombre*"",'Atenciones - Detalles de citas'!$AF:$AF,"">=20"",'Atenciones - Detalles de citas'!$AE:$AE,""*5001005 - SELLANTES*""&""*Hombre*"",'Atenciones - Detalles de citas'!$AF:$AF,""<=24"")"
LEGACY::REMASEP_OD::Z14,REMASEP_OD,Z14,BASE_AGGREGATION,,"=COUNTIFS('Atenciones - Detalles de citas'!$AE:$AE,""*50010112 - INSTRUCCIÓN DE HIGIENE ORAL*""&""*Hombre*"",'Atenciones - Detalles de citas'!$AF:$AF,"">=20"",'Atenciones - Detalles de citas'!$AE:$AE,""*50010112 - INSTRUCCIÓN DE HIGIENE ORAL*""&""*Hombre*"",'Atenciones - Detalles de citas'!$AF:$AF,""<=24"")"
LEGACY::REMASEP_OD::Z16,REMASEP_OD,Z16,BASE_AGGREGATION,,"=COUNTIFS('Atenciones - Detalles de citas'!$AE:$AE,""*5010011 - PROFILAXIS*""&""*Hombre*"",'Atenciones - Detalles de citas'!$AF:$AF,"">=20"",'Atenciones - Detalles de citas'!$AE:$AE,""*5010011 - PROFILAXIS*""&""*Hombre*"",'Atenciones - Detalles de citas'!$AF:$AF,""<=24"")"
LEGACY::REMASEP_OD::Z17,REMASEP_OD,Z17,BASE_AGGREGATION,,"=COUNTIFS('Atenciones - Detalles de citas'!$AE:$AE,""*5001016 - FLUOR*""&""*Hombre*"",'Atenciones - Detalles de citas'!$AF:$AF,"">=20"",'Atenciones - Detalles de citas'!$AE:$AE,""*5001016 - FLUOR*""&""*Hombre*"",'Atenciones - Detalles de citas'!$AF:$AF,""<=24"")"
LEGACY::REMASEP_OD::Z24,REMASEP_OD,Z24,BASE_AGGREGATION,,"=COUNTIFS('Atenciones - Detalles de citas'!$AE:$AE,""*5012021 - DESTARTRAJE*""&""*Odontología General*""&""*Hombre*"",'Atenciones - Detalles de citas'!$AF:$AF,"">=20"",'Atenciones - Detalles de citas'!$AE:$AE,""*5012021 - DESTARTRAJE*""&""*Odontología General*""&""*Hombre*"",'Atenciones - Detalles de citas'!$AF:$AF,""<=24"")"
LEGACY::REMASEP_OD::Z28,REMASEP_OD,Z28,BASE_AGGREGATION,,"=COUNTIFS('Atenciones - Detalles de citas'!$AE:$AE,""*COMPOSITE*""&""*Odontología General*""&""*Hombre*"",'Atenciones - Detalles de citas'!$AF:$AF,"">=20"",'Atenciones - Detalles de citas'!$AE:$AE,""*COMPOSITE*""&""*Odontología General*""&""*Hombre*"",'Atenciones - Detalles de citas'!$AF:$AF,""<=24"")"
LEGACY::REMASEP_OD::Z30,REMASEP_OD,Z30,BASE_AGGREGATION,,"=COUNTIFS('Atenciones - Detalles de citas'!$AE:$AE,""*5010009 - VIDRIO IONÓMERO*""&""*Odontología General*""&""*Hombre*"",'Atenciones - Detalles de citas'!$AF:$AF,"">=20"",'Atenciones - Detalles de citas'!$AE:$AE,""*5010009 - VIDRIO IONÓMERO*""&""*Odontología General*""&""*Hombre*"",'Atenciones - Detalles de citas'!$AF:$AF,""<=24"")"
LEGACY::REMASEP_OD::Z40,REMASEP_OD,Z40,BASE_AGGREGATION,,"=COUNTIFS('Atenciones - Detalles de citas'!$AI:$AI,""*evaluacion odon esp*""&""*Hombre*"",'Atenciones - Detalles de citas'!$AF:$AF,"">=20"",'Atenciones - Detalles de citas'!$AI:$AI,""*evaluacion odon esp*""&""*Hombre*"",'Atenciones - Detalles de citas'!$AF:$AF,""<=24"")"
LEGACY::REMASEP_OD::Z46,REMASEP_OD,Z46,DERIVED_AGGREGATION,Z30,"=COUNTIFS('Atenciones - Detalles de citas'!$AE:$AE,""*5010009 - VIDRIO IONÓMERO*""&""*Hombre*"",'Atenciones - Detalles de citas'!$AF:$AF,"">=20"",'Atenciones - Detalles de citas'!$AE:$AE,""*5010009 - VIDRIO IONÓMERO*""&""*Hombre*"",'Atenciones - Detalles de citas'!$AF:$AF,""<=24"")-Z30"
LEGACY::REMASEP_OD::Z47,REMASEP_OD,Z47,BASE_AGGREGATION,,"=COUNTIFS('Atenciones - Detalles de citas'!$AE:$AE,""*5005008 - CEMENTACIÓN CARILLA RESINA INDIRECTA*""&""*Hombre*"",'Atenciones - Detalles de citas'!$AF:$AF,"">=20"",'Atenciones - Detalles de citas'!$AE:$AE,""*5005008 - CEMENTACIÓN CARILLA RESINA INDIRECTA*""&""*Hombre*"",'Atenciones - Detalles de citas'!$AF:$AF,""<=24"")"
LEGACY::REMASEP_OD::Z48,REMASEP_OD,Z48,BASE_AGGREGATION,,"=COUNTIFS('Atenciones - Detalles de citas'!$AE:$AE,""*INSTALACIÓN APARATO REMOVIBLE*""&""*Hombre*"",'Atenciones - Detalles de citas'!$AF:$AF,"">=20"",'Atenciones - Detalles de citas'!$AE:$AE,""*INSTALACIÓN APARATO REMOVIBLE*""&""*Hombre*"",'Atenciones - Detalles de citas'!$AF:$AF,""<=24"")"
LEGACY::REMASEP_OD::Z49,REMASEP_OD,Z49,BASE_AGGREGATION,,"=COUNTIFS('Atenciones - Detalles de citas'!$AE:$AE,""*5004001 - INSTALACIÓN APARATO FIJO SUP O INF*""&""*Hombre*"",'Atenciones - Detalles de citas'!$AF:$AF,"">=20"",'Atenciones - Detalles de citas'!$AE:$AE,""*5004001 - INSTALACIÓN APARATO FIJO SUP O INF*""&""*Hombre*"",'Atenciones - Detalles de citas'!$AF:$AF,""<=24"")"
LEGACY::REMASEP_OD::Z50,REMASEP_OD,Z50,BASE_AGGREGATION,,"=COUNTIFS('Atenciones - Detalles de citas'!$AE:$AE,""*INSTALACIÓN CONTENCION*""&""*Hombre*"",'Atenciones - Detalles de citas'!$AF:$AF,"">=20"",'Atenciones - Detalles de citas'!$AE:$AE,""*INSTALACIÓN CONTENCION*""&""*Hombre*"",'Atenciones - Detalles de citas'!$AF:$AF,""<=24"")"
LEGACY::REMASEP_OD::Z51,REMASEP_OD,Z51,BASE_AGGREGATION,,"=COUNTIFS('Atenciones - Detalles de citas'!$AE:$AE,""*5004018 - RETIRO APARATO FIJO-LIMPIEZA-IMPRESIÓN*""&""*Hombre*"",'Atenciones - Detalles de citas'!$AF:$AF,"">=20"",'Atenciones - Detalles de citas'!$AE:$AE,""*5004018 - RETIRO APARATO FIJO-LIMPIEZA-IMPRESIÓN*""&""*Hombre*"",'Atenciones - Detalles de citas'!$AF:$AF,""<=24"")"
LEGACY::REMASEP_OD::Z52,REMASEP_OD,Z52,BASE_AGGREGATION,,"=COUNTIFS('Atenciones - Detalles de citas'!$AE:$AE,""*5004020 - CONTROL ORTODONCIA QUIRÚRGICO*""&""*Hombre*"",'Atenciones - Detalles de citas'!$AF:$AF,"">=20"",'Atenciones - Detalles de citas'!$AE:$AE,""*5004020 - CONTROL ORTODONCIA QUIRÚRGICO*""&""*Hombre*"",'Atenciones - Detalles de citas'!$AF:$AF,""<=24"")"
LEGACY::REMASEP_OD::Z53,REMASEP_OD,Z53,BASE_AGGREGATION,,"=COUNTIFS('Atenciones - Detalles de citas'!$AK:$AK,""*1*""&""*Hombre*"",'Atenciones - Detalles de citas'!$AF:$AF,"">=20"",'Atenciones - Detalles de citas'!$AK:$AK,""*1*""&""*Hombre*"",'Atenciones - Detalles de citas'!$AF:$AF,""<=24"")"
LEGACY::REMASEP_OD::Z54,REMASEP_OD,Z54,BASE_AGGREGATION,,"=COUNTIFS('Atenciones - Detalles de citas'!$AJ:$AJ,""1""&""Hombre"",'Atenciones - Detalles de citas'!$AF:$AF,"">=20"",'Atenciones - Detalles de citas'!$AJ:$AJ,""1""&""Hombre"",'Atenciones - Detalles de citas'!$AF:$AF,""<=24"")"
LEGACY::REMASEP_OD::Z62,REMASEP_OD,Z62,DERIVED_AGGREGATION,Z28,"=COUNTIFS('Atenciones - Detalles de citas'!$AE:$AE,""*COMPOSITE*""&""*Hombre*"",'Atenciones - Detalles de citas'!$AF:$AF,"">=20"",'Atenciones - Detalles de citas'!$AE:$AE,""*COMPOSITE*""&""*Hombre*"",'Atenciones - Detalles de citas'!$AF:$AF,""<=24"")-Z28"
LEGACY::REMASEP_OD::Z63,REMASEP_OD,Z63,BASE_AGGREGATION,,"=COUNTIFS('Atenciones - Detalles de citas'!$AE:$AE,""*5010023 - PULPECTOMIA*""&""*Odontopediatría*""&""*Hombre*"",'Atenciones - Detalles de citas'!$AF:$AF,"">=20"",'Atenciones - Detalles de citas'!$AE:$AE,""*5010023 - PULPECTOMIA*""&""*Odontopediatría*""&""*Hombre*"",'Atenciones - Detalles de citas'!$AF:$AF,""<=24"")+COUNTIFS('Atenciones - Detalles de citas'!$AE:$AE,""*5010003 - PULPOTOMIA*""&""*Odontopediatría*""&""*Hombre*"",'Atenciones - Detalles de citas'!$AF:$AF,"">=20"",'Atenciones - Detalles de citas'!$AE:$AE,""*5010003 - PULPOTOMIA*""&""*Odontopediatría*""&""*Hombre*"",'Atenciones - Detalles de citas'!$AF:$AF,""<=24"")"
LEGACY::REMASEP_OD::Z65,REMASEP_OD,Z65,DERIVED_AGGREGATION,Z24,"=COUNTIFS('Atenciones - Detalles de citas'!$AE:$AE,""*DESTARTRAJE*""&""*Hombre*"",'Atenciones - Detalles de citas'!$AF:$AF,"">=20"",'Atenciones - Detalles de citas'!$AE:$AE,""*DESTARTRAJE*""&""*Hombre*"",'Atenciones - Detalles de citas'!$AF:$AF,""<=24"")-Z24"
LEGACY::REMASEP_OD::Z66,REMASEP_OD,Z66,BASE_AGGREGATION,,"=COUNTIFS('Atenciones - Detalles de citas'!$AE:$AE,""*AMALGAMA*""&""*Hombre*"",'Atenciones - Detalles de citas'!$AF:$AF,"">=20"",'Atenciones - Detalles de citas'!$AE:$AE,""*AMALGAMA*""&""*Hombre*"",'Atenciones - Detalles de citas'!$AF:$AF,""<=24"")"
LEGACY::REMASEP_OD::Z70,REMASEP_OD,Z70,BASE_AGGREGATION,,"=COUNTIFS('Atenciones - Detalles de citas'!$AE:$AE,""*INSTALACIÓN PRÓTESIS TOTAL ACRÍLICA SUP O INF*""&""*Hombre*"",'Atenciones - Detalles de citas'!$AF:$AF,"">=20"",'Atenciones - Detalles de citas'!$AE:$AE,""*INSTALACIÓN PRÓTESIS TOTAL ACRÍLICA SUP O INF*""&""*Hombre*"",'Atenciones - Detalles de citas'!$AF:$AF,""<=24"")"
LEGACY::REMASEP_OD::Z71,REMASEP_OD,Z71,BASE_AGGREGATION,,"=COUNTIFS('Atenciones - Detalles de citas'!$AE:$AE,""*INSTALACIÓN PRÓTESIS PARCIAL METÁLICA SUP O INF*""&""*Hombre*"",'Atenciones - Detalles de citas'!$AF:$AF,"">=20"",'Atenciones - Detalles de citas'!$AE:$AE,""*INSTALACIÓN PRÓTESIS PARCIAL METÁLICA SUP O INF*""&""*Hombre*"",'Atenciones - Detalles de citas'!$AF:$AF,""<=24"")"
LEGACY::REMASEP_OD::Z72,REMASEP_OD,Z72,BASE_AGGREGATION,,"=COUNTIFS('Atenciones - Detalles de citas'!$AE:$AE,""*CEMENTACIÓN PRÓTESIS FIJA SOBRE DIENTE*""&""*Hombre*"",'Atenciones - Detalles de citas'!$AF:$AF,"">=20"",'Atenciones - Detalles de citas'!$AE:$AE,""*CEMENTACIÓN PRÓTESIS FIJA SOBRE DIENTE*""&""*Hombre*"",'Atenciones - Detalles de citas'!$AF:$AF,""<=24"")"
LEGACY::REMASEP_OD::Z73,REMASEP_OD,Z73,BASE_AGGREGATION,,"=COUNTIFS('Atenciones - Detalles de citas'!$AE:$AE,""*INSTALACIÓN CORONA DEFINITIVA SOBRE IMPLANTE*""&""*Hombre*"",'Atenciones - Detalles de citas'!$AF:$AF,"">=20"",'Atenciones - Detalles de citas'!$AE:$AE,""*INSTALACIÓN CORONA DEFINITIVA SOBRE IMPLANTE*""&""*Hombre*"",'Atenciones - Detalles de citas'!$AF:$AF,""<=24"")"
LEGACY::REMASEP_OD::Z74,REMASEP_OD,Z74,BASE_AGGREGATION,,"=COUNTIFS('Atenciones - Detalles de citas'!$AE:$AE,""*AMALGAMA*""&""*Hombre*"",'Atenciones - Detalles de citas'!$AF:$AF,"">=20"",'Atenciones - Detalles de citas'!$AE:$AE,""*AMALGAMA*""&""*Hombre*"",'Atenciones - Detalles de citas'!$AF:$AF,""<=24"")"
LEGACY::REMASEP_OD::Z8,REMASEP_OD,Z8,BASE_AGGREGATION,,"=COUNTIFS('Atenciones - Detalles de citas'!$AD:$AD,$A8&""Hombre"",'Atenciones - Detalles de citas'!$AF:$AF,"">=20"",'Atenciones - Detalles de citas'!$AD:$AD,$A8&""Hombre"",'Atenciones - Detalles de citas'!$AF:$AF,""<=24"")"
LEGACY::REMASEP_OD::Z89,REMASEP_OD,Z89,BASE_AGGREGATION,,"=COUNTIFS('Atenciones - Detalles de citas'!$AE:$AE,""*5009002 - DESGASTE SELECTIVO*""&""*Hombre*"",'Atenciones - Detalles de citas'!$AF:$AF,"">=20"",'Atenciones - Detalles de citas'!$AE:$AE,""*5009002 - DESGASTE SELECTIVO*""&""*Hombre*"",'Atenciones - Detalles de citas'!$AF:$AF,""<=24"")"
LEGACY::REMASEP_OD::Z9,REMASEP_OD,Z9,BASE_AGGREGATION,,"=COUNTIFS('Atenciones - Detalles de citas'!$AD:$AD,$A9&""Hombre"",'Atenciones - Detalles de citas'!$AF:$AF,"">=20"",'Atenciones - Detalles de citas'!$AD:$AD,$A9&""Hombre"",'Atenciones - Detalles de citas'!$AF:$AF,""<=24"")"
LEGACY::REMASEP_OD::Z90,REMASEP_OD,Z90,BASE_AGGREGATION,,"=COUNTIFS('Atenciones - Detalles de citas'!$AL:$AL,""1""&""Hombre"",'Atenciones - Detalles de citas'!$AF:$AF,"">=20"",'Atenciones - Detalles de citas'!$AL:$AL,""1""&""Hombre"",'Atenciones - Detalles de citas'!$AF:$AF,""<=24"")"
