instruction_id,source_metric_id,source_semantic_signature,target_sheet,target_cell,target_semantic_signature,expected_value_type,template_fingerprint_id,policy_version,match_status
wi:00170a112286f2273a2a,LEGACY::REMASEP_OD::AC52,REMASEP_OD :: SECCION B: ACTIVIDADES DE ATENCION EN ESPECIALIDADES ODONTOLOGICAS. :: 5004020 - CONTROL ORTODONCIA QUIRURGICO :: ORTODONCIA PRE-QUIRURGICA :: SEGUN GRUPOS DE EDAD O DE RIESGO :: 25-34 ANOS :: MUJERES,REMASEP_OD,AB69,REMASEP_OD :: SECCION B: ACTIVIDADES DE ATENCION EN ESPECIALIDADES ODONTOLOGICAS. :: ORTODONCIA PRE-QUIRURGICA :: SEGUN GRUPOS DE EDAD O DE RIESGO :: 25-34 ANOS :: MUJERES,INTEGER_COUNT,stf:dc624775927d4d4d,writable_target_mapping_2026,EXACT_SEMANTIC_MATCH
wi:00262d328e88dcfa7cf1,LEGACY::REMASEP_OD::AG46,REMASEP_OD :: SECCION B: ACTIVIDADES DE ATENCION EN ESPECIALIDADES ODONTOLOGICAS. :: 5010009 - VIDRIO IONOMERO :: OBTURACION DIRECTA :: SEGUN GRUPOS DE EDAD O DE RIESGO :: 45-59 ANOS :: MUJERES,REMASEP_OD,AF63,REMASEP_OD :: SECCION B: ACTIVIDADES DE ATENCION EN ESPECIALIDADES ODONTOLOGICAS. :: OBTURACION DIRECTA :: SEGUN GRUPOS DE EDAD O DE RIESGO :: 45-59 ANOS :: MUJERES,INTEGER_COUNT,stf:dc624775927d4d4d,writable_target_mapping_2026,EXACT_SEMANTIC_MATCH
wi:0051a9950b4919be12ba,LEGACY::REMASEP_OD::AB46,REMASEP_OD :: SECCION B: ACTIVIDADES DE ATENCION EN ESPECIALIDADES ODONTOLOGICAS. :: 5010009 - VIDRIO IONOMERO :: OBTURACION DIRECTA :: SEGUN GRUPOS DE EDAD O DE RIESGO :: 25-34 ANOS :: HOMBRES,REMASEP_OD,AA63,REMASEP_OD :: SECCION B: ACTIVIDADES DE ATENCION EN ESPECIALIDADES ODONTOLOGICAS. :: OBTURACION DIRECTA :: SEGUN GRUPOS DE EDAD O DE RIESGO :: 25-34 ANOS :: HOMBRES,INTEGER_COUNT,stf:dc624775927d4d4d,writable_target_mapping_2026,EXACT_SEMANTIC_MATCH
wi:008dfa45dae134748508,LEGACY::REMASEP_OD::AA54,REMASEP_OD :: SECCION B: ACTIVIDADES DE ATENCION EN ESPECIALIDADES ODONTOLOGICAS. :: CONTROLES ORTODONCIA :: ORTODONCIA PREVENTIVA E INTERCEPTIVA (OPI) :: SEGUN GRUPOS DE EDAD O DE RIESGO :: 20-24 ANOS :: MUJERES,REMASEP_OD,Z71,REMASEP_OD :: SECCION B: ACTIVIDADES DE ATENCION EN ESPECIALIDADES ODONTOLOGICAS. :: ORTODONCIA PREVENTIVA E INTERCEPTIVA (OPI) :: SEGUN GRUPOS DE EDAD O DE RIESGO :: 20-24 ANOS :: MUJERES,INTEGER_COUNT,stf:dc624775927d4d4d,writable_target_mapping_2026,EXACT_SEMANTIC_MATCH
wi:00a4bd2ee2668dd9e28c,LEGACY::REMASEP_OD::L8,REMASEP_OD :: SECCION A: CONSULTAS Y CONTROLES ODONTOLOGICOS REALIZADOS :: A.1. CONSULTAS Y ALTAS :: EVALUACION ODONTOLOGIA GENERAL :: PRIMERAS CONSULTAS (ANO) DE ODONTOLOGIA ESPECIALIDADES :: SEGUN GRUPOS DE EDAD O DE RIESGO :: 4 ANOS :: HOMBRES,REMASEP_OD,K17,REMASEP_OD :: SECCION A: CONSULTAS Y CONTROLES ODONTOLOGICOS REALIZADOS :: A.1. CONSULTAS Y ALTAS :: PRIMERAS CONSULTAS (ANO) DE ODONTOLOGIA ESPECIALIDADES :: SEGUN GRUPOS DE EDAD O DE RIESGO :: 4 ANOS :: HOMBRES,INTEGER_COUNT,stf:dc624775927d4d4d,writable_target_mapping_2026,EXACT_SEMANTIC_MATCH
wi:00aab54517c24d1e515f,LEGACY::REMASEP_01::AL89,REMASEP 01 :: SECCION C: ATENCIONES Y CONSULTAS POR OTROS PROFESIONALES NO MEDICOS :: FONO :: FONOAUDIOLOGO/A :: CONSULTAS FONOAUDIOLOGO/A :: POR EDAD (EN ANOS) :: 75 - 79 ANOS :: MUJERES,REMASEP 01,AK118,REMASEP 01 :: SECCION C: ATENCIONES Y CONSULTAS POR OTROS PROFESIONALES NO MEDICOS :: FONOAUDIOLOGO/A :: CONSULTAS FONOAUDIOLOGO/A :: POR EDAD (EN ANOS) :: 75 - 79 ANOS :: MUJERES,INTEGER_COUNT,stf:dc624775927d4d4d,writable_target_mapping_2026,EXACT_SEMANTIC_MATCH
wi:00d9e9c641d14a751de5,LEGACY::REMASEP_OD::J52,REMASEP_OD :: SECCION B: ACTIVIDADES DE ATENCION EN ESPECIALIDADES ODONTOLOGICAS. :: 5004020 - CONTROL ORTODONCIA QUIRURGICO :: ORTODONCIA PRE-QUIRURGICA :: SEGUN GRUPOS DE EDAD O DE RIESGO :: 3 ANOS :: HOMBRES,REMASEP_OD,I69,REMASEP_OD :: SECCION B: ACTIVIDADES DE ATENCION EN ESPECIALIDADES ODONTOLOGICAS. :: ORTODONCIA PRE-QUIRURGICA :: SEGUN GRUPOS DE EDAD O DE RIESGO :: 3 ANOS :: HOMBRES,INTEGER_COUNT,stf:dc624775927d4d4d,writable_target_mapping_2026,EXACT_SEMANTIC_MATCH
wi:0138562d7beb3498154b,LEGACY::REMASEP_OD::G73,REMASEP_OD :: SECCION B: ACTIVIDADES DE ATENCION EN ESPECIALIDADES ODONTOLOGICAS. :: INSTALACION CORONA DEFINITIVA SOBRE IMPLANTE :: REHABILITACION MEDIANTE PROTESIS FIJA IMPLANTOASISTIDA (UNITARIA Y PLURAL) :: SEGUN GRUPOS DE EDAD O DE RIESGO :: MENOS DE 1 ANO - 1 ANO :: MUJERES,REMASEP_OD,F90,REMASEP_OD :: SECCION B: ACTIVIDADES DE ATENCION EN ESPECIALIDADES ODONTOLOGICAS. :: REHABILITACION MEDIANTE PROTESIS FIJA IMPLANTOASISTIDA (UNITARIA Y PLURAL) :: SEGUN GRUPOS DE EDAD O DE RIESGO :: MENOS DE 1 ANO - 1 ANO :: MUJERES,INTEGER_COUNT,stf:dc624775927d4d4d,writable_target_mapping_2026,EXACT_SEMANTIC_MATCH
wi:016e451f73307aef8c3b,LEGACY::REMASEP_OD::V17,REMASEP_OD :: SECCION A: CONSULTAS Y CONTROLES ODONTOLOGICOS REALIZADOS :: A.3. ACCIONES GENERALES DE PREVENCION E HIGIENE :: 5001016 - FLUOR :: FLUORACION TOPICA DE BARNIZ :: SEGUN GRUPOS DE EDAD O DE RIESGO :: 10-14 ANOS :: HOMBRES,REMASEP_OD,U34,REMASEP_OD :: SECCION A: CONSULTAS Y CONTROLES ODONTOLOGICOS REALIZADOS :: A.3. ACCIONES GENERALES DE PREVENCION E HIGIENE :: FLUORACION TOPICA DE BARNIZ :: SEGUN GRUPOS DE EDAD O DE RIESGO :: 10-14 ANOS :: HOMBRES,INTEGER_COUNT,stf:dc624775927d4d4d,writable_target_mapping_2026,EXACT_SEMANTIC_MATCH
wi:01bb847c919f82196be7,LEGACY::REMASEP_OD::X48,REMASEP_OD :: SECCION B: ACTIVIDADES DE ATENCION EN ESPECIALIDADES ODONTOLOGICAS. :: INSTALACION APARATO REMOVIBLE :: INSTALACION APARATO REMOVIBLE ORTODONCICO :: SEGUN GRUPOS DE EDAD O DE RIESGO :: 15-19 ANOS :: HOMBRES,REMASEP_OD,W65,REMASEP_OD :: SECCION B: ACTIVIDADES DE ATENCION EN ESPECIALIDADES ODONTOLOGICAS. :: INSTALACION APARATO REMOVIBLE ORTODONCICO :: SEGUN GRUPOS DE EDAD O DE RIESGO :: 15-19 ANOS :: HOMBRES,INTEGER_COUNT,stf:dc624775927d4d4d,writable_target_mapping_2026,EXACT_SEMANTIC_MATCH
wi:01c5451af9e37c1b4985,LEGACY::REMASEP_OD::AH49,REMASEP_OD :: SECCION B: ACTIVIDADES DE ATENCION EN ESPECIALIDADES ODONTOLOGICAS. :: 5004001 - INSTALACION APARATO FIJO SUP O INF :: INSTALACION APARATO FIJO ORTODONCICO :: SEGUN GRUPOS DE EDAD O DE RIESGO :: 60-64 ANOS :: HOMBRES,REMASEP_OD,AG66,REMASEP_OD :: SECCION B: ACTIVIDADES DE ATENCION EN ESPECIALIDADES ODONTOLOGICAS. :: INSTALACION APARATO FIJO ORTODONCICO :: SEGUN GRUPOS DE EDAD O DE RIESGO :: 60-64 ANOS :: HOMBRES,INTEGER_COUNT,stf:dc624775927d4d4d,writable_target_mapping_2026,EXACT_SEMANTIC_MATCH
wi:01c61fc7ff1bb2ccbad6,LEGACY::REMASEP_OD::S52,REMASEP_OD :: SECCION B: ACTIVIDADES DE ATENCION EN ESPECIALIDADES ODONTOLOGICAS. :: 5004020 - CONTROL ORTODONCIA QUIRURGICO :: ORTODONCIA PRE-QUIRURGICA :: SEGUN GRUPOS DE EDAD O DE RIESGO :: 7 ANOS :: MUJERES,REMASEP_OD,R69,REMASEP_OD :: SECCION B: ACTIVIDADES DE ATENCION EN ESPECIALIDADES ODONTOLOGICAS. :: ORTODONCIA PRE-QUIRURGICA :: SEGUN GRUPOS DE EDAD O DE RIESGO :: 7 ANOS :: MUJERES,INTEGER_COUNT,stf:dc624775927d4d4d,writable_target_mapping_2026,EXACT_SEMANTIC_MATCH
wi:01d2fcc852225bd323ea,LEGACY::REMASEP_OD::F74,REMASEP_OD :: SECCION B: ACTIVIDADES DE ATENCION EN ESPECIALIDADES ODONTOLOGICAS. :: NO SE REALIZA EN FG :: REHABILITACION MEDIANTE PROTESIS MUCO-IMPLANTOASISTIDA :: SEGUN GRUPOS DE EDAD O DE RIESGO :: MENOS DE 1 ANO - 1 ANO :: HOMBRES,REMASEP_OD,E91,REMASEP_OD :: SECCION B: ACTIVIDADES DE ATENCION EN ESPECIALIDADES ODONTOLOGICAS. :: REHABILITACION MEDIANTE PROTESIS MUCO-IMPLANTOASISTIDA :: SEGUN GRUPOS DE EDAD O DE RIESGO :: MENOS DE 1 ANO - 1 ANO :: HOMBRES,INTEGER_COUNT,stf:dc624775927d4d4d,writable_target_mapping_2026,EXACT_SEMANTIC_MATCH
wi:021734a056418471da7a,LEGACY::REMASEP_OD::I48,REMASEP_OD :: SECCION B: ACTIVIDADES DE ATENCION EN ESPECIALIDADES ODONTOLOGICAS. :: INSTALACION APARATO REMOVIBLE :: INSTALACION APARATO REMOVIBLE ORTODONCICO :: SEGUN GRUPOS DE EDAD O DE RIESGO :: 2 ANOS :: MUJERES,REMASEP_OD,H65,REMASEP_OD :: SECCION B: ACTIVIDADES DE ATENCION EN ESPECIALIDADES ODONTOLOGICAS. :: INSTALACION APARATO REMOVIBLE ORTODONCICO :: SEGUN GRUPOS DE EDAD O DE RIESGO :: 2 ANOS :: MUJERES,INTEGER_COUNT,stf:dc624775927d4d4d,writable_target_mapping_2026,EXACT_SEMANTIC_MATCH
wi:023a33f4d50513724035,LEGACY::REMASEP_OD::P50,REMASEP_OD :: SECCION B: ACTIVIDADES DE ATENCION EN ESPECIALIDADES ODONTOLOGICAS. :: INSTALACION CONTENCION :: INSTALACION APARATO DE CONTENCION ORTODONCICO :: SEGUN GRUPOS DE EDAD O DE RIESGO :: 6 ANOS :: HOMBRES,REMASEP_OD,O67,REMASEP_OD :: SECCION B: ACTIVIDADES DE ATENCION EN ESPECIALIDADES ODONTOLOGICAS. :: INSTALACION APARATO DE CONTENCION ORTODONCICO :: SEGUN GRUPOS DE EDAD O DE RIESGO :: 6 ANOS :: HOMBRES,INTEGER_COUNT,stf:dc624775927d4d4d,writable_target_mapping_2026,EXACT_SEMANTIC_MATCH
wi:024aaea45d73855f1b16,LEGACY::REMASEP_01::P89,REMASEP 01 :: SECCION C: ATENCIONES Y CONSULTAS POR OTROS PROFESIONALES NO MEDICOS :: FONO :: FONOAUDIOLOGO/A :: CONSULTAS FONOAUDIOLOGO/A :: POR EDAD (EN ANOS) :: 20 - 24 ANOS :: MUJERES,REMASEP 01,O118,REMASEP 01 :: SECCION C: ATENCIONES Y CONSULTAS POR OTROS PROFESIONALES NO MEDICOS :: FONOAUDIOLOGO/A :: CONSULTAS FONOAUDIOLOGO/A :: POR EDAD (EN ANOS) :: 20 - 24 ANOS :: MUJERES,INTEGER_COUNT,stf:dc624775927d4d4d,writable_target_mapping_2026,EXACT_SEMANTIC_MATCH
wi:028ee6f1f8d1b3c20b61,LEGACY::REMASEP_OD::U48,REMASEP_OD :: SECCION B: ACTIVIDADES DE ATENCION EN ESPECIALIDADES ODONTOLOGICAS. :: INSTALACION APARATO REMOVIBLE :: INSTALACION APARATO REMOVIBLE ORTODONCICO :: SEGUN GRUPOS DE EDAD O DE RIESGO :: 8-9 ANOS :: MUJERES,REMASEP_OD,T65,REMASEP_OD :: SECCION B: ACTIVIDADES DE ATENCION EN ESPECIALIDADES ODONTOLOGICAS. :: INSTALACION APARATO REMOVIBLE ORTODONCICO :: SEGUN GRUPOS DE EDAD O DE RIESGO :: 8-9 ANOS :: MUJERES,INTEGER_COUNT,stf:dc624775927d4d4d,writable_target_mapping_2026,EXACT_SEMANTIC_MATCH
wi:029b7a72145c3fab7919,LEGACY::REMASEP_OD::AM70,REMASEP_OD :: SECCION B: ACTIVIDADES DE ATENCION EN ESPECIALIDADES ODONTOLOGICAS. :: INSTALACION PROTESIS TOTAL ACRILICA SUP O INF :: REHABILITACION MEDIANTE PROTESIS REMOVIBLE ACRILICA PARCIAL O TOTAL :: SEGUN GRUPOS DE EDAD O DE RIESGO :: 75 Y MAS ANOS :: MUJERES,REMASEP_OD,AL87,REMASEP_OD :: SECCION B: ACTIVIDADES DE ATENCION EN ESPECIALIDADES ODONTOLOGICAS. :: REHABILITACION MEDIANTE PROTESIS REMOVIBLE ACRILICA PARCIAL O TOTAL :: SEGUN GRUPOS DE EDAD O DE RIESGO :: 75 Y MAS ANOS :: MUJERES,INTEGER_COUNT,stf:dc624775927d4d4d,writable_target_mapping_2026,EXACT_SEMANTIC_MATCH
wi:02f8b4c267dead768003,LEGACY::REMASEP_OD::Q48,REMASEP_OD :: SECCION B: ACTIVIDADES DE ATENCION EN ESPECIALIDADES ODONTOLOGICAS. :: INSTALACION APARATO REMOVIBLE :: INSTALACION APARATO REMOVIBLE ORTODONCICO :: SEGUN GRUPOS DE EDAD O DE RIESGO :: 6 ANOS :: MUJERES,REMASEP_OD,P65,REMASEP_OD :: SECCION B: ACTIVIDADES DE ATENCION EN ESPECIALIDADES ODONTOLOGICAS. :: INSTALACION APARATO REMOVIBLE ORTODONCICO :: SEGUN GRUPOS DE EDAD O DE RIESGO :: 6 ANOS :: MUJERES,INTEGER_COUNT,stf:dc624775927d4d4d,writable_target_mapping_2026,EXACT_SEMANTIC_MATCH
wi:02ffe71b85a8105f0a1a,LEGACY::REMASEP_OD::Z14,REMASEP_OD :: SECCION A: CONSULTAS Y CONTROLES ODONTOLOGICOS REALIZADOS :: A.3. ACCIONES GENERALES DE PREVENCION E HIGIENE :: 50010112 - INSTRUCCION DE HIGIENE ORAL :: INSTRUCCION Y CONTROL DE HIGIENE ORAL EN NINOS Y ADULTOS :: SEGUN GRUPOS DE EDAD O DE RIESGO :: 20-24 ANOS :: HOMBRES,REMASEP_OD,Y31,REMASEP_OD :: SECCION A: CONSULTAS Y CONTROLES ODONTOLOGICOS REALIZADOS :: A.3. ACCIONES GENERALES DE PREVENCION E HIGIENE :: INSTRUCCION Y CONTROL DE HIGIENE ORAL EN NINOS Y ADULTOS :: SEGUN GRUPOS DE EDAD O DE RIESGO :: 20-24 ANOS :: HOMBRES,INTEGER_COUNT,stf:dc624775927d4d4d,writable_target_mapping_2026,EXACT_SEMANTIC_MATCH
wi:030237bc9c6d43a3fd9a,LEGACY::REMASEP_OD::U17,REMASEP_OD :: SECCION A: CONSULTAS Y CONTROLES ODONTOLOGICOS REALIZADOS :: A.3. ACCIONES GENERALES DE PREVENCION E HIGIENE :: 5001016 - FLUOR :: FLUORACION TOPICA DE BARNIZ :: SEGUN GRUPOS DE EDAD O DE RIESGO :: 8-9 ANOS :: MUJERES,REMASEP_OD,T34,REMASEP_OD :: SECCION A: CONSULTAS Y CONTROLES ODONTOLOGICOS REALIZADOS :: A.3. ACCIONES GENERALES DE PREVENCION E HIGIENE :: FLUORACION TOPICA DE BARNIZ :: SEGUN GRUPOS DE EDAD O DE RIESGO :: 8-9 ANOS :: MUJERES,INTEGER_COUNT,stf:dc624775927d4d4d,writable_target_mapping_2026,EXACT_SEMANTIC_MATCH
wi:0314901bfddeacb3c2fd,LEGACY::REMASEP_OD::AD89,REMASEP_OD :: SECCION B: ACTIVIDADES DE ATENCION EN ESPECIALIDADES ODONTOLOGICAS. :: 5009002 - DESGASTE SELECTIVO :: DESGASTE SELECTIVO :: SEGUN GRUPOS DE EDAD O DE RIESGO :: 35-44 ANOS :: HOMBRES,REMASEP_OD,AC106,REMASEP_OD :: SECCION B: ACTIVIDADES DE ATENCION EN ESPECIALIDADES ODONTOLOGICAS. :: DESGASTE SELECTIVO :: SEGUN GRUPOS DE EDAD O DE RIESGO :: 35-44 ANOS :: HOMBRES,INTEGER_COUNT,stf:dc624775927d4d4d,writable_target_mapping_2026,EXACT_SEMANTIC_MATCH
wi:033844ab242e6996f6d4,LEGACY::REMASEP_OD::AK70,REMASEP_OD :: SECCION B: ACTIVIDADES DE ATENCION EN ESPECIALIDADES ODONTOLOGICAS. :: INSTALACION PROTESIS TOTAL ACRILICA SUP O INF :: REHABILITACION MEDIANTE PROTESIS REMOVIBLE ACRILICA PARCIAL O TOTAL :: SEGUN GRUPOS DE EDAD O DE RIESGO :: 65-74 ANOS :: MUJERES,REMASEP_OD,AJ87,REMASEP_OD :: SECCION B: ACTIVIDADES DE ATENCION EN ESPECIALIDADES ODONTOLOGICAS. :: REHABILITACION MEDIANTE PROTESIS REMOVIBLE ACRILICA PARCIAL O TOTAL :: SEGUN GRUPOS DE EDAD O DE RIESGO :: 65-74 ANOS :: MUJERES,INTEGER_COUNT,stf:dc624775927d4d4d,writable_target_mapping_2026,EXACT_SEMANTIC_MATCH
wi:0482bc6eaa20ba2a5287,LEGACY::REMASEP_OD::G17,REMASEP_OD :: SECCION A: CONSULTAS Y CONTROLES ODONTOLOGICOS REALIZADOS :: A.3. ACCIONES GENERALES DE PREVENCION E HIGIENE :: 5001016 - FLUOR :: FLUORACION TOPICA DE BARNIZ :: SEGUN GRUPOS DE EDAD O DE RIESGO :: MENOS DE 1 ANO - 1 ANO :: MUJERES,REMASEP_OD,F34,REMASEP_OD :: SECCION A: CONSULTAS Y CONTROLES ODONTOLOGICOS REALIZADOS :: A.3. ACCIONES GENERALES DE PREVENCION E HIGIENE :: FLUORACION TOPICA DE BARNIZ :: SEGUN GRUPOS DE EDAD O DE RIESGO :: MENOS DE 1 ANO - 1 ANO :: MUJERES,INTEGER_COUNT,stf:dc624775927d4d4d,writable_target_mapping_2026,EXACT_SEMANTIC_MATCH
wi:04aafd60c9b452c388de,LEGACY::REMASEP_OD::AL49,REMASEP_OD :: SECCION B: ACTIVIDADES DE ATENCION EN ESPECIALIDADES ODONTOLOGICAS. :: 5004001 - INSTALACION APARATO FIJO SUP O INF :: INSTALACION APARATO FIJO ORTODONCICO :: SEGUN GRUPOS DE EDAD O DE RIESGO :: 75 Y MAS ANOS :: HOMBRES,REMASEP_OD,AK66,REMASEP_OD :: SECCION B: ACTIVIDADES DE ATENCION EN ESPECIALIDADES ODONTOLOGICAS. :: INSTALACION APARATO FIJO ORTODONCICO :: SEGUN GRUPOS DE EDAD O DE RIESGO :: 75 Y MAS ANOS :: HOMBRES,INTEGER_COUNT,stf:dc624775927d4d4d,writable_target_mapping_2026,EXACT_SEMANTIC_MATCH
wi:0502cc78ba77b4b95ad8,LEGACY::REMASEP_01::H87,REMASEP 01 :: SECCION C: ATENCIONES Y CONSULTAS POR OTROS PROFESIONALES NO MEDICOS :: PSICO :: PSICOLOGO/A :: CONSULTA PSICOLOGICA :: POR EDAD (EN ANOS) :: 0 - 4 ANOS :: MUJERES,REMASEP 01,G116,REMASEP 01 :: SECCION C: ATENCIONES Y CONSULTAS POR OTROS PROFESIONALES NO MEDICOS :: PSICOLOGO/A :: CONSULTA PSICOLOGICA :: POR EDAD (EN ANOS) :: 0 - 4 ANOS :: MUJERES,INTEGER_COUNT,stf:dc624775927d4d4d,writable_target_mapping_2026,EXACT_SEMANTIC_MATCH
wi:05585c7bf63c508bcd2b,LEGACY::REMASEP_OD::AL48,REMASEP_OD :: SECCION B: ACTIVIDADES DE ATENCION EN ESPECIALIDADES ODONTOLOGICAS. :: INSTALACION APARATO REMOVIBLE :: INSTALACION APARATO REMOVIBLE ORTODONCICO :: SEGUN GRUPOS DE EDAD O DE RIESGO :: 75 Y MAS ANOS :: HOMBRES,REMASEP_OD,AK65,REMASEP_OD :: SECCION B: ACTIVIDADES DE ATENCION EN ESPECIALIDADES ODONTOLOGICAS. :: INSTALACION APARATO REMOVIBLE ORTODONCICO :: SEGUN GRUPOS DE EDAD O DE RIESGO :: 75 Y MAS ANOS :: HOMBRES,INTEGER_COUNT,stf:dc624775927d4d4d,writable_target_mapping_2026,EXACT_SEMANTIC_MATCH
wi:05b9d264604b1f362e1d,LEGACY::REMASEP_01::AF89,REMASEP 01 :: SECCION C: ATENCIONES Y CONSULTAS POR OTROS PROFESIONALES NO MEDICOS :: FONO :: FONOAUDIOLOGO/A :: CONSULTAS FONOAUDIOLOGO/A :: POR EDAD (EN ANOS) :: 60 - 64 ANOS :: MUJERES,REMASEP 01,AE118,REMASEP 01 :: SECCION C: ATENCIONES Y CONSULTAS POR OTROS PROFESIONALES NO MEDICOS :: FONOAUDIOLOGO/A :: CONSULTAS FONOAUDIOLOGO/A :: POR EDAD (EN ANOS) :: 60 - 64 ANOS :: MUJERES,INTEGER_COUNT,stf:dc624775927d4d4d,writable_target_mapping_2026,EXACT_SEMANTIC_MATCH
wi:05e504efe5893288e254,LEGACY::REMASEP_01::Q90,REMASEP 01 :: SECCION C: ATENCIONES Y CONSULTAS POR OTROS PROFESIONALES NO MEDICOS :: KINE :: KINESIOLOGO/A :: ATENCION KINESIOLOGICA :: POR EDAD (EN ANOS) :: 25 - 29 ANOS :: HOMBRES,REMASEP 01,P119,REMASEP 01 :: SECCION C: ATENCIONES Y CONSULTAS POR OTROS PROFESIONALES NO MEDICOS :: KINESIOLOGO/A :: ATENCION KINESIOLOGICA :: POR EDAD (EN ANOS) :: 25 - 29 ANOS :: HOMBRES,INTEGER_COUNT,stf:dc624775927d4d4d,writable_target_mapping_2026,EXACT_SEMANTIC_MATCH
wi:060e459a7dd64635fdb9,LEGACY::REMASEP_OD::AD46,REMASEP_OD :: SECCION B: ACTIVIDADES DE ATENCION EN ESPECIALIDADES ODONTOLOGICAS. :: 5010009 - VIDRIO IONOMERO :: OBTURACION DIRECTA :: SEGUN GRUPOS DE EDAD O DE RIESGO :: 35-44 ANOS :: HOMBRES,REMASEP_OD,AC63,REMASEP_OD :: SECCION B: ACTIVIDADES DE ATENCION EN ESPECIALIDADES ODONTOLOGICAS. :: OBTURACION DIRECTA :: SEGUN GRUPOS DE EDAD O DE RIESGO :: 35-44 ANOS :: HOMBRES,INTEGER_COUNT,stf:dc624775927d4d4d,writable_target_mapping_2026,EXACT_SEMANTIC_MATCH
wi:06ab567d5105c83ea554,LEGACY::REMASEP_OD::AH16,REMASEP_OD :: SECCION A: CONSULTAS Y CONTROLES ODONTOLOGICOS REALIZADOS :: A.3. ACCIONES GENERALES DE PREVENCION E HIGIENE :: 5010011 - PROFILAXIS :: HIGIENE Y PROFILAXIS EN NINOS Y ADULTOS :: SEGUN GRUPOS DE EDAD O DE RIESGO :: 60-64 ANOS :: HOMBRES,REMASEP_OD,AG33,REMASEP_OD :: SECCION A: CONSULTAS Y CONTROLES ODONTOLOGICOS REALIZADOS :: A.3. ACCIONES GENERALES DE PREVENCION E HIGIENE :: HIGIENE Y PROFILAXIS EN NINOS Y ADULTOS :: SEGUN GRUPOS DE EDAD O DE RIESGO :: 60-64 ANOS :: HOMBRES,INTEGER_COUNT,stf:dc624775927d4d4d,writable_target_mapping_2026,EXACT_SEMANTIC_MATCH
wi:06d590a24b8df7e7cc1e,LEGACY::REMASEP_OD::H17,REMASEP_OD :: SECCION A: CONSULTAS Y CONTROLES ODONTOLOGICOS REALIZADOS :: A.3. ACCIONES GENERALES DE PREVENCION E HIGIENE :: 5001016 - FLUOR :: FLUORACION TOPICA DE BARNIZ :: SEGUN GRUPOS DE EDAD O DE RIESGO :: 2 ANOS :: HOMBRES,REMASEP_OD,G34,REMASEP_OD :: SECCION A: CONSULTAS Y CONTROLES ODONTOLOGICOS REALIZADOS :: A.3. ACCIONES GENERALES DE PREVENCION E HIGIENE :: FLUORACION TOPICA DE BARNIZ :: SEGUN GRUPOS DE EDAD O DE RIESGO :: 2 ANOS :: HOMBRES,INTEGER_COUNT,stf:dc624775927d4d4d,writable_target_mapping_2026,EXACT_SEMANTIC_MATCH
wi:071fa8fa61a3ad551dd4,LEGACY::REMASEP_OD::R46,REMASEP_OD :: SECCION B: ACTIVIDADES DE ATENCION EN ESPECIALIDADES ODONTOLOGICAS. :: 5010009 - VIDRIO IONOMERO :: OBTURACION DIRECTA :: SEGUN GRUPOS DE EDAD O DE RIESGO :: 7 ANOS :: HOMBRES,REMASEP_OD,Q63,REMASEP_OD :: SECCION B: ACTIVIDADES DE ATENCION EN ESPECIALIDADES ODONTOLOGICAS. :: OBTURACION DIRECTA :: SEGUN GRUPOS DE EDAD O DE RIESGO :: 7 ANOS :: HOMBRES,INTEGER_COUNT,stf:dc624775927d4d4d,writable_target_mapping_2026,EXACT_SEMANTIC_MATCH
wi:079e26fe27b5b029cf77,LEGACY::REMASEP_01::G86,REMASEP 01 :: SECCION C: ATENCIONES Y CONSULTAS POR OTROS PROFESIONALES NO MEDICOS :: NUTRICIONISTA :: NUTRICIONISTA :: CONSULTA NUTRICIONAL :: POR EDAD (EN ANOS) :: 0 - 4 ANOS :: HOMBRES,REMASEP 01,F115,REMASEP 01 :: SECCION C: ATENCIONES Y CONSULTAS POR OTROS PROFESIONALES NO MEDICOS :: NUTRICIONISTA :: CONSULTA NUTRICIONAL :: POR EDAD (EN ANOS) :: 0 - 4 ANOS :: HOMBRES,INTEGER_COUNT,stf:dc624775927d4d4d,writable_target_mapping_2026,EXACT_SEMANTIC_MATCH
wi:07c5963368d642ab71d9,LEGACY::REMASEP_OD::AE9,REMASEP_OD :: SECCION A: CONSULTAS Y CONTROLES ODONTOLOGICOS REALIZADOS :: A.1. CONSULTAS Y ALTAS :: CONTROL ODONTOLOGIA GENERAL :: CONTROLES ODONTOLOGICOS GENERALES :: SEGUN GRUPOS DE EDAD O DE RIESGO :: 35-44 ANOS :: MUJERES,REMASEP_OD,AD18,REMASEP_OD :: SECCION A: CONSULTAS Y CONTROLES ODONTOLOGICOS REALIZADOS :: A.1. CONSULTAS Y ALTAS :: CONTROLES ODONTOLOGICOS GENERALES :: SEGUN GRUPOS DE EDAD O DE RIESGO :: 35-44 ANOS :: MUJERES,INTEGER_COUNT,stf:dc624775927d4d4d,writable_target_mapping_2026,EXACT_SEMANTIC_MATCH
wi:087bce039954ac5f8ac7,LEGACY::REMASEP_OD::K54,REMASEP_OD :: SECCION B: ACTIVIDADES DE ATENCION EN ESPECIALIDADES ODONTOLOGICAS. :: CONTROLES ORTODONCIA :: ORTODONCIA PREVENTIVA E INTERCEPTIVA (OPI) :: SEGUN GRUPOS DE EDAD O DE RIESGO :: 3 ANOS :: MUJERES,REMASEP_OD,J71,REMASEP_OD :: SECCION B: ACTIVIDADES DE ATENCION EN ESPECIALIDADES ODONTOLOGICAS. :: ORTODONCIA PREVENTIVA E INTERCEPTIVA (OPI) :: SEGUN GRUPOS DE EDAD O DE RIESGO :: 3 ANOS :: MUJERES,INTEGER_COUNT,stf:dc624775927d4d4d,writable_target_mapping_2026,EXACT_SEMANTIC_MATCH
wi:08b8bd0f7c6bbb56621d,LEGACY::REMASEP_OD::AE46,REMASEP_OD :: SECCION B: ACTIVIDADES DE ATENCION EN ESPECIALIDADES ODONTOLOGICAS. :: 5010009 - VIDRIO IONOMERO :: OBTURACION DIRECTA :: SEGUN GRUPOS DE EDAD O DE RIESGO :: 35-44 ANOS :: MUJERES,REMASEP_OD,AD63,REMASEP_OD :: SECCION B: ACTIVIDADES DE ATENCION EN ESPECIALIDADES ODONTOLOGICAS. :: OBTURACION DIRECTA :: SEGUN GRUPOS DE EDAD O DE RIESGO :: 35-44 ANOS :: MUJERES,INTEGER_COUNT,stf:dc624775927d4d4d,writable_target_mapping_2026,EXACT_SEMANTIC_MATCH
wi:08f21aa4a6ee4eab6cb5,LEGACY::REMASEP_OD::W13,"REMASEP_OD :: SECCION A: CONSULTAS Y CONTROLES ODONTOLOGICOS REALIZADOS :: A.3. ACCIONES GENERALES DE PREVENCION E HIGIENE :: 5001005 - SELLANTES :: APLICACION DE SELLANTE EN PIEZA PERMANENTE, FOTOCURADO :: SEGUN GRUPOS DE EDAD O DE RIESGO :: 10-14 ANOS :: MUJERES",REMASEP_OD,V30,"REMASEP_OD :: SECCION A: CONSULTAS Y CONTROLES ODONTOLOGICOS REALIZADOS :: A.3. ACCIONES GENERALES DE PREVENCION E HIGIENE :: APLICACION DE SELLANTE EN PIEZA PERMANENTE, FOTOCURADO :: SEGUN GRUPOS DE EDAD O DE RIESGO :: 10-14 ANOS :: MUJERES",INTEGER_COUNT,stf:dc624775927d4d4d,writable_target_mapping_2026,EXACT_SEMANTIC_MATCH
wi:08f23ec5c1a6957453b2,LEGACY::REMASEP_OD::H89,REMASEP_OD :: SECCION B: ACTIVIDADES DE ATENCION EN ESPECIALIDADES ODONTOLOGICAS. :: 5009002 - DESGASTE SELECTIVO :: DESGASTE SELECTIVO :: SEGUN GRUPOS DE EDAD O DE RIESGO :: 2 ANOS :: HOMBRES,REMASEP_OD,G106,REMASEP_OD :: SECCION B: ACTIVIDADES DE ATENCION EN ESPECIALIDADES ODONTOLOGICAS. :: DESGASTE SELECTIVO :: SEGUN GRUPOS DE EDAD O DE RIESGO :: 2 ANOS :: HOMBRES,INTEGER_COUNT,stf:dc624775927d4d4d,writable_target_mapping_2026,EXACT_SEMANTIC_MATCH
wi:098631bc943bfc2825cb,LEGACY::REMASEP_OD::AD66,REMASEP_OD :: SECCION B: ACTIVIDADES DE ATENCION EN ESPECIALIDADES ODONTOLOGICAS. :: 5009012 - PULIDO RADICULAR POR SESION O SEXTANTE :: PULIDO RADICULAR :: SEGUN GRUPOS DE EDAD O DE RIESGO :: 35-44 ANOS :: HOMBRES,REMASEP_OD,AC83,REMASEP_OD :: SECCION B: ACTIVIDADES DE ATENCION EN ESPECIALIDADES ODONTOLOGICAS. :: PULIDO RADICULAR :: SEGUN GRUPOS DE EDAD O DE RIESGO :: 35-44 ANOS :: HOMBRES,INTEGER_COUNT,stf:dc624775927d4d4d,writable_target_mapping_2026,EXACT_SEMANTIC_MATCH
wi:0a23ec1fe2f93382465c,LEGACY::REMASEP_01::AK90,REMASEP 01 :: SECCION C: ATENCIONES Y CONSULTAS POR OTROS PROFESIONALES NO MEDICOS :: KINE :: KINESIOLOGO/A :: ATENCION KINESIOLOGICA :: POR EDAD (EN ANOS) :: 75 - 79 ANOS :: HOMBRES,REMASEP 01,AJ119,REMASEP 01 :: SECCION C: ATENCIONES Y CONSULTAS POR OTROS PROFESIONALES NO MEDICOS :: KINESIOLOGO/A :: ATENCION KINESIOLOGICA :: POR EDAD (EN ANOS) :: 75 - 79 ANOS :: HOMBRES,INTEGER_COUNT,stf:dc624775927d4d4d,writable_target_mapping_2026,EXACT_SEMANTIC_MATCH
wi:0a57480141fac8cdc1d0,LEGACY::REMASEP_OD::AL51,REMASEP_OD :: SECCION B: ACTIVIDADES DE ATENCION EN ESPECIALIDADES ODONTOLOGICAS. :: 5004018 - RETIRO APARATO FIJO-LIMPIEZA-IMPRESION :: RETIRO APARATOLOGIA DE ORTODONCIA :: SEGUN GRUPOS DE EDAD O DE RIESGO :: 75 Y MAS ANOS :: HOMBRES,REMASEP_OD,AK68,REMASEP_OD :: SECCION B: ACTIVIDADES DE ATENCION EN ESPECIALIDADES ODONTOLOGICAS. :: RETIRO APARATOLOGIA DE ORTODONCIA :: SEGUN GRUPOS DE EDAD O DE RIESGO :: 75 Y MAS ANOS :: HOMBRES,INTEGER_COUNT,stf:dc624775927d4d4d,writable_target_mapping_2026,EXACT_SEMANTIC_MATCH
wi:0a7798e1d878aec3593c,LEGACY::REMASEP_OD::K70,REMASEP_OD :: SECCION B: ACTIVIDADES DE ATENCION EN ESPECIALIDADES ODONTOLOGICAS. :: INSTALACION PROTESIS TOTAL ACRILICA SUP O INF :: REHABILITACION MEDIANTE PROTESIS REMOVIBLE ACRILICA PARCIAL O TOTAL :: SEGUN GRUPOS DE EDAD O DE RIESGO :: 3 ANOS :: MUJERES,REMASEP_OD,J87,REMASEP_OD :: SECCION B: ACTIVIDADES DE ATENCION EN ESPECIALIDADES ODONTOLOGICAS. :: REHABILITACION MEDIANTE PROTESIS REMOVIBLE ACRILICA PARCIAL O TOTAL :: SEGUN GRUPOS DE EDAD O DE RIESGO :: 3 ANOS :: MUJERES,INTEGER_COUNT,stf:dc624775927d4d4d,writable_target_mapping_2026,EXACT_SEMANTIC_MATCH
wi:0a887b12c7697be35e07,LEGACY::REMASEP_OD::AA70,REMASEP_OD :: SECCION B: ACTIVIDADES DE ATENCION EN ESPECIALIDADES ODONTOLOGICAS. :: INSTALACION PROTESIS TOTAL ACRILICA SUP O INF :: REHABILITACION MEDIANTE PROTESIS REMOVIBLE ACRILICA PARCIAL O TOTAL :: SEGUN GRUPOS DE EDAD O DE RIESGO :: 20-24 ANOS :: MUJERES,REMASEP_OD,Z87,REMASEP_OD :: SECCION B: ACTIVIDADES DE ATENCION EN ESPECIALIDADES ODONTOLOGICAS. :: REHABILITACION MEDIANTE PROTESIS REMOVIBLE ACRILICA PARCIAL O TOTAL :: SEGUN GRUPOS DE EDAD O DE RIESGO :: 20-24 ANOS :: MUJERES,INTEGER_COUNT,stf:dc624775927d4d4d,writable_target_mapping_2026,EXACT_SEMANTIC_MATCH
wi:0a9c4e33f780b54bca68,LEGACY::REMASEP_OD::W89,REMASEP_OD :: SECCION B: ACTIVIDADES DE ATENCION EN ESPECIALIDADES ODONTOLOGICAS. :: 5009002 - DESGASTE SELECTIVO :: DESGASTE SELECTIVO :: SEGUN GRUPOS DE EDAD O DE RIESGO :: 10-14 ANOS :: MUJERES,REMASEP_OD,V106,REMASEP_OD :: SECCION B: ACTIVIDADES DE ATENCION EN ESPECIALIDADES ODONTOLOGICAS. :: DESGASTE SELECTIVO :: SEGUN GRUPOS DE EDAD O DE RIESGO :: 10-14 ANOS :: MUJERES,INTEGER_COUNT,stf:dc624775927d4d4d,writable_target_mapping_2026,EXACT_SEMANTIC_MATCH
wi:0ab07063d961b3ad5278,LEGACY::REMASEP_OD::O48,REMASEP_OD :: SECCION B: ACTIVIDADES DE ATENCION EN ESPECIALIDADES ODONTOLOGICAS. :: INSTALACION APARATO REMOVIBLE :: INSTALACION APARATO REMOVIBLE ORTODONCICO :: SEGUN GRUPOS DE EDAD O DE RIESGO :: 5 ANOS :: MUJERES,REMASEP_OD,N65,REMASEP_OD :: SECCION B: ACTIVIDADES DE ATENCION EN ESPECIALIDADES ODONTOLOGICAS. :: INSTALACION APARATO REMOVIBLE ORTODONCICO :: SEGUN GRUPOS DE EDAD O DE RIESGO :: 5 ANOS :: MUJERES,INTEGER_COUNT,stf:dc624775927d4d4d,writable_target_mapping_2026,EXACT_SEMANTIC_MATCH
wi:0acffc469a26b649ed92,LEGACY::REMASEP_OD::I53,REMASEP_OD :: SECCION B: ACTIVIDADES DE ATENCION EN ESPECIALIDADES ODONTOLOGICAS. :: CONTROLES ORTOPED. PREQ :: ORTOPEDIA PRE-QUIRURGICA :: SEGUN GRUPOS DE EDAD O DE RIESGO :: 2 ANOS :: MUJERES,REMASEP_OD,H70,REMASEP_OD :: SECCION B: ACTIVIDADES DE ATENCION EN ESPECIALIDADES ODONTOLOGICAS. :: ORTOPEDIA PRE-QUIRURGICA :: SEGUN GRUPOS DE EDAD O DE RIESGO :: 2 ANOS :: MUJERES,INTEGER_COUNT,stf:dc624775927d4d4d,writable_target_mapping_2026,EXACT_SEMANTIC_MATCH
wi:0b0a65cd9613cda3bb8c,LEGACY::REMASEP_OD::AD52,REMASEP_OD :: SECCION B: ACTIVIDADES DE ATENCION EN ESPECIALIDADES ODONTOLOGICAS. :: 5004020 - CONTROL ORTODONCIA QUIRURGICO :: ORTODONCIA PRE-QUIRURGICA :: SEGUN GRUPOS DE EDAD O DE RIESGO :: 35-44 ANOS :: HOMBRES,REMASEP_OD,AC69,REMASEP_OD :: SECCION B: ACTIVIDADES DE ATENCION EN ESPECIALIDADES ODONTOLOGICAS. :: ORTODONCIA PRE-QUIRURGICA :: SEGUN GRUPOS DE EDAD O DE RIESGO :: 35-44 ANOS :: HOMBRES,INTEGER_COUNT,stf:dc624775927d4d4d,writable_target_mapping_2026,EXACT_SEMANTIC_MATCH
wi:0b19ab451da9ce6a1982,LEGACY::REMASEP_OD::G13,"REMASEP_OD :: SECCION A: CONSULTAS Y CONTROLES ODONTOLOGICOS REALIZADOS :: A.3. ACCIONES GENERALES DE PREVENCION E HIGIENE :: 5001005 - SELLANTES :: APLICACION DE SELLANTE EN PIEZA PERMANENTE, FOTOCURADO :: SEGUN GRUPOS DE EDAD O DE RIESGO :: MENOS DE 1 ANO - 1 ANO :: MUJERES",REMASEP_OD,F30,"REMASEP_OD :: SECCION A: CONSULTAS Y CONTROLES ODONTOLOGICOS REALIZADOS :: A.3. ACCIONES GENERALES DE PREVENCION E HIGIENE :: APLICACION DE SELLANTE EN PIEZA PERMANENTE, FOTOCURADO :: SEGUN GRUPOS DE EDAD O DE RIESGO :: MENOS DE 1 ANO - 1 ANO :: MUJERES",INTEGER_COUNT,stf:dc624775927d4d4d,writable_target_mapping_2026,EXACT_SEMANTIC_MATCH
wi:0b5925d488afdc0beccf,LEGACY::REMASEP_OD::T89,REMASEP_OD :: SECCION B: ACTIVIDADES DE ATENCION EN ESPECIALIDADES ODONTOLOGICAS. :: 5009002 - DESGASTE SELECTIVO :: DESGASTE SELECTIVO :: SEGUN GRUPOS DE EDAD O DE RIESGO :: 8-9 ANOS :: HOMBRES,REMASEP_OD,S106,REMASEP_OD :: SECCION B: ACTIVIDADES DE ATENCION EN ESPECIALIDADES ODONTOLOGICAS. :: DESGASTE SELECTIVO :: SEGUN GRUPOS DE EDAD O DE RIESGO :: 8-9 ANOS :: HOMBRES,INTEGER_COUNT,stf:dc624775927d4d4d,writable_target_mapping_2026,EXACT_SEMANTIC_MATCH
wi:0c3bba1f0085fa4c0889,LEGACY::REMASEP_01::K87,REMASEP 01 :: SECCION C: ATENCIONES Y CONSULTAS POR OTROS PROFESIONALES NO MEDICOS :: PSICO :: PSICOLOGO/A :: CONSULTA PSICOLOGICA :: POR EDAD (EN ANOS) :: 10 - 14 ANOS :: HOMBRES,REMASEP 01,J116,REMASEP 01 :: SECCION C: ATENCIONES Y CONSULTAS POR OTROS PROFESIONALES NO MEDICOS :: PSICOLOGO/A :: CONSULTA PSICOLOGICA :: POR EDAD (EN ANOS) :: 10 - 14 ANOS :: HOMBRES,INTEGER_COUNT,stf:dc624775927d4d4d,writable_target_mapping_2026,EXACT_SEMANTIC_MATCH
wi:0c5354f12c4dddc8fe56,LEGACY::REMASEP_OD::AE10,REMASEP_OD :: SECCION A: CONSULTAS Y CONTROLES ODONTOLOGICOS REALIZADOS :: A.1. CONSULTAS Y ALTAS :: CONTROL ODON ESP :: CONTROLES ODONTOLOGICO DE ESPECIALIDAD :: SEGUN GRUPOS DE EDAD O DE RIESGO :: 35-44 ANOS :: MUJERES,REMASEP_OD,AD19,REMASEP_OD :: SECCION A: CONSULTAS Y CONTROLES ODONTOLOGICOS REALIZADOS :: A.1. CONSULTAS Y ALTAS :: CONTROLES ODONTOLOGICO DE ESPECIALIDAD :: SEGUN GRUPOS DE EDAD O DE RIESGO :: 35-44 ANOS :: MUJERES,INTEGER_COUNT,stf:dc624775927d4d4d,writable_target_mapping_2026,EXACT_SEMANTIC_MATCH
wi:0cc225cd8f395cdce53a,LEGACY::REMASEP_OD::R90,REMASEP_OD :: SECCION B: ACTIVIDADES DE ATENCION EN ESPECIALIDADES ODONTOLOGICAS. :: INSTALACIONES ORTOPEDIA :: INSTALACION DE DISPOSITIVO ORTOPEDICO :: SEGUN GRUPOS DE EDAD O DE RIESGO :: 7 ANOS :: HOMBRES,REMASEP_OD,Q107,REMASEP_OD :: SECCION B: ACTIVIDADES DE ATENCION EN ESPECIALIDADES ODONTOLOGICAS. :: INSTALACION DE DISPOSITIVO ORTOPEDICO :: SEGUN GRUPOS DE EDAD O DE RIESGO :: 7 ANOS :: HOMBRES,INTEGER_COUNT,stf:dc624775927d4d4d,writable_target_mapping_2026,EXACT_SEMANTIC_MATCH
wi:0d0668c3fb8a8fcb2fe2,LEGACY::REMASEP_OD::X13,"REMASEP_OD :: SECCION A: CONSULTAS Y CONTROLES ODONTOLOGICOS REALIZADOS :: A.3. ACCIONES GENERALES DE PREVENCION E HIGIENE :: 5001005 - SELLANTES :: APLICACION DE SELLANTE EN PIEZA PERMANENTE, FOTOCURADO :: SEGUN GRUPOS DE EDAD O DE RIESGO :: 15-19 ANOS :: HOMBRES",REMASEP_OD,W30,"REMASEP_OD :: SECCION A: CONSULTAS Y CONTROLES ODONTOLOGICOS REALIZADOS :: A.3. ACCIONES GENERALES DE PREVENCION E HIGIENE :: APLICACION DE SELLANTE EN PIEZA PERMANENTE, FOTOCURADO :: SEGUN GRUPOS DE EDAD O DE RIESGO :: 15-19 ANOS :: HOMBRES",INTEGER_COUNT,stf:dc624775927d4d4d,writable_target_mapping_2026,EXACT_SEMANTIC_MATCH
wi:0d48b62b1a03bd69f5f5,LEGACY::REMASEP_01::V86,REMASEP 01 :: SECCION C: ATENCIONES Y CONSULTAS POR OTROS PROFESIONALES NO MEDICOS :: NUTRICIONISTA :: NUTRICIONISTA :: CONSULTA NUTRICIONAL :: POR EDAD (EN ANOS) :: 35 - 39 ANOS :: MUJERES,REMASEP 01,U115,REMASEP 01 :: SECCION C: ATENCIONES Y CONSULTAS POR OTROS PROFESIONALES NO MEDICOS :: NUTRICIONISTA :: CONSULTA NUTRICIONAL :: POR EDAD (EN ANOS) :: 35 - 39 ANOS :: MUJERES,INTEGER_COUNT,stf:dc624775927d4d4d,writable_target_mapping_2026,EXACT_SEMANTIC_MATCH
wi:0d78ed44fbe0aafd6d73,LEGACY::REMASEP_OD::R8,REMASEP_OD :: SECCION A: CONSULTAS Y CONTROLES ODONTOLOGICOS REALIZADOS :: A.1. CONSULTAS Y ALTAS :: EVALUACION ODONTOLOGIA GENERAL :: PRIMERAS CONSULTAS (ANO) DE ODONTOLOGIA ESPECIALIDADES :: SEGUN GRUPOS DE EDAD O DE RIESGO :: 7 ANOS :: HOMBRES,REMASEP_OD,Q17,REMASEP_OD :: SECCION A: CONSULTAS Y CONTROLES ODONTOLOGICOS REALIZADOS :: A.1. CONSULTAS Y ALTAS :: PRIMERAS CONSULTAS (ANO) DE ODONTOLOGIA ESPECIALIDADES :: SEGUN GRUPOS DE EDAD O DE RIESGO :: 7 ANOS :: HOMBRES,INTEGER_COUNT,stf:dc624775927d4d4d,writable_target_mapping_2026,EXACT_SEMANTIC_MATCH
wi:0d9cddf28c4b6c54cd10,LEGACY::REMASEP_OD::O73,REMASEP_OD :: SECCION B: ACTIVIDADES DE ATENCION EN ESPECIALIDADES ODONTOLOGICAS. :: INSTALACION CORONA DEFINITIVA SOBRE IMPLANTE :: REHABILITACION MEDIANTE PROTESIS FIJA IMPLANTOASISTIDA (UNITARIA Y PLURAL) :: SEGUN GRUPOS DE EDAD O DE RIESGO :: 5 ANOS :: MUJERES,REMASEP_OD,N90,REMASEP_OD :: SECCION B: ACTIVIDADES DE ATENCION EN ESPECIALIDADES ODONTOLOGICAS. :: REHABILITACION MEDIANTE PROTESIS FIJA IMPLANTOASISTIDA (UNITARIA Y PLURAL) :: SEGUN GRUPOS DE EDAD O DE RIESGO :: 5 ANOS :: MUJERES,INTEGER_COUNT,stf:dc624775927d4d4d,writable_target_mapping_2026,EXACT_SEMANTIC_MATCH
wi:0dc53c1af86ffcff308c,LEGACY::REMASEP_OD::AH10,REMASEP_OD :: SECCION A: CONSULTAS Y CONTROLES ODONTOLOGICOS REALIZADOS :: A.1. CONSULTAS Y ALTAS :: CONTROL ODON ESP :: CONTROLES ODONTOLOGICO DE ESPECIALIDAD :: SEGUN GRUPOS DE EDAD O DE RIESGO :: 60-64 ANOS :: HOMBRES,REMASEP_OD,AG19,REMASEP_OD :: SECCION A: CONSULTAS Y CONTROLES ODONTOLOGICOS REALIZADOS :: A.1. CONSULTAS Y ALTAS :: CONTROLES ODONTOLOGICO DE ESPECIALIDAD :: SEGUN GRUPOS DE EDAD O DE RIESGO :: 60-64 ANOS :: HOMBRES,INTEGER_COUNT,stf:dc624775927d4d4d,writable_target_mapping_2026,EXACT_SEMANTIC_MATCH
wi:0e00cd5f6936f3d36483,LEGACY::REMASEP_OD::AA49,REMASEP_OD :: SECCION B: ACTIVIDADES DE ATENCION EN ESPECIALIDADES ODONTOLOGICAS. :: 5004001 - INSTALACION APARATO FIJO SUP O INF :: INSTALACION APARATO FIJO ORTODONCICO :: SEGUN GRUPOS DE EDAD O DE RIESGO :: 20-24 ANOS :: MUJERES,REMASEP_OD,Z66,REMASEP_OD :: SECCION B: ACTIVIDADES DE ATENCION EN ESPECIALIDADES ODONTOLOGICAS. :: INSTALACION APARATO FIJO ORTODONCICO :: SEGUN GRUPOS DE EDAD O DE RIESGO :: 20-24 ANOS :: MUJERES,INTEGER_COUNT,stf:dc624775927d4d4d,writable_target_mapping_2026,EXACT_SEMANTIC_MATCH
wi:0e1764c1cf42241142a0,LEGACY::REMASEP_OD::G62,"REMASEP_OD :: SECCION B: ACTIVIDADES DE ATENCION EN ESPECIALIDADES ODONTOLOGICAS. :: COMPOSITE :: PROCEDIMIENTO RESTAURADOR EN ODONTOPEDIATRIA (TODOS LOS TIPOS: RESINA, TEMPORALES Y AMALGAMAS) :: SEGUN GRUPOS DE EDAD O DE RIESGO :: MENOS DE 1 ANO - 1 ANO :: MUJERES",REMASEP_OD,F79,"REMASEP_OD :: SECCION B: ACTIVIDADES DE ATENCION EN ESPECIALIDADES ODONTOLOGICAS. :: PROCEDIMIENTO RESTAURADOR EN ODONTOPEDIATRIA (TODOS LOS TIPOS: RESINA, TEMPORALES Y AMALGAMAS) :: SEGUN GRUPOS DE EDAD O DE RIESGO :: MENOS DE 1 ANO - 1 ANO :: MUJERES",INTEGER_COUNT,stf:dc624775927d4d4d,writable_target_mapping_2026,EXACT_SEMANTIC_MATCH
wi:0e5ee717d47ac039a6c3,LEGACY::REMASEP_OD::O54,REMASEP_OD :: SECCION B: ACTIVIDADES DE ATENCION EN ESPECIALIDADES ODONTOLOGICAS. :: CONTROLES ORTODONCIA :: ORTODONCIA PREVENTIVA E INTERCEPTIVA (OPI) :: SEGUN GRUPOS DE EDAD O DE RIESGO :: 5 ANOS :: MUJERES,REMASEP_OD,N71,REMASEP_OD :: SECCION B: ACTIVIDADES DE ATENCION EN ESPECIALIDADES ODONTOLOGICAS. :: ORTODONCIA PREVENTIVA E INTERCEPTIVA (OPI) :: SEGUN GRUPOS DE EDAD O DE RIESGO :: 5 ANOS :: MUJERES,INTEGER_COUNT,stf:dc624775927d4d4d,writable_target_mapping_2026,EXACT_SEMANTIC_MATCH
wi:0e6e195eaeff41920403,LEGACY::REMASEP_OD::Z8,REMASEP_OD :: SECCION A: CONSULTAS Y CONTROLES ODONTOLOGICOS REALIZADOS :: A.1. CONSULTAS Y ALTAS :: EVALUACION ODONTOLOGIA GENERAL :: PRIMERAS CONSULTAS (ANO) DE ODONTOLOGIA ESPECIALIDADES :: SEGUN GRUPOS DE EDAD O DE RIESGO :: 20-24 ANOS :: HOMBRES,REMASEP_OD,Y17,REMASEP_OD :: SECCION A: CONSULTAS Y CONTROLES ODONTOLOGICOS REALIZADOS :: A.1. CONSULTAS Y ALTAS :: PRIMERAS CONSULTAS (ANO) DE ODONTOLOGIA ESPECIALIDADES :: SEGUN GRUPOS DE EDAD O DE RIESGO :: 20-24 ANOS :: HOMBRES,INTEGER_COUNT,stf:dc624775927d4d4d,writable_target_mapping_2026,EXACT_SEMANTIC_MATCH
wi:0e7b6f5455310d8c2e19,LEGACY::REMASEP_OD::L16,REMASEP_OD :: SECCION A: CONSULTAS Y CONTROLES ODONTOLOGICOS REALIZADOS :: A.3. ACCIONES GENERALES DE PREVENCION E HIGIENE :: 5010011 - PROFILAXIS :: HIGIENE Y PROFILAXIS EN NINOS Y ADULTOS :: SEGUN GRUPOS DE EDAD O DE RIESGO :: 4 ANOS :: HOMBRES,REMASEP_OD,K33,REMASEP_OD :: SECCION A: CONSULTAS Y CONTROLES ODONTOLOGICOS REALIZADOS :: A.3. ACCIONES GENERALES DE PREVENCION E HIGIENE :: HIGIENE Y PROFILAXIS EN NINOS Y ADULTOS :: SEGUN GRUPOS DE EDAD O DE RIESGO :: 4 ANOS :: HOMBRES,INTEGER_COUNT,stf:dc624775927d4d4d,writable_target_mapping_2026,EXACT_SEMANTIC_MATCH
wi:0e916e197d4df97d16fb,LEGACY::REMASEP_OD::F90,REMASEP_OD :: SECCION B: ACTIVIDADES DE ATENCION EN ESPECIALIDADES ODONTOLOGICAS. :: INSTALACIONES ORTOPEDIA :: INSTALACION DE DISPOSITIVO ORTOPEDICO :: SEGUN GRUPOS DE EDAD O DE RIESGO :: MENOS DE 1 ANO - 1 ANO :: HOMBRES,REMASEP_OD,E107,REMASEP_OD :: SECCION B: ACTIVIDADES DE ATENCION EN ESPECIALIDADES ODONTOLOGICAS. :: INSTALACION DE DISPOSITIVO ORTOPEDICO :: SEGUN GRUPOS DE EDAD O DE RIESGO :: MENOS DE 1 ANO - 1 ANO :: HOMBRES,INTEGER_COUNT,stf:dc624775927d4d4d,writable_target_mapping_2026,EXACT_SEMANTIC_MATCH
wi:0ec1d0bab46c73a7a977,LEGACY::REMASEP_OD::AD65,REMASEP_OD :: SECCION B: ACTIVIDADES DE ATENCION EN ESPECIALIDADES ODONTOLOGICAS. :: DESTARTRAJE :: DESTARTRAJE SUB GINGIVAL :: SEGUN GRUPOS DE EDAD O DE RIESGO :: 35-44 ANOS :: HOMBRES,REMASEP_OD,AC82,REMASEP_OD :: SECCION B: ACTIVIDADES DE ATENCION EN ESPECIALIDADES ODONTOLOGICAS. :: DESTARTRAJE SUB GINGIVAL :: SEGUN GRUPOS DE EDAD O DE RIESGO :: 35-44 ANOS :: HOMBRES,INTEGER_COUNT,stf:dc624775927d4d4d,writable_target_mapping_2026,EXACT_SEMANTIC_MATCH
wi:0eede497f79337c52fd5,LEGACY::REMASEP_OD::AD70,REMASEP_OD :: SECCION B: ACTIVIDADES DE ATENCION EN ESPECIALIDADES ODONTOLOGICAS. :: INSTALACION PROTESIS TOTAL ACRILICA SUP O INF :: REHABILITACION MEDIANTE PROTESIS REMOVIBLE ACRILICA PARCIAL O TOTAL :: SEGUN GRUPOS DE EDAD O DE RIESGO :: 35-44 ANOS :: HOMBRES,REMASEP_OD,AC87,REMASEP_OD :: SECCION B: ACTIVIDADES DE ATENCION EN ESPECIALIDADES ODONTOLOGICAS. :: REHABILITACION MEDIANTE PROTESIS REMOVIBLE ACRILICA PARCIAL O TOTAL :: SEGUN GRUPOS DE EDAD O DE RIESGO :: 35-44 ANOS :: HOMBRES,INTEGER_COUNT,stf:dc624775927d4d4d,writable_target_mapping_2026,EXACT_SEMANTIC_MATCH
wi:0efdfd0de323b3acb6db,LEGACY::REMASEP_01::T90,REMASEP 01 :: SECCION C: ATENCIONES Y CONSULTAS POR OTROS PROFESIONALES NO MEDICOS :: KINE :: KINESIOLOGO/A :: ATENCION KINESIOLOGICA :: POR EDAD (EN ANOS) :: 30 - 34 ANOS :: MUJERES,REMASEP 01,S119,REMASEP 01 :: SECCION C: ATENCIONES Y CONSULTAS POR OTROS PROFESIONALES NO MEDICOS :: KINESIOLOGO/A :: ATENCION KINESIOLOGICA :: POR EDAD (EN ANOS) :: 30 - 34 ANOS :: MUJERES,INTEGER_COUNT,stf:dc624775927d4d4d,writable_target_mapping_2026,EXACT_SEMANTIC_MATCH
wi:0f01054adafcce0fe251,LEGACY::REMASEP_OD::AD72,REMASEP_OD :: SECCION B: ACTIVIDADES DE ATENCION EN ESPECIALIDADES ODONTOLOGICAS. :: CEMENTACION PROTESIS FIJA SOBRE DIENTE :: REHABILITACION MEDIANTE PROTESIS FIJA UNITARIA O PLURAL :: SEGUN GRUPOS DE EDAD O DE RIESGO :: 35-44 ANOS :: HOMBRES,REMASEP_OD,AC89,REMASEP_OD :: SECCION B: ACTIVIDADES DE ATENCION EN ESPECIALIDADES ODONTOLOGICAS. :: REHABILITACION MEDIANTE PROTESIS FIJA UNITARIA O PLURAL :: SEGUN GRUPOS DE EDAD O DE RIESGO :: 35-44 ANOS :: HOMBRES,INTEGER_COUNT,stf:dc624775927d4d4d,writable_target_mapping_2026,EXACT_SEMANTIC_MATCH
wi:0f5050d5be3b34db1d62,LEGACY::REMASEP_01::V90,REMASEP 01 :: SECCION C: ATENCIONES Y CONSULTAS POR OTROS PROFESIONALES NO MEDICOS :: KINE :: KINESIOLOGO/A :: ATENCION KINESIOLOGICA :: POR EDAD (EN ANOS) :: 35 - 39 ANOS :: MUJERES,REMASEP 01,U119,REMASEP 01 :: SECCION C: ATENCIONES Y CONSULTAS POR OTROS PROFESIONALES NO MEDICOS :: KINESIOLOGO/A :: ATENCION KINESIOLOGICA :: POR EDAD (EN ANOS) :: 35 - 39 ANOS :: MUJERES,INTEGER_COUNT,stf:dc624775927d4d4d,writable_target_mapping_2026,EXACT_SEMANTIC_MATCH
wi:0fa2840fc2626c1c2271,LEGACY::REMASEP_01::X89,REMASEP 01 :: SECCION C: ATENCIONES Y CONSULTAS POR OTROS PROFESIONALES NO MEDICOS :: FONO :: FONOAUDIOLOGO/A :: CONSULTAS FONOAUDIOLOGO/A :: POR EDAD (EN ANOS) :: 40 - 44 ANOS :: MUJERES,REMASEP 01,W118,REMASEP 01 :: SECCION C: ATENCIONES Y CONSULTAS POR OTROS PROFESIONALES NO MEDICOS :: FONOAUDIOLOGO/A :: CONSULTAS FONOAUDIOLOGO/A :: POR EDAD (EN ANOS) :: 40 - 44 ANOS :: MUJERES,INTEGER_COUNT,stf:dc624775927d4d4d,writable_target_mapping_2026,EXACT_SEMANTIC_MATCH
wi:0fdc54b56a737067fd5e,LEGACY::REMASEP_OD::AJ50,REMASEP_OD :: SECCION B: ACTIVIDADES DE ATENCION EN ESPECIALIDADES ODONTOLOGICAS. :: INSTALACION CONTENCION :: INSTALACION APARATO DE CONTENCION ORTODONCICO :: SEGUN GRUPOS DE EDAD O DE RIESGO :: 65-74 ANOS :: HOMBRES,REMASEP_OD,AI67,REMASEP_OD :: SECCION B: ACTIVIDADES DE ATENCION EN ESPECIALIDADES ODONTOLOGICAS. :: INSTALACION APARATO DE CONTENCION ORTODONCICO :: SEGUN GRUPOS DE EDAD O DE RIESGO :: 65-74 ANOS :: HOMBRES,INTEGER_COUNT,stf:dc624775927d4d4d,writable_target_mapping_2026,EXACT_SEMANTIC_MATCH
wi:100c185fb0771a90f3b4,LEGACY::REMASEP_OD::AD16,REMASEP_OD :: SECCION A: CONSULTAS Y CONTROLES ODONTOLOGICOS REALIZADOS :: A.3. ACCIONES GENERALES DE PREVENCION E HIGIENE :: 5010011 - PROFILAXIS :: HIGIENE Y PROFILAXIS EN NINOS Y ADULTOS :: SEGUN GRUPOS DE EDAD O DE RIESGO :: 35-44 ANOS :: HOMBRES,REMASEP_OD,AC33,REMASEP_OD :: SECCION A: CONSULTAS Y CONTROLES ODONTOLOGICOS REALIZADOS :: A.3. ACCIONES GENERALES DE PREVENCION E HIGIENE :: HIGIENE Y PROFILAXIS EN NINOS Y ADULTOS :: SEGUN GRUPOS DE EDAD O DE RIESGO :: 35-44 ANOS :: HOMBRES,INTEGER_COUNT,stf:dc624775927d4d4d,writable_target_mapping_2026,EXACT_SEMANTIC_MATCH
wi:103841aa0c5fdb5fe8e1,LEGACY::REMASEP_OD::V48,REMASEP_OD :: SECCION B: ACTIVIDADES DE ATENCION EN ESPECIALIDADES ODONTOLOGICAS. :: INSTALACION APARATO REMOVIBLE :: INSTALACION APARATO REMOVIBLE ORTODONCICO :: SEGUN GRUPOS DE EDAD O DE RIESGO :: 10-14 ANOS :: HOMBRES,REMASEP_OD,U65,REMASEP_OD :: SECCION B: ACTIVIDADES DE ATENCION EN ESPECIALIDADES ODONTOLOGICAS. :: INSTALACION APARATO REMOVIBLE ORTODONCICO :: SEGUN GRUPOS DE EDAD O DE RIESGO :: 10-14 ANOS :: HOMBRES,INTEGER_COUNT,stf:dc624775927d4d4d,writable_target_mapping_2026,EXACT_SEMANTIC_MATCH
wi:11577ea60cfa9ec7d88c,LEGACY::REMASEP_OD::L51,REMASEP_OD :: SECCION B: ACTIVIDADES DE ATENCION EN ESPECIALIDADES ODONTOLOGICAS. :: 5004018 - RETIRO APARATO FIJO-LIMPIEZA-IMPRESION :: RETIRO APARATOLOGIA DE ORTODONCIA :: SEGUN GRUPOS DE EDAD O DE RIESGO :: 4 ANOS :: HOMBRES,REMASEP_OD,K68,REMASEP_OD :: SECCION B: ACTIVIDADES DE ATENCION EN ESPECIALIDADES ODONTOLOGICAS. :: RETIRO APARATOLOGIA DE ORTODONCIA :: SEGUN GRUPOS DE EDAD O DE RIESGO :: 4 ANOS :: HOMBRES,INTEGER_COUNT,stf:dc624775927d4d4d,writable_target_mapping_2026,EXACT_SEMANTIC_MATCH
wi:118ae01483cfed478cb8,LEGACY::REMASEP_OD::G49,REMASEP_OD :: SECCION B: ACTIVIDADES DE ATENCION EN ESPECIALIDADES ODONTOLOGICAS. :: 5004001 - INSTALACION APARATO FIJO SUP O INF :: INSTALACION APARATO FIJO ORTODONCICO :: SEGUN GRUPOS DE EDAD O DE RIESGO :: MENOS DE 1 ANO - 1 ANO :: MUJERES,REMASEP_OD,F66,REMASEP_OD :: SECCION B: ACTIVIDADES DE ATENCION EN ESPECIALIDADES ODONTOLOGICAS. :: INSTALACION APARATO FIJO ORTODONCICO :: SEGUN GRUPOS DE EDAD O DE RIESGO :: MENOS DE 1 ANO - 1 ANO :: MUJERES,INTEGER_COUNT,stf:dc624775927d4d4d,writable_target_mapping_2026,EXACT_SEMANTIC_MATCH
wi:120be0f08cdbf9604449,LEGACY::REMASEP_OD::F65,REMASEP_OD :: SECCION B: ACTIVIDADES DE ATENCION EN ESPECIALIDADES ODONTOLOGICAS. :: DESTARTRAJE :: DESTARTRAJE SUB GINGIVAL :: SEGUN GRUPOS DE EDAD O DE RIESGO :: MENOS DE 1 ANO - 1 ANO :: HOMBRES,REMASEP_OD,E82,REMASEP_OD :: SECCION B: ACTIVIDADES DE ATENCION EN ESPECIALIDADES ODONTOLOGICAS. :: DESTARTRAJE SUB GINGIVAL :: SEGUN GRUPOS DE EDAD O DE RIESGO :: MENOS DE 1 ANO - 1 ANO :: HOMBRES,INTEGER_COUNT,stf:dc624775927d4d4d,writable_target_mapping_2026,EXACT_SEMANTIC_MATCH
wi:121b4a06f01011664212,LEGACY::REMASEP_01::AA90,REMASEP 01 :: SECCION C: ATENCIONES Y CONSULTAS POR OTROS PROFESIONALES NO MEDICOS :: KINE :: KINESIOLOGO/A :: ATENCION KINESIOLOGICA :: POR EDAD (EN ANOS) :: 50 - 54 ANOS :: HOMBRES,REMASEP 01,Z119,REMASEP 01 :: SECCION C: ATENCIONES Y CONSULTAS POR OTROS PROFESIONALES NO MEDICOS :: KINESIOLOGO/A :: ATENCION KINESIOLOGICA :: POR EDAD (EN ANOS) :: 50 - 54 ANOS :: HOMBRES,INTEGER_COUNT,stf:dc624775927d4d4d,writable_target_mapping_2026,EXACT_SEMANTIC_MATCH
wi:1222244319ed574ddbd7,LEGACY::REMASEP_01::Q86,REMASEP 01 :: SECCION C: ATENCIONES Y CONSULTAS POR OTROS PROFESIONALES NO MEDICOS :: NUTRICIONISTA :: NUTRICIONISTA :: CONSULTA NUTRICIONAL :: POR EDAD (EN ANOS) :: 25 - 29 ANOS :: HOMBRES,REMASEP 01,P115,REMASEP 01 :: SECCION C: ATENCIONES Y CONSULTAS POR OTROS PROFESIONALES NO MEDICOS :: NUTRICIONISTA :: CONSULTA NUTRICIONAL :: POR EDAD (EN ANOS) :: 25 - 29 ANOS :: HOMBRES,INTEGER_COUNT,stf:dc624775927d4d4d,writable_target_mapping_2026,EXACT_SEMANTIC_MATCH
wi:122a3f7145b636c707cf,LEGACY::REMASEP_OD::H8,REMASEP_OD :: SECCION A: CONSULTAS Y CONTROLES ODONTOLOGICOS REALIZADOS :: A.1. CONSULTAS Y ALTAS :: EVALUACION ODONTOLOGIA GENERAL :: PRIMERAS CONSULTAS (ANO) DE ODONTOLOGIA ESPECIALIDADES :: SEGUN GRUPOS DE EDAD O DE RIESGO :: 2 ANOS :: HOMBRES,REMASEP_OD,G17,REMASEP_OD :: SECCION A: CONSULTAS Y CONTROLES ODONTOLOGICOS REALIZADOS :: A.1. CONSULTAS Y ALTAS :: PRIMERAS CONSULTAS (ANO) DE ODONTOLOGIA ESPECIALIDADES :: SEGUN GRUPOS DE EDAD O DE RIESGO :: 2 ANOS :: HOMBRES,INTEGER_COUNT,stf:dc624775927d4d4d,writable_target_mapping_2026,EXACT_SEMANTIC_MATCH
wi:12473f831e3ced05717d,LEGACY::REMASEP_01::M90,REMASEP 01 :: SECCION C: ATENCIONES Y CONSULTAS POR OTROS PROFESIONALES NO MEDICOS :: KINE :: KINESIOLOGO/A :: ATENCION KINESIOLOGICA :: POR EDAD (EN ANOS) :: 15 - 19 ANOS :: HOMBRES,REMASEP 01,L119,REMASEP 01 :: SECCION C: ATENCIONES Y CONSULTAS POR OTROS PROFESIONALES NO MEDICOS :: KINESIOLOGO/A :: ATENCION KINESIOLOGICA :: POR EDAD (EN ANOS) :: 15 - 19 ANOS :: HOMBRES,INTEGER_COUNT,stf:dc624775927d4d4d,writable_target_mapping_2026,EXACT_SEMANTIC_MATCH
wi:1257271bc37f7146b95c,LEGACY::REMASEP_OD::R71,REMASEP_OD :: SECCION B: ACTIVIDADES DE ATENCION EN ESPECIALIDADES ODONTOLOGICAS. :: INSTALACION PROTESIS PARCIAL METALICA SUP O INF :: REHABILITACION MEDIANTE PROTESIS REMOVIBLE METALICA PARCIAL :: SEGUN GRUPOS DE EDAD O DE RIESGO :: 7 ANOS :: HOMBRES,REMASEP_OD,Q88,REMASEP_OD :: SECCION B: ACTIVIDADES DE ATENCION EN ESPECIALIDADES ODONTOLOGICAS. :: REHABILITACION MEDIANTE PROTESIS REMOVIBLE METALICA PARCIAL :: SEGUN GRUPOS DE EDAD O DE RIESGO :: 7 ANOS :: HOMBRES,INTEGER_COUNT,stf:dc624775927d4d4d,writable_target_mapping_2026,EXACT_SEMANTIC_MATCH
wi:1266d69711e7aa45cf3b,LEGACY::REMASEP_OD::R16,REMASEP_OD :: SECCION A: CONSULTAS Y CONTROLES ODONTOLOGICOS REALIZADOS :: A.3. ACCIONES GENERALES DE PREVENCION E HIGIENE :: 5010011 - PROFILAXIS :: HIGIENE Y PROFILAXIS EN NINOS Y ADULTOS :: SEGUN GRUPOS DE EDAD O DE RIESGO :: 7 ANOS :: HOMBRES,REMASEP_OD,Q33,REMASEP_OD :: SECCION A: CONSULTAS Y CONTROLES ODONTOLOGICOS REALIZADOS :: A.3. ACCIONES GENERALES DE PREVENCION E HIGIENE :: HIGIENE Y PROFILAXIS EN NINOS Y ADULTOS :: SEGUN GRUPOS DE EDAD O DE RIESGO :: 7 ANOS :: HOMBRES,INTEGER_COUNT,stf:dc624775927d4d4d,writable_target_mapping_2026,EXACT_SEMANTIC_MATCH
wi:127ca8738350e3198c13,LEGACY::REMASEP_OD::T54,REMASEP_OD :: SECCION B: ACTIVIDADES DE ATENCION EN ESPECIALIDADES ODONTOLOGICAS. :: CONTROLES ORTODONCIA :: ORTODONCIA PREVENTIVA E INTERCEPTIVA (OPI) :: SEGUN GRUPOS DE EDAD O DE RIESGO :: 8-9 ANOS :: HOMBRES,REMASEP_OD,S71,REMASEP_OD :: SECCION B: ACTIVIDADES DE ATENCION EN ESPECIALIDADES ODONTOLOGICAS. :: ORTODONCIA PREVENTIVA E INTERCEPTIVA (OPI) :: SEGUN GRUPOS DE EDAD O DE RIESGO :: 8-9 ANOS :: HOMBRES,INTEGER_COUNT,stf:dc624775927d4d4d,writable_target_mapping_2026,EXACT_SEMANTIC_MATCH
wi:1316503e78d9d4712a7e,LEGACY::REMASEP_OD::G74,REMASEP_OD :: SECCION B: ACTIVIDADES DE ATENCION EN ESPECIALIDADES ODONTOLOGICAS. :: NO SE REALIZA EN FG :: REHABILITACION MEDIANTE PROTESIS MUCO-IMPLANTOASISTIDA :: SEGUN GRUPOS DE EDAD O DE RIESGO :: MENOS DE 1 ANO - 1 ANO :: MUJERES,REMASEP_OD,F91,REMASEP_OD :: SECCION B: ACTIVIDADES DE ATENCION EN ESPECIALIDADES ODONTOLOGICAS. :: REHABILITACION MEDIANTE PROTESIS MUCO-IMPLANTOASISTIDA :: SEGUN GRUPOS DE EDAD O DE RIESGO :: MENOS DE 1 ANO - 1 ANO :: MUJERES,INTEGER_COUNT,stf:dc624775927d4d4d,writable_target_mapping_2026,EXACT_SEMANTIC_MATCH
wi:1378dacbfad1603986f5,LEGACY::REMASEP_OD::J90,REMASEP_OD :: SECCION B: ACTIVIDADES DE ATENCION EN ESPECIALIDADES ODONTOLOGICAS. :: INSTALACIONES ORTOPEDIA :: INSTALACION DE DISPOSITIVO ORTOPEDICO :: SEGUN GRUPOS DE EDAD O DE RIESGO :: 3 ANOS :: HOMBRES,REMASEP_OD,I107,REMASEP_OD :: SECCION B: ACTIVIDADES DE ATENCION EN ESPECIALIDADES ODONTOLOGICAS. :: INSTALACION DE DISPOSITIVO ORTOPEDICO :: SEGUN GRUPOS DE EDAD O DE RIESGO :: 3 ANOS :: HOMBRES,INTEGER_COUNT,stf:dc624775927d4d4d,writable_target_mapping_2026,EXACT_SEMANTIC_MATCH
wi:13bdfa6c5db348b7c408,LEGACY::REMASEP_OD::AI10,REMASEP_OD :: SECCION A: CONSULTAS Y CONTROLES ODONTOLOGICOS REALIZADOS :: A.1. CONSULTAS Y ALTAS :: CONTROL ODON ESP :: CONTROLES ODONTOLOGICO DE ESPECIALIDAD :: SEGUN GRUPOS DE EDAD O DE RIESGO :: 60-64 ANOS :: MUJERES,REMASEP_OD,AH19,REMASEP_OD :: SECCION A: CONSULTAS Y CONTROLES ODONTOLOGICOS REALIZADOS :: A.1. CONSULTAS Y ALTAS :: CONTROLES ODONTOLOGICO DE ESPECIALIDAD :: SEGUN GRUPOS DE EDAD O DE RIESGO :: 60-64 ANOS :: MUJERES,INTEGER_COUNT,stf:dc624775927d4d4d,writable_target_mapping_2026,EXACT_SEMANTIC_MATCH
wi:14454706726603a59956,LEGACY::REMASEP_OD::W52,REMASEP_OD :: SECCION B: ACTIVIDADES DE ATENCION EN ESPECIALIDADES ODONTOLOGICAS. :: 5004020 - CONTROL ORTODONCIA QUIRURGICO :: ORTODONCIA PRE-QUIRURGICA :: SEGUN GRUPOS DE EDAD O DE RIESGO :: 10-14 ANOS :: MUJERES,REMASEP_OD,V69,REMASEP_OD :: SECCION B: ACTIVIDADES DE ATENCION EN ESPECIALIDADES ODONTOLOGICAS. :: ORTODONCIA PRE-QUIRURGICA :: SEGUN GRUPOS DE EDAD O DE RIESGO :: 10-14 ANOS :: MUJERES,INTEGER_COUNT,stf:dc624775927d4d4d,writable_target_mapping_2026,EXACT_SEMANTIC_MATCH
wi:14691938dbc2dfc37422,LEGACY::REMASEP_01::T87,REMASEP 01 :: SECCION C: ATENCIONES Y CONSULTAS POR OTROS PROFESIONALES NO MEDICOS :: PSICO :: PSICOLOGO/A :: CONSULTA PSICOLOGICA :: POR EDAD (EN ANOS) :: 30 - 34 ANOS :: MUJERES,REMASEP 01,S116,REMASEP 01 :: SECCION C: ATENCIONES Y CONSULTAS POR OTROS PROFESIONALES NO MEDICOS :: PSICOLOGO/A :: CONSULTA PSICOLOGICA :: POR EDAD (EN ANOS) :: 30 - 34 ANOS :: MUJERES,INTEGER_COUNT,stf:dc624775927d4d4d,writable_target_mapping_2026,EXACT_SEMANTIC_MATCH
wi:146f013ed8975ea74079,LEGACY::REMASEP_OD::AM9,REMASEP_OD :: SECCION A: CONSULTAS Y CONTROLES ODONTOLOGICOS REALIZADOS :: A.1. CONSULTAS Y ALTAS :: CONTROL ODONTOLOGIA GENERAL :: CONTROLES ODONTOLOGICOS GENERALES :: SEGUN GRUPOS DE EDAD O DE RIESGO :: 75 Y MAS ANOS :: MUJERES,REMASEP_OD,AL18,REMASEP_OD :: SECCION A: CONSULTAS Y CONTROLES ODONTOLOGICOS REALIZADOS :: A.1. CONSULTAS Y ALTAS :: CONTROLES ODONTOLOGICOS GENERALES :: SEGUN GRUPOS DE EDAD O DE RIESGO :: 75 Y MAS ANOS :: MUJERES,INTEGER_COUNT,stf:dc624775927d4d4d,writable_target_mapping_2026,EXACT_SEMANTIC_MATCH
wi:154cd0976650d666c061,LEGACY::REMASEP_OD::H72,REMASEP_OD :: SECCION B: ACTIVIDADES DE ATENCION EN ESPECIALIDADES ODONTOLOGICAS. :: CEMENTACION PROTESIS FIJA SOBRE DIENTE :: REHABILITACION MEDIANTE PROTESIS FIJA UNITARIA O PLURAL :: SEGUN GRUPOS DE EDAD O DE RIESGO :: 2 ANOS :: HOMBRES,REMASEP_OD,G89,REMASEP_OD :: SECCION B: ACTIVIDADES DE ATENCION EN ESPECIALIDADES ODONTOLOGICAS. :: REHABILITACION MEDIANTE PROTESIS FIJA UNITARIA O PLURAL :: SEGUN GRUPOS DE EDAD O DE RIESGO :: 2 ANOS :: HOMBRES,INTEGER_COUNT,stf:dc624775927d4d4d,writable_target_mapping_2026,EXACT_SEMANTIC_MATCH
wi:1585b22b0ffbb9547912,LEGACY::REMASEP_OD::AD51,REMASEP_OD :: SECCION B: ACTIVIDADES DE ATENCION EN ESPECIALIDADES ODONTOLOGICAS. :: 5004018 - RETIRO APARATO FIJO-LIMPIEZA-IMPRESION :: RETIRO APARATOLOGIA DE ORTODONCIA :: SEGUN GRUPOS DE EDAD O DE RIESGO :: 35-44 ANOS :: HOMBRES,REMASEP_OD,AC68,REMASEP_OD :: SECCION B: ACTIVIDADES DE ATENCION EN ESPECIALIDADES ODONTOLOGICAS. :: RETIRO APARATOLOGIA DE ORTODONCIA :: SEGUN GRUPOS DE EDAD O DE RIESGO :: 35-44 ANOS :: HOMBRES,INTEGER_COUNT,stf:dc624775927d4d4d,writable_target_mapping_2026,EXACT_SEMANTIC_MATCH
wi:1594142281480992b59e,LEGACY::REMASEP_OD::AM54,REMASEP_OD :: SECCION B: ACTIVIDADES DE ATENCION EN ESPECIALIDADES ODONTOLOGICAS. :: CONTROLES ORTODONCIA :: ORTODONCIA PREVENTIVA E INTERCEPTIVA (OPI) :: SEGUN GRUPOS DE EDAD O DE RIESGO :: 75 Y MAS ANOS :: MUJERES,REMASEP_OD,AL71,REMASEP_OD :: SECCION B: ACTIVIDADES DE ATENCION EN ESPECIALIDADES ODONTOLOGICAS. :: ORTODONCIA PREVENTIVA E INTERCEPTIVA (OPI) :: SEGUN GRUPOS DE EDAD O DE RIESGO :: 75 Y MAS ANOS :: MUJERES,INTEGER_COUNT,stf:dc624775927d4d4d,writable_target_mapping_2026,EXACT_SEMANTIC_MATCH
wi:15f96e57f9eda96a26b5,LEGACY::REMASEP_OD::AI71,REMASEP_OD :: SECCION B: ACTIVIDADES DE ATENCION EN ESPECIALIDADES ODONTOLOGICAS. :: INSTALACION PROTESIS PARCIAL METALICA SUP O INF :: REHABILITACION MEDIANTE PROTESIS REMOVIBLE METALICA PARCIAL :: SEGUN GRUPOS DE EDAD O DE RIESGO :: 60-64 ANOS :: MUJERES,REMASEP_OD,AH88,REMASEP_OD :: SECCION B: ACTIVIDADES DE ATENCION EN ESPECIALIDADES ODONTOLOGICAS. :: REHABILITACION MEDIANTE PROTESIS REMOVIBLE METALICA PARCIAL :: SEGUN GRUPOS DE EDAD O DE RIESGO :: 60-64 ANOS :: MUJERES,INTEGER_COUNT,stf:dc624775927d4d4d,writable_target_mapping_2026,EXACT_SEMANTIC_MATCH
wi:16a8705655745b66ebf8,LEGACY::REMASEP_OD::I10,REMASEP_OD :: SECCION A: CONSULTAS Y CONTROLES ODONTOLOGICOS REALIZADOS :: A.1. CONSULTAS Y ALTAS :: CONTROL ODON ESP :: CONTROLES ODONTOLOGICO DE ESPECIALIDAD :: SEGUN GRUPOS DE EDAD O DE RIESGO :: 2 ANOS :: MUJERES,REMASEP_OD,H19,REMASEP_OD :: SECCION A: CONSULTAS Y CONTROLES ODONTOLOGICOS REALIZADOS :: A.1. CONSULTAS Y ALTAS :: CONTROLES ODONTOLOGICO DE ESPECIALIDAD :: SEGUN GRUPOS DE EDAD O DE RIESGO :: 2 ANOS :: MUJERES,INTEGER_COUNT,stf:dc624775927d4d4d,writable_target_mapping_2026,EXACT_SEMANTIC_MATCH
wi:16ed18f7a887c5540227,LEGACY::REMASEP_OD::N66,REMASEP_OD :: SECCION B: ACTIVIDADES DE ATENCION EN ESPECIALIDADES ODONTOLOGICAS. :: 5009012 - PULIDO RADICULAR POR SESION O SEXTANTE :: PULIDO RADICULAR :: SEGUN GRUPOS DE EDAD O DE RIESGO :: 5 ANOS :: HOMBRES,REMASEP_OD,M83,REMASEP_OD :: SECCION B: ACTIVIDADES DE ATENCION EN ESPECIALIDADES ODONTOLOGICAS. :: PULIDO RADICULAR :: SEGUN GRUPOS DE EDAD O DE RIESGO :: 5 ANOS :: HOMBRES,INTEGER_COUNT,stf:dc624775927d4d4d,writable_target_mapping_2026,EXACT_SEMANTIC_MATCH
wi:1757d9e8c8506122a19b,LEGACY::REMASEP_OD::M62,"REMASEP_OD :: SECCION B: ACTIVIDADES DE ATENCION EN ESPECIALIDADES ODONTOLOGICAS. :: COMPOSITE :: PROCEDIMIENTO RESTAURADOR EN ODONTOPEDIATRIA (TODOS LOS TIPOS: RESINA, TEMPORALES Y AMALGAMAS) :: SEGUN GRUPOS DE EDAD O DE RIESGO :: 4 ANOS :: MUJERES",REMASEP_OD,L79,"REMASEP_OD :: SECCION B: ACTIVIDADES DE ATENCION EN ESPECIALIDADES ODONTOLOGICAS. :: PROCEDIMIENTO RESTAURADOR EN ODONTOPEDIATRIA (TODOS LOS TIPOS: RESINA, TEMPORALES Y AMALGAMAS) :: SEGUN GRUPOS DE EDAD O DE RIESGO :: 4 ANOS :: MUJERES",INTEGER_COUNT,stf:dc624775927d4d4d,writable_target_mapping_2026,EXACT_SEMANTIC_MATCH
wi:177c0bb0eed463d55cb6,LEGACY::REMASEP_OD::L89,REMASEP_OD :: SECCION B: ACTIVIDADES DE ATENCION EN ESPECIALIDADES ODONTOLOGICAS. :: 5009002 - DESGASTE SELECTIVO :: DESGASTE SELECTIVO :: SEGUN GRUPOS DE EDAD O DE RIESGO :: 4 ANOS :: HOMBRES,REMASEP_OD,K106,REMASEP_OD :: SECCION B: ACTIVIDADES DE ATENCION EN ESPECIALIDADES ODONTOLOGICAS. :: DESGASTE SELECTIVO :: SEGUN GRUPOS DE EDAD O DE RIESGO :: 4 ANOS :: HOMBRES,INTEGER_COUNT,stf:dc624775927d4d4d,writable_target_mapping_2026,EXACT_SEMANTIC_MATCH
wi:1787ef8a90b85cd415f3,LEGACY::REMASEP_OD::V54,REMASEP_OD :: SECCION B: ACTIVIDADES DE ATENCION EN ESPECIALIDADES ODONTOLOGICAS. :: CONTROLES ORTODONCIA :: ORTODONCIA PREVENTIVA E INTERCEPTIVA (OPI) :: SEGUN GRUPOS DE EDAD O DE RIESGO :: 10-14 ANOS :: HOMBRES,REMASEP_OD,U71,REMASEP_OD :: SECCION B: ACTIVIDADES DE ATENCION EN ESPECIALIDADES ODONTOLOGICAS. :: ORTODONCIA PREVENTIVA E INTERCEPTIVA (OPI) :: SEGUN GRUPOS DE EDAD O DE RIESGO :: 10-14 ANOS :: HOMBRES,INTEGER_COUNT,stf:dc624775927d4d4d,writable_target_mapping_2026,EXACT_SEMANTIC_MATCH
wi:180fc04db82c121f350a,LEGACY::REMASEP_OD::AM66,REMASEP_OD :: SECCION B: ACTIVIDADES DE ATENCION EN ESPECIALIDADES ODONTOLOGICAS. :: 5009012 - PULIDO RADICULAR POR SESION O SEXTANTE :: PULIDO RADICULAR :: SEGUN GRUPOS DE EDAD O DE RIESGO :: 75 Y MAS ANOS :: MUJERES,REMASEP_OD,AL83,REMASEP_OD :: SECCION B: ACTIVIDADES DE ATENCION EN ESPECIALIDADES ODONTOLOGICAS. :: PULIDO RADICULAR :: SEGUN GRUPOS DE EDAD O DE RIESGO :: 75 Y MAS ANOS :: MUJERES,INTEGER_COUNT,stf:dc624775927d4d4d,writable_target_mapping_2026,EXACT_SEMANTIC_MATCH
wi:1816bc69bbbf86ac0009,LEGACY::REMASEP_OD::Y89,REMASEP_OD :: SECCION B: ACTIVIDADES DE ATENCION EN ESPECIALIDADES ODONTOLOGICAS. :: 5009002 - DESGASTE SELECTIVO :: DESGASTE SELECTIVO :: SEGUN GRUPOS DE EDAD O DE RIESGO :: 15-19 ANOS :: MUJERES,REMASEP_OD,X106,REMASEP_OD :: SECCION B: ACTIVIDADES DE ATENCION EN ESPECIALIDADES ODONTOLOGICAS. :: DESGASTE SELECTIVO :: SEGUN GRUPOS DE EDAD O DE RIESGO :: 15-19 ANOS :: MUJERES,INTEGER_COUNT,stf:dc624775927d4d4d,writable_target_mapping_2026,EXACT_SEMANTIC_MATCH
wi:188cdfd92d947421acf3,LEGACY::REMASEP_OD::H63,REMASEP_OD :: SECCION B: ACTIVIDADES DE ATENCION EN ESPECIALIDADES ODONTOLOGICAS. :: 5010023 - PULPECTOMIA / 5010003 - PULPOTOMIA :: PROCEDIMIENTO PULPAR EN ODONTOPEDIATRIA (PULPOTOMIA Y PULPECTOMIA) :: SEGUN GRUPOS DE EDAD O DE RIESGO :: 2 ANOS :: HOMBRES,REMASEP_OD,G80,REMASEP_OD :: SECCION B: ACTIVIDADES DE ATENCION EN ESPECIALIDADES ODONTOLOGICAS. :: PROCEDIMIENTO PULPAR EN ODONTOPEDIATRIA (PULPOTOMIA Y PULPECTOMIA) :: SEGUN GRUPOS DE EDAD O DE RIESGO :: 2 ANOS :: HOMBRES,INTEGER_COUNT,stf:dc624775927d4d4d,writable_target_mapping_2026,EXACT_SEMANTIC_MATCH
wi:1892ea939423a3cffe0e,LEGACY::REMASEP_OD::J73,REMASEP_OD :: SECCION B: ACTIVIDADES DE ATENCION EN ESPECIALIDADES ODONTOLOGICAS. :: INSTALACION CORONA DEFINITIVA SOBRE IMPLANTE :: REHABILITACION MEDIANTE PROTESIS FIJA IMPLANTOASISTIDA (UNITARIA Y PLURAL) :: SEGUN GRUPOS DE EDAD O DE RIESGO :: 3 ANOS :: HOMBRES,REMASEP_OD,I90,REMASEP_OD :: SECCION B: ACTIVIDADES DE ATENCION EN ESPECIALIDADES ODONTOLOGICAS. :: REHABILITACION MEDIANTE PROTESIS FIJA IMPLANTOASISTIDA (UNITARIA Y PLURAL) :: SEGUN GRUPOS DE EDAD O DE RIESGO :: 3 ANOS :: HOMBRES,INTEGER_COUNT,stf:dc624775927d4d4d,writable_target_mapping_2026,EXACT_SEMANTIC_MATCH
wi:18acc98c484bf87cce69,LEGACY::REMASEP_OD::F48,REMASEP_OD :: SECCION B: ACTIVIDADES DE ATENCION EN ESPECIALIDADES ODONTOLOGICAS. :: INSTALACION APARATO REMOVIBLE :: INSTALACION APARATO REMOVIBLE ORTODONCICO :: SEGUN GRUPOS DE EDAD O DE RIESGO :: MENOS DE 1 ANO - 1 ANO :: HOMBRES,REMASEP_OD,E65,REMASEP_OD :: SECCION B: ACTIVIDADES DE ATENCION EN ESPECIALIDADES ODONTOLOGICAS. :: INSTALACION APARATO REMOVIBLE ORTODONCICO :: SEGUN GRUPOS DE EDAD O DE RIESGO :: MENOS DE 1 ANO - 1 ANO :: HOMBRES,INTEGER_COUNT,stf:dc624775927d4d4d,writable_target_mapping_2026,EXACT_SEMANTIC_MATCH
wi:18d56d8f94b44b275825,LEGACY::REMASEP_OD::L50,REMASEP_OD :: SECCION B: ACTIVIDADES DE ATENCION EN ESPECIALIDADES ODONTOLOGICAS. :: INSTALACION CONTENCION :: INSTALACION APARATO DE CONTENCION ORTODONCICO :: SEGUN GRUPOS DE EDAD O DE RIESGO :: 4 ANOS :: HOMBRES,REMASEP_OD,K67,REMASEP_OD :: SECCION B: ACTIVIDADES DE ATENCION EN ESPECIALIDADES ODONTOLOGICAS. :: INSTALACION APARATO DE CONTENCION ORTODONCICO :: SEGUN GRUPOS DE EDAD O DE RIESGO :: 4 ANOS :: HOMBRES,INTEGER_COUNT,stf:dc624775927d4d4d,writable_target_mapping_2026,EXACT_SEMANTIC_MATCH
wi:192b545bd0c40f7dcc7d,LEGACY::REMASEP_OD::O89,REMASEP_OD :: SECCION B: ACTIVIDADES DE ATENCION EN ESPECIALIDADES ODONTOLOGICAS. :: 5009002 - DESGASTE SELECTIVO :: DESGASTE SELECTIVO :: SEGUN GRUPOS DE EDAD O DE RIESGO :: 5 ANOS :: MUJERES,REMASEP_OD,N106,REMASEP_OD :: SECCION B: ACTIVIDADES DE ATENCION EN ESPECIALIDADES ODONTOLOGICAS. :: DESGASTE SELECTIVO :: SEGUN GRUPOS DE EDAD O DE RIESGO :: 5 ANOS :: MUJERES,INTEGER_COUNT,stf:dc624775927d4d4d,writable_target_mapping_2026,EXACT_SEMANTIC_MATCH
wi:19d93f16ef7e0655c43a,LEGACY::REMASEP_OD::P54,REMASEP_OD :: SECCION B: ACTIVIDADES DE ATENCION EN ESPECIALIDADES ODONTOLOGICAS. :: CONTROLES ORTODONCIA :: ORTODONCIA PREVENTIVA E INTERCEPTIVA (OPI) :: SEGUN GRUPOS DE EDAD O DE RIESGO :: 6 ANOS :: HOMBRES,REMASEP_OD,O71,REMASEP_OD :: SECCION B: ACTIVIDADES DE ATENCION EN ESPECIALIDADES ODONTOLOGICAS. :: ORTODONCIA PREVENTIVA E INTERCEPTIVA (OPI) :: SEGUN GRUPOS DE EDAD O DE RIESGO :: 6 ANOS :: HOMBRES,INTEGER_COUNT,stf:dc624775927d4d4d,writable_target_mapping_2026,EXACT_SEMANTIC_MATCH
wi:1a0c92b826b77f1251ca,LEGACY::REMASEP_OD::H74,REMASEP_OD :: SECCION B: ACTIVIDADES DE ATENCION EN ESPECIALIDADES ODONTOLOGICAS. :: NO SE REALIZA EN FG :: REHABILITACION MEDIANTE PROTESIS MUCO-IMPLANTOASISTIDA :: SEGUN GRUPOS DE EDAD O DE RIESGO :: 2 ANOS :: HOMBRES,REMASEP_OD,G91,REMASEP_OD :: SECCION B: ACTIVIDADES DE ATENCION EN ESPECIALIDADES ODONTOLOGICAS. :: REHABILITACION MEDIANTE PROTESIS MUCO-IMPLANTOASISTIDA :: SEGUN GRUPOS DE EDAD O DE RIESGO :: 2 ANOS :: HOMBRES,INTEGER_COUNT,stf:dc624775927d4d4d,writable_target_mapping_2026,EXACT_SEMANTIC_MATCH
wi:1a15368aa93e683dd1c8,LEGACY::REMASEP_OD::AE71,REMASEP_OD :: SECCION B: ACTIVIDADES DE ATENCION EN ESPECIALIDADES ODONTOLOGICAS. :: INSTALACION PROTESIS PARCIAL METALICA SUP O INF :: REHABILITACION MEDIANTE PROTESIS REMOVIBLE METALICA PARCIAL :: SEGUN GRUPOS DE EDAD O DE RIESGO :: 35-44 ANOS :: MUJERES,REMASEP_OD,AD88,REMASEP_OD :: SECCION B: ACTIVIDADES DE ATENCION EN ESPECIALIDADES ODONTOLOGICAS. :: REHABILITACION MEDIANTE PROTESIS REMOVIBLE METALICA PARCIAL :: SEGUN GRUPOS DE EDAD O DE RIESGO :: 35-44 ANOS :: MUJERES,INTEGER_COUNT,stf:dc624775927d4d4d,writable_target_mapping_2026,EXACT_SEMANTIC_MATCH
wi:1b08df417c9f766fb3f0,LEGACY::REMASEP_01::AJ90,REMASEP 01 :: SECCION C: ATENCIONES Y CONSULTAS POR OTROS PROFESIONALES NO MEDICOS :: KINE :: KINESIOLOGO/A :: ATENCION KINESIOLOGICA :: POR EDAD (EN ANOS) :: 70 - 74 ANOS :: MUJERES,REMASEP 01,AI119,REMASEP 01 :: SECCION C: ATENCIONES Y CONSULTAS POR OTROS PROFESIONALES NO MEDICOS :: KINESIOLOGO/A :: ATENCION KINESIOLOGICA :: POR EDAD (EN ANOS) :: 70 - 74 ANOS :: MUJERES,INTEGER_COUNT,stf:dc624775927d4d4d,writable_target_mapping_2026,EXACT_SEMANTIC_MATCH
wi:1b38263b8c6f4019da9c,LEGACY::REMASEP_01::H84,REMASEP 01 :: SECCION C: ATENCIONES Y CONSULTAS POR OTROS PROFESIONALES NO MEDICOS :: ENFERMER :: ENFERMERA/O :: ATENCION AL PACIENTE :: POR EDAD (EN ANOS) :: 0 - 4 ANOS :: MUJERES,REMASEP 01,G113,REMASEP 01 :: SECCION C: ATENCIONES Y CONSULTAS POR OTROS PROFESIONALES NO MEDICOS :: ENFERMERA/O :: ATENCION AL PACIENTE :: POR EDAD (EN ANOS) :: 0 - 4 ANOS :: MUJERES,INTEGER_COUNT,stf:dc624775927d4d4d,writable_target_mapping_2026,EXACT_SEMANTIC_MATCH
wi:1b44f72906fef237543a,LEGACY::REMASEP_OD::V14,REMASEP_OD :: SECCION A: CONSULTAS Y CONTROLES ODONTOLOGICOS REALIZADOS :: A.3. ACCIONES GENERALES DE PREVENCION E HIGIENE :: 50010112 - INSTRUCCION DE HIGIENE ORAL :: INSTRUCCION Y CONTROL DE HIGIENE ORAL EN NINOS Y ADULTOS :: SEGUN GRUPOS DE EDAD O DE RIESGO :: 10-14 ANOS :: HOMBRES,REMASEP_OD,U31,REMASEP_OD :: SECCION A: CONSULTAS Y CONTROLES ODONTOLOGICOS REALIZADOS :: A.3. ACCIONES GENERALES DE PREVENCION E HIGIENE :: INSTRUCCION Y CONTROL DE HIGIENE ORAL EN NINOS Y ADULTOS :: SEGUN GRUPOS DE EDAD O DE RIESGO :: 10-14 ANOS :: HOMBRES,INTEGER_COUNT,stf:dc624775927d4d4d,writable_target_mapping_2026,EXACT_SEMANTIC_MATCH
wi:1b5686990c7a0682fcc0,LEGACY::REMASEP_OD::P49,REMASEP_OD :: SECCION B: ACTIVIDADES DE ATENCION EN ESPECIALIDADES ODONTOLOGICAS. :: 5004001 - INSTALACION APARATO FIJO SUP O INF :: INSTALACION APARATO FIJO ORTODONCICO :: SEGUN GRUPOS DE EDAD O DE RIESGO :: 6 ANOS :: HOMBRES,REMASEP_OD,O66,REMASEP_OD :: SECCION B: ACTIVIDADES DE ATENCION EN ESPECIALIDADES ODONTOLOGICAS. :: INSTALACION APARATO FIJO ORTODONCICO :: SEGUN GRUPOS DE EDAD O DE RIESGO :: 6 ANOS :: HOMBRES,INTEGER_COUNT,stf:dc624775927d4d4d,writable_target_mapping_2026,EXACT_SEMANTIC_MATCH
wi:1b8ae09c5ff1b7789752,LEGACY::REMASEP_OD::Y53,REMASEP_OD :: SECCION B: ACTIVIDADES DE ATENCION EN ESPECIALIDADES ODONTOLOGICAS. :: CONTROLES ORTOPED. PREQ :: ORTOPEDIA PRE-QUIRURGICA :: SEGUN GRUPOS DE EDAD O DE RIESGO :: 15-19 ANOS :: MUJERES,REMASEP_OD,X70,REMASEP_OD :: SECCION B: ACTIVIDADES DE ATENCION EN ESPECIALIDADES ODONTOLOGICAS. :: ORTOPEDIA PRE-QUIRURGICA :: SEGUN GRUPOS DE EDAD O DE RIESGO :: 15-19 ANOS :: MUJERES,INTEGER_COUNT,stf:dc624775927d4d4d,writable_target_mapping_2026,EXACT_SEMANTIC_MATCH
wi:1bbf33b94ce7b2228c6b,LEGACY::REMASEP_OD::AJ89,REMASEP_OD :: SECCION B: ACTIVIDADES DE ATENCION EN ESPECIALIDADES ODONTOLOGICAS. :: 5009002 - DESGASTE SELECTIVO :: DESGASTE SELECTIVO :: SEGUN GRUPOS DE EDAD O DE RIESGO :: 65-74 ANOS :: HOMBRES,REMASEP_OD,AI106,REMASEP_OD :: SECCION B: ACTIVIDADES DE ATENCION EN ESPECIALIDADES ODONTOLOGICAS. :: DESGASTE SELECTIVO :: SEGUN GRUPOS DE EDAD O DE RIESGO :: 65-74 ANOS :: HOMBRES,INTEGER_COUNT,stf:dc624775927d4d4d,writable_target_mapping_2026,EXACT_SEMANTIC_MATCH
wi:1c15ac087228131e6fcb,LEGACY::REMASEP_OD::W49,REMASEP_OD :: SECCION B: ACTIVIDADES DE ATENCION EN ESPECIALIDADES ODONTOLOGICAS. :: 5004001 - INSTALACION APARATO FIJO SUP O INF :: INSTALACION APARATO FIJO ORTODONCICO :: SEGUN GRUPOS DE EDAD O DE RIESGO :: 10-14 ANOS :: MUJERES,REMASEP_OD,V66,REMASEP_OD :: SECCION B: ACTIVIDADES DE ATENCION EN ESPECIALIDADES ODONTOLOGICAS. :: INSTALACION APARATO FIJO ORTODONCICO :: SEGUN GRUPOS DE EDAD O DE RIESGO :: 10-14 ANOS :: MUJERES,INTEGER_COUNT,stf:dc624775927d4d4d,writable_target_mapping_2026,EXACT_SEMANTIC_MATCH
wi:1c77b356dd42ed8c0f63,LEGACY::REMASEP_OD::T53,REMASEP_OD :: SECCION B: ACTIVIDADES DE ATENCION EN ESPECIALIDADES ODONTOLOGICAS. :: CONTROLES ORTOPED. PREQ :: ORTOPEDIA PRE-QUIRURGICA :: SEGUN GRUPOS DE EDAD O DE RIESGO :: 8-9 ANOS :: HOMBRES,REMASEP_OD,S70,REMASEP_OD :: SECCION B: ACTIVIDADES DE ATENCION EN ESPECIALIDADES ODONTOLOGICAS. :: ORTOPEDIA PRE-QUIRURGICA :: SEGUN GRUPOS DE EDAD O DE RIESGO :: 8-9 ANOS :: HOMBRES,INTEGER_COUNT,stf:dc624775927d4d4d,writable_target_mapping_2026,EXACT_SEMANTIC_MATCH
wi:1caa73547f02c0b2f5be,LEGACY::REMASEP_01::Z90,REMASEP 01 :: SECCION C: ATENCIONES Y CONSULTAS POR OTROS PROFESIONALES NO MEDICOS :: KINE :: KINESIOLOGO/A :: ATENCION KINESIOLOGICA :: POR EDAD (EN ANOS) :: 45 - 49 ANOS :: MUJERES,REMASEP 01,Y119,REMASEP 01 :: SECCION C: ATENCIONES Y CONSULTAS POR OTROS PROFESIONALES NO MEDICOS :: KINESIOLOGO/A :: ATENCION KINESIOLOGICA :: POR EDAD (EN ANOS) :: 45 - 49 ANOS :: MUJERES,INTEGER_COUNT,stf:dc624775927d4d4d,writable_target_mapping_2026,EXACT_SEMANTIC_MATCH
wi:1caee5f075b71e7f69aa,LEGACY::REMASEP_OD::S49,REMASEP_OD :: SECCION B: ACTIVIDADES DE ATENCION EN ESPECIALIDADES ODONTOLOGICAS. :: 5004001 - INSTALACION APARATO FIJO SUP O INF :: INSTALACION APARATO FIJO ORTODONCICO :: SEGUN GRUPOS DE EDAD O DE RIESGO :: 7 ANOS :: MUJERES,REMASEP_OD,R66,REMASEP_OD :: SECCION B: ACTIVIDADES DE ATENCION EN ESPECIALIDADES ODONTOLOGICAS. :: INSTALACION APARATO FIJO ORTODONCICO :: SEGUN GRUPOS DE EDAD O DE RIESGO :: 7 ANOS :: MUJERES,INTEGER_COUNT,stf:dc624775927d4d4d,writable_target_mapping_2026,EXACT_SEMANTIC_MATCH
wi:1cd9c116a29cb6ac144e,LEGACY::REMASEP_OD::AF70,REMASEP_OD :: SECCION B: ACTIVIDADES DE ATENCION EN ESPECIALIDADES ODONTOLOGICAS. :: INSTALACION PROTESIS TOTAL ACRILICA SUP O INF :: REHABILITACION MEDIANTE PROTESIS REMOVIBLE ACRILICA PARCIAL O TOTAL :: SEGUN GRUPOS DE EDAD O DE RIESGO :: 45-59 ANOS :: HOMBRES,REMASEP_OD,AE87,REMASEP_OD :: SECCION B: ACTIVIDADES DE ATENCION EN ESPECIALIDADES ODONTOLOGICAS. :: REHABILITACION MEDIANTE PROTESIS REMOVIBLE ACRILICA PARCIAL O TOTAL :: SEGUN GRUPOS DE EDAD O DE RIESGO :: 45-59 ANOS :: HOMBRES,INTEGER_COUNT,stf:dc624775927d4d4d,writable_target_mapping_2026,EXACT_SEMANTIC_MATCH
wi:1d21c2767f7badf21a51,LEGACY::REMASEP_OD::R13,"REMASEP_OD :: SECCION A: CONSULTAS Y CONTROLES ODONTOLOGICOS REALIZADOS :: A.3. ACCIONES GENERALES DE PREVENCION E HIGIENE :: 5001005 - SELLANTES :: APLICACION DE SELLANTE EN PIEZA PERMANENTE, FOTOCURADO :: SEGUN GRUPOS DE EDAD O DE RIESGO :: 7 ANOS :: HOMBRES",REMASEP_OD,Q30,"REMASEP_OD :: SECCION A: CONSULTAS Y CONTROLES ODONTOLOGICOS REALIZADOS :: A.3. ACCIONES GENERALES DE PREVENCION E HIGIENE :: APLICACION DE SELLANTE EN PIEZA PERMANENTE, FOTOCURADO :: SEGUN GRUPOS DE EDAD O DE RIESGO :: 7 ANOS :: HOMBRES",INTEGER_COUNT,stf:dc624775927d4d4d,writable_target_mapping_2026,EXACT_SEMANTIC_MATCH
wi:1d8522286d3a3ba22741,LEGACY::REMASEP_OD::Y72,REMASEP_OD :: SECCION B: ACTIVIDADES DE ATENCION EN ESPECIALIDADES ODONTOLOGICAS. :: CEMENTACION PROTESIS FIJA SOBRE DIENTE :: REHABILITACION MEDIANTE PROTESIS FIJA UNITARIA O PLURAL :: SEGUN GRUPOS DE EDAD O DE RIESGO :: 15-19 ANOS :: MUJERES,REMASEP_OD,X89,REMASEP_OD :: SECCION B: ACTIVIDADES DE ATENCION EN ESPECIALIDADES ODONTOLOGICAS. :: REHABILITACION MEDIANTE PROTESIS FIJA UNITARIA O PLURAL :: SEGUN GRUPOS DE EDAD O DE RIESGO :: 15-19 ANOS :: MUJERES,INTEGER_COUNT,stf:dc624775927d4d4d,writable_target_mapping_2026,EXACT_SEMANTIC_MATCH
wi:1e2527fa2e88b3ee1a43,LEGACY::REMASEP_01::R89,REMASEP 01 :: SECCION C: ATENCIONES Y CONSULTAS POR OTROS PROFESIONALES NO MEDICOS :: FONO :: FONOAUDIOLOGO/A :: CONSULTAS FONOAUDIOLOGO/A :: POR EDAD (EN ANOS) :: 25 - 29 ANOS :: MUJERES,REMASEP 01,Q118,REMASEP 01 :: SECCION C: ATENCIONES Y CONSULTAS POR OTROS PROFESIONALES NO MEDICOS :: FONOAUDIOLOGO/A :: CONSULTAS FONOAUDIOLOGO/A :: POR EDAD (EN ANOS) :: 25 - 29 ANOS :: MUJERES,INTEGER_COUNT,stf:dc624775927d4d4d,writable_target_mapping_2026,EXACT_SEMANTIC_MATCH
wi:1eaaf07d657a48f56bdf,LEGACY::REMASEP_OD::Q74,REMASEP_OD :: SECCION B: ACTIVIDADES DE ATENCION EN ESPECIALIDADES ODONTOLOGICAS. :: NO SE REALIZA EN FG :: REHABILITACION MEDIANTE PROTESIS MUCO-IMPLANTOASISTIDA :: SEGUN GRUPOS DE EDAD O DE RIESGO :: 6 ANOS :: MUJERES,REMASEP_OD,P91,REMASEP_OD :: SECCION B: ACTIVIDADES DE ATENCION EN ESPECIALIDADES ODONTOLOGICAS. :: REHABILITACION MEDIANTE PROTESIS MUCO-IMPLANTOASISTIDA :: SEGUN GRUPOS DE EDAD O DE RIESGO :: 6 ANOS :: MUJERES,INTEGER_COUNT,stf:dc624775927d4d4d,writable_target_mapping_2026,EXACT_SEMANTIC_MATCH
wi:1f4cbc6743fb784f4bc3,LEGACY::REMASEP_OD::S71,REMASEP_OD :: SECCION B: ACTIVIDADES DE ATENCION EN ESPECIALIDADES ODONTOLOGICAS. :: INSTALACION PROTESIS PARCIAL METALICA SUP O INF :: REHABILITACION MEDIANTE PROTESIS REMOVIBLE METALICA PARCIAL :: SEGUN GRUPOS DE EDAD O DE RIESGO :: 7 ANOS :: MUJERES,REMASEP_OD,R88,REMASEP_OD :: SECCION B: ACTIVIDADES DE ATENCION EN ESPECIALIDADES ODONTOLOGICAS. :: REHABILITACION MEDIANTE PROTESIS REMOVIBLE METALICA PARCIAL :: SEGUN GRUPOS DE EDAD O DE RIESGO :: 7 ANOS :: MUJERES,INTEGER_COUNT,stf:dc624775927d4d4d,writable_target_mapping_2026,EXACT_SEMANTIC_MATCH
wi:1fb330f6b039c0127de4,LEGACY::REMASEP_OD::W70,REMASEP_OD :: SECCION B: ACTIVIDADES DE ATENCION EN ESPECIALIDADES ODONTOLOGICAS. :: INSTALACION PROTESIS TOTAL ACRILICA SUP O INF :: REHABILITACION MEDIANTE PROTESIS REMOVIBLE ACRILICA PARCIAL O TOTAL :: SEGUN GRUPOS DE EDAD O DE RIESGO :: 10-14 ANOS :: MUJERES,REMASEP_OD,V87,REMASEP_OD :: SECCION B: ACTIVIDADES DE ATENCION EN ESPECIALIDADES ODONTOLOGICAS. :: REHABILITACION MEDIANTE PROTESIS REMOVIBLE ACRILICA PARCIAL O TOTAL :: SEGUN GRUPOS DE EDAD O DE RIESGO :: 10-14 ANOS :: MUJERES,INTEGER_COUNT,stf:dc624775927d4d4d,writable_target_mapping_2026,EXACT_SEMANTIC_MATCH
wi:1fdfc6fbc51556711ed8,LEGACY::REMASEP_OD::F40,REMASEP_OD :: SECCION B: ACTIVIDADES DE ATENCION EN ESPECIALIDADES ODONTOLOGICAS. :: EVALUACION ODON ESP :: EXAMEN Y DIAGNOSTICO DE ESPECIALIDAD :: SEGUN GRUPOS DE EDAD O DE RIESGO :: MENOS DE 1 ANO - 1 ANO :: HOMBRES,REMASEP_OD,E57,REMASEP_OD :: SECCION B: ACTIVIDADES DE ATENCION EN ESPECIALIDADES ODONTOLOGICAS. :: EXAMEN Y DIAGNOSTICO DE ESPECIALIDAD :: SEGUN GRUPOS DE EDAD O DE RIESGO :: MENOS DE 1 ANO - 1 ANO :: HOMBRES,INTEGER_COUNT,stf:dc624775927d4d4d,writable_target_mapping_2026,EXACT_SEMANTIC_MATCH
wi:1fe5285161ed2d51173f,LEGACY::REMASEP_01::AE86,REMASEP 01 :: SECCION C: ATENCIONES Y CONSULTAS POR OTROS PROFESIONALES NO MEDICOS :: NUTRICIONISTA :: NUTRICIONISTA :: CONSULTA NUTRICIONAL :: POR EDAD (EN ANOS) :: 60 - 64 ANOS :: HOMBRES,REMASEP 01,AD115,REMASEP 01 :: SECCION C: ATENCIONES Y CONSULTAS POR OTROS PROFESIONALES NO MEDICOS :: NUTRICIONISTA :: CONSULTA NUTRICIONAL :: POR EDAD (EN ANOS) :: 60 - 64 ANOS :: HOMBRES,INTEGER_COUNT,stf:dc624775927d4d4d,writable_target_mapping_2026,EXACT_SEMANTIC_MATCH
wi:1ff9044644f5c1584f42,LEGACY::REMASEP_OD::AI40,REMASEP_OD :: SECCION B: ACTIVIDADES DE ATENCION EN ESPECIALIDADES ODONTOLOGICAS. :: EVALUACION ODON ESP :: EXAMEN Y DIAGNOSTICO DE ESPECIALIDAD :: SEGUN GRUPOS DE EDAD O DE RIESGO :: 60-64 ANOS :: MUJERES,REMASEP_OD,AH57,REMASEP_OD :: SECCION B: ACTIVIDADES DE ATENCION EN ESPECIALIDADES ODONTOLOGICAS. :: EXAMEN Y DIAGNOSTICO DE ESPECIALIDAD :: SEGUN GRUPOS DE EDAD O DE RIESGO :: 60-64 ANOS :: MUJERES,INTEGER_COUNT,stf:dc624775927d4d4d,writable_target_mapping_2026,EXACT_SEMANTIC_MATCH
wi:20100b468547a7903ef5,LEGACY::REMASEP_OD::G14,REMASEP_OD :: SECCION A: CONSULTAS Y CONTROLES ODONTOLOGICOS REALIZADOS :: A.3. ACCIONES GENERALES DE PREVENCION E HIGIENE :: 50010112 - INSTRUCCION DE HIGIENE ORAL :: INSTRUCCION Y CONTROL DE HIGIENE ORAL EN NINOS Y ADULTOS :: SEGUN GRUPOS DE EDAD O DE RIESGO :: MENOS DE 1 ANO - 1 ANO :: MUJERES,REMASEP_OD,F31,REMASEP_OD :: SECCION A: CONSULTAS Y CONTROLES ODONTOLOGICOS REALIZADOS :: A.3. ACCIONES GENERALES DE PREVENCION E HIGIENE :: INSTRUCCION Y CONTROL DE HIGIENE ORAL EN NINOS Y ADULTOS :: SEGUN GRUPOS DE EDAD O DE RIESGO :: MENOS DE 1 ANO - 1 ANO :: MUJERES,INTEGER_COUNT,stf:dc624775927d4d4d,writable_target_mapping_2026,EXACT_SEMANTIC_MATCH
wi:2037f6e9fa78ddf224be,LEGACY::REMASEP_OD::Q51,REMASEP_OD :: SECCION B: ACTIVIDADES DE ATENCION EN ESPECIALIDADES ODONTOLOGICAS. :: 5004018 - RETIRO APARATO FIJO-LIMPIEZA-IMPRESION :: RETIRO APARATOLOGIA DE ORTODONCIA :: SEGUN GRUPOS DE EDAD O DE RIESGO :: 6 ANOS :: MUJERES,REMASEP_OD,P68,REMASEP_OD :: SECCION B: ACTIVIDADES DE ATENCION EN ESPECIALIDADES ODONTOLOGICAS. :: RETIRO APARATOLOGIA DE ORTODONCIA :: SEGUN GRUPOS DE EDAD O DE RIESGO :: 6 ANOS :: MUJERES,INTEGER_COUNT,stf:dc624775927d4d4d,writable_target_mapping_2026,EXACT_SEMANTIC_MATCH
wi:20ad288ce4a08af157df,LEGACY::REMASEP_OD::S14,REMASEP_OD :: SECCION A: CONSULTAS Y CONTROLES ODONTOLOGICOS REALIZADOS :: A.3. ACCIONES GENERALES DE PREVENCION E HIGIENE :: 50010112 - INSTRUCCION DE HIGIENE ORAL :: INSTRUCCION Y CONTROL DE HIGIENE ORAL EN NINOS Y ADULTOS :: SEGUN GRUPOS DE EDAD O DE RIESGO :: 7 ANOS :: MUJERES,REMASEP_OD,R31,REMASEP_OD :: SECCION A: CONSULTAS Y CONTROLES ODONTOLOGICOS REALIZADOS :: A.3. ACCIONES GENERALES DE PREVENCION E HIGIENE :: INSTRUCCION Y CONTROL DE HIGIENE ORAL EN NINOS Y ADULTOS :: SEGUN GRUPOS DE EDAD O DE RIESGO :: 7 ANOS :: MUJERES,INTEGER_COUNT,stf:dc624775927d4d4d,writable_target_mapping_2026,EXACT_SEMANTIC_MATCH
wi:20fff832463aa90c43f7,LEGACY::REMASEP_01::AA89,REMASEP 01 :: SECCION C: ATENCIONES Y CONSULTAS POR OTROS PROFESIONALES NO MEDICOS :: FONO :: FONOAUDIOLOGO/A :: CONSULTAS FONOAUDIOLOGO/A :: POR EDAD (EN ANOS) :: 50 - 54 ANOS :: HOMBRES,REMASEP 01,Z118,REMASEP 01 :: SECCION C: ATENCIONES Y CONSULTAS POR OTROS PROFESIONALES NO MEDICOS :: FONOAUDIOLOGO/A :: CONSULTAS FONOAUDIOLOGO/A :: POR EDAD (EN ANOS) :: 50 - 54 ANOS :: HOMBRES,INTEGER_COUNT,stf:dc624775927d4d4d,writable_target_mapping_2026,EXACT_SEMANTIC_MATCH
wi:218ca20ed99f070113c1,LEGACY::REMASEP_OD::AD47,REMASEP_OD :: SECCION B: ACTIVIDADES DE ATENCION EN ESPECIALIDADES ODONTOLOGICAS. :: 5005008 - CEMENTACION CARILLA RESINA INDIRECTA :: OBTURACION INDIRECTA (INLAYS U ONLAYS) :: SEGUN GRUPOS DE EDAD O DE RIESGO :: 35-44 ANOS :: HOMBRES,REMASEP_OD,AC64,REMASEP_OD :: SECCION B: ACTIVIDADES DE ATENCION EN ESPECIALIDADES ODONTOLOGICAS. :: OBTURACION INDIRECTA (INLAYS U ONLAYS) :: SEGUN GRUPOS DE EDAD O DE RIESGO :: 35-44 ANOS :: HOMBRES,INTEGER_COUNT,stf:dc624775927d4d4d,writable_target_mapping_2026,EXACT_SEMANTIC_MATCH
wi:21fba3935e50659e95aa,LEGACY::REMASEP_OD::H48,REMASEP_OD :: SECCION B: ACTIVIDADES DE ATENCION EN ESPECIALIDADES ODONTOLOGICAS. :: INSTALACION APARATO REMOVIBLE :: INSTALACION APARATO REMOVIBLE ORTODONCICO :: SEGUN GRUPOS DE EDAD O DE RIESGO :: 2 ANOS :: HOMBRES,REMASEP_OD,G65,REMASEP_OD :: SECCION B: ACTIVIDADES DE ATENCION EN ESPECIALIDADES ODONTOLOGICAS. :: INSTALACION APARATO REMOVIBLE ORTODONCICO :: SEGUN GRUPOS DE EDAD O DE RIESGO :: 2 ANOS :: HOMBRES,INTEGER_COUNT,stf:dc624775927d4d4d,writable_target_mapping_2026,EXACT_SEMANTIC_MATCH
wi:221c5a810e5f6045c775,LEGACY::REMASEP_OD::O70,REMASEP_OD :: SECCION B: ACTIVIDADES DE ATENCION EN ESPECIALIDADES ODONTOLOGICAS. :: INSTALACION PROTESIS TOTAL ACRILICA SUP O INF :: REHABILITACION MEDIANTE PROTESIS REMOVIBLE ACRILICA PARCIAL O TOTAL :: SEGUN GRUPOS DE EDAD O DE RIESGO :: 5 ANOS :: MUJERES,REMASEP_OD,N87,REMASEP_OD :: SECCION B: ACTIVIDADES DE ATENCION EN ESPECIALIDADES ODONTOLOGICAS. :: REHABILITACION MEDIANTE PROTESIS REMOVIBLE ACRILICA PARCIAL O TOTAL :: SEGUN GRUPOS DE EDAD O DE RIESGO :: 5 ANOS :: MUJERES,INTEGER_COUNT,stf:dc624775927d4d4d,writable_target_mapping_2026,EXACT_SEMANTIC_MATCH
wi:2243ca5e7f876da363f0,LEGACY::REMASEP_OD::Y9,REMASEP_OD :: SECCION A: CONSULTAS Y CONTROLES ODONTOLOGICOS REALIZADOS :: A.1. CONSULTAS Y ALTAS :: CONTROL ODONTOLOGIA GENERAL :: CONTROLES ODONTOLOGICOS GENERALES :: SEGUN GRUPOS DE EDAD O DE RIESGO :: 15-19 ANOS :: MUJERES,REMASEP_OD,X18,REMASEP_OD :: SECCION A: CONSULTAS Y CONTROLES ODONTOLOGICOS REALIZADOS :: A.1. CONSULTAS Y ALTAS :: CONTROLES ODONTOLOGICOS GENERALES :: SEGUN GRUPOS DE EDAD O DE RIESGO :: 15-19 ANOS :: MUJERES,INTEGER_COUNT,stf:dc624775927d4d4d,writable_target_mapping_2026,EXACT_SEMANTIC_MATCH
wi:226fbb5ce803fc2ad19c,LEGACY::B2_ANEXO::D12,B2 ANEXO :: A.- ATENCION PSICOLOGO :: 0902002 :: PSICOTERAPIA INDIVIDUAL,B2 ANEXO,C954,B2 ANEXO :: A.- ATENCION PSICOLOGO :: 0902002 :: PSICOTERAPIA INDIVIDUAL :: II.- PSICOLOGIA CLINICA,INTEGER_COUNT,stf:dc624775927d4d4d,writable_target_mapping_2026,EXACT_SEMANTIC_MATCH
wi:226ff1ba67f8d73b3a56,LEGACY::REMASEP_01::AK89,REMASEP 01 :: SECCION C: ATENCIONES Y CONSULTAS POR OTROS PROFESIONALES NO MEDICOS :: FONO :: FONOAUDIOLOGO/A :: CONSULTAS FONOAUDIOLOGO/A :: POR EDAD (EN ANOS) :: 75 - 79 ANOS :: HOMBRES,REMASEP 01,AJ118,REMASEP 01 :: SECCION C: ATENCIONES Y CONSULTAS POR OTROS PROFESIONALES NO MEDICOS :: FONOAUDIOLOGO/A :: CONSULTAS FONOAUDIOLOGO/A :: POR EDAD (EN ANOS) :: 75 - 79 ANOS :: HOMBRES,INTEGER_COUNT,stf:dc624775927d4d4d,writable_target_mapping_2026,EXACT_SEMANTIC_MATCH
wi:22a0272e062342c8a910,LEGACY::REMASEP_OD::Y74,REMASEP_OD :: SECCION B: ACTIVIDADES DE ATENCION EN ESPECIALIDADES ODONTOLOGICAS. :: NO SE REALIZA EN FG :: REHABILITACION MEDIANTE PROTESIS MUCO-IMPLANTOASISTIDA :: SEGUN GRUPOS DE EDAD O DE RIESGO :: 15-19 ANOS :: MUJERES,REMASEP_OD,X91,REMASEP_OD :: SECCION B: ACTIVIDADES DE ATENCION EN ESPECIALIDADES ODONTOLOGICAS. :: REHABILITACION MEDIANTE PROTESIS MUCO-IMPLANTOASISTIDA :: SEGUN GRUPOS DE EDAD O DE RIESGO :: 15-19 ANOS :: MUJERES,INTEGER_COUNT,stf:dc624775927d4d4d,writable_target_mapping_2026,EXACT_SEMANTIC_MATCH
wi:22b92113e28d97c30fa0,LEGACY::REMASEP_OD::AI62,"REMASEP_OD :: SECCION B: ACTIVIDADES DE ATENCION EN ESPECIALIDADES ODONTOLOGICAS. :: COMPOSITE :: PROCEDIMIENTO RESTAURADOR EN ODONTOPEDIATRIA (TODOS LOS TIPOS: RESINA, TEMPORALES Y AMALGAMAS) :: SEGUN GRUPOS DE EDAD O DE RIESGO :: 60-64 ANOS :: MUJERES",REMASEP_OD,AH79,"REMASEP_OD :: SECCION B: ACTIVIDADES DE ATENCION EN ESPECIALIDADES ODONTOLOGICAS. :: PROCEDIMIENTO RESTAURADOR EN ODONTOPEDIATRIA (TODOS LOS TIPOS: RESINA, TEMPORALES Y AMALGAMAS) :: SEGUN GRUPOS DE EDAD O DE RIESGO :: 60-64 ANOS :: MUJERES",INTEGER_COUNT,stf:dc624775927d4d4d,writable_target_mapping_2026,EXACT_SEMANTIC_MATCH
wi:22bbd02561279a61a357,LEGACY::REMASEP_OD::O63,REMASEP_OD :: SECCION B: ACTIVIDADES DE ATENCION EN ESPECIALIDADES ODONTOLOGICAS. :: 5010023 - PULPECTOMIA / 5010003 - PULPOTOMIA :: PROCEDIMIENTO PULPAR EN ODONTOPEDIATRIA (PULPOTOMIA Y PULPECTOMIA) :: SEGUN GRUPOS DE EDAD O DE RIESGO :: 5 ANOS :: MUJERES,REMASEP_OD,N80,REMASEP_OD :: SECCION B: ACTIVIDADES DE ATENCION EN ESPECIALIDADES ODONTOLOGICAS. :: PROCEDIMIENTO PULPAR EN ODONTOPEDIATRIA (PULPOTOMIA Y PULPECTOMIA) :: SEGUN GRUPOS DE EDAD O DE RIESGO :: 5 ANOS :: MUJERES,INTEGER_COUNT,stf:dc624775927d4d4d,writable_target_mapping_2026,EXACT_SEMANTIC_MATCH
wi:22df536244bc1c9fa7d4,LEGACY::REMASEP_OD::K63,REMASEP_OD :: SECCION B: ACTIVIDADES DE ATENCION EN ESPECIALIDADES ODONTOLOGICAS. :: 5010023 - PULPECTOMIA / 5010003 - PULPOTOMIA :: PROCEDIMIENTO PULPAR EN ODONTOPEDIATRIA (PULPOTOMIA Y PULPECTOMIA) :: SEGUN GRUPOS DE EDAD O DE RIESGO :: 3 ANOS :: MUJERES,REMASEP_OD,J80,REMASEP_OD :: SECCION B: ACTIVIDADES DE ATENCION EN ESPECIALIDADES ODONTOLOGICAS. :: PROCEDIMIENTO PULPAR EN ODONTOPEDIATRIA (PULPOTOMIA Y PULPECTOMIA) :: SEGUN GRUPOS DE EDAD O DE RIESGO :: 3 ANOS :: MUJERES,INTEGER_COUNT,stf:dc624775927d4d4d,writable_target_mapping_2026,EXACT_SEMANTIC_MATCH
wi:231afd5afddc4a5aabb3,LEGACY::REMASEP_OD::X49,REMASEP_OD :: SECCION B: ACTIVIDADES DE ATENCION EN ESPECIALIDADES ODONTOLOGICAS. :: 5004001 - INSTALACION APARATO FIJO SUP O INF :: INSTALACION APARATO FIJO ORTODONCICO :: SEGUN GRUPOS DE EDAD O DE RIESGO :: 15-19 ANOS :: HOMBRES,REMASEP_OD,W66,REMASEP_OD :: SECCION B: ACTIVIDADES DE ATENCION EN ESPECIALIDADES ODONTOLOGICAS. :: INSTALACION APARATO FIJO ORTODONCICO :: SEGUN GRUPOS DE EDAD O DE RIESGO :: 15-19 ANOS :: HOMBRES,INTEGER_COUNT,stf:dc624775927d4d4d,writable_target_mapping_2026,EXACT_SEMANTIC_MATCH
wi:231f14ac570f384e2f89,LEGACY::REMASEP_01::K86,REMASEP 01 :: SECCION C: ATENCIONES Y CONSULTAS POR OTROS PROFESIONALES NO MEDICOS :: NUTRICIONISTA :: NUTRICIONISTA :: CONSULTA NUTRICIONAL :: POR EDAD (EN ANOS) :: 10 - 14 ANOS :: HOMBRES,REMASEP 01,J115,REMASEP 01 :: SECCION C: ATENCIONES Y CONSULTAS POR OTROS PROFESIONALES NO MEDICOS :: NUTRICIONISTA :: CONSULTA NUTRICIONAL :: POR EDAD (EN ANOS) :: 10 - 14 ANOS :: HOMBRES,INTEGER_COUNT,stf:dc624775927d4d4d,writable_target_mapping_2026,EXACT_SEMANTIC_MATCH
wi:23375cef993e8e8a1ee9,LEGACY::REMASEP_OD::AC50,REMASEP_OD :: SECCION B: ACTIVIDADES DE ATENCION EN ESPECIALIDADES ODONTOLOGICAS. :: INSTALACION CONTENCION :: INSTALACION APARATO DE CONTENCION ORTODONCICO :: SEGUN GRUPOS DE EDAD O DE RIESGO :: 25-34 ANOS :: MUJERES,REMASEP_OD,AB67,REMASEP_OD :: SECCION B: ACTIVIDADES DE ATENCION EN ESPECIALIDADES ODONTOLOGICAS. :: INSTALACION APARATO DE CONTENCION ORTODONCICO :: SEGUN GRUPOS DE EDAD O DE RIESGO :: 25-34 ANOS :: MUJERES,INTEGER_COUNT,stf:dc624775927d4d4d,writable_target_mapping_2026,EXACT_SEMANTIC_MATCH
wi:234ca66ea7a42d218408,LEGACY::REMASEP_01::N89,REMASEP 01 :: SECCION C: ATENCIONES Y CONSULTAS POR OTROS PROFESIONALES NO MEDICOS :: FONO :: FONOAUDIOLOGO/A :: CONSULTAS FONOAUDIOLOGO/A :: POR EDAD (EN ANOS) :: 15 - 19 ANOS :: MUJERES,REMASEP 01,M118,REMASEP 01 :: SECCION C: ATENCIONES Y CONSULTAS POR OTROS PROFESIONALES NO MEDICOS :: FONOAUDIOLOGO/A :: CONSULTAS FONOAUDIOLOGO/A :: POR EDAD (EN ANOS) :: 15 - 19 ANOS :: MUJERES,INTEGER_COUNT,stf:dc624775927d4d4d,writable_target_mapping_2026,EXACT_SEMANTIC_MATCH
wi:23561c3d5d6a0d40fbf5,LEGACY::REMASEP_01::AJ86,REMASEP 01 :: SECCION C: ATENCIONES Y CONSULTAS POR OTROS PROFESIONALES NO MEDICOS :: NUTRICIONISTA :: NUTRICIONISTA :: CONSULTA NUTRICIONAL :: POR EDAD (EN ANOS) :: 70 - 74 ANOS :: MUJERES,REMASEP 01,AI115,REMASEP 01 :: SECCION C: ATENCIONES Y CONSULTAS POR OTROS PROFESIONALES NO MEDICOS :: NUTRICIONISTA :: CONSULTA NUTRICIONAL :: POR EDAD (EN ANOS) :: 70 - 74 ANOS :: MUJERES,INTEGER_COUNT,stf:dc624775927d4d4d,writable_target_mapping_2026,EXACT_SEMANTIC_MATCH
wi:23681a7bc3b273ec2f2e,LEGACY::REMASEP_OD::AG90,REMASEP_OD :: SECCION B: ACTIVIDADES DE ATENCION EN ESPECIALIDADES ODONTOLOGICAS. :: INSTALACIONES ORTOPEDIA :: INSTALACION DE DISPOSITIVO ORTOPEDICO :: SEGUN GRUPOS DE EDAD O DE RIESGO :: 45-59 ANOS :: MUJERES,REMASEP_OD,AF107,REMASEP_OD :: SECCION B: ACTIVIDADES DE ATENCION EN ESPECIALIDADES ODONTOLOGICAS. :: INSTALACION DE DISPOSITIVO ORTOPEDICO :: SEGUN GRUPOS DE EDAD O DE RIESGO :: 45-59 ANOS :: MUJERES,INTEGER_COUNT,stf:dc624775927d4d4d,writable_target_mapping_2026,EXACT_SEMANTIC_MATCH
wi:236fb0093d6a437854c5,LEGACY::REMASEP_OD::R51,REMASEP_OD :: SECCION B: ACTIVIDADES DE ATENCION EN ESPECIALIDADES ODONTOLOGICAS. :: 5004018 - RETIRO APARATO FIJO-LIMPIEZA-IMPRESION :: RETIRO APARATOLOGIA DE ORTODONCIA :: SEGUN GRUPOS DE EDAD O DE RIESGO :: 7 ANOS :: HOMBRES,REMASEP_OD,Q68,REMASEP_OD :: SECCION B: ACTIVIDADES DE ATENCION EN ESPECIALIDADES ODONTOLOGICAS. :: RETIRO APARATOLOGIA DE ORTODONCIA :: SEGUN GRUPOS DE EDAD O DE RIESGO :: 7 ANOS :: HOMBRES,INTEGER_COUNT,stf:dc624775927d4d4d,writable_target_mapping_2026,EXACT_SEMANTIC_MATCH
wi:237134321f81e90ea218,LEGACY::REMASEP_OD::AB89,REMASEP_OD :: SECCION B: ACTIVIDADES DE ATENCION EN ESPECIALIDADES ODONTOLOGICAS. :: 5009002 - DESGASTE SELECTIVO :: DESGASTE SELECTIVO :: SEGUN GRUPOS DE EDAD O DE RIESGO :: 25-34 ANOS :: HOMBRES,REMASEP_OD,AA106,REMASEP_OD :: SECCION B: ACTIVIDADES DE ATENCION EN ESPECIALIDADES ODONTOLOGICAS. :: DESGASTE SELECTIVO :: SEGUN GRUPOS DE EDAD O DE RIESGO :: 25-34 ANOS :: HOMBRES,INTEGER_COUNT,stf:dc624775927d4d4d,writable_target_mapping_2026,EXACT_SEMANTIC_MATCH
wi:23d0e56dd869df76d3c8,LEGACY::REMASEP_OD::M48,REMASEP_OD :: SECCION B: ACTIVIDADES DE ATENCION EN ESPECIALIDADES ODONTOLOGICAS. :: INSTALACION APARATO REMOVIBLE :: INSTALACION APARATO REMOVIBLE ORTODONCICO :: SEGUN GRUPOS DE EDAD O DE RIESGO :: 4 ANOS :: MUJERES,REMASEP_OD,L65,REMASEP_OD :: SECCION B: ACTIVIDADES DE ATENCION EN ESPECIALIDADES ODONTOLOGICAS. :: INSTALACION APARATO REMOVIBLE ORTODONCICO :: SEGUN GRUPOS DE EDAD O DE RIESGO :: 4 ANOS :: MUJERES,INTEGER_COUNT,stf:dc624775927d4d4d,writable_target_mapping_2026,EXACT_SEMANTIC_MATCH
wi:2438ecd2c52dc641236c,LEGACY::REMASEP_01::AF87,REMASEP 01 :: SECCION C: ATENCIONES Y CONSULTAS POR OTROS PROFESIONALES NO MEDICOS :: PSICO :: PSICOLOGO/A :: CONSULTA PSICOLOGICA :: POR EDAD (EN ANOS) :: 60 - 64 ANOS :: MUJERES,REMASEP 01,AE116,REMASEP 01 :: SECCION C: ATENCIONES Y CONSULTAS POR OTROS PROFESIONALES NO MEDICOS :: PSICOLOGO/A :: CONSULTA PSICOLOGICA :: POR EDAD (EN ANOS) :: 60 - 64 ANOS :: MUJERES,INTEGER_COUNT,stf:dc624775927d4d4d,writable_target_mapping_2026,EXACT_SEMANTIC_MATCH
wi:24e2cef96ff353a2db32,LEGACY::REMASEP_OD::AB70,REMASEP_OD :: SECCION B: ACTIVIDADES DE ATENCION EN ESPECIALIDADES ODONTOLOGICAS. :: INSTALACION PROTESIS TOTAL ACRILICA SUP O INF :: REHABILITACION MEDIANTE PROTESIS REMOVIBLE ACRILICA PARCIAL O TOTAL :: SEGUN GRUPOS DE EDAD O DE RIESGO :: 25-34 ANOS :: HOMBRES,REMASEP_OD,AA87,REMASEP_OD :: SECCION B: ACTIVIDADES DE ATENCION EN ESPECIALIDADES ODONTOLOGICAS. :: REHABILITACION MEDIANTE PROTESIS REMOVIBLE ACRILICA PARCIAL O TOTAL :: SEGUN GRUPOS DE EDAD O DE RIESGO :: 25-34 ANOS :: HOMBRES,INTEGER_COUNT,stf:dc624775927d4d4d,writable_target_mapping_2026,EXACT_SEMANTIC_MATCH
wi:24ee63dc1aa60085963d,LEGACY::REMASEP_OD::T65,REMASEP_OD :: SECCION B: ACTIVIDADES DE ATENCION EN ESPECIALIDADES ODONTOLOGICAS. :: DESTARTRAJE :: DESTARTRAJE SUB GINGIVAL :: SEGUN GRUPOS DE EDAD O DE RIESGO :: 8-9 ANOS :: HOMBRES,REMASEP_OD,S82,REMASEP_OD :: SECCION B: ACTIVIDADES DE ATENCION EN ESPECIALIDADES ODONTOLOGICAS. :: DESTARTRAJE SUB GINGIVAL :: SEGUN GRUPOS DE EDAD O DE RIESGO :: 8-9 ANOS :: HOMBRES,INTEGER_COUNT,stf:dc624775927d4d4d,writable_target_mapping_2026,EXACT_SEMANTIC_MATCH
wi:25c30998f452eb61df53,LEGACY::REMASEP_OD::K8,REMASEP_OD :: SECCION A: CONSULTAS Y CONTROLES ODONTOLOGICOS REALIZADOS :: A.1. CONSULTAS Y ALTAS :: EVALUACION ODONTOLOGIA GENERAL :: PRIMERAS CONSULTAS (ANO) DE ODONTOLOGIA ESPECIALIDADES :: SEGUN GRUPOS DE EDAD O DE RIESGO :: 3 ANOS :: MUJERES,REMASEP_OD,J17,REMASEP_OD :: SECCION A: CONSULTAS Y CONTROLES ODONTOLOGICOS REALIZADOS :: A.1. CONSULTAS Y ALTAS :: PRIMERAS CONSULTAS (ANO) DE ODONTOLOGIA ESPECIALIDADES :: SEGUN GRUPOS DE EDAD O DE RIESGO :: 3 ANOS :: MUJERES,INTEGER_COUNT,stf:dc624775927d4d4d,writable_target_mapping_2026,EXACT_SEMANTIC_MATCH
wi:25c4f3e09ccf8798a58f,LEGACY::REMASEP_OD::AL73,REMASEP_OD :: SECCION B: ACTIVIDADES DE ATENCION EN ESPECIALIDADES ODONTOLOGICAS. :: INSTALACION CORONA DEFINITIVA SOBRE IMPLANTE :: REHABILITACION MEDIANTE PROTESIS FIJA IMPLANTOASISTIDA (UNITARIA Y PLURAL) :: SEGUN GRUPOS DE EDAD O DE RIESGO :: 75 Y MAS ANOS :: HOMBRES,REMASEP_OD,AK90,REMASEP_OD :: SECCION B: ACTIVIDADES DE ATENCION EN ESPECIALIDADES ODONTOLOGICAS. :: REHABILITACION MEDIANTE PROTESIS FIJA IMPLANTOASISTIDA (UNITARIA Y PLURAL) :: SEGUN GRUPOS DE EDAD O DE RIESGO :: 75 Y MAS ANOS :: HOMBRES,INTEGER_COUNT,stf:dc624775927d4d4d,writable_target_mapping_2026,EXACT_SEMANTIC_MATCH
wi:26f69ff37293bb0621d0,LEGACY::REMASEP_OD::X9,REMASEP_OD :: SECCION A: CONSULTAS Y CONTROLES ODONTOLOGICOS REALIZADOS :: A.1. CONSULTAS Y ALTAS :: CONTROL ODONTOLOGIA GENERAL :: CONTROLES ODONTOLOGICOS GENERALES :: SEGUN GRUPOS DE EDAD O DE RIESGO :: 15-19 ANOS :: HOMBRES,REMASEP_OD,W18,REMASEP_OD :: SECCION A: CONSULTAS Y CONTROLES ODONTOLOGICOS REALIZADOS :: A.1. CONSULTAS Y ALTAS :: CONTROLES ODONTOLOGICOS GENERALES :: SEGUN GRUPOS DE EDAD O DE RIESGO :: 15-19 ANOS :: HOMBRES,INTEGER_COUNT,stf:dc624775927d4d4d,writable_target_mapping_2026,EXACT_SEMANTIC_MATCH
wi:2751018ffb5feafe8603,LEGACY::REMASEP_OD::AL63,REMASEP_OD :: SECCION B: ACTIVIDADES DE ATENCION EN ESPECIALIDADES ODONTOLOGICAS. :: 5010023 - PULPECTOMIA / 5010003 - PULPOTOMIA :: PROCEDIMIENTO PULPAR EN ODONTOPEDIATRIA (PULPOTOMIA Y PULPECTOMIA) :: SEGUN GRUPOS DE EDAD O DE RIESGO :: 75 Y MAS ANOS :: HOMBRES,REMASEP_OD,AK80,REMASEP_OD :: SECCION B: ACTIVIDADES DE ATENCION EN ESPECIALIDADES ODONTOLOGICAS. :: PROCEDIMIENTO PULPAR EN ODONTOPEDIATRIA (PULPOTOMIA Y PULPECTOMIA) :: SEGUN GRUPOS DE EDAD O DE RIESGO :: 75 Y MAS ANOS :: HOMBRES,INTEGER_COUNT,stf:dc624775927d4d4d,writable_target_mapping_2026,EXACT_SEMANTIC_MATCH
wi:27603736c9f1ad6149a0,LEGACY::REMASEP_OD::U50,REMASEP_OD :: SECCION B: ACTIVIDADES DE ATENCION EN ESPECIALIDADES ODONTOLOGICAS. :: INSTALACION CONTENCION :: INSTALACION APARATO DE CONTENCION ORTODONCICO :: SEGUN GRUPOS DE EDAD O DE RIESGO :: 8-9 ANOS :: MUJERES,REMASEP_OD,T67,REMASEP_OD :: SECCION B: ACTIVIDADES DE ATENCION EN ESPECIALIDADES ODONTOLOGICAS. :: INSTALACION APARATO DE CONTENCION ORTODONCICO :: SEGUN GRUPOS DE EDAD O DE RIESGO :: 8-9 ANOS :: MUJERES,INTEGER_COUNT,stf:dc624775927d4d4d,writable_target_mapping_2026,EXACT_SEMANTIC_MATCH
wi:2774d5411d7f0fb6fb66,LEGACY::REMASEP_OD::T10,REMASEP_OD :: SECCION A: CONSULTAS Y CONTROLES ODONTOLOGICOS REALIZADOS :: A.1. CONSULTAS Y ALTAS :: CONTROL ODON ESP :: CONTROLES ODONTOLOGICO DE ESPECIALIDAD :: SEGUN GRUPOS DE EDAD O DE RIESGO :: 8-9 ANOS :: HOMBRES,REMASEP_OD,S19,REMASEP_OD :: SECCION A: CONSULTAS Y CONTROLES ODONTOLOGICOS REALIZADOS :: A.1. CONSULTAS Y ALTAS :: CONTROLES ODONTOLOGICO DE ESPECIALIDAD :: SEGUN GRUPOS DE EDAD O DE RIESGO :: 8-9 ANOS :: HOMBRES,INTEGER_COUNT,stf:dc624775927d4d4d,writable_target_mapping_2026,EXACT_SEMANTIC_MATCH
wi:2777b331e0939ee46803,LEGACY::REMASEP_OD::I74,REMASEP_OD :: SECCION B: ACTIVIDADES DE ATENCION EN ESPECIALIDADES ODONTOLOGICAS. :: NO SE REALIZA EN FG :: REHABILITACION MEDIANTE PROTESIS MUCO-IMPLANTOASISTIDA :: SEGUN GRUPOS DE EDAD O DE RIESGO :: 2 ANOS :: MUJERES,REMASEP_OD,H91,REMASEP_OD :: SECCION B: ACTIVIDADES DE ATENCION EN ESPECIALIDADES ODONTOLOGICAS. :: REHABILITACION MEDIANTE PROTESIS MUCO-IMPLANTOASISTIDA :: SEGUN GRUPOS DE EDAD O DE RIESGO :: 2 ANOS :: MUJERES,INTEGER_COUNT,stf:dc624775927d4d4d,writable_target_mapping_2026,EXACT_SEMANTIC_MATCH
wi:27847c452f0c8a59511b,LEGACY::REMASEP_OD::U16,REMASEP_OD :: SECCION A: CONSULTAS Y CONTROLES ODONTOLOGICOS REALIZADOS :: A.3. ACCIONES GENERALES DE PREVENCION E HIGIENE :: 5010011 - PROFILAXIS :: HIGIENE Y PROFILAXIS EN NINOS Y ADULTOS :: SEGUN GRUPOS DE EDAD O DE RIESGO :: 8-9 ANOS :: MUJERES,REMASEP_OD,T33,REMASEP_OD :: SECCION A: CONSULTAS Y CONTROLES ODONTOLOGICOS REALIZADOS :: A.3. ACCIONES GENERALES DE PREVENCION E HIGIENE :: HIGIENE Y PROFILAXIS EN NINOS Y ADULTOS :: SEGUN GRUPOS DE EDAD O DE RIESGO :: 8-9 ANOS :: MUJERES,INTEGER_COUNT,stf:dc624775927d4d4d,writable_target_mapping_2026,EXACT_SEMANTIC_MATCH
wi:27af07bd142808707f8d,LEGACY::REMASEP_OD::AM52,REMASEP_OD :: SECCION B: ACTIVIDADES DE ATENCION EN ESPECIALIDADES ODONTOLOGICAS. :: 5004020 - CONTROL ORTODONCIA QUIRURGICO :: ORTODONCIA PRE-QUIRURGICA :: SEGUN GRUPOS DE EDAD O DE RIESGO :: 75 Y MAS ANOS :: MUJERES,REMASEP_OD,AL69,REMASEP_OD :: SECCION B: ACTIVIDADES DE ATENCION EN ESPECIALIDADES ODONTOLOGICAS. :: ORTODONCIA PRE-QUIRURGICA :: SEGUN GRUPOS DE EDAD O DE RIESGO :: 75 Y MAS ANOS :: MUJERES,INTEGER_COUNT,stf:dc624775927d4d4d,writable_target_mapping_2026,EXACT_SEMANTIC_MATCH
wi:27cdbb4f034846d3b363,LEGACY::REMASEP_OD::AG74,REMASEP_OD :: SECCION B: ACTIVIDADES DE ATENCION EN ESPECIALIDADES ODONTOLOGICAS. :: NO SE REALIZA EN FG :: REHABILITACION MEDIANTE PROTESIS MUCO-IMPLANTOASISTIDA :: SEGUN GRUPOS DE EDAD O DE RIESGO :: 45-59 ANOS :: MUJERES,REMASEP_OD,AF91,REMASEP_OD :: SECCION B: ACTIVIDADES DE ATENCION EN ESPECIALIDADES ODONTOLOGICAS. :: REHABILITACION MEDIANTE PROTESIS MUCO-IMPLANTOASISTIDA :: SEGUN GRUPOS DE EDAD O DE RIESGO :: 45-59 ANOS :: MUJERES,INTEGER_COUNT,stf:dc624775927d4d4d,writable_target_mapping_2026,EXACT_SEMANTIC_MATCH
wi:280afd102582d8eadae5,LEGACY::REMASEP_01::J84,REMASEP 01 :: SECCION C: ATENCIONES Y CONSULTAS POR OTROS PROFESIONALES NO MEDICOS :: ENFERMER :: ENFERMERA/O :: ATENCION AL PACIENTE :: POR EDAD (EN ANOS) :: 5 - 9 ANOS :: MUJERES,REMASEP 01,I113,REMASEP 01 :: SECCION C: ATENCIONES Y CONSULTAS POR OTROS PROFESIONALES NO MEDICOS :: ENFERMERA/O :: ATENCION AL PACIENTE :: POR EDAD (EN ANOS) :: 5 - 9 ANOS :: MUJERES,INTEGER_COUNT,stf:dc624775927d4d4d,writable_target_mapping_2026,EXACT_SEMANTIC_MATCH
wi:281585cb0326356eac3a,LEGACY::REMASEP_01::M87,REMASEP 01 :: SECCION C: ATENCIONES Y CONSULTAS POR OTROS PROFESIONALES NO MEDICOS :: PSICO :: PSICOLOGO/A :: CONSULTA PSICOLOGICA :: POR EDAD (EN ANOS) :: 15 - 19 ANOS :: HOMBRES,REMASEP 01,L116,REMASEP 01 :: SECCION C: ATENCIONES Y CONSULTAS POR OTROS PROFESIONALES NO MEDICOS :: PSICOLOGO/A :: CONSULTA PSICOLOGICA :: POR EDAD (EN ANOS) :: 15 - 19 ANOS :: HOMBRES,INTEGER_COUNT,stf:dc624775927d4d4d,writable_target_mapping_2026,EXACT_SEMANTIC_MATCH
wi:284b809167efdfd90d57,LEGACY::REMASEP_OD::T71,REMASEP_OD :: SECCION B: ACTIVIDADES DE ATENCION EN ESPECIALIDADES ODONTOLOGICAS. :: INSTALACION PROTESIS PARCIAL METALICA SUP O INF :: REHABILITACION MEDIANTE PROTESIS REMOVIBLE METALICA PARCIAL :: SEGUN GRUPOS DE EDAD O DE RIESGO :: 8-9 ANOS :: HOMBRES,REMASEP_OD,S88,REMASEP_OD :: SECCION B: ACTIVIDADES DE ATENCION EN ESPECIALIDADES ODONTOLOGICAS. :: REHABILITACION MEDIANTE PROTESIS REMOVIBLE METALICA PARCIAL :: SEGUN GRUPOS DE EDAD O DE RIESGO :: 8-9 ANOS :: HOMBRES,INTEGER_COUNT,stf:dc624775927d4d4d,writable_target_mapping_2026,EXACT_SEMANTIC_MATCH
wi:2857a88ad47d625d4e05,LEGACY::REMASEP_OD::W8,REMASEP_OD :: SECCION A: CONSULTAS Y CONTROLES ODONTOLOGICOS REALIZADOS :: A.1. CONSULTAS Y ALTAS :: EVALUACION ODONTOLOGIA GENERAL :: PRIMERAS CONSULTAS (ANO) DE ODONTOLOGIA ESPECIALIDADES :: SEGUN GRUPOS DE EDAD O DE RIESGO :: 10-14 ANOS :: MUJERES,REMASEP_OD,V17,REMASEP_OD :: SECCION A: CONSULTAS Y CONTROLES ODONTOLOGICOS REALIZADOS :: A.1. CONSULTAS Y ALTAS :: PRIMERAS CONSULTAS (ANO) DE ODONTOLOGIA ESPECIALIDADES :: SEGUN GRUPOS DE EDAD O DE RIESGO :: 10-14 ANOS :: MUJERES,INTEGER_COUNT,stf:dc624775927d4d4d,writable_target_mapping_2026,EXACT_SEMANTIC_MATCH
wi:28d204023126ea222150,LEGACY::REMASEP_OD::V8,REMASEP_OD :: SECCION A: CONSULTAS Y CONTROLES ODONTOLOGICOS REALIZADOS :: A.1. CONSULTAS Y ALTAS :: EVALUACION ODONTOLOGIA GENERAL :: PRIMERAS CONSULTAS (ANO) DE ODONTOLOGIA ESPECIALIDADES :: SEGUN GRUPOS DE EDAD O DE RIESGO :: 10-14 ANOS :: HOMBRES,REMASEP_OD,U17,REMASEP_OD :: SECCION A: CONSULTAS Y CONTROLES ODONTOLOGICOS REALIZADOS :: A.1. CONSULTAS Y ALTAS :: PRIMERAS CONSULTAS (ANO) DE ODONTOLOGIA ESPECIALIDADES :: SEGUN GRUPOS DE EDAD O DE RIESGO :: 10-14 ANOS :: HOMBRES,INTEGER_COUNT,stf:dc624775927d4d4d,writable_target_mapping_2026,EXACT_SEMANTIC_MATCH
wi:28d6464fa71100185b99,LEGACY::REMASEP_01::V87,REMASEP 01 :: SECCION C: ATENCIONES Y CONSULTAS POR OTROS PROFESIONALES NO MEDICOS :: PSICO :: PSICOLOGO/A :: CONSULTA PSICOLOGICA :: POR EDAD (EN ANOS) :: 35 - 39 ANOS :: MUJERES,REMASEP 01,U116,REMASEP 01 :: SECCION C: ATENCIONES Y CONSULTAS POR OTROS PROFESIONALES NO MEDICOS :: PSICOLOGO/A :: CONSULTA PSICOLOGICA :: POR EDAD (EN ANOS) :: 35 - 39 ANOS :: MUJERES,INTEGER_COUNT,stf:dc624775927d4d4d,writable_target_mapping_2026,EXACT_SEMANTIC_MATCH
wi:293cc2135dd4dee171eb,LEGACY::REMASEP_OD::AL13,"REMASEP_OD :: SECCION A: CONSULTAS Y CONTROLES ODONTOLOGICOS REALIZADOS :: A.3. ACCIONES GENERALES DE PREVENCION E HIGIENE :: 5001005 - SELLANTES :: APLICACION DE SELLANTE EN PIEZA PERMANENTE, FOTOCURADO :: SEGUN GRUPOS DE EDAD O DE RIESGO :: 75 Y MAS ANOS :: HOMBRES",REMASEP_OD,AK30,"REMASEP_OD :: SECCION A: CONSULTAS Y CONTROLES ODONTOLOGICOS REALIZADOS :: A.3. ACCIONES GENERALES DE PREVENCION E HIGIENE :: APLICACION DE SELLANTE EN PIEZA PERMANENTE, FOTOCURADO :: SEGUN GRUPOS DE EDAD O DE RIESGO :: 75 Y MAS ANOS :: HOMBRES",INTEGER_COUNT,stf:dc624775927d4d4d,writable_target_mapping_2026,EXACT_SEMANTIC_MATCH
wi:298ddf7aca8f335ee984,LEGACY::REMASEP_OD::Y51,REMASEP_OD :: SECCION B: ACTIVIDADES DE ATENCION EN ESPECIALIDADES ODONTOLOGICAS. :: 5004018 - RETIRO APARATO FIJO-LIMPIEZA-IMPRESION :: RETIRO APARATOLOGIA DE ORTODONCIA :: SEGUN GRUPOS DE EDAD O DE RIESGO :: 15-19 ANOS :: MUJERES,REMASEP_OD,X68,REMASEP_OD :: SECCION B: ACTIVIDADES DE ATENCION EN ESPECIALIDADES ODONTOLOGICAS. :: RETIRO APARATOLOGIA DE ORTODONCIA :: SEGUN GRUPOS DE EDAD O DE RIESGO :: 15-19 ANOS :: MUJERES,INTEGER_COUNT,stf:dc624775927d4d4d,writable_target_mapping_2026,EXACT_SEMANTIC_MATCH
wi:29b68982efcf9a680967,LEGACY::REMASEP_OD::AF9,REMASEP_OD :: SECCION A: CONSULTAS Y CONTROLES ODONTOLOGICOS REALIZADOS :: A.1. CONSULTAS Y ALTAS :: CONTROL ODONTOLOGIA GENERAL :: CONTROLES ODONTOLOGICOS GENERALES :: SEGUN GRUPOS DE EDAD O DE RIESGO :: 45-59 ANOS :: HOMBRES,REMASEP_OD,AE18,REMASEP_OD :: SECCION A: CONSULTAS Y CONTROLES ODONTOLOGICOS REALIZADOS :: A.1. CONSULTAS Y ALTAS :: CONTROLES ODONTOLOGICOS GENERALES :: SEGUN GRUPOS DE EDAD O DE RIESGO :: 45-59 ANOS :: HOMBRES,INTEGER_COUNT,stf:dc624775927d4d4d,writable_target_mapping_2026,EXACT_SEMANTIC_MATCH
wi:2a163c4d1476e4f76be3,LEGACY::REMASEP_OD::V53,REMASEP_OD :: SECCION B: ACTIVIDADES DE ATENCION EN ESPECIALIDADES ODONTOLOGICAS. :: CONTROLES ORTOPED. PREQ :: ORTOPEDIA PRE-QUIRURGICA :: SEGUN GRUPOS DE EDAD O DE RIESGO :: 10-14 ANOS :: HOMBRES,REMASEP_OD,U70,REMASEP_OD :: SECCION B: ACTIVIDADES DE ATENCION EN ESPECIALIDADES ODONTOLOGICAS. :: ORTOPEDIA PRE-QUIRURGICA :: SEGUN GRUPOS DE EDAD O DE RIESGO :: 10-14 ANOS :: HOMBRES,INTEGER_COUNT,stf:dc624775927d4d4d,writable_target_mapping_2026,EXACT_SEMANTIC_MATCH
wi:2a9ceeee6a2d607f37b5,LEGACY::REMASEP_OD::V10,REMASEP_OD :: SECCION A: CONSULTAS Y CONTROLES ODONTOLOGICOS REALIZADOS :: A.1. CONSULTAS Y ALTAS :: CONTROL ODON ESP :: CONTROLES ODONTOLOGICO DE ESPECIALIDAD :: SEGUN GRUPOS DE EDAD O DE RIESGO :: 10-14 ANOS :: HOMBRES,REMASEP_OD,U19,REMASEP_OD :: SECCION A: CONSULTAS Y CONTROLES ODONTOLOGICOS REALIZADOS :: A.1. CONSULTAS Y ALTAS :: CONTROLES ODONTOLOGICO DE ESPECIALIDAD :: SEGUN GRUPOS DE EDAD O DE RIESGO :: 10-14 ANOS :: HOMBRES,INTEGER_COUNT,stf:dc624775927d4d4d,writable_target_mapping_2026,EXACT_SEMANTIC_MATCH
wi:2ae14d61a6d9021b06a6,LEGACY::REMASEP_OD::AG73,REMASEP_OD :: SECCION B: ACTIVIDADES DE ATENCION EN ESPECIALIDADES ODONTOLOGICAS. :: INSTALACION CORONA DEFINITIVA SOBRE IMPLANTE :: REHABILITACION MEDIANTE PROTESIS FIJA IMPLANTOASISTIDA (UNITARIA Y PLURAL) :: SEGUN GRUPOS DE EDAD O DE RIESGO :: 45-59 ANOS :: MUJERES,REMASEP_OD,AF90,REMASEP_OD :: SECCION B: ACTIVIDADES DE ATENCION EN ESPECIALIDADES ODONTOLOGICAS. :: REHABILITACION MEDIANTE PROTESIS FIJA IMPLANTOASISTIDA (UNITARIA Y PLURAL) :: SEGUN GRUPOS DE EDAD O DE RIESGO :: 45-59 ANOS :: MUJERES,INTEGER_COUNT,stf:dc624775927d4d4d,writable_target_mapping_2026,EXACT_SEMANTIC_MATCH
wi:2ae442eeabe35a9fc580,LEGACY::REMASEP_OD::AL74,REMASEP_OD :: SECCION B: ACTIVIDADES DE ATENCION EN ESPECIALIDADES ODONTOLOGICAS. :: NO SE REALIZA EN FG :: REHABILITACION MEDIANTE PROTESIS MUCO-IMPLANTOASISTIDA :: SEGUN GRUPOS DE EDAD O DE RIESGO :: 75 Y MAS ANOS :: HOMBRES,REMASEP_OD,AK91,REMASEP_OD :: SECCION B: ACTIVIDADES DE ATENCION EN ESPECIALIDADES ODONTOLOGICAS. :: REHABILITACION MEDIANTE PROTESIS MUCO-IMPLANTOASISTIDA :: SEGUN GRUPOS DE EDAD O DE RIESGO :: 75 Y MAS ANOS :: HOMBRES,INTEGER_COUNT,stf:dc624775927d4d4d,writable_target_mapping_2026,EXACT_SEMANTIC_MATCH
wi:2afbeaa4f52c2a8f1abe,LEGACY::REMASEP_OD::AK17,REMASEP_OD :: SECCION A: CONSULTAS Y CONTROLES ODONTOLOGICOS REALIZADOS :: A.3. ACCIONES GENERALES DE PREVENCION E HIGIENE :: 5001016 - FLUOR :: FLUORACION TOPICA DE BARNIZ :: SEGUN GRUPOS DE EDAD O DE RIESGO :: 65-74 ANOS :: MUJERES,REMASEP_OD,AJ34,REMASEP_OD :: SECCION A: CONSULTAS Y CONTROLES ODONTOLOGICOS REALIZADOS :: A.3. ACCIONES GENERALES DE PREVENCION E HIGIENE :: FLUORACION TOPICA DE BARNIZ :: SEGUN GRUPOS DE EDAD O DE RIESGO :: 65-74 ANOS :: MUJERES,INTEGER_COUNT,stf:dc624775927d4d4d,writable_target_mapping_2026,EXACT_SEMANTIC_MATCH
wi:2aff850212ddc7bb4197,LEGACY::REMASEP_OD::V46,REMASEP_OD :: SECCION B: ACTIVIDADES DE ATENCION EN ESPECIALIDADES ODONTOLOGICAS. :: 5010009 - VIDRIO IONOMERO :: OBTURACION DIRECTA :: SEGUN GRUPOS DE EDAD O DE RIESGO :: 10-14 ANOS :: HOMBRES,REMASEP_OD,U63,REMASEP_OD :: SECCION B: ACTIVIDADES DE ATENCION EN ESPECIALIDADES ODONTOLOGICAS. :: OBTURACION DIRECTA :: SEGUN GRUPOS DE EDAD O DE RIESGO :: 10-14 ANOS :: HOMBRES,INTEGER_COUNT,stf:dc624775927d4d4d,writable_target_mapping_2026,EXACT_SEMANTIC_MATCH
wi:2b1121c482b09b4e6334,LEGACY::REMASEP_OD::U62,"REMASEP_OD :: SECCION B: ACTIVIDADES DE ATENCION EN ESPECIALIDADES ODONTOLOGICAS. :: COMPOSITE :: PROCEDIMIENTO RESTAURADOR EN ODONTOPEDIATRIA (TODOS LOS TIPOS: RESINA, TEMPORALES Y AMALGAMAS) :: SEGUN GRUPOS DE EDAD O DE RIESGO :: 8-9 ANOS :: MUJERES",REMASEP_OD,T79,"REMASEP_OD :: SECCION B: ACTIVIDADES DE ATENCION EN ESPECIALIDADES ODONTOLOGICAS. :: PROCEDIMIENTO RESTAURADOR EN ODONTOPEDIATRIA (TODOS LOS TIPOS: RESINA, TEMPORALES Y AMALGAMAS) :: SEGUN GRUPOS DE EDAD O DE RIESGO :: 8-9 ANOS :: MUJERES",INTEGER_COUNT,stf:dc624775927d4d4d,writable_target_mapping_2026,EXACT_SEMANTIC_MATCH
wi:2bc94a6d02703f23d9a6,LEGACY::REMASEP_OD::W62,"REMASEP_OD :: SECCION B: ACTIVIDADES DE ATENCION EN ESPECIALIDADES ODONTOLOGICAS. :: COMPOSITE :: PROCEDIMIENTO RESTAURADOR EN ODONTOPEDIATRIA (TODOS LOS TIPOS: RESINA, TEMPORALES Y AMALGAMAS) :: SEGUN GRUPOS DE EDAD O DE RIESGO :: 10-14 ANOS :: MUJERES",REMASEP_OD,V79,"REMASEP_OD :: SECCION B: ACTIVIDADES DE ATENCION EN ESPECIALIDADES ODONTOLOGICAS. :: PROCEDIMIENTO RESTAURADOR EN ODONTOPEDIATRIA (TODOS LOS TIPOS: RESINA, TEMPORALES Y AMALGAMAS) :: SEGUN GRUPOS DE EDAD O DE RIESGO :: 10-14 ANOS :: MUJERES",INTEGER_COUNT,stf:dc624775927d4d4d,writable_target_mapping_2026,EXACT_SEMANTIC_MATCH
wi:2c09bedee242d0646417,LEGACY::REMASEP_OD::AI72,REMASEP_OD :: SECCION B: ACTIVIDADES DE ATENCION EN ESPECIALIDADES ODONTOLOGICAS. :: CEMENTACION PROTESIS FIJA SOBRE DIENTE :: REHABILITACION MEDIANTE PROTESIS FIJA UNITARIA O PLURAL :: SEGUN GRUPOS DE EDAD O DE RIESGO :: 60-64 ANOS :: MUJERES,REMASEP_OD,AH89,REMASEP_OD :: SECCION B: ACTIVIDADES DE ATENCION EN ESPECIALIDADES ODONTOLOGICAS. :: REHABILITACION MEDIANTE PROTESIS FIJA UNITARIA O PLURAL :: SEGUN GRUPOS DE EDAD O DE RIESGO :: 60-64 ANOS :: MUJERES,INTEGER_COUNT,stf:dc624775927d4d4d,writable_target_mapping_2026,EXACT_SEMANTIC_MATCH
wi:2c2a1cbeb42d822246c9,LEGACY::REMASEP_OD::M74,REMASEP_OD :: SECCION B: ACTIVIDADES DE ATENCION EN ESPECIALIDADES ODONTOLOGICAS. :: NO SE REALIZA EN FG :: REHABILITACION MEDIANTE PROTESIS MUCO-IMPLANTOASISTIDA :: SEGUN GRUPOS DE EDAD O DE RIESGO :: 4 ANOS :: MUJERES,REMASEP_OD,L91,REMASEP_OD :: SECCION B: ACTIVIDADES DE ATENCION EN ESPECIALIDADES ODONTOLOGICAS. :: REHABILITACION MEDIANTE PROTESIS MUCO-IMPLANTOASISTIDA :: SEGUN GRUPOS DE EDAD O DE RIESGO :: 4 ANOS :: MUJERES,INTEGER_COUNT,stf:dc624775927d4d4d,writable_target_mapping_2026,EXACT_SEMANTIC_MATCH
wi:2c4d61a91ccfdb3da22d,LEGACY::REMASEP_OD::AJ8,REMASEP_OD :: SECCION A: CONSULTAS Y CONTROLES ODONTOLOGICOS REALIZADOS :: A.1. CONSULTAS Y ALTAS :: EVALUACION ODONTOLOGIA GENERAL :: PRIMERAS CONSULTAS (ANO) DE ODONTOLOGIA ESPECIALIDADES :: SEGUN GRUPOS DE EDAD O DE RIESGO :: 65-74 ANOS :: HOMBRES,REMASEP_OD,AI17,REMASEP_OD :: SECCION A: CONSULTAS Y CONTROLES ODONTOLOGICOS REALIZADOS :: A.1. CONSULTAS Y ALTAS :: PRIMERAS CONSULTAS (ANO) DE ODONTOLOGIA ESPECIALIDADES :: SEGUN GRUPOS DE EDAD O DE RIESGO :: 65-74 ANOS :: HOMBRES,INTEGER_COUNT,stf:dc624775927d4d4d,writable_target_mapping_2026,EXACT_SEMANTIC_MATCH
wi:2c9963daebfcc925a705,LEGACY::REMASEP_OD::J54,REMASEP_OD :: SECCION B: ACTIVIDADES DE ATENCION EN ESPECIALIDADES ODONTOLOGICAS. :: CONTROLES ORTODONCIA :: ORTODONCIA PREVENTIVA E INTERCEPTIVA (OPI) :: SEGUN GRUPOS DE EDAD O DE RIESGO :: 3 ANOS :: HOMBRES,REMASEP_OD,I71,REMASEP_OD :: SECCION B: ACTIVIDADES DE ATENCION EN ESPECIALIDADES ODONTOLOGICAS. :: ORTODONCIA PREVENTIVA E INTERCEPTIVA (OPI) :: SEGUN GRUPOS DE EDAD O DE RIESGO :: 3 ANOS :: HOMBRES,INTEGER_COUNT,stf:dc624775927d4d4d,writable_target_mapping_2026,EXACT_SEMANTIC_MATCH
wi:2cb7abfec5f45ef38f04,LEGACY::REMASEP_OD::Y52,REMASEP_OD :: SECCION B: ACTIVIDADES DE ATENCION EN ESPECIALIDADES ODONTOLOGICAS. :: 5004020 - CONTROL ORTODONCIA QUIRURGICO :: ORTODONCIA PRE-QUIRURGICA :: SEGUN GRUPOS DE EDAD O DE RIESGO :: 15-19 ANOS :: MUJERES,REMASEP_OD,X69,REMASEP_OD :: SECCION B: ACTIVIDADES DE ATENCION EN ESPECIALIDADES ODONTOLOGICAS. :: ORTODONCIA PRE-QUIRURGICA :: SEGUN GRUPOS DE EDAD O DE RIESGO :: 15-19 ANOS :: MUJERES,INTEGER_COUNT,stf:dc624775927d4d4d,writable_target_mapping_2026,EXACT_SEMANTIC_MATCH
wi:2d011a8dcd4f538a69ba,LEGACY::REMASEP_01::AN86,REMASEP 01 :: SECCION C: ATENCIONES Y CONSULTAS POR OTROS PROFESIONALES NO MEDICOS :: NUTRICIONISTA :: NUTRICIONISTA :: CONSULTA NUTRICIONAL :: POR EDAD (EN ANOS) :: 80 Y MAS ANOS :: MUJERES,REMASEP 01,AM115,REMASEP 01 :: SECCION C: ATENCIONES Y CONSULTAS POR OTROS PROFESIONALES NO MEDICOS :: NUTRICIONISTA :: CONSULTA NUTRICIONAL :: POR EDAD (EN ANOS) :: 80 Y MAS ANOS :: MUJERES,INTEGER_COUNT,stf:dc624775927d4d4d,writable_target_mapping_2026,EXACT_SEMANTIC_MATCH
wi:2d9de9db604f95e00564,LEGACY::REMASEP_OD::Y17,REMASEP_OD :: SECCION A: CONSULTAS Y CONTROLES ODONTOLOGICOS REALIZADOS :: A.3. ACCIONES GENERALES DE PREVENCION E HIGIENE :: 5001016 - FLUOR :: FLUORACION TOPICA DE BARNIZ :: SEGUN GRUPOS DE EDAD O DE RIESGO :: 15-19 ANOS :: MUJERES,REMASEP_OD,X34,REMASEP_OD :: SECCION A: CONSULTAS Y CONTROLES ODONTOLOGICOS REALIZADOS :: A.3. ACCIONES GENERALES DE PREVENCION E HIGIENE :: FLUORACION TOPICA DE BARNIZ :: SEGUN GRUPOS DE EDAD O DE RIESGO :: 15-19 ANOS :: MUJERES,INTEGER_COUNT,stf:dc624775927d4d4d,writable_target_mapping_2026,EXACT_SEMANTIC_MATCH
wi:2da4694fa9ca4495399b,LEGACY::REMASEP_01::J87,REMASEP 01 :: SECCION C: ATENCIONES Y CONSULTAS POR OTROS PROFESIONALES NO MEDICOS :: PSICO :: PSICOLOGO/A :: CONSULTA PSICOLOGICA :: POR EDAD (EN ANOS) :: 5 - 9 ANOS :: MUJERES,REMASEP 01,I116,REMASEP 01 :: SECCION C: ATENCIONES Y CONSULTAS POR OTROS PROFESIONALES NO MEDICOS :: PSICOLOGO/A :: CONSULTA PSICOLOGICA :: POR EDAD (EN ANOS) :: 5 - 9 ANOS :: MUJERES,INTEGER_COUNT,stf:dc624775927d4d4d,writable_target_mapping_2026,EXACT_SEMANTIC_MATCH
wi:2de09a5d069028725310,LEGACY::REMASEP_OD::AB51,REMASEP_OD :: SECCION B: ACTIVIDADES DE ATENCION EN ESPECIALIDADES ODONTOLOGICAS. :: 5004018 - RETIRO APARATO FIJO-LIMPIEZA-IMPRESION :: RETIRO APARATOLOGIA DE ORTODONCIA :: SEGUN GRUPOS DE EDAD O DE RIESGO :: 25-34 ANOS :: HOMBRES,REMASEP_OD,AA68,REMASEP_OD :: SECCION B: ACTIVIDADES DE ATENCION EN ESPECIALIDADES ODONTOLOGICAS. :: RETIRO APARATOLOGIA DE ORTODONCIA :: SEGUN GRUPOS DE EDAD O DE RIESGO :: 25-34 ANOS :: HOMBRES,INTEGER_COUNT,stf:dc624775927d4d4d,writable_target_mapping_2026,EXACT_SEMANTIC_MATCH
wi:2de4d684537c599e4782,LEGACY::REMASEP_OD::AD17,REMASEP_OD :: SECCION A: CONSULTAS Y CONTROLES ODONTOLOGICOS REALIZADOS :: A.3. ACCIONES GENERALES DE PREVENCION E HIGIENE :: 5001016 - FLUOR :: FLUORACION TOPICA DE BARNIZ :: SEGUN GRUPOS DE EDAD O DE RIESGO :: 35-44 ANOS :: HOMBRES,REMASEP_OD,AC34,REMASEP_OD :: SECCION A: CONSULTAS Y CONTROLES ODONTOLOGICOS REALIZADOS :: A.3. ACCIONES GENERALES DE PREVENCION E HIGIENE :: FLUORACION TOPICA DE BARNIZ :: SEGUN GRUPOS DE EDAD O DE RIESGO :: 35-44 ANOS :: HOMBRES,INTEGER_COUNT,stf:dc624775927d4d4d,writable_target_mapping_2026,EXACT_SEMANTIC_MATCH
wi:2e05b0180531e108b636,LEGACY::REMASEP_OD::AG47,REMASEP_OD :: SECCION B: ACTIVIDADES DE ATENCION EN ESPECIALIDADES ODONTOLOGICAS. :: 5005008 - CEMENTACION CARILLA RESINA INDIRECTA :: OBTURACION INDIRECTA (INLAYS U ONLAYS) :: SEGUN GRUPOS DE EDAD O DE RIESGO :: 45-59 ANOS :: MUJERES,REMASEP_OD,AF64,REMASEP_OD :: SECCION B: ACTIVIDADES DE ATENCION EN ESPECIALIDADES ODONTOLOGICAS. :: OBTURACION INDIRECTA (INLAYS U ONLAYS) :: SEGUN GRUPOS DE EDAD O DE RIESGO :: 45-59 ANOS :: MUJERES,INTEGER_COUNT,stf:dc624775927d4d4d,writable_target_mapping_2026,EXACT_SEMANTIC_MATCH
wi:2e1476b2f8418c980b79,LEGACY::REMASEP_OD::AF8,REMASEP_OD :: SECCION A: CONSULTAS Y CONTROLES ODONTOLOGICOS REALIZADOS :: A.1. CONSULTAS Y ALTAS :: EVALUACION ODONTOLOGIA GENERAL :: PRIMERAS CONSULTAS (ANO) DE ODONTOLOGIA ESPECIALIDADES :: SEGUN GRUPOS DE EDAD O DE RIESGO :: 45-59 ANOS :: HOMBRES,REMASEP_OD,AE17,REMASEP_OD :: SECCION A: CONSULTAS Y CONTROLES ODONTOLOGICOS REALIZADOS :: A.1. CONSULTAS Y ALTAS :: PRIMERAS CONSULTAS (ANO) DE ODONTOLOGIA ESPECIALIDADES :: SEGUN GRUPOS DE EDAD O DE RIESGO :: 45-59 ANOS :: HOMBRES,INTEGER_COUNT,stf:dc624775927d4d4d,writable_target_mapping_2026,EXACT_SEMANTIC_MATCH
wi:2e8e95bd0f63c97ab259,LEGACY::REMASEP_01::Q84,REMASEP 01 :: SECCION C: ATENCIONES Y CONSULTAS POR OTROS PROFESIONALES NO MEDICOS :: ENFERMER :: ENFERMERA/O :: ATENCION AL PACIENTE :: POR EDAD (EN ANOS) :: 25 - 29 ANOS :: HOMBRES,REMASEP 01,P113,REMASEP 01 :: SECCION C: ATENCIONES Y CONSULTAS POR OTROS PROFESIONALES NO MEDICOS :: ENFERMERA/O :: ATENCION AL PACIENTE :: POR EDAD (EN ANOS) :: 25 - 29 ANOS :: HOMBRES,INTEGER_COUNT,stf:dc624775927d4d4d,writable_target_mapping_2026,EXACT_SEMANTIC_MATCH
wi:2f186dd082f602aa5f15,LEGACY::REMASEP_OD::AJ10,REMASEP_OD :: SECCION A: CONSULTAS Y CONTROLES ODONTOLOGICOS REALIZADOS :: A.1. CONSULTAS Y ALTAS :: CONTROL ODON ESP :: CONTROLES ODONTOLOGICO DE ESPECIALIDAD :: SEGUN GRUPOS DE EDAD O DE RIESGO :: 65-74 ANOS :: HOMBRES,REMASEP_OD,AI19,REMASEP_OD :: SECCION A: CONSULTAS Y CONTROLES ODONTOLOGICOS REALIZADOS :: A.1. CONSULTAS Y ALTAS :: CONTROLES ODONTOLOGICO DE ESPECIALIDAD :: SEGUN GRUPOS DE EDAD O DE RIESGO :: 65-74 ANOS :: HOMBRES,INTEGER_COUNT,stf:dc624775927d4d4d,writable_target_mapping_2026,EXACT_SEMANTIC_MATCH
wi:2f2636a61abb063f5740,LEGACY::REMASEP_OD::Z9,REMASEP_OD :: SECCION A: CONSULTAS Y CONTROLES ODONTOLOGICOS REALIZADOS :: A.1. CONSULTAS Y ALTAS :: CONTROL ODONTOLOGIA GENERAL :: CONTROLES ODONTOLOGICOS GENERALES :: SEGUN GRUPOS DE EDAD O DE RIESGO :: 20-24 ANOS :: HOMBRES,REMASEP_OD,Y18,REMASEP_OD :: SECCION A: CONSULTAS Y CONTROLES ODONTOLOGICOS REALIZADOS :: A.1. CONSULTAS Y ALTAS :: CONTROLES ODONTOLOGICOS GENERALES :: SEGUN GRUPOS DE EDAD O DE RIESGO :: 20-24 ANOS :: HOMBRES,INTEGER_COUNT,stf:dc624775927d4d4d,writable_target_mapping_2026,EXACT_SEMANTIC_MATCH
wi:2fb6a3baa440139ebd86,LEGACY::REMASEP_OD::T62,"REMASEP_OD :: SECCION B: ACTIVIDADES DE ATENCION EN ESPECIALIDADES ODONTOLOGICAS. :: COMPOSITE :: PROCEDIMIENTO RESTAURADOR EN ODONTOPEDIATRIA (TODOS LOS TIPOS: RESINA, TEMPORALES Y AMALGAMAS) :: SEGUN GRUPOS DE EDAD O DE RIESGO :: 8-9 ANOS :: HOMBRES",REMASEP_OD,S79,"REMASEP_OD :: SECCION B: ACTIVIDADES DE ATENCION EN ESPECIALIDADES ODONTOLOGICAS. :: PROCEDIMIENTO RESTAURADOR EN ODONTOPEDIATRIA (TODOS LOS TIPOS: RESINA, TEMPORALES Y AMALGAMAS) :: SEGUN GRUPOS DE EDAD O DE RIESGO :: 8-9 ANOS :: HOMBRES",INTEGER_COUNT,stf:dc624775927d4d4d,writable_target_mapping_2026,EXACT_SEMANTIC_MATCH
wi:2fc7a2dd13ac42bf261b,LEGACY::REMASEP_OD::Z13,"REMASEP_OD :: SECCION A: CONSULTAS Y CONTROLES ODONTOLOGICOS REALIZADOS :: A.3. ACCIONES GENERALES DE PREVENCION E HIGIENE :: 5001005 - SELLANTES :: APLICACION DE SELLANTE EN PIEZA PERMANENTE, FOTOCURADO :: SEGUN GRUPOS DE EDAD O DE RIESGO :: 20-24 ANOS :: HOMBRES",REMASEP_OD,Y30,"REMASEP_OD :: SECCION A: CONSULTAS Y CONTROLES ODONTOLOGICOS REALIZADOS :: A.3. ACCIONES GENERALES DE PREVENCION E HIGIENE :: APLICACION DE SELLANTE EN PIEZA PERMANENTE, FOTOCURADO :: SEGUN GRUPOS DE EDAD O DE RIESGO :: 20-24 ANOS :: HOMBRES",INTEGER_COUNT,stf:dc624775927d4d4d,writable_target_mapping_2026,EXACT_SEMANTIC_MATCH
wi:30323239ef28e75e30a6,LEGACY::REMASEP_OD::AB50,REMASEP_OD :: SECCION B: ACTIVIDADES DE ATENCION EN ESPECIALIDADES ODONTOLOGICAS. :: INSTALACION CONTENCION :: INSTALACION APARATO DE CONTENCION ORTODONCICO :: SEGUN GRUPOS DE EDAD O DE RIESGO :: 25-34 ANOS :: HOMBRES,REMASEP_OD,AA67,REMASEP_OD :: SECCION B: ACTIVIDADES DE ATENCION EN ESPECIALIDADES ODONTOLOGICAS. :: INSTALACION APARATO DE CONTENCION ORTODONCICO :: SEGUN GRUPOS DE EDAD O DE RIESGO :: 25-34 ANOS :: HOMBRES,INTEGER_COUNT,stf:dc624775927d4d4d,writable_target_mapping_2026,EXACT_SEMANTIC_MATCH
wi:309336b3711ada369c7b,LEGACY::REMASEP_OD::Q10,REMASEP_OD :: SECCION A: CONSULTAS Y CONTROLES ODONTOLOGICOS REALIZADOS :: A.1. CONSULTAS Y ALTAS :: CONTROL ODON ESP :: CONTROLES ODONTOLOGICO DE ESPECIALIDAD :: SEGUN GRUPOS DE EDAD O DE RIESGO :: 6 ANOS :: MUJERES,REMASEP_OD,P19,REMASEP_OD :: SECCION A: CONSULTAS Y CONTROLES ODONTOLOGICOS REALIZADOS :: A.1. CONSULTAS Y ALTAS :: CONTROLES ODONTOLOGICO DE ESPECIALIDAD :: SEGUN GRUPOS DE EDAD O DE RIESGO :: 6 ANOS :: MUJERES,INTEGER_COUNT,stf:dc624775927d4d4d,writable_target_mapping_2026,EXACT_SEMANTIC_MATCH
wi:30afaf0b141cd639acbe,LEGACY::REMASEP_OD::AA47,REMASEP_OD :: SECCION B: ACTIVIDADES DE ATENCION EN ESPECIALIDADES ODONTOLOGICAS. :: 5005008 - CEMENTACION CARILLA RESINA INDIRECTA :: OBTURACION INDIRECTA (INLAYS U ONLAYS) :: SEGUN GRUPOS DE EDAD O DE RIESGO :: 20-24 ANOS :: MUJERES,REMASEP_OD,Z64,REMASEP_OD :: SECCION B: ACTIVIDADES DE ATENCION EN ESPECIALIDADES ODONTOLOGICAS. :: OBTURACION INDIRECTA (INLAYS U ONLAYS) :: SEGUN GRUPOS DE EDAD O DE RIESGO :: 20-24 ANOS :: MUJERES,INTEGER_COUNT,stf:dc624775927d4d4d,writable_target_mapping_2026,EXACT_SEMANTIC_MATCH
wi:30e488b4742690e5f825,LEGACY::REMASEP_OD::M52,REMASEP_OD :: SECCION B: ACTIVIDADES DE ATENCION EN ESPECIALIDADES ODONTOLOGICAS. :: 5004020 - CONTROL ORTODONCIA QUIRURGICO :: ORTODONCIA PRE-QUIRURGICA :: SEGUN GRUPOS DE EDAD O DE RIESGO :: 4 ANOS :: MUJERES,REMASEP_OD,L69,REMASEP_OD :: SECCION B: ACTIVIDADES DE ATENCION EN ESPECIALIDADES ODONTOLOGICAS. :: ORTODONCIA PRE-QUIRURGICA :: SEGUN GRUPOS DE EDAD O DE RIESGO :: 4 ANOS :: MUJERES,INTEGER_COUNT,stf:dc624775927d4d4d,writable_target_mapping_2026,EXACT_SEMANTIC_MATCH
wi:30e4dc532b09876fd956,LEGACY::REMASEP_OD::AE54,REMASEP_OD :: SECCION B: ACTIVIDADES DE ATENCION EN ESPECIALIDADES ODONTOLOGICAS. :: CONTROLES ORTODONCIA :: ORTODONCIA PREVENTIVA E INTERCEPTIVA (OPI) :: SEGUN GRUPOS DE EDAD O DE RIESGO :: 35-44 ANOS :: MUJERES,REMASEP_OD,AD71,REMASEP_OD :: SECCION B: ACTIVIDADES DE ATENCION EN ESPECIALIDADES ODONTOLOGICAS. :: ORTODONCIA PREVENTIVA E INTERCEPTIVA (OPI) :: SEGUN GRUPOS DE EDAD O DE RIESGO :: 35-44 ANOS :: MUJERES,INTEGER_COUNT,stf:dc624775927d4d4d,writable_target_mapping_2026,EXACT_SEMANTIC_MATCH
wi:30f052e8c3baf1ff13c9,LEGACY::REMASEP_OD::H54,REMASEP_OD :: SECCION B: ACTIVIDADES DE ATENCION EN ESPECIALIDADES ODONTOLOGICAS. :: CONTROLES ORTODONCIA :: ORTODONCIA PREVENTIVA E INTERCEPTIVA (OPI) :: SEGUN GRUPOS DE EDAD O DE RIESGO :: 2 ANOS :: HOMBRES,REMASEP_OD,G71,REMASEP_OD :: SECCION B: ACTIVIDADES DE ATENCION EN ESPECIALIDADES ODONTOLOGICAS. :: ORTODONCIA PREVENTIVA E INTERCEPTIVA (OPI) :: SEGUN GRUPOS DE EDAD O DE RIESGO :: 2 ANOS :: HOMBRES,INTEGER_COUNT,stf:dc624775927d4d4d,writable_target_mapping_2026,EXACT_SEMANTIC_MATCH
wi:3130faf2eb63dad5d40c,LEGACY::REMASEP_01::AG89,REMASEP 01 :: SECCION C: ATENCIONES Y CONSULTAS POR OTROS PROFESIONALES NO MEDICOS :: FONO :: FONOAUDIOLOGO/A :: CONSULTAS FONOAUDIOLOGO/A :: POR EDAD (EN ANOS) :: 65 - 69 ANOS :: HOMBRES,REMASEP 01,AF118,REMASEP 01 :: SECCION C: ATENCIONES Y CONSULTAS POR OTROS PROFESIONALES NO MEDICOS :: FONOAUDIOLOGO/A :: CONSULTAS FONOAUDIOLOGO/A :: POR EDAD (EN ANOS) :: 65 - 69 ANOS :: HOMBRES,INTEGER_COUNT,stf:dc624775927d4d4d,writable_target_mapping_2026,EXACT_SEMANTIC_MATCH
wi:31326f96a108a1dd7036,LEGACY::REMASEP_OD::S70,REMASEP_OD :: SECCION B: ACTIVIDADES DE ATENCION EN ESPECIALIDADES ODONTOLOGICAS. :: INSTALACION PROTESIS TOTAL ACRILICA SUP O INF :: REHABILITACION MEDIANTE PROTESIS REMOVIBLE ACRILICA PARCIAL O TOTAL :: SEGUN GRUPOS DE EDAD O DE RIESGO :: 7 ANOS :: MUJERES,REMASEP_OD,R87,REMASEP_OD :: SECCION B: ACTIVIDADES DE ATENCION EN ESPECIALIDADES ODONTOLOGICAS. :: REHABILITACION MEDIANTE PROTESIS REMOVIBLE ACRILICA PARCIAL O TOTAL :: SEGUN GRUPOS DE EDAD O DE RIESGO :: 7 ANOS :: MUJERES,INTEGER_COUNT,stf:dc624775927d4d4d,writable_target_mapping_2026,EXACT_SEMANTIC_MATCH
wi:31919771206962208976,LEGACY::REMASEP_OD::AG51,REMASEP_OD :: SECCION B: ACTIVIDADES DE ATENCION EN ESPECIALIDADES ODONTOLOGICAS. :: 5004018 - RETIRO APARATO FIJO-LIMPIEZA-IMPRESION :: RETIRO APARATOLOGIA DE ORTODONCIA :: SEGUN GRUPOS DE EDAD O DE RIESGO :: 45-59 ANOS :: MUJERES,REMASEP_OD,AF68,REMASEP_OD :: SECCION B: ACTIVIDADES DE ATENCION EN ESPECIALIDADES ODONTOLOGICAS. :: RETIRO APARATOLOGIA DE ORTODONCIA :: SEGUN GRUPOS DE EDAD O DE RIESGO :: 45-59 ANOS :: MUJERES,INTEGER_COUNT,stf:dc624775927d4d4d,writable_target_mapping_2026,EXACT_SEMANTIC_MATCH
wi:31c0148715072fa5c121,LEGACY::REMASEP_01::AK86,REMASEP 01 :: SECCION C: ATENCIONES Y CONSULTAS POR OTROS PROFESIONALES NO MEDICOS :: NUTRICIONISTA :: NUTRICIONISTA :: CONSULTA NUTRICIONAL :: POR EDAD (EN ANOS) :: 75 - 79 ANOS :: HOMBRES,REMASEP 01,AJ115,REMASEP 01 :: SECCION C: ATENCIONES Y CONSULTAS POR OTROS PROFESIONALES NO MEDICOS :: NUTRICIONISTA :: CONSULTA NUTRICIONAL :: POR EDAD (EN ANOS) :: 75 - 79 ANOS :: HOMBRES,INTEGER_COUNT,stf:dc624775927d4d4d,writable_target_mapping_2026,EXACT_SEMANTIC_MATCH
wi:31e2b3889438d3567eda,LEGACY::REMASEP_OD::G9,REMASEP_OD :: SECCION A: CONSULTAS Y CONTROLES ODONTOLOGICOS REALIZADOS :: A.1. CONSULTAS Y ALTAS :: CONTROL ODONTOLOGIA GENERAL :: CONTROLES ODONTOLOGICOS GENERALES :: SEGUN GRUPOS DE EDAD O DE RIESGO :: MENOS DE 1 ANO - 1 ANO :: MUJERES,REMASEP_OD,F18,REMASEP_OD :: SECCION A: CONSULTAS Y CONTROLES ODONTOLOGICOS REALIZADOS :: A.1. CONSULTAS Y ALTAS :: CONTROLES ODONTOLOGICOS GENERALES :: SEGUN GRUPOS DE EDAD O DE RIESGO :: MENOS DE 1 ANO - 1 ANO :: MUJERES,INTEGER_COUNT,stf:dc624775927d4d4d,writable_target_mapping_2026,EXACT_SEMANTIC_MATCH
wi:31e6da827cc6241133b0,LEGACY::REMASEP_01::P87,REMASEP 01 :: SECCION C: ATENCIONES Y CONSULTAS POR OTROS PROFESIONALES NO MEDICOS :: PSICO :: PSICOLOGO/A :: CONSULTA PSICOLOGICA :: POR EDAD (EN ANOS) :: 20 - 24 ANOS :: MUJERES,REMASEP 01,O116,REMASEP 01 :: SECCION C: ATENCIONES Y CONSULTAS POR OTROS PROFESIONALES NO MEDICOS :: PSICOLOGO/A :: CONSULTA PSICOLOGICA :: POR EDAD (EN ANOS) :: 20 - 24 ANOS :: MUJERES,INTEGER_COUNT,stf:dc624775927d4d4d,writable_target_mapping_2026,EXACT_SEMANTIC_MATCH
wi:32061cec046ed3f1c122,LEGACY::REMASEP_OD::AC53,REMASEP_OD :: SECCION B: ACTIVIDADES DE ATENCION EN ESPECIALIDADES ODONTOLOGICAS. :: CONTROLES ORTOPED. PREQ :: ORTOPEDIA PRE-QUIRURGICA :: SEGUN GRUPOS DE EDAD O DE RIESGO :: 25-34 ANOS :: MUJERES,REMASEP_OD,AB70,REMASEP_OD :: SECCION B: ACTIVIDADES DE ATENCION EN ESPECIALIDADES ODONTOLOGICAS. :: ORTOPEDIA PRE-QUIRURGICA :: SEGUN GRUPOS DE EDAD O DE RIESGO :: 25-34 ANOS :: MUJERES,INTEGER_COUNT,stf:dc624775927d4d4d,writable_target_mapping_2026,EXACT_SEMANTIC_MATCH
wi:321ed93a3dac012ccd89,LEGACY::REMASEP_OD::Z89,REMASEP_OD :: SECCION B: ACTIVIDADES DE ATENCION EN ESPECIALIDADES ODONTOLOGICAS. :: 5009002 - DESGASTE SELECTIVO :: DESGASTE SELECTIVO :: SEGUN GRUPOS DE EDAD O DE RIESGO :: 20-24 ANOS :: HOMBRES,REMASEP_OD,Y106,REMASEP_OD :: SECCION B: ACTIVIDADES DE ATENCION EN ESPECIALIDADES ODONTOLOGICAS. :: DESGASTE SELECTIVO :: SEGUN GRUPOS DE EDAD O DE RIESGO :: 20-24 ANOS :: HOMBRES,INTEGER_COUNT,stf:dc624775927d4d4d,writable_target_mapping_2026,EXACT_SEMANTIC_MATCH
wi:3231f11d97974efd8e0c,LEGACY::REMASEP_OD::N49,REMASEP_OD :: SECCION B: ACTIVIDADES DE ATENCION EN ESPECIALIDADES ODONTOLOGICAS. :: 5004001 - INSTALACION APARATO FIJO SUP O INF :: INSTALACION APARATO FIJO ORTODONCICO :: SEGUN GRUPOS DE EDAD O DE RIESGO :: 5 ANOS :: HOMBRES,REMASEP_OD,M66,REMASEP_OD :: SECCION B: ACTIVIDADES DE ATENCION EN ESPECIALIDADES ODONTOLOGICAS. :: INSTALACION APARATO FIJO ORTODONCICO :: SEGUN GRUPOS DE EDAD O DE RIESGO :: 5 ANOS :: HOMBRES,INTEGER_COUNT,stf:dc624775927d4d4d,writable_target_mapping_2026,EXACT_SEMANTIC_MATCH
wi:328cf020c746a20826e4,LEGACY::REMASEP_OD::AA14,REMASEP_OD :: SECCION A: CONSULTAS Y CONTROLES ODONTOLOGICOS REALIZADOS :: A.3. ACCIONES GENERALES DE PREVENCION E HIGIENE :: 50010112 - INSTRUCCION DE HIGIENE ORAL :: INSTRUCCION Y CONTROL DE HIGIENE ORAL EN NINOS Y ADULTOS :: SEGUN GRUPOS DE EDAD O DE RIESGO :: 20-24 ANOS :: MUJERES,REMASEP_OD,Z31,REMASEP_OD :: SECCION A: CONSULTAS Y CONTROLES ODONTOLOGICOS REALIZADOS :: A.3. ACCIONES GENERALES DE PREVENCION E HIGIENE :: INSTRUCCION Y CONTROL DE HIGIENE ORAL EN NINOS Y ADULTOS :: SEGUN GRUPOS DE EDAD O DE RIESGO :: 20-24 ANOS :: MUJERES,INTEGER_COUNT,stf:dc624775927d4d4d,writable_target_mapping_2026,EXACT_SEMANTIC_MATCH
wi:3291c1d92ff6bc969f79,LEGACY::REMASEP_OD::I72,REMASEP_OD :: SECCION B: ACTIVIDADES DE ATENCION EN ESPECIALIDADES ODONTOLOGICAS. :: CEMENTACION PROTESIS FIJA SOBRE DIENTE :: REHABILITACION MEDIANTE PROTESIS FIJA UNITARIA O PLURAL :: SEGUN GRUPOS DE EDAD O DE RIESGO :: 2 ANOS :: MUJERES,REMASEP_OD,H89,REMASEP_OD :: SECCION B: ACTIVIDADES DE ATENCION EN ESPECIALIDADES ODONTOLOGICAS. :: REHABILITACION MEDIANTE PROTESIS FIJA UNITARIA O PLURAL :: SEGUN GRUPOS DE EDAD O DE RIESGO :: 2 ANOS :: MUJERES,INTEGER_COUNT,stf:dc624775927d4d4d,writable_target_mapping_2026,EXACT_SEMANTIC_MATCH
wi:32ccef0798afb2f9ce6b,LEGACY::REMASEP_OD::R17,REMASEP_OD :: SECCION A: CONSULTAS Y CONTROLES ODONTOLOGICOS REALIZADOS :: A.3. ACCIONES GENERALES DE PREVENCION E HIGIENE :: 5001016 - FLUOR :: FLUORACION TOPICA DE BARNIZ :: SEGUN GRUPOS DE EDAD O DE RIESGO :: 7 ANOS :: HOMBRES,REMASEP_OD,Q34,REMASEP_OD :: SECCION A: CONSULTAS Y CONTROLES ODONTOLOGICOS REALIZADOS :: A.3. ACCIONES GENERALES DE PREVENCION E HIGIENE :: FLUORACION TOPICA DE BARNIZ :: SEGUN GRUPOS DE EDAD O DE RIESGO :: 7 ANOS :: HOMBRES,INTEGER_COUNT,stf:dc624775927d4d4d,writable_target_mapping_2026,EXACT_SEMANTIC_MATCH
wi:335fdf9a3449310d3346,LEGACY::REMASEP_01::U90,REMASEP 01 :: SECCION C: ATENCIONES Y CONSULTAS POR OTROS PROFESIONALES NO MEDICOS :: KINE :: KINESIOLOGO/A :: ATENCION KINESIOLOGICA :: POR EDAD (EN ANOS) :: 35 - 39 ANOS :: HOMBRES,REMASEP 01,T119,REMASEP 01 :: SECCION C: ATENCIONES Y CONSULTAS POR OTROS PROFESIONALES NO MEDICOS :: KINESIOLOGO/A :: ATENCION KINESIOLOGICA :: POR EDAD (EN ANOS) :: 35 - 39 ANOS :: HOMBRES,INTEGER_COUNT,stf:dc624775927d4d4d,writable_target_mapping_2026,EXACT_SEMANTIC_MATCH
wi:336a6b5dc221903bd4ff,LEGACY::REMASEP_OD::P89,REMASEP_OD :: SECCION B: ACTIVIDADES DE ATENCION EN ESPECIALIDADES ODONTOLOGICAS. :: 5009002 - DESGASTE SELECTIVO :: DESGASTE SELECTIVO :: SEGUN GRUPOS DE EDAD O DE RIESGO :: 6 ANOS :: HOMBRES,REMASEP_OD,O106,REMASEP_OD :: SECCION B: ACTIVIDADES DE ATENCION EN ESPECIALIDADES ODONTOLOGICAS. :: DESGASTE SELECTIVO :: SEGUN GRUPOS DE EDAD O DE RIESGO :: 6 ANOS :: HOMBRES,INTEGER_COUNT,stf:dc624775927d4d4d,writable_target_mapping_2026,EXACT_SEMANTIC_MATCH
wi:339c361cf84681a70624,LEGACY::REMASEP_OD::AC13,"REMASEP_OD :: SECCION A: CONSULTAS Y CONTROLES ODONTOLOGICOS REALIZADOS :: A.3. ACCIONES GENERALES DE PREVENCION E HIGIENE :: 5001005 - SELLANTES :: APLICACION DE SELLANTE EN PIEZA PERMANENTE, FOTOCURADO :: SEGUN GRUPOS DE EDAD O DE RIESGO :: 25-34 ANOS :: MUJERES",REMASEP_OD,AB30,"REMASEP_OD :: SECCION A: CONSULTAS Y CONTROLES ODONTOLOGICOS REALIZADOS :: A.3. ACCIONES GENERALES DE PREVENCION E HIGIENE :: APLICACION DE SELLANTE EN PIEZA PERMANENTE, FOTOCURADO :: SEGUN GRUPOS DE EDAD O DE RIESGO :: 25-34 ANOS :: MUJERES",INTEGER_COUNT,stf:dc624775927d4d4d,writable_target_mapping_2026,EXACT_SEMANTIC_MATCH
wi:33e684dbfaee7d16b2bc,LEGACY::REMASEP_01::Y86,REMASEP 01 :: SECCION C: ATENCIONES Y CONSULTAS POR OTROS PROFESIONALES NO MEDICOS :: NUTRICIONISTA :: NUTRICIONISTA :: CONSULTA NUTRICIONAL :: POR EDAD (EN ANOS) :: 45 - 49 ANOS :: HOMBRES,REMASEP 01,X115,REMASEP 01 :: SECCION C: ATENCIONES Y CONSULTAS POR OTROS PROFESIONALES NO MEDICOS :: NUTRICIONISTA :: CONSULTA NUTRICIONAL :: POR EDAD (EN ANOS) :: 45 - 49 ANOS :: HOMBRES,INTEGER_COUNT,stf:dc624775927d4d4d,writable_target_mapping_2026,EXACT_SEMANTIC_MATCH
wi:33ed89ea8158be725ad5,LEGACY::REMASEP_OD::AH50,REMASEP_OD :: SECCION B: ACTIVIDADES DE ATENCION EN ESPECIALIDADES ODONTOLOGICAS. :: INSTALACION CONTENCION :: INSTALACION APARATO DE CONTENCION ORTODONCICO :: SEGUN GRUPOS DE EDAD O DE RIESGO :: 60-64 ANOS :: HOMBRES,REMASEP_OD,AG67,REMASEP_OD :: SECCION B: ACTIVIDADES DE ATENCION EN ESPECIALIDADES ODONTOLOGICAS. :: INSTALACION APARATO DE CONTENCION ORTODONCICO :: SEGUN GRUPOS DE EDAD O DE RIESGO :: 60-64 ANOS :: HOMBRES,INTEGER_COUNT,stf:dc624775927d4d4d,writable_target_mapping_2026,EXACT_SEMANTIC_MATCH
wi:33f73b209c8ec50a2a24,LEGACY::REMASEP_OD::X47,REMASEP_OD :: SECCION B: ACTIVIDADES DE ATENCION EN ESPECIALIDADES ODONTOLOGICAS. :: 5005008 - CEMENTACION CARILLA RESINA INDIRECTA :: OBTURACION INDIRECTA (INLAYS U ONLAYS) :: SEGUN GRUPOS DE EDAD O DE RIESGO :: 15-19 ANOS :: HOMBRES,REMASEP_OD,W64,REMASEP_OD :: SECCION B: ACTIVIDADES DE ATENCION EN ESPECIALIDADES ODONTOLOGICAS. :: OBTURACION INDIRECTA (INLAYS U ONLAYS) :: SEGUN GRUPOS DE EDAD O DE RIESGO :: 15-19 ANOS :: HOMBRES,INTEGER_COUNT,stf:dc624775927d4d4d,writable_target_mapping_2026,EXACT_SEMANTIC_MATCH
wi:3412c963abecfb1aeeea,LEGACY::REMASEP_OD::AB52,REMASEP_OD :: SECCION B: ACTIVIDADES DE ATENCION EN ESPECIALIDADES ODONTOLOGICAS. :: 5004020 - CONTROL ORTODONCIA QUIRURGICO :: ORTODONCIA PRE-QUIRURGICA :: SEGUN GRUPOS DE EDAD O DE RIESGO :: 25-34 ANOS :: HOMBRES,REMASEP_OD,AA69,REMASEP_OD :: SECCION B: ACTIVIDADES DE ATENCION EN ESPECIALIDADES ODONTOLOGICAS. :: ORTODONCIA PRE-QUIRURGICA :: SEGUN GRUPOS DE EDAD O DE RIESGO :: 25-34 ANOS :: HOMBRES,INTEGER_COUNT,stf:dc624775927d4d4d,writable_target_mapping_2026,EXACT_SEMANTIC_MATCH
wi:3437eafd2a24c60a2ee4,LEGACY::REMASEP_OD::AH54,REMASEP_OD :: SECCION B: ACTIVIDADES DE ATENCION EN ESPECIALIDADES ODONTOLOGICAS. :: CONTROLES ORTODONCIA :: ORTODONCIA PREVENTIVA E INTERCEPTIVA (OPI) :: SEGUN GRUPOS DE EDAD O DE RIESGO :: 60-64 ANOS :: HOMBRES,REMASEP_OD,AG71,REMASEP_OD :: SECCION B: ACTIVIDADES DE ATENCION EN ESPECIALIDADES ODONTOLOGICAS. :: ORTODONCIA PREVENTIVA E INTERCEPTIVA (OPI) :: SEGUN GRUPOS DE EDAD O DE RIESGO :: 60-64 ANOS :: HOMBRES,INTEGER_COUNT,stf:dc624775927d4d4d,writable_target_mapping_2026,EXACT_SEMANTIC_MATCH
wi:3438e0e8ccdd33235686,LEGACY::REMASEP_OD::W74,REMASEP_OD :: SECCION B: ACTIVIDADES DE ATENCION EN ESPECIALIDADES ODONTOLOGICAS. :: NO SE REALIZA EN FG :: REHABILITACION MEDIANTE PROTESIS MUCO-IMPLANTOASISTIDA :: SEGUN GRUPOS DE EDAD O DE RIESGO :: 10-14 ANOS :: MUJERES,REMASEP_OD,V91,REMASEP_OD :: SECCION B: ACTIVIDADES DE ATENCION EN ESPECIALIDADES ODONTOLOGICAS. :: REHABILITACION MEDIANTE PROTESIS MUCO-IMPLANTOASISTIDA :: SEGUN GRUPOS DE EDAD O DE RIESGO :: 10-14 ANOS :: MUJERES,INTEGER_COUNT,stf:dc624775927d4d4d,writable_target_mapping_2026,EXACT_SEMANTIC_MATCH
wi:34a5e4c56f3f6e39b866,LEGACY::REMASEP_OD::AE65,REMASEP_OD :: SECCION B: ACTIVIDADES DE ATENCION EN ESPECIALIDADES ODONTOLOGICAS. :: DESTARTRAJE :: DESTARTRAJE SUB GINGIVAL :: SEGUN GRUPOS DE EDAD O DE RIESGO :: 35-44 ANOS :: MUJERES,REMASEP_OD,AD82,REMASEP_OD :: SECCION B: ACTIVIDADES DE ATENCION EN ESPECIALIDADES ODONTOLOGICAS. :: DESTARTRAJE SUB GINGIVAL :: SEGUN GRUPOS DE EDAD O DE RIESGO :: 35-44 ANOS :: MUJERES,INTEGER_COUNT,stf:dc624775927d4d4d,writable_target_mapping_2026,EXACT_SEMANTIC_MATCH
wi:34b74b3e0b2f73779041,LEGACY::REMASEP_OD::AL40,REMASEP_OD :: SECCION B: ACTIVIDADES DE ATENCION EN ESPECIALIDADES ODONTOLOGICAS. :: EVALUACION ODON ESP :: EXAMEN Y DIAGNOSTICO DE ESPECIALIDAD :: SEGUN GRUPOS DE EDAD O DE RIESGO :: 75 Y MAS ANOS :: HOMBRES,REMASEP_OD,AK57,REMASEP_OD :: SECCION B: ACTIVIDADES DE ATENCION EN ESPECIALIDADES ODONTOLOGICAS. :: EXAMEN Y DIAGNOSTICO DE ESPECIALIDAD :: SEGUN GRUPOS DE EDAD O DE RIESGO :: 75 Y MAS ANOS :: HOMBRES,INTEGER_COUNT,stf:dc624775927d4d4d,writable_target_mapping_2026,EXACT_SEMANTIC_MATCH
wi:34f56bd996e8a4957206,LEGACY::REMASEP_OD::Z66,REMASEP_OD :: SECCION B: ACTIVIDADES DE ATENCION EN ESPECIALIDADES ODONTOLOGICAS. :: 5009012 - PULIDO RADICULAR POR SESION O SEXTANTE :: PULIDO RADICULAR :: SEGUN GRUPOS DE EDAD O DE RIESGO :: 20-24 ANOS :: HOMBRES,REMASEP_OD,Y83,REMASEP_OD :: SECCION B: ACTIVIDADES DE ATENCION EN ESPECIALIDADES ODONTOLOGICAS. :: PULIDO RADICULAR :: SEGUN GRUPOS DE EDAD O DE RIESGO :: 20-24 ANOS :: HOMBRES,INTEGER_COUNT,stf:dc624775927d4d4d,writable_target_mapping_2026,EXACT_SEMANTIC_MATCH
wi:34f7facc17582dcad529,LEGACY::REMASEP_OD::AG52,REMASEP_OD :: SECCION B: ACTIVIDADES DE ATENCION EN ESPECIALIDADES ODONTOLOGICAS. :: 5004020 - CONTROL ORTODONCIA QUIRURGICO :: ORTODONCIA PRE-QUIRURGICA :: SEGUN GRUPOS DE EDAD O DE RIESGO :: 45-59 ANOS :: MUJERES,REMASEP_OD,AF69,REMASEP_OD :: SECCION B: ACTIVIDADES DE ATENCION EN ESPECIALIDADES ODONTOLOGICAS. :: ORTODONCIA PRE-QUIRURGICA :: SEGUN GRUPOS DE EDAD O DE RIESGO :: 45-59 ANOS :: MUJERES,INTEGER_COUNT,stf:dc624775927d4d4d,writable_target_mapping_2026,EXACT_SEMANTIC_MATCH
wi:35e8e853621b599971f4,LEGACY::REMASEP_OD::K89,REMASEP_OD :: SECCION B: ACTIVIDADES DE ATENCION EN ESPECIALIDADES ODONTOLOGICAS. :: 5009002 - DESGASTE SELECTIVO :: DESGASTE SELECTIVO :: SEGUN GRUPOS DE EDAD O DE RIESGO :: 3 ANOS :: MUJERES,REMASEP_OD,J106,REMASEP_OD :: SECCION B: ACTIVIDADES DE ATENCION EN ESPECIALIDADES ODONTOLOGICAS. :: DESGASTE SELECTIVO :: SEGUN GRUPOS DE EDAD O DE RIESGO :: 3 ANOS :: MUJERES,INTEGER_COUNT,stf:dc624775927d4d4d,writable_target_mapping_2026,EXACT_SEMANTIC_MATCH
wi:3626e6301dbb8c27c45c,LEGACY::REMASEP_OD::V49,REMASEP_OD :: SECCION B: ACTIVIDADES DE ATENCION EN ESPECIALIDADES ODONTOLOGICAS. :: 5004001 - INSTALACION APARATO FIJO SUP O INF :: INSTALACION APARATO FIJO ORTODONCICO :: SEGUN GRUPOS DE EDAD O DE RIESGO :: 10-14 ANOS :: HOMBRES,REMASEP_OD,U66,REMASEP_OD :: SECCION B: ACTIVIDADES DE ATENCION EN ESPECIALIDADES ODONTOLOGICAS. :: INSTALACION APARATO FIJO ORTODONCICO :: SEGUN GRUPOS DE EDAD O DE RIESGO :: 10-14 ANOS :: HOMBRES,INTEGER_COUNT,stf:dc624775927d4d4d,writable_target_mapping_2026,EXACT_SEMANTIC_MATCH
wi:3634c69f528bc4f25d2d,LEGACY::REMASEP_OD::G72,REMASEP_OD :: SECCION B: ACTIVIDADES DE ATENCION EN ESPECIALIDADES ODONTOLOGICAS. :: CEMENTACION PROTESIS FIJA SOBRE DIENTE :: REHABILITACION MEDIANTE PROTESIS FIJA UNITARIA O PLURAL :: SEGUN GRUPOS DE EDAD O DE RIESGO :: MENOS DE 1 ANO - 1 ANO :: MUJERES,REMASEP_OD,F89,REMASEP_OD :: SECCION B: ACTIVIDADES DE ATENCION EN ESPECIALIDADES ODONTOLOGICAS. :: REHABILITACION MEDIANTE PROTESIS FIJA UNITARIA O PLURAL :: SEGUN GRUPOS DE EDAD O DE RIESGO :: MENOS DE 1 ANO - 1 ANO :: MUJERES,INTEGER_COUNT,stf:dc624775927d4d4d,writable_target_mapping_2026,EXACT_SEMANTIC_MATCH
wi:3697b4734579547748d9,LEGACY::REMASEP_OD::AB65,REMASEP_OD :: SECCION B: ACTIVIDADES DE ATENCION EN ESPECIALIDADES ODONTOLOGICAS. :: DESTARTRAJE :: DESTARTRAJE SUB GINGIVAL :: SEGUN GRUPOS DE EDAD O DE RIESGO :: 25-34 ANOS :: HOMBRES,REMASEP_OD,AA82,REMASEP_OD :: SECCION B: ACTIVIDADES DE ATENCION EN ESPECIALIDADES ODONTOLOGICAS. :: DESTARTRAJE SUB GINGIVAL :: SEGUN GRUPOS DE EDAD O DE RIESGO :: 25-34 ANOS :: HOMBRES,INTEGER_COUNT,stf:dc624775927d4d4d,writable_target_mapping_2026,EXACT_SEMANTIC_MATCH
wi:36a6624dec6ea8bbc33a,LEGACY::REMASEP_OD::G16,REMASEP_OD :: SECCION A: CONSULTAS Y CONTROLES ODONTOLOGICOS REALIZADOS :: A.3. ACCIONES GENERALES DE PREVENCION E HIGIENE :: 5010011 - PROFILAXIS :: HIGIENE Y PROFILAXIS EN NINOS Y ADULTOS :: SEGUN GRUPOS DE EDAD O DE RIESGO :: MENOS DE 1 ANO - 1 ANO :: MUJERES,REMASEP_OD,F33,REMASEP_OD :: SECCION A: CONSULTAS Y CONTROLES ODONTOLOGICOS REALIZADOS :: A.3. ACCIONES GENERALES DE PREVENCION E HIGIENE :: HIGIENE Y PROFILAXIS EN NINOS Y ADULTOS :: SEGUN GRUPOS DE EDAD O DE RIESGO :: MENOS DE 1 ANO - 1 ANO :: MUJERES,INTEGER_COUNT,stf:dc624775927d4d4d,writable_target_mapping_2026,EXACT_SEMANTIC_MATCH
wi:36b3311a3c1836392137,LEGACY::REMASEP_OD::P70,REMASEP_OD :: SECCION B: ACTIVIDADES DE ATENCION EN ESPECIALIDADES ODONTOLOGICAS. :: INSTALACION PROTESIS TOTAL ACRILICA SUP O INF :: REHABILITACION MEDIANTE PROTESIS REMOVIBLE ACRILICA PARCIAL O TOTAL :: SEGUN GRUPOS DE EDAD O DE RIESGO :: 6 ANOS :: HOMBRES,REMASEP_OD,O87,REMASEP_OD :: SECCION B: ACTIVIDADES DE ATENCION EN ESPECIALIDADES ODONTOLOGICAS. :: REHABILITACION MEDIANTE PROTESIS REMOVIBLE ACRILICA PARCIAL O TOTAL :: SEGUN GRUPOS DE EDAD O DE RIESGO :: 6 ANOS :: HOMBRES,INTEGER_COUNT,stf:dc624775927d4d4d,writable_target_mapping_2026,EXACT_SEMANTIC_MATCH
wi:36d9b78e0d97e8f417eb,LEGACY::REMASEP_OD::Z49,REMASEP_OD :: SECCION B: ACTIVIDADES DE ATENCION EN ESPECIALIDADES ODONTOLOGICAS. :: 5004001 - INSTALACION APARATO FIJO SUP O INF :: INSTALACION APARATO FIJO ORTODONCICO :: SEGUN GRUPOS DE EDAD O DE RIESGO :: 20-24 ANOS :: HOMBRES,REMASEP_OD,Y66,REMASEP_OD :: SECCION B: ACTIVIDADES DE ATENCION EN ESPECIALIDADES ODONTOLOGICAS. :: INSTALACION APARATO FIJO ORTODONCICO :: SEGUN GRUPOS DE EDAD O DE RIESGO :: 20-24 ANOS :: HOMBRES,INTEGER_COUNT,stf:dc624775927d4d4d,writable_target_mapping_2026,EXACT_SEMANTIC_MATCH
wi:37746de31ee1f7eef447,LEGACY::REMASEP_OD::M16,REMASEP_OD :: SECCION A: CONSULTAS Y CONTROLES ODONTOLOGICOS REALIZADOS :: A.3. ACCIONES GENERALES DE PREVENCION E HIGIENE :: 5010011 - PROFILAXIS :: HIGIENE Y PROFILAXIS EN NINOS Y ADULTOS :: SEGUN GRUPOS DE EDAD O DE RIESGO :: 4 ANOS :: MUJERES,REMASEP_OD,L33,REMASEP_OD :: SECCION A: CONSULTAS Y CONTROLES ODONTOLOGICOS REALIZADOS :: A.3. ACCIONES GENERALES DE PREVENCION E HIGIENE :: HIGIENE Y PROFILAXIS EN NINOS Y ADULTOS :: SEGUN GRUPOS DE EDAD O DE RIESGO :: 4 ANOS :: MUJERES,INTEGER_COUNT,stf:dc624775927d4d4d,writable_target_mapping_2026,EXACT_SEMANTIC_MATCH
wi:37fa621bfb62e1fe4cd9,LEGACY::REMASEP_OD::AK53,REMASEP_OD :: SECCION B: ACTIVIDADES DE ATENCION EN ESPECIALIDADES ODONTOLOGICAS. :: CONTROLES ORTOPED. PREQ :: ORTOPEDIA PRE-QUIRURGICA :: SEGUN GRUPOS DE EDAD O DE RIESGO :: 65-74 ANOS :: MUJERES,REMASEP_OD,AJ70,REMASEP_OD :: SECCION B: ACTIVIDADES DE ATENCION EN ESPECIALIDADES ODONTOLOGICAS. :: ORTOPEDIA PRE-QUIRURGICA :: SEGUN GRUPOS DE EDAD O DE RIESGO :: 65-74 ANOS :: MUJERES,INTEGER_COUNT,stf:dc624775927d4d4d,writable_target_mapping_2026,EXACT_SEMANTIC_MATCH
wi:382e035b0b56d5e128ad,LEGACY::REMASEP_OD::AL62,"REMASEP_OD :: SECCION B: ACTIVIDADES DE ATENCION EN ESPECIALIDADES ODONTOLOGICAS. :: COMPOSITE :: PROCEDIMIENTO RESTAURADOR EN ODONTOPEDIATRIA (TODOS LOS TIPOS: RESINA, TEMPORALES Y AMALGAMAS) :: SEGUN GRUPOS DE EDAD O DE RIESGO :: 75 Y MAS ANOS :: HOMBRES",REMASEP_OD,AK79,"REMASEP_OD :: SECCION B: ACTIVIDADES DE ATENCION EN ESPECIALIDADES ODONTOLOGICAS. :: PROCEDIMIENTO RESTAURADOR EN ODONTOPEDIATRIA (TODOS LOS TIPOS: RESINA, TEMPORALES Y AMALGAMAS) :: SEGUN GRUPOS DE EDAD O DE RIESGO :: 75 Y MAS ANOS :: HOMBRES",INTEGER_COUNT,stf:dc624775927d4d4d,writable_target_mapping_2026,EXACT_SEMANTIC_MATCH
wi:383e0f63275c474a5a95,LEGACY::REMASEP_01::H86,REMASEP 01 :: SECCION C: ATENCIONES Y CONSULTAS POR OTROS PROFESIONALES NO MEDICOS :: NUTRICIONISTA :: NUTRICIONISTA :: CONSULTA NUTRICIONAL :: POR EDAD (EN ANOS) :: 0 - 4 ANOS :: MUJERES,REMASEP 01,G115,REMASEP 01 :: SECCION C: ATENCIONES Y CONSULTAS POR OTROS PROFESIONALES NO MEDICOS :: NUTRICIONISTA :: CONSULTA NUTRICIONAL :: POR EDAD (EN ANOS) :: 0 - 4 ANOS :: MUJERES,INTEGER_COUNT,stf:dc624775927d4d4d,writable_target_mapping_2026,EXACT_SEMANTIC_MATCH
wi:3863edd28aacee70c88d,LEGACY::REMASEP_OD::Z62,"REMASEP_OD :: SECCION B: ACTIVIDADES DE ATENCION EN ESPECIALIDADES ODONTOLOGICAS. :: COMPOSITE :: PROCEDIMIENTO RESTAURADOR EN ODONTOPEDIATRIA (TODOS LOS TIPOS: RESINA, TEMPORALES Y AMALGAMAS) :: SEGUN GRUPOS DE EDAD O DE RIESGO :: 20-24 ANOS :: HOMBRES",REMASEP_OD,Y79,"REMASEP_OD :: SECCION B: ACTIVIDADES DE ATENCION EN ESPECIALIDADES ODONTOLOGICAS. :: PROCEDIMIENTO RESTAURADOR EN ODONTOPEDIATRIA (TODOS LOS TIPOS: RESINA, TEMPORALES Y AMALGAMAS) :: SEGUN GRUPOS DE EDAD O DE RIESGO :: 20-24 ANOS :: HOMBRES",INTEGER_COUNT,stf:dc624775927d4d4d,writable_target_mapping_2026,EXACT_SEMANTIC_MATCH
wi:38d66dccb93e21fd8aaa,LEGACY::REMASEP_OD::V66,REMASEP_OD :: SECCION B: ACTIVIDADES DE ATENCION EN ESPECIALIDADES ODONTOLOGICAS. :: 5009012 - PULIDO RADICULAR POR SESION O SEXTANTE :: PULIDO RADICULAR :: SEGUN GRUPOS DE EDAD O DE RIESGO :: 10-14 ANOS :: HOMBRES,REMASEP_OD,U83,REMASEP_OD :: SECCION B: ACTIVIDADES DE ATENCION EN ESPECIALIDADES ODONTOLOGICAS. :: PULIDO RADICULAR :: SEGUN GRUPOS DE EDAD O DE RIESGO :: 10-14 ANOS :: HOMBRES,INTEGER_COUNT,stf:dc624775927d4d4d,writable_target_mapping_2026,EXACT_SEMANTIC_MATCH
wi:390267e1e2e25883de3d,LEGACY::REMASEP_OD::J17,REMASEP_OD :: SECCION A: CONSULTAS Y CONTROLES ODONTOLOGICOS REALIZADOS :: A.3. ACCIONES GENERALES DE PREVENCION E HIGIENE :: 5001016 - FLUOR :: FLUORACION TOPICA DE BARNIZ :: SEGUN GRUPOS DE EDAD O DE RIESGO :: 3 ANOS :: HOMBRES,REMASEP_OD,I34,REMASEP_OD :: SECCION A: CONSULTAS Y CONTROLES ODONTOLOGICOS REALIZADOS :: A.3. ACCIONES GENERALES DE PREVENCION E HIGIENE :: FLUORACION TOPICA DE BARNIZ :: SEGUN GRUPOS DE EDAD O DE RIESGO :: 3 ANOS :: HOMBRES,INTEGER_COUNT,stf:dc624775927d4d4d,writable_target_mapping_2026,EXACT_SEMANTIC_MATCH
wi:392deffa364960738000,LEGACY::REMASEP_OD::AE62,"REMASEP_OD :: SECCION B: ACTIVIDADES DE ATENCION EN ESPECIALIDADES ODONTOLOGICAS. :: COMPOSITE :: PROCEDIMIENTO RESTAURADOR EN ODONTOPEDIATRIA (TODOS LOS TIPOS: RESINA, TEMPORALES Y AMALGAMAS) :: SEGUN GRUPOS DE EDAD O DE RIESGO :: 35-44 ANOS :: MUJERES",REMASEP_OD,AD79,"REMASEP_OD :: SECCION B: ACTIVIDADES DE ATENCION EN ESPECIALIDADES ODONTOLOGICAS. :: PROCEDIMIENTO RESTAURADOR EN ODONTOPEDIATRIA (TODOS LOS TIPOS: RESINA, TEMPORALES Y AMALGAMAS) :: SEGUN GRUPOS DE EDAD O DE RIESGO :: 35-44 ANOS :: MUJERES",INTEGER_COUNT,stf:dc624775927d4d4d,writable_target_mapping_2026,EXACT_SEMANTIC_MATCH
wi:399e57e9e885434edf47,LEGACY::REMASEP_01::I87,REMASEP 01 :: SECCION C: ATENCIONES Y CONSULTAS POR OTROS PROFESIONALES NO MEDICOS :: PSICO :: PSICOLOGO/A :: CONSULTA PSICOLOGICA :: POR EDAD (EN ANOS) :: 5 - 9 ANOS :: HOMBRES,REMASEP 01,H116,REMASEP 01 :: SECCION C: ATENCIONES Y CONSULTAS POR OTROS PROFESIONALES NO MEDICOS :: PSICOLOGO/A :: CONSULTA PSICOLOGICA :: POR EDAD (EN ANOS) :: 5 - 9 ANOS :: HOMBRES,INTEGER_COUNT,stf:dc624775927d4d4d,writable_target_mapping_2026,EXACT_SEMANTIC_MATCH
wi:39ce274a849a204804e5,LEGACY::REMASEP_OD::AM89,REMASEP_OD :: SECCION B: ACTIVIDADES DE ATENCION EN ESPECIALIDADES ODONTOLOGICAS. :: 5009002 - DESGASTE SELECTIVO :: DESGASTE SELECTIVO :: SEGUN GRUPOS DE EDAD O DE RIESGO :: 75 Y MAS ANOS :: MUJERES,REMASEP_OD,AL106,REMASEP_OD :: SECCION B: ACTIVIDADES DE ATENCION EN ESPECIALIDADES ODONTOLOGICAS. :: DESGASTE SELECTIVO :: SEGUN GRUPOS DE EDAD O DE RIESGO :: 75 Y MAS ANOS :: MUJERES,INTEGER_COUNT,stf:dc624775927d4d4d,writable_target_mapping_2026,EXACT_SEMANTIC_MATCH
wi:3a4a2573504430165e39,LEGACY::REMASEP_OD::AC71,REMASEP_OD :: SECCION B: ACTIVIDADES DE ATENCION EN ESPECIALIDADES ODONTOLOGICAS. :: INSTALACION PROTESIS PARCIAL METALICA SUP O INF :: REHABILITACION MEDIANTE PROTESIS REMOVIBLE METALICA PARCIAL :: SEGUN GRUPOS DE EDAD O DE RIESGO :: 25-34 ANOS :: MUJERES,REMASEP_OD,AB88,REMASEP_OD :: SECCION B: ACTIVIDADES DE ATENCION EN ESPECIALIDADES ODONTOLOGICAS. :: REHABILITACION MEDIANTE PROTESIS REMOVIBLE METALICA PARCIAL :: SEGUN GRUPOS DE EDAD O DE RIESGO :: 25-34 ANOS :: MUJERES,INTEGER_COUNT,stf:dc624775927d4d4d,writable_target_mapping_2026,EXACT_SEMANTIC_MATCH
wi:3a5eeb993d78e5209adb,LEGACY::REMASEP_OD::AC16,REMASEP_OD :: SECCION A: CONSULTAS Y CONTROLES ODONTOLOGICOS REALIZADOS :: A.3. ACCIONES GENERALES DE PREVENCION E HIGIENE :: 5010011 - PROFILAXIS :: HIGIENE Y PROFILAXIS EN NINOS Y ADULTOS :: SEGUN GRUPOS DE EDAD O DE RIESGO :: 25-34 ANOS :: MUJERES,REMASEP_OD,AB33,REMASEP_OD :: SECCION A: CONSULTAS Y CONTROLES ODONTOLOGICOS REALIZADOS :: A.3. ACCIONES GENERALES DE PREVENCION E HIGIENE :: HIGIENE Y PROFILAXIS EN NINOS Y ADULTOS :: SEGUN GRUPOS DE EDAD O DE RIESGO :: 25-34 ANOS :: MUJERES,INTEGER_COUNT,stf:dc624775927d4d4d,writable_target_mapping_2026,EXACT_SEMANTIC_MATCH
wi:3a6383ae4116caa38bcc,LEGACY::REMASEP_OD::W54,REMASEP_OD :: SECCION B: ACTIVIDADES DE ATENCION EN ESPECIALIDADES ODONTOLOGICAS. :: CONTROLES ORTODONCIA :: ORTODONCIA PREVENTIVA E INTERCEPTIVA (OPI) :: SEGUN GRUPOS DE EDAD O DE RIESGO :: 10-14 ANOS :: MUJERES,REMASEP_OD,V71,REMASEP_OD :: SECCION B: ACTIVIDADES DE ATENCION EN ESPECIALIDADES ODONTOLOGICAS. :: ORTODONCIA PREVENTIVA E INTERCEPTIVA (OPI) :: SEGUN GRUPOS DE EDAD O DE RIESGO :: 10-14 ANOS :: MUJERES,INTEGER_COUNT,stf:dc624775927d4d4d,writable_target_mapping_2026,EXACT_SEMANTIC_MATCH
wi:3a82ce67ab38baed5c23,LEGACY::REMASEP_OD::O71,REMASEP_OD :: SECCION B: ACTIVIDADES DE ATENCION EN ESPECIALIDADES ODONTOLOGICAS. :: INSTALACION PROTESIS PARCIAL METALICA SUP O INF :: REHABILITACION MEDIANTE PROTESIS REMOVIBLE METALICA PARCIAL :: SEGUN GRUPOS DE EDAD O DE RIESGO :: 5 ANOS :: MUJERES,REMASEP_OD,N88,REMASEP_OD :: SECCION B: ACTIVIDADES DE ATENCION EN ESPECIALIDADES ODONTOLOGICAS. :: REHABILITACION MEDIANTE PROTESIS REMOVIBLE METALICA PARCIAL :: SEGUN GRUPOS DE EDAD O DE RIESGO :: 5 ANOS :: MUJERES,INTEGER_COUNT,stf:dc624775927d4d4d,writable_target_mapping_2026,EXACT_SEMANTIC_MATCH
wi:3a88b1ddfdbc07168d3b,LEGACY::REMASEP_01::AC87,REMASEP 01 :: SECCION C: ATENCIONES Y CONSULTAS POR OTROS PROFESIONALES NO MEDICOS :: PSICO :: PSICOLOGO/A :: CONSULTA PSICOLOGICA :: POR EDAD (EN ANOS) :: 55 - 59 ANOS :: HOMBRES,REMASEP 01,AB116,REMASEP 01 :: SECCION C: ATENCIONES Y CONSULTAS POR OTROS PROFESIONALES NO MEDICOS :: PSICOLOGO/A :: CONSULTA PSICOLOGICA :: POR EDAD (EN ANOS) :: 55 - 59 ANOS :: HOMBRES,INTEGER_COUNT,stf:dc624775927d4d4d,writable_target_mapping_2026,EXACT_SEMANTIC_MATCH
wi:3ae5ac3894cc27627217,LEGACY::REMASEP_01::J90,REMASEP 01 :: SECCION C: ATENCIONES Y CONSULTAS POR OTROS PROFESIONALES NO MEDICOS :: KINE :: KINESIOLOGO/A :: ATENCION KINESIOLOGICA :: POR EDAD (EN ANOS) :: 5 - 9 ANOS :: MUJERES,REMASEP 01,I119,REMASEP 01 :: SECCION C: ATENCIONES Y CONSULTAS POR OTROS PROFESIONALES NO MEDICOS :: KINESIOLOGO/A :: ATENCION KINESIOLOGICA :: POR EDAD (EN ANOS) :: 5 - 9 ANOS :: MUJERES,INTEGER_COUNT,stf:dc624775927d4d4d,writable_target_mapping_2026,EXACT_SEMANTIC_MATCH
wi:3b04ff9f3fc2cd51cd56,LEGACY::REMASEP_OD::F14,REMASEP_OD :: SECCION A: CONSULTAS Y CONTROLES ODONTOLOGICOS REALIZADOS :: A.3. ACCIONES GENERALES DE PREVENCION E HIGIENE :: 50010112 - INSTRUCCION DE HIGIENE ORAL :: INSTRUCCION Y CONTROL DE HIGIENE ORAL EN NINOS Y ADULTOS :: SEGUN GRUPOS DE EDAD O DE RIESGO :: MENOS DE 1 ANO - 1 ANO :: HOMBRES,REMASEP_OD,E31,REMASEP_OD :: SECCION A: CONSULTAS Y CONTROLES ODONTOLOGICOS REALIZADOS :: A.3. ACCIONES GENERALES DE PREVENCION E HIGIENE :: INSTRUCCION Y CONTROL DE HIGIENE ORAL EN NINOS Y ADULTOS :: SEGUN GRUPOS DE EDAD O DE RIESGO :: MENOS DE 1 ANO - 1 ANO :: HOMBRES,INTEGER_COUNT,stf:dc624775927d4d4d,writable_target_mapping_2026,EXACT_SEMANTIC_MATCH
wi:3b0ee87d772b13a4dd7e,LEGACY::REMASEP_01::X84,REMASEP 01 :: SECCION C: ATENCIONES Y CONSULTAS POR OTROS PROFESIONALES NO MEDICOS :: ENFERMER :: ENFERMERA/O :: ATENCION AL PACIENTE :: POR EDAD (EN ANOS) :: 40 - 44 ANOS :: MUJERES,REMASEP 01,W113,REMASEP 01 :: SECCION C: ATENCIONES Y CONSULTAS POR OTROS PROFESIONALES NO MEDICOS :: ENFERMERA/O :: ATENCION AL PACIENTE :: POR EDAD (EN ANOS) :: 40 - 44 ANOS :: MUJERES,INTEGER_COUNT,stf:dc624775927d4d4d,writable_target_mapping_2026,EXACT_SEMANTIC_MATCH
wi:3b2531f689e3c24fb741,LEGACY::REMASEP_OD::S53,REMASEP_OD :: SECCION B: ACTIVIDADES DE ATENCION EN ESPECIALIDADES ODONTOLOGICAS. :: CONTROLES ORTOPED. PREQ :: ORTOPEDIA PRE-QUIRURGICA :: SEGUN GRUPOS DE EDAD O DE RIESGO :: 7 ANOS :: MUJERES,REMASEP_OD,R70,REMASEP_OD :: SECCION B: ACTIVIDADES DE ATENCION EN ESPECIALIDADES ODONTOLOGICAS. :: ORTOPEDIA PRE-QUIRURGICA :: SEGUN GRUPOS DE EDAD O DE RIESGO :: 7 ANOS :: MUJERES,INTEGER_COUNT,stf:dc624775927d4d4d,writable_target_mapping_2026,EXACT_SEMANTIC_MATCH
wi:3b36299cf1925040fcf3,LEGACY::REMASEP_OD::Z71,REMASEP_OD :: SECCION B: ACTIVIDADES DE ATENCION EN ESPECIALIDADES ODONTOLOGICAS. :: INSTALACION PROTESIS PARCIAL METALICA SUP O INF :: REHABILITACION MEDIANTE PROTESIS REMOVIBLE METALICA PARCIAL :: SEGUN GRUPOS DE EDAD O DE RIESGO :: 20-24 ANOS :: HOMBRES,REMASEP_OD,Y88,REMASEP_OD :: SECCION B: ACTIVIDADES DE ATENCION EN ESPECIALIDADES ODONTOLOGICAS. :: REHABILITACION MEDIANTE PROTESIS REMOVIBLE METALICA PARCIAL :: SEGUN GRUPOS DE EDAD O DE RIESGO :: 20-24 ANOS :: HOMBRES,INTEGER_COUNT,stf:dc624775927d4d4d,writable_target_mapping_2026,EXACT_SEMANTIC_MATCH
wi:3b684076d713b7ad0bdc,LEGACY::REMASEP_01::G89,REMASEP 01 :: SECCION C: ATENCIONES Y CONSULTAS POR OTROS PROFESIONALES NO MEDICOS :: FONO :: FONOAUDIOLOGO/A :: CONSULTAS FONOAUDIOLOGO/A :: POR EDAD (EN ANOS) :: 0 - 4 ANOS :: HOMBRES,REMASEP 01,F118,REMASEP 01 :: SECCION C: ATENCIONES Y CONSULTAS POR OTROS PROFESIONALES NO MEDICOS :: FONOAUDIOLOGO/A :: CONSULTAS FONOAUDIOLOGO/A :: POR EDAD (EN ANOS) :: 0 - 4 ANOS :: HOMBRES,INTEGER_COUNT,stf:dc624775927d4d4d,writable_target_mapping_2026,EXACT_SEMANTIC_MATCH
wi:3b6cb87083eb3ed2e607,LEGACY::REMASEP_01::X90,REMASEP 01 :: SECCION C: ATENCIONES Y CONSULTAS POR OTROS PROFESIONALES NO MEDICOS :: KINE :: KINESIOLOGO/A :: ATENCION KINESIOLOGICA :: POR EDAD (EN ANOS) :: 40 - 44 ANOS :: MUJERES,REMASEP 01,W119,REMASEP 01 :: SECCION C: ATENCIONES Y CONSULTAS POR OTROS PROFESIONALES NO MEDICOS :: KINESIOLOGO/A :: ATENCION KINESIOLOGICA :: POR EDAD (EN ANOS) :: 40 - 44 ANOS :: MUJERES,INTEGER_COUNT,stf:dc624775927d4d4d,writable_target_mapping_2026,EXACT_SEMANTIC_MATCH
wi:3b730e3ad703a8e39acc,LEGACY::REMASEP_OD::AI65,REMASEP_OD :: SECCION B: ACTIVIDADES DE ATENCION EN ESPECIALIDADES ODONTOLOGICAS. :: DESTARTRAJE :: DESTARTRAJE SUB GINGIVAL :: SEGUN GRUPOS DE EDAD O DE RIESGO :: 60-64 ANOS :: MUJERES,REMASEP_OD,AH82,REMASEP_OD :: SECCION B: ACTIVIDADES DE ATENCION EN ESPECIALIDADES ODONTOLOGICAS. :: DESTARTRAJE SUB GINGIVAL :: SEGUN GRUPOS DE EDAD O DE RIESGO :: 60-64 ANOS :: MUJERES,INTEGER_COUNT,stf:dc624775927d4d4d,writable_target_mapping_2026,EXACT_SEMANTIC_MATCH
wi:3c00c62649b58f6ba59a,LEGACY::REMASEP_OD::AM62,"REMASEP_OD :: SECCION B: ACTIVIDADES DE ATENCION EN ESPECIALIDADES ODONTOLOGICAS. :: COMPOSITE :: PROCEDIMIENTO RESTAURADOR EN ODONTOPEDIATRIA (TODOS LOS TIPOS: RESINA, TEMPORALES Y AMALGAMAS) :: SEGUN GRUPOS DE EDAD O DE RIESGO :: 75 Y MAS ANOS :: MUJERES",REMASEP_OD,AL79,"REMASEP_OD :: SECCION B: ACTIVIDADES DE ATENCION EN ESPECIALIDADES ODONTOLOGICAS. :: PROCEDIMIENTO RESTAURADOR EN ODONTOPEDIATRIA (TODOS LOS TIPOS: RESINA, TEMPORALES Y AMALGAMAS) :: SEGUN GRUPOS DE EDAD O DE RIESGO :: 75 Y MAS ANOS :: MUJERES",INTEGER_COUNT,stf:dc624775927d4d4d,writable_target_mapping_2026,EXACT_SEMANTIC_MATCH
wi:3c1627871876a849cb12,LEGACY::REMASEP_OD::N72,REMASEP_OD :: SECCION B: ACTIVIDADES DE ATENCION EN ESPECIALIDADES ODONTOLOGICAS. :: CEMENTACION PROTESIS FIJA SOBRE DIENTE :: REHABILITACION MEDIANTE PROTESIS FIJA UNITARIA O PLURAL :: SEGUN GRUPOS DE EDAD O DE RIESGO :: 5 ANOS :: HOMBRES,REMASEP_OD,M89,REMASEP_OD :: SECCION B: ACTIVIDADES DE ATENCION EN ESPECIALIDADES ODONTOLOGICAS. :: REHABILITACION MEDIANTE PROTESIS FIJA UNITARIA O PLURAL :: SEGUN GRUPOS DE EDAD O DE RIESGO :: 5 ANOS :: HOMBRES,INTEGER_COUNT,stf:dc624775927d4d4d,writable_target_mapping_2026,EXACT_SEMANTIC_MATCH
wi:3c1914e4aef963793937,LEGACY::REMASEP_OD::M72,REMASEP_OD :: SECCION B: ACTIVIDADES DE ATENCION EN ESPECIALIDADES ODONTOLOGICAS. :: CEMENTACION PROTESIS FIJA SOBRE DIENTE :: REHABILITACION MEDIANTE PROTESIS FIJA UNITARIA O PLURAL :: SEGUN GRUPOS DE EDAD O DE RIESGO :: 4 ANOS :: MUJERES,REMASEP_OD,L89,REMASEP_OD :: SECCION B: ACTIVIDADES DE ATENCION EN ESPECIALIDADES ODONTOLOGICAS. :: REHABILITACION MEDIANTE PROTESIS FIJA UNITARIA O PLURAL :: SEGUN GRUPOS DE EDAD O DE RIESGO :: 4 ANOS :: MUJERES,INTEGER_COUNT,stf:dc624775927d4d4d,writable_target_mapping_2026,EXACT_SEMANTIC_MATCH
wi:3c3b532aa98057548b7c,LEGACY::REMASEP_OD::Y90,REMASEP_OD :: SECCION B: ACTIVIDADES DE ATENCION EN ESPECIALIDADES ODONTOLOGICAS. :: INSTALACIONES ORTOPEDIA :: INSTALACION DE DISPOSITIVO ORTOPEDICO :: SEGUN GRUPOS DE EDAD O DE RIESGO :: 15-19 ANOS :: MUJERES,REMASEP_OD,X107,REMASEP_OD :: SECCION B: ACTIVIDADES DE ATENCION EN ESPECIALIDADES ODONTOLOGICAS. :: INSTALACION DE DISPOSITIVO ORTOPEDICO :: SEGUN GRUPOS DE EDAD O DE RIESGO :: 15-19 ANOS :: MUJERES,INTEGER_COUNT,stf:dc624775927d4d4d,writable_target_mapping_2026,EXACT_SEMANTIC_MATCH
wi:3c8820a2bc7d57a3be71,LEGACY::REMASEP_OD::AF51,REMASEP_OD :: SECCION B: ACTIVIDADES DE ATENCION EN ESPECIALIDADES ODONTOLOGICAS. :: 5004018 - RETIRO APARATO FIJO-LIMPIEZA-IMPRESION :: RETIRO APARATOLOGIA DE ORTODONCIA :: SEGUN GRUPOS DE EDAD O DE RIESGO :: 45-59 ANOS :: HOMBRES,REMASEP_OD,AE68,REMASEP_OD :: SECCION B: ACTIVIDADES DE ATENCION EN ESPECIALIDADES ODONTOLOGICAS. :: RETIRO APARATOLOGIA DE ORTODONCIA :: SEGUN GRUPOS DE EDAD O DE RIESGO :: 45-59 ANOS :: HOMBRES,INTEGER_COUNT,stf:dc624775927d4d4d,writable_target_mapping_2026,EXACT_SEMANTIC_MATCH
wi:3c9ecac0abc1335cc383,LEGACY::REMASEP_OD::R65,REMASEP_OD :: SECCION B: ACTIVIDADES DE ATENCION EN ESPECIALIDADES ODONTOLOGICAS. :: DESTARTRAJE :: DESTARTRAJE SUB GINGIVAL :: SEGUN GRUPOS DE EDAD O DE RIESGO :: 7 ANOS :: HOMBRES,REMASEP_OD,Q82,REMASEP_OD :: SECCION B: ACTIVIDADES DE ATENCION EN ESPECIALIDADES ODONTOLOGICAS. :: DESTARTRAJE SUB GINGIVAL :: SEGUN GRUPOS DE EDAD O DE RIESGO :: 7 ANOS :: HOMBRES,INTEGER_COUNT,stf:dc624775927d4d4d,writable_target_mapping_2026,EXACT_SEMANTIC_MATCH
wi:3ccdd34583a92e8a2bdb,LEGACY::REMASEP_OD::X65,REMASEP_OD :: SECCION B: ACTIVIDADES DE ATENCION EN ESPECIALIDADES ODONTOLOGICAS. :: DESTARTRAJE :: DESTARTRAJE SUB GINGIVAL :: SEGUN GRUPOS DE EDAD O DE RIESGO :: 15-19 ANOS :: HOMBRES,REMASEP_OD,W82,REMASEP_OD :: SECCION B: ACTIVIDADES DE ATENCION EN ESPECIALIDADES ODONTOLOGICAS. :: DESTARTRAJE SUB GINGIVAL :: SEGUN GRUPOS DE EDAD O DE RIESGO :: 15-19 ANOS :: HOMBRES,INTEGER_COUNT,stf:dc624775927d4d4d,writable_target_mapping_2026,EXACT_SEMANTIC_MATCH
wi:3cfb0caa8f52df63449e,LEGACY::REMASEP_01::S87,REMASEP 01 :: SECCION C: ATENCIONES Y CONSULTAS POR OTROS PROFESIONALES NO MEDICOS :: PSICO :: PSICOLOGO/A :: CONSULTA PSICOLOGICA :: POR EDAD (EN ANOS) :: 30 - 34 ANOS :: HOMBRES,REMASEP 01,R116,REMASEP 01 :: SECCION C: ATENCIONES Y CONSULTAS POR OTROS PROFESIONALES NO MEDICOS :: PSICOLOGO/A :: CONSULTA PSICOLOGICA :: POR EDAD (EN ANOS) :: 30 - 34 ANOS :: HOMBRES,INTEGER_COUNT,stf:dc624775927d4d4d,writable_target_mapping_2026,EXACT_SEMANTIC_MATCH
wi:3d350d8a6835b2ae3446,LEGACY::REMASEP_OD::AK48,REMASEP_OD :: SECCION B: ACTIVIDADES DE ATENCION EN ESPECIALIDADES ODONTOLOGICAS. :: INSTALACION APARATO REMOVIBLE :: INSTALACION APARATO REMOVIBLE ORTODONCICO :: SEGUN GRUPOS DE EDAD O DE RIESGO :: 65-74 ANOS :: MUJERES,REMASEP_OD,AJ65,REMASEP_OD :: SECCION B: ACTIVIDADES DE ATENCION EN ESPECIALIDADES ODONTOLOGICAS. :: INSTALACION APARATO REMOVIBLE ORTODONCICO :: SEGUN GRUPOS DE EDAD O DE RIESGO :: 65-74 ANOS :: MUJERES,INTEGER_COUNT,stf:dc624775927d4d4d,writable_target_mapping_2026,EXACT_SEMANTIC_MATCH
wi:3d3c5ee52709a576323c,LEGACY::REMASEP_OD::AF52,REMASEP_OD :: SECCION B: ACTIVIDADES DE ATENCION EN ESPECIALIDADES ODONTOLOGICAS. :: 5004020 - CONTROL ORTODONCIA QUIRURGICO :: ORTODONCIA PRE-QUIRURGICA :: SEGUN GRUPOS DE EDAD O DE RIESGO :: 45-59 ANOS :: HOMBRES,REMASEP_OD,AE69,REMASEP_OD :: SECCION B: ACTIVIDADES DE ATENCION EN ESPECIALIDADES ODONTOLOGICAS. :: ORTODONCIA PRE-QUIRURGICA :: SEGUN GRUPOS DE EDAD O DE RIESGO :: 45-59 ANOS :: HOMBRES,INTEGER_COUNT,stf:dc624775927d4d4d,writable_target_mapping_2026,EXACT_SEMANTIC_MATCH
wi:3d86eafcde5f7a17ec32,LEGACY::REMASEP_OD::AI16,REMASEP_OD :: SECCION A: CONSULTAS Y CONTROLES ODONTOLOGICOS REALIZADOS :: A.3. ACCIONES GENERALES DE PREVENCION E HIGIENE :: 5010011 - PROFILAXIS :: HIGIENE Y PROFILAXIS EN NINOS Y ADULTOS :: SEGUN GRUPOS DE EDAD O DE RIESGO :: 60-64 ANOS :: MUJERES,REMASEP_OD,AH33,REMASEP_OD :: SECCION A: CONSULTAS Y CONTROLES ODONTOLOGICOS REALIZADOS :: A.3. ACCIONES GENERALES DE PREVENCION E HIGIENE :: HIGIENE Y PROFILAXIS EN NINOS Y ADULTOS :: SEGUN GRUPOS DE EDAD O DE RIESGO :: 60-64 ANOS :: MUJERES,INTEGER_COUNT,stf:dc624775927d4d4d,writable_target_mapping_2026,EXACT_SEMANTIC_MATCH
wi:3d902252a838ed2ef2ba,LEGACY::REMASEP_OD::AG54,REMASEP_OD :: SECCION B: ACTIVIDADES DE ATENCION EN ESPECIALIDADES ODONTOLOGICAS. :: CONTROLES ORTODONCIA :: ORTODONCIA PREVENTIVA E INTERCEPTIVA (OPI) :: SEGUN GRUPOS DE EDAD O DE RIESGO :: 45-59 ANOS :: MUJERES,REMASEP_OD,AF71,REMASEP_OD :: SECCION B: ACTIVIDADES DE ATENCION EN ESPECIALIDADES ODONTOLOGICAS. :: ORTODONCIA PREVENTIVA E INTERCEPTIVA (OPI) :: SEGUN GRUPOS DE EDAD O DE RIESGO :: 45-59 ANOS :: MUJERES,INTEGER_COUNT,stf:dc624775927d4d4d,writable_target_mapping_2026,EXACT_SEMANTIC_MATCH
wi:3d9e6854f3521fc84816,LEGACY::REMASEP_OD::N46,REMASEP_OD :: SECCION B: ACTIVIDADES DE ATENCION EN ESPECIALIDADES ODONTOLOGICAS. :: 5010009 - VIDRIO IONOMERO :: OBTURACION DIRECTA :: SEGUN GRUPOS DE EDAD O DE RIESGO :: 5 ANOS :: HOMBRES,REMASEP_OD,M63,REMASEP_OD :: SECCION B: ACTIVIDADES DE ATENCION EN ESPECIALIDADES ODONTOLOGICAS. :: OBTURACION DIRECTA :: SEGUN GRUPOS DE EDAD O DE RIESGO :: 5 ANOS :: HOMBRES,INTEGER_COUNT,stf:dc624775927d4d4d,writable_target_mapping_2026,EXACT_SEMANTIC_MATCH
wi:3de6a4c7ef764acbdea7,LEGACY::REMASEP_OD::W71,REMASEP_OD :: SECCION B: ACTIVIDADES DE ATENCION EN ESPECIALIDADES ODONTOLOGICAS. :: INSTALACION PROTESIS PARCIAL METALICA SUP O INF :: REHABILITACION MEDIANTE PROTESIS REMOVIBLE METALICA PARCIAL :: SEGUN GRUPOS DE EDAD O DE RIESGO :: 10-14 ANOS :: MUJERES,REMASEP_OD,V88,REMASEP_OD :: SECCION B: ACTIVIDADES DE ATENCION EN ESPECIALIDADES ODONTOLOGICAS. :: REHABILITACION MEDIANTE PROTESIS REMOVIBLE METALICA PARCIAL :: SEGUN GRUPOS DE EDAD O DE RIESGO :: 10-14 ANOS :: MUJERES,INTEGER_COUNT,stf:dc624775927d4d4d,writable_target_mapping_2026,EXACT_SEMANTIC_MATCH
wi:3e250a20cfced6aca2d7,LEGACY::REMASEP_01::S84,REMASEP 01 :: SECCION C: ATENCIONES Y CONSULTAS POR OTROS PROFESIONALES NO MEDICOS :: ENFERMER :: ENFERMERA/O :: ATENCION AL PACIENTE :: POR EDAD (EN ANOS) :: 30 - 34 ANOS :: HOMBRES,REMASEP 01,R113,REMASEP 01 :: SECCION C: ATENCIONES Y CONSULTAS POR OTROS PROFESIONALES NO MEDICOS :: ENFERMERA/O :: ATENCION AL PACIENTE :: POR EDAD (EN ANOS) :: 30 - 34 ANOS :: HOMBRES,INTEGER_COUNT,stf:dc624775927d4d4d,writable_target_mapping_2026,EXACT_SEMANTIC_MATCH
wi:3e37f66219d3375b5297,LEGACY::REMASEP_OD::L14,REMASEP_OD :: SECCION A: CONSULTAS Y CONTROLES ODONTOLOGICOS REALIZADOS :: A.3. ACCIONES GENERALES DE PREVENCION E HIGIENE :: 50010112 - INSTRUCCION DE HIGIENE ORAL :: INSTRUCCION Y CONTROL DE HIGIENE ORAL EN NINOS Y ADULTOS :: SEGUN GRUPOS DE EDAD O DE RIESGO :: 4 ANOS :: HOMBRES,REMASEP_OD,K31,REMASEP_OD :: SECCION A: CONSULTAS Y CONTROLES ODONTOLOGICOS REALIZADOS :: A.3. ACCIONES GENERALES DE PREVENCION E HIGIENE :: INSTRUCCION Y CONTROL DE HIGIENE ORAL EN NINOS Y ADULTOS :: SEGUN GRUPOS DE EDAD O DE RIESGO :: 4 ANOS :: HOMBRES,INTEGER_COUNT,stf:dc624775927d4d4d,writable_target_mapping_2026,EXACT_SEMANTIC_MATCH
wi:3e6332d8a2970a332cba,LEGACY::REMASEP_OD::I16,REMASEP_OD :: SECCION A: CONSULTAS Y CONTROLES ODONTOLOGICOS REALIZADOS :: A.3. ACCIONES GENERALES DE PREVENCION E HIGIENE :: 5010011 - PROFILAXIS :: HIGIENE Y PROFILAXIS EN NINOS Y ADULTOS :: SEGUN GRUPOS DE EDAD O DE RIESGO :: 2 ANOS :: MUJERES,REMASEP_OD,H33,REMASEP_OD :: SECCION A: CONSULTAS Y CONTROLES ODONTOLOGICOS REALIZADOS :: A.3. ACCIONES GENERALES DE PREVENCION E HIGIENE :: HIGIENE Y PROFILAXIS EN NINOS Y ADULTOS :: SEGUN GRUPOS DE EDAD O DE RIESGO :: 2 ANOS :: MUJERES,INTEGER_COUNT,stf:dc624775927d4d4d,writable_target_mapping_2026,EXACT_SEMANTIC_MATCH
wi:3e6c82c3a09732aebc97,LEGACY::REMASEP_OD::AL89,REMASEP_OD :: SECCION B: ACTIVIDADES DE ATENCION EN ESPECIALIDADES ODONTOLOGICAS. :: 5009002 - DESGASTE SELECTIVO :: DESGASTE SELECTIVO :: SEGUN GRUPOS DE EDAD O DE RIESGO :: 75 Y MAS ANOS :: HOMBRES,REMASEP_OD,AK106,REMASEP_OD :: SECCION B: ACTIVIDADES DE ATENCION EN ESPECIALIDADES ODONTOLOGICAS. :: DESGASTE SELECTIVO :: SEGUN GRUPOS DE EDAD O DE RIESGO :: 75 Y MAS ANOS :: HOMBRES,INTEGER_COUNT,stf:dc624775927d4d4d,writable_target_mapping_2026,EXACT_SEMANTIC_MATCH
wi:3e8b0e1147271d85ab85,LEGACY::REMASEP_01::Y87,REMASEP 01 :: SECCION C: ATENCIONES Y CONSULTAS POR OTROS PROFESIONALES NO MEDICOS :: PSICO :: PSICOLOGO/A :: CONSULTA PSICOLOGICA :: POR EDAD (EN ANOS) :: 45 - 49 ANOS :: HOMBRES,REMASEP 01,X116,REMASEP 01 :: SECCION C: ATENCIONES Y CONSULTAS POR OTROS PROFESIONALES NO MEDICOS :: PSICOLOGO/A :: CONSULTA PSICOLOGICA :: POR EDAD (EN ANOS) :: 45 - 49 ANOS :: HOMBRES,INTEGER_COUNT,stf:dc624775927d4d4d,writable_target_mapping_2026,EXACT_SEMANTIC_MATCH
wi:3e8d6155250020c6fc30,LEGACY::REMASEP_OD::AJ9,REMASEP_OD :: SECCION A: CONSULTAS Y CONTROLES ODONTOLOGICOS REALIZADOS :: A.1. CONSULTAS Y ALTAS :: CONTROL ODONTOLOGIA GENERAL :: CONTROLES ODONTOLOGICOS GENERALES :: SEGUN GRUPOS DE EDAD O DE RIESGO :: 65-74 ANOS :: HOMBRES,REMASEP_OD,AI18,REMASEP_OD :: SECCION A: CONSULTAS Y CONTROLES ODONTOLOGICOS REALIZADOS :: A.1. CONSULTAS Y ALTAS :: CONTROLES ODONTOLOGICOS GENERALES :: SEGUN GRUPOS DE EDAD O DE RIESGO :: 65-74 ANOS :: HOMBRES,INTEGER_COUNT,stf:dc624775927d4d4d,writable_target_mapping_2026,EXACT_SEMANTIC_MATCH
wi:3eb5e6127d06f8653af7,LEGACY::REMASEP_OD::Q9,REMASEP_OD :: SECCION A: CONSULTAS Y CONTROLES ODONTOLOGICOS REALIZADOS :: A.1. CONSULTAS Y ALTAS :: CONTROL ODONTOLOGIA GENERAL :: CONTROLES ODONTOLOGICOS GENERALES :: SEGUN GRUPOS DE EDAD O DE RIESGO :: 6 ANOS :: MUJERES,REMASEP_OD,P18,REMASEP_OD :: SECCION A: CONSULTAS Y CONTROLES ODONTOLOGICOS REALIZADOS :: A.1. CONSULTAS Y ALTAS :: CONTROLES ODONTOLOGICOS GENERALES :: SEGUN GRUPOS DE EDAD O DE RIESGO :: 6 ANOS :: MUJERES,INTEGER_COUNT,stf:dc624775927d4d4d,writable_target_mapping_2026,EXACT_SEMANTIC_MATCH
wi:3ecbe02255fea3e5edd9,LEGACY::REMASEP_OD::AG49,REMASEP_OD :: SECCION B: ACTIVIDADES DE ATENCION EN ESPECIALIDADES ODONTOLOGICAS. :: 5004001 - INSTALACION APARATO FIJO SUP O INF :: INSTALACION APARATO FIJO ORTODONCICO :: SEGUN GRUPOS DE EDAD O DE RIESGO :: 45-59 ANOS :: MUJERES,REMASEP_OD,AF66,REMASEP_OD :: SECCION B: ACTIVIDADES DE ATENCION EN ESPECIALIDADES ODONTOLOGICAS. :: INSTALACION APARATO FIJO ORTODONCICO :: SEGUN GRUPOS DE EDAD O DE RIESGO :: 45-59 ANOS :: MUJERES,INTEGER_COUNT,stf:dc624775927d4d4d,writable_target_mapping_2026,EXACT_SEMANTIC_MATCH
wi:3eed84f9577c15a3e5c0,LEGACY::REMASEP_OD::AL72,REMASEP_OD :: SECCION B: ACTIVIDADES DE ATENCION EN ESPECIALIDADES ODONTOLOGICAS. :: CEMENTACION PROTESIS FIJA SOBRE DIENTE :: REHABILITACION MEDIANTE PROTESIS FIJA UNITARIA O PLURAL :: SEGUN GRUPOS DE EDAD O DE RIESGO :: 75 Y MAS ANOS :: HOMBRES,REMASEP_OD,AK89,REMASEP_OD :: SECCION B: ACTIVIDADES DE ATENCION EN ESPECIALIDADES ODONTOLOGICAS. :: REHABILITACION MEDIANTE PROTESIS FIJA UNITARIA O PLURAL :: SEGUN GRUPOS DE EDAD O DE RIESGO :: 75 Y MAS ANOS :: HOMBRES,INTEGER_COUNT,stf:dc624775927d4d4d,writable_target_mapping_2026,EXACT_SEMANTIC_MATCH
wi:3f13c649a9648e9a14d9,LEGACY::REMASEP_OD::I46,REMASEP_OD :: SECCION B: ACTIVIDADES DE ATENCION EN ESPECIALIDADES ODONTOLOGICAS. :: 5010009 - VIDRIO IONOMERO :: OBTURACION DIRECTA :: SEGUN GRUPOS DE EDAD O DE RIESGO :: 2 ANOS :: MUJERES,REMASEP_OD,H63,REMASEP_OD :: SECCION B: ACTIVIDADES DE ATENCION EN ESPECIALIDADES ODONTOLOGICAS. :: OBTURACION DIRECTA :: SEGUN GRUPOS DE EDAD O DE RIESGO :: 2 ANOS :: MUJERES,INTEGER_COUNT,stf:dc624775927d4d4d,writable_target_mapping_2026,EXACT_SEMANTIC_MATCH
wi:3f2433168a3599383f61,LEGACY::REMASEP_01::L89,REMASEP 01 :: SECCION C: ATENCIONES Y CONSULTAS POR OTROS PROFESIONALES NO MEDICOS :: FONO :: FONOAUDIOLOGO/A :: CONSULTAS FONOAUDIOLOGO/A :: POR EDAD (EN ANOS) :: 10 - 14 ANOS :: MUJERES,REMASEP 01,K118,REMASEP 01 :: SECCION C: ATENCIONES Y CONSULTAS POR OTROS PROFESIONALES NO MEDICOS :: FONOAUDIOLOGO/A :: CONSULTAS FONOAUDIOLOGO/A :: POR EDAD (EN ANOS) :: 10 - 14 ANOS :: MUJERES,INTEGER_COUNT,stf:dc624775927d4d4d,writable_target_mapping_2026,EXACT_SEMANTIC_MATCH
wi:4045b17e638a2978e1f9,LEGACY::REMASEP_OD::S10,REMASEP_OD :: SECCION A: CONSULTAS Y CONTROLES ODONTOLOGICOS REALIZADOS :: A.1. CONSULTAS Y ALTAS :: CONTROL ODON ESP :: CONTROLES ODONTOLOGICO DE ESPECIALIDAD :: SEGUN GRUPOS DE EDAD O DE RIESGO :: 7 ANOS :: MUJERES,REMASEP_OD,R19,REMASEP_OD :: SECCION A: CONSULTAS Y CONTROLES ODONTOLOGICOS REALIZADOS :: A.1. CONSULTAS Y ALTAS :: CONTROLES ODONTOLOGICO DE ESPECIALIDAD :: SEGUN GRUPOS DE EDAD O DE RIESGO :: 7 ANOS :: MUJERES,INTEGER_COUNT,stf:dc624775927d4d4d,writable_target_mapping_2026,EXACT_SEMANTIC_MATCH
wi:4048ea2b63af40cf9eed,LEGACY::REMASEP_01::U84,REMASEP 01 :: SECCION C: ATENCIONES Y CONSULTAS POR OTROS PROFESIONALES NO MEDICOS :: ENFERMER :: ENFERMERA/O :: ATENCION AL PACIENTE :: POR EDAD (EN ANOS) :: 35 - 39 ANOS :: HOMBRES,REMASEP 01,T113,REMASEP 01 :: SECCION C: ATENCIONES Y CONSULTAS POR OTROS PROFESIONALES NO MEDICOS :: ENFERMERA/O :: ATENCION AL PACIENTE :: POR EDAD (EN ANOS) :: 35 - 39 ANOS :: HOMBRES,INTEGER_COUNT,stf:dc624775927d4d4d,writable_target_mapping_2026,EXACT_SEMANTIC_MATCH
wi:409b4c25c3accccdfa14,LEGACY::REMASEP_OD::F47,REMASEP_OD :: SECCION B: ACTIVIDADES DE ATENCION EN ESPECIALIDADES ODONTOLOGICAS. :: 5005008 - CEMENTACION CARILLA RESINA INDIRECTA :: OBTURACION INDIRECTA (INLAYS U ONLAYS) :: SEGUN GRUPOS DE EDAD O DE RIESGO :: MENOS DE 1 ANO - 1 ANO :: HOMBRES,REMASEP_OD,E64,REMASEP_OD :: SECCION B: ACTIVIDADES DE ATENCION EN ESPECIALIDADES ODONTOLOGICAS. :: OBTURACION INDIRECTA (INLAYS U ONLAYS) :: SEGUN GRUPOS DE EDAD O DE RIESGO :: MENOS DE 1 ANO - 1 ANO :: HOMBRES,INTEGER_COUNT,stf:dc624775927d4d4d,writable_target_mapping_2026,EXACT_SEMANTIC_MATCH
wi:40ab63dac133d1a9d92d,LEGACY::REMASEP_01::AH86,REMASEP 01 :: SECCION C: ATENCIONES Y CONSULTAS POR OTROS PROFESIONALES NO MEDICOS :: NUTRICIONISTA :: NUTRICIONISTA :: CONSULTA NUTRICIONAL :: POR EDAD (EN ANOS) :: 65 - 69 ANOS :: MUJERES,REMASEP 01,AG115,REMASEP 01 :: SECCION C: ATENCIONES Y CONSULTAS POR OTROS PROFESIONALES NO MEDICOS :: NUTRICIONISTA :: CONSULTA NUTRICIONAL :: POR EDAD (EN ANOS) :: 65 - 69 ANOS :: MUJERES,INTEGER_COUNT,stf:dc624775927d4d4d,writable_target_mapping_2026,EXACT_SEMANTIC_MATCH
wi:40d20ec8b7811487a083,LEGACY::REMASEP_OD::I63,REMASEP_OD :: SECCION B: ACTIVIDADES DE ATENCION EN ESPECIALIDADES ODONTOLOGICAS. :: 5010023 - PULPECTOMIA / 5010003 - PULPOTOMIA :: PROCEDIMIENTO PULPAR EN ODONTOPEDIATRIA (PULPOTOMIA Y PULPECTOMIA) :: SEGUN GRUPOS DE EDAD O DE RIESGO :: 2 ANOS :: MUJERES,REMASEP_OD,H80,REMASEP_OD :: SECCION B: ACTIVIDADES DE ATENCION EN ESPECIALIDADES ODONTOLOGICAS. :: PROCEDIMIENTO PULPAR EN ODONTOPEDIATRIA (PULPOTOMIA Y PULPECTOMIA) :: SEGUN GRUPOS DE EDAD O DE RIESGO :: 2 ANOS :: MUJERES,INTEGER_COUNT,stf:dc624775927d4d4d,writable_target_mapping_2026,EXACT_SEMANTIC_MATCH
wi:40d9004cca8ff2c1d412,LEGACY::REMASEP_OD::X89,REMASEP_OD :: SECCION B: ACTIVIDADES DE ATENCION EN ESPECIALIDADES ODONTOLOGICAS. :: 5009002 - DESGASTE SELECTIVO :: DESGASTE SELECTIVO :: SEGUN GRUPOS DE EDAD O DE RIESGO :: 15-19 ANOS :: HOMBRES,REMASEP_OD,W106,REMASEP_OD :: SECCION B: ACTIVIDADES DE ATENCION EN ESPECIALIDADES ODONTOLOGICAS. :: DESGASTE SELECTIVO :: SEGUN GRUPOS DE EDAD O DE RIESGO :: 15-19 ANOS :: HOMBRES,INTEGER_COUNT,stf:dc624775927d4d4d,writable_target_mapping_2026,EXACT_SEMANTIC_MATCH
wi:40f217077ae7057142bd,LEGACY::REMASEP_OD::Z51,REMASEP_OD :: SECCION B: ACTIVIDADES DE ATENCION EN ESPECIALIDADES ODONTOLOGICAS. :: 5004018 - RETIRO APARATO FIJO-LIMPIEZA-IMPRESION :: RETIRO APARATOLOGIA DE ORTODONCIA :: SEGUN GRUPOS DE EDAD O DE RIESGO :: 20-24 ANOS :: HOMBRES,REMASEP_OD,Y68,REMASEP_OD :: SECCION B: ACTIVIDADES DE ATENCION EN ESPECIALIDADES ODONTOLOGICAS. :: RETIRO APARATOLOGIA DE ORTODONCIA :: SEGUN GRUPOS DE EDAD O DE RIESGO :: 20-24 ANOS :: HOMBRES,INTEGER_COUNT,stf:dc624775927d4d4d,writable_target_mapping_2026,EXACT_SEMANTIC_MATCH
wi:413841ee7facca97d5e7,LEGACY::REMASEP_01::AL87,REMASEP 01 :: SECCION C: ATENCIONES Y CONSULTAS POR OTROS PROFESIONALES NO MEDICOS :: PSICO :: PSICOLOGO/A :: CONSULTA PSICOLOGICA :: POR EDAD (EN ANOS) :: 75 - 79 ANOS :: MUJERES,REMASEP 01,AK116,REMASEP 01 :: SECCION C: ATENCIONES Y CONSULTAS POR OTROS PROFESIONALES NO MEDICOS :: PSICOLOGO/A :: CONSULTA PSICOLOGICA :: POR EDAD (EN ANOS) :: 75 - 79 ANOS :: MUJERES,INTEGER_COUNT,stf:dc624775927d4d4d,writable_target_mapping_2026,EXACT_SEMANTIC_MATCH
wi:415a03d13ef3ce4dfd09,LEGACY::REMASEP_OD::U9,REMASEP_OD :: SECCION A: CONSULTAS Y CONTROLES ODONTOLOGICOS REALIZADOS :: A.1. CONSULTAS Y ALTAS :: CONTROL ODONTOLOGIA GENERAL :: CONTROLES ODONTOLOGICOS GENERALES :: SEGUN GRUPOS DE EDAD O DE RIESGO :: 8-9 ANOS :: MUJERES,REMASEP_OD,T18,REMASEP_OD :: SECCION A: CONSULTAS Y CONTROLES ODONTOLOGICOS REALIZADOS :: A.1. CONSULTAS Y ALTAS :: CONTROLES ODONTOLOGICOS GENERALES :: SEGUN GRUPOS DE EDAD O DE RIESGO :: 8-9 ANOS :: MUJERES,INTEGER_COUNT,stf:dc624775927d4d4d,writable_target_mapping_2026,EXACT_SEMANTIC_MATCH
wi:41b2fdeb5197d29d2a02,LEGACY::REMASEP_OD::N47,REMASEP_OD :: SECCION B: ACTIVIDADES DE ATENCION EN ESPECIALIDADES ODONTOLOGICAS. :: 5005008 - CEMENTACION CARILLA RESINA INDIRECTA :: OBTURACION INDIRECTA (INLAYS U ONLAYS) :: SEGUN GRUPOS DE EDAD O DE RIESGO :: 5 ANOS :: HOMBRES,REMASEP_OD,M64,REMASEP_OD :: SECCION B: ACTIVIDADES DE ATENCION EN ESPECIALIDADES ODONTOLOGICAS. :: OBTURACION INDIRECTA (INLAYS U ONLAYS) :: SEGUN GRUPOS DE EDAD O DE RIESGO :: 5 ANOS :: HOMBRES,INTEGER_COUNT,stf:dc624775927d4d4d,writable_target_mapping_2026,EXACT_SEMANTIC_MATCH
wi:41feb257e10c43d1e8f2,LEGACY::REMASEP_OD::P63,REMASEP_OD :: SECCION B: ACTIVIDADES DE ATENCION EN ESPECIALIDADES ODONTOLOGICAS. :: 5010023 - PULPECTOMIA / 5010003 - PULPOTOMIA :: PROCEDIMIENTO PULPAR EN ODONTOPEDIATRIA (PULPOTOMIA Y PULPECTOMIA) :: SEGUN GRUPOS DE EDAD O DE RIESGO :: 6 ANOS :: HOMBRES,REMASEP_OD,O80,REMASEP_OD :: SECCION B: ACTIVIDADES DE ATENCION EN ESPECIALIDADES ODONTOLOGICAS. :: PROCEDIMIENTO PULPAR EN ODONTOPEDIATRIA (PULPOTOMIA Y PULPECTOMIA) :: SEGUN GRUPOS DE EDAD O DE RIESGO :: 6 ANOS :: HOMBRES,INTEGER_COUNT,stf:dc624775927d4d4d,writable_target_mapping_2026,EXACT_SEMANTIC_MATCH
wi:4245892b71e25275eca8,LEGACY::REMASEP_OD::AC74,REMASEP_OD :: SECCION B: ACTIVIDADES DE ATENCION EN ESPECIALIDADES ODONTOLOGICAS. :: NO SE REALIZA EN FG :: REHABILITACION MEDIANTE PROTESIS MUCO-IMPLANTOASISTIDA :: SEGUN GRUPOS DE EDAD O DE RIESGO :: 25-34 ANOS :: MUJERES,REMASEP_OD,AB91,REMASEP_OD :: SECCION B: ACTIVIDADES DE ATENCION EN ESPECIALIDADES ODONTOLOGICAS. :: REHABILITACION MEDIANTE PROTESIS MUCO-IMPLANTOASISTIDA :: SEGUN GRUPOS DE EDAD O DE RIESGO :: 25-34 ANOS :: MUJERES,INTEGER_COUNT,stf:dc624775927d4d4d,writable_target_mapping_2026,EXACT_SEMANTIC_MATCH
wi:426005ac3ef6835f77e3,LEGACY::REMASEP_OD::AG72,REMASEP_OD :: SECCION B: ACTIVIDADES DE ATENCION EN ESPECIALIDADES ODONTOLOGICAS. :: CEMENTACION PROTESIS FIJA SOBRE DIENTE :: REHABILITACION MEDIANTE PROTESIS FIJA UNITARIA O PLURAL :: SEGUN GRUPOS DE EDAD O DE RIESGO :: 45-59 ANOS :: MUJERES,REMASEP_OD,AF89,REMASEP_OD :: SECCION B: ACTIVIDADES DE ATENCION EN ESPECIALIDADES ODONTOLOGICAS. :: REHABILITACION MEDIANTE PROTESIS FIJA UNITARIA O PLURAL :: SEGUN GRUPOS DE EDAD O DE RIESGO :: 45-59 ANOS :: MUJERES,INTEGER_COUNT,stf:dc624775927d4d4d,writable_target_mapping_2026,EXACT_SEMANTIC_MATCH
wi:4269423a8b3ef10aa0b0,LEGACY::REMASEP_OD::I47,REMASEP_OD :: SECCION B: ACTIVIDADES DE ATENCION EN ESPECIALIDADES ODONTOLOGICAS. :: 5005008 - CEMENTACION CARILLA RESINA INDIRECTA :: OBTURACION INDIRECTA (INLAYS U ONLAYS) :: SEGUN GRUPOS DE EDAD O DE RIESGO :: 2 ANOS :: MUJERES,REMASEP_OD,H64,REMASEP_OD :: SECCION B: ACTIVIDADES DE ATENCION EN ESPECIALIDADES ODONTOLOGICAS. :: OBTURACION INDIRECTA (INLAYS U ONLAYS) :: SEGUN GRUPOS DE EDAD O DE RIESGO :: 2 ANOS :: MUJERES,INTEGER_COUNT,stf:dc624775927d4d4d,writable_target_mapping_2026,EXACT_SEMANTIC_MATCH
wi:42a067b2e4424763269a,LEGACY::REMASEP_OD::K90,REMASEP_OD :: SECCION B: ACTIVIDADES DE ATENCION EN ESPECIALIDADES ODONTOLOGICAS. :: INSTALACIONES ORTOPEDIA :: INSTALACION DE DISPOSITIVO ORTOPEDICO :: SEGUN GRUPOS DE EDAD O DE RIESGO :: 3 ANOS :: MUJERES,REMASEP_OD,J107,REMASEP_OD :: SECCION B: ACTIVIDADES DE ATENCION EN ESPECIALIDADES ODONTOLOGICAS. :: INSTALACION DE DISPOSITIVO ORTOPEDICO :: SEGUN GRUPOS DE EDAD O DE RIESGO :: 3 ANOS :: MUJERES,INTEGER_COUNT,stf:dc624775927d4d4d,writable_target_mapping_2026,EXACT_SEMANTIC_MATCH
wi:42a9b8660ee952a2d0e6,LEGACY::REMASEP_OD::O49,REMASEP_OD :: SECCION B: ACTIVIDADES DE ATENCION EN ESPECIALIDADES ODONTOLOGICAS. :: 5004001 - INSTALACION APARATO FIJO SUP O INF :: INSTALACION APARATO FIJO ORTODONCICO :: SEGUN GRUPOS DE EDAD O DE RIESGO :: 5 ANOS :: MUJERES,REMASEP_OD,N66,REMASEP_OD :: SECCION B: ACTIVIDADES DE ATENCION EN ESPECIALIDADES ODONTOLOGICAS. :: INSTALACION APARATO FIJO ORTODONCICO :: SEGUN GRUPOS DE EDAD O DE RIESGO :: 5 ANOS :: MUJERES,INTEGER_COUNT,stf:dc624775927d4d4d,writable_target_mapping_2026,EXACT_SEMANTIC_MATCH
wi:42e7e19282692b339433,LEGACY::REMASEP_OD::M8,REMASEP_OD :: SECCION A: CONSULTAS Y CONTROLES ODONTOLOGICOS REALIZADOS :: A.1. CONSULTAS Y ALTAS :: EVALUACION ODONTOLOGIA GENERAL :: PRIMERAS CONSULTAS (ANO) DE ODONTOLOGIA ESPECIALIDADES :: SEGUN GRUPOS DE EDAD O DE RIESGO :: 4 ANOS :: MUJERES,REMASEP_OD,L17,REMASEP_OD :: SECCION A: CONSULTAS Y CONTROLES ODONTOLOGICOS REALIZADOS :: A.1. CONSULTAS Y ALTAS :: PRIMERAS CONSULTAS (ANO) DE ODONTOLOGIA ESPECIALIDADES :: SEGUN GRUPOS DE EDAD O DE RIESGO :: 4 ANOS :: MUJERES,INTEGER_COUNT,stf:dc624775927d4d4d,writable_target_mapping_2026,EXACT_SEMANTIC_MATCH
wi:432931d9ddaf9d1be1b6,LEGACY::REMASEP_01::T86,REMASEP 01 :: SECCION C: ATENCIONES Y CONSULTAS POR OTROS PROFESIONALES NO MEDICOS :: NUTRICIONISTA :: NUTRICIONISTA :: CONSULTA NUTRICIONAL :: POR EDAD (EN ANOS) :: 30 - 34 ANOS :: MUJERES,REMASEP 01,S115,REMASEP 01 :: SECCION C: ATENCIONES Y CONSULTAS POR OTROS PROFESIONALES NO MEDICOS :: NUTRICIONISTA :: CONSULTA NUTRICIONAL :: POR EDAD (EN ANOS) :: 30 - 34 ANOS :: MUJERES,INTEGER_COUNT,stf:dc624775927d4d4d,writable_target_mapping_2026,EXACT_SEMANTIC_MATCH
wi:433054ba25fdcb5764eb,LEGACY::REMASEP_01::AA87,REMASEP 01 :: SECCION C: ATENCIONES Y CONSULTAS POR OTROS PROFESIONALES NO MEDICOS :: PSICO :: PSICOLOGO/A :: CONSULTA PSICOLOGICA :: POR EDAD (EN ANOS) :: 50 - 54 ANOS :: HOMBRES,REMASEP 01,Z116,REMASEP 01 :: SECCION C: ATENCIONES Y CONSULTAS POR OTROS PROFESIONALES NO MEDICOS :: PSICOLOGO/A :: CONSULTA PSICOLOGICA :: POR EDAD (EN ANOS) :: 50 - 54 ANOS :: HOMBRES,INTEGER_COUNT,stf:dc624775927d4d4d,writable_target_mapping_2026,EXACT_SEMANTIC_MATCH
wi:433e03c07eb55637cb42,LEGACY::REMASEP_OD::Q40,REMASEP_OD :: SECCION B: ACTIVIDADES DE ATENCION EN ESPECIALIDADES ODONTOLOGICAS. :: EVALUACION ODON ESP :: EXAMEN Y DIAGNOSTICO DE ESPECIALIDAD :: SEGUN GRUPOS DE EDAD O DE RIESGO :: 6 ANOS :: MUJERES,REMASEP_OD,P57,REMASEP_OD :: SECCION B: ACTIVIDADES DE ATENCION EN ESPECIALIDADES ODONTOLOGICAS. :: EXAMEN Y DIAGNOSTICO DE ESPECIALIDAD :: SEGUN GRUPOS DE EDAD O DE RIESGO :: 6 ANOS :: MUJERES,INTEGER_COUNT,stf:dc624775927d4d4d,writable_target_mapping_2026,EXACT_SEMANTIC_MATCH
wi:43582e538f5ebc11a699,LEGACY::REMASEP_OD::V73,REMASEP_OD :: SECCION B: ACTIVIDADES DE ATENCION EN ESPECIALIDADES ODONTOLOGICAS. :: INSTALACION CORONA DEFINITIVA SOBRE IMPLANTE :: REHABILITACION MEDIANTE PROTESIS FIJA IMPLANTOASISTIDA (UNITARIA Y PLURAL) :: SEGUN GRUPOS DE EDAD O DE RIESGO :: 10-14 ANOS :: HOMBRES,REMASEP_OD,U90,REMASEP_OD :: SECCION B: ACTIVIDADES DE ATENCION EN ESPECIALIDADES ODONTOLOGICAS. :: REHABILITACION MEDIANTE PROTESIS FIJA IMPLANTOASISTIDA (UNITARIA Y PLURAL) :: SEGUN GRUPOS DE EDAD O DE RIESGO :: 10-14 ANOS :: HOMBRES,INTEGER_COUNT,stf:dc624775927d4d4d,writable_target_mapping_2026,EXACT_SEMANTIC_MATCH
wi:43601074633c9eeece4c,LEGACY::REMASEP_OD::AK10,REMASEP_OD :: SECCION A: CONSULTAS Y CONTROLES ODONTOLOGICOS REALIZADOS :: A.1. CONSULTAS Y ALTAS :: CONTROL ODON ESP :: CONTROLES ODONTOLOGICO DE ESPECIALIDAD :: SEGUN GRUPOS DE EDAD O DE RIESGO :: 65-74 ANOS :: MUJERES,REMASEP_OD,AJ19,REMASEP_OD :: SECCION A: CONSULTAS Y CONTROLES ODONTOLOGICOS REALIZADOS :: A.1. CONSULTAS Y ALTAS :: CONTROLES ODONTOLOGICO DE ESPECIALIDAD :: SEGUN GRUPOS DE EDAD O DE RIESGO :: 65-74 ANOS :: MUJERES,INTEGER_COUNT,stf:dc624775927d4d4d,writable_target_mapping_2026,EXACT_SEMANTIC_MATCH
wi:43a7dea8837ca6910f97,LEGACY::REMASEP_OD::AF13,"REMASEP_OD :: SECCION A: CONSULTAS Y CONTROLES ODONTOLOGICOS REALIZADOS :: A.3. ACCIONES GENERALES DE PREVENCION E HIGIENE :: 5001005 - SELLANTES :: APLICACION DE SELLANTE EN PIEZA PERMANENTE, FOTOCURADO :: SEGUN GRUPOS DE EDAD O DE RIESGO :: 45-59 ANOS :: HOMBRES",REMASEP_OD,AE30,"REMASEP_OD :: SECCION A: CONSULTAS Y CONTROLES ODONTOLOGICOS REALIZADOS :: A.3. ACCIONES GENERALES DE PREVENCION E HIGIENE :: APLICACION DE SELLANTE EN PIEZA PERMANENTE, FOTOCURADO :: SEGUN GRUPOS DE EDAD O DE RIESGO :: 45-59 ANOS :: HOMBRES",INTEGER_COUNT,stf:dc624775927d4d4d,writable_target_mapping_2026,EXACT_SEMANTIC_MATCH
wi:43e6b6c7bdb958ce18d3,LEGACY::REMASEP_OD::AD90,REMASEP_OD :: SECCION B: ACTIVIDADES DE ATENCION EN ESPECIALIDADES ODONTOLOGICAS. :: INSTALACIONES ORTOPEDIA :: INSTALACION DE DISPOSITIVO ORTOPEDICO :: SEGUN GRUPOS DE EDAD O DE RIESGO :: 35-44 ANOS :: HOMBRES,REMASEP_OD,AC107,REMASEP_OD :: SECCION B: ACTIVIDADES DE ATENCION EN ESPECIALIDADES ODONTOLOGICAS. :: INSTALACION DE DISPOSITIVO ORTOPEDICO :: SEGUN GRUPOS DE EDAD O DE RIESGO :: 35-44 ANOS :: HOMBRES,INTEGER_COUNT,stf:dc624775927d4d4d,writable_target_mapping_2026,EXACT_SEMANTIC_MATCH
wi:44bb1355683f4e7080fe,LEGACY::REMASEP_OD::AG50,REMASEP_OD :: SECCION B: ACTIVIDADES DE ATENCION EN ESPECIALIDADES ODONTOLOGICAS. :: INSTALACION CONTENCION :: INSTALACION APARATO DE CONTENCION ORTODONCICO :: SEGUN GRUPOS DE EDAD O DE RIESGO :: 45-59 ANOS :: MUJERES,REMASEP_OD,AF67,REMASEP_OD :: SECCION B: ACTIVIDADES DE ATENCION EN ESPECIALIDADES ODONTOLOGICAS. :: INSTALACION APARATO DE CONTENCION ORTODONCICO :: SEGUN GRUPOS DE EDAD O DE RIESGO :: 45-59 ANOS :: MUJERES,INTEGER_COUNT,stf:dc624775927d4d4d,writable_target_mapping_2026,EXACT_SEMANTIC_MATCH
wi:44eec28ffed9c11dfd3d,LEGACY::REMASEP_OD::T52,REMASEP_OD :: SECCION B: ACTIVIDADES DE ATENCION EN ESPECIALIDADES ODONTOLOGICAS. :: 5004020 - CONTROL ORTODONCIA QUIRURGICO :: ORTODONCIA PRE-QUIRURGICA :: SEGUN GRUPOS DE EDAD O DE RIESGO :: 8-9 ANOS :: HOMBRES,REMASEP_OD,S69,REMASEP_OD :: SECCION B: ACTIVIDADES DE ATENCION EN ESPECIALIDADES ODONTOLOGICAS. :: ORTODONCIA PRE-QUIRURGICA :: SEGUN GRUPOS DE EDAD O DE RIESGO :: 8-9 ANOS :: HOMBRES,INTEGER_COUNT,stf:dc624775927d4d4d,writable_target_mapping_2026,EXACT_SEMANTIC_MATCH
wi:456b4e4a0450ded9c457,LEGACY::REMASEP_OD::J63,REMASEP_OD :: SECCION B: ACTIVIDADES DE ATENCION EN ESPECIALIDADES ODONTOLOGICAS. :: 5010023 - PULPECTOMIA / 5010003 - PULPOTOMIA :: PROCEDIMIENTO PULPAR EN ODONTOPEDIATRIA (PULPOTOMIA Y PULPECTOMIA) :: SEGUN GRUPOS DE EDAD O DE RIESGO :: 3 ANOS :: HOMBRES,REMASEP_OD,I80,REMASEP_OD :: SECCION B: ACTIVIDADES DE ATENCION EN ESPECIALIDADES ODONTOLOGICAS. :: PROCEDIMIENTO PULPAR EN ODONTOPEDIATRIA (PULPOTOMIA Y PULPECTOMIA) :: SEGUN GRUPOS DE EDAD O DE RIESGO :: 3 ANOS :: HOMBRES,INTEGER_COUNT,stf:dc624775927d4d4d,writable_target_mapping_2026,EXACT_SEMANTIC_MATCH
wi:45887ec631f9f6c499a4,LEGACY::REMASEP_OD::S50,REMASEP_OD :: SECCION B: ACTIVIDADES DE ATENCION EN ESPECIALIDADES ODONTOLOGICAS. :: INSTALACION CONTENCION :: INSTALACION APARATO DE CONTENCION ORTODONCICO :: SEGUN GRUPOS DE EDAD O DE RIESGO :: 7 ANOS :: MUJERES,REMASEP_OD,R67,REMASEP_OD :: SECCION B: ACTIVIDADES DE ATENCION EN ESPECIALIDADES ODONTOLOGICAS. :: INSTALACION APARATO DE CONTENCION ORTODONCICO :: SEGUN GRUPOS DE EDAD O DE RIESGO :: 7 ANOS :: MUJERES,INTEGER_COUNT,stf:dc624775927d4d4d,writable_target_mapping_2026,EXACT_SEMANTIC_MATCH
wi:45a646f0d82ee75340e5,LEGACY::REMASEP_OD::X17,REMASEP_OD :: SECCION A: CONSULTAS Y CONTROLES ODONTOLOGICOS REALIZADOS :: A.3. ACCIONES GENERALES DE PREVENCION E HIGIENE :: 5001016 - FLUOR :: FLUORACION TOPICA DE BARNIZ :: SEGUN GRUPOS DE EDAD O DE RIESGO :: 15-19 ANOS :: HOMBRES,REMASEP_OD,W34,REMASEP_OD :: SECCION A: CONSULTAS Y CONTROLES ODONTOLOGICOS REALIZADOS :: A.3. ACCIONES GENERALES DE PREVENCION E HIGIENE :: FLUORACION TOPICA DE BARNIZ :: SEGUN GRUPOS DE EDAD O DE RIESGO :: 15-19 ANOS :: HOMBRES,INTEGER_COUNT,stf:dc624775927d4d4d,writable_target_mapping_2026,EXACT_SEMANTIC_MATCH
wi:45b3ee92842295a23348,LEGACY::REMASEP_OD::G89,REMASEP_OD :: SECCION B: ACTIVIDADES DE ATENCION EN ESPECIALIDADES ODONTOLOGICAS. :: 5009002 - DESGASTE SELECTIVO :: DESGASTE SELECTIVO :: SEGUN GRUPOS DE EDAD O DE RIESGO :: MENOS DE 1 ANO - 1 ANO :: MUJERES,REMASEP_OD,F106,REMASEP_OD :: SECCION B: ACTIVIDADES DE ATENCION EN ESPECIALIDADES ODONTOLOGICAS. :: DESGASTE SELECTIVO :: SEGUN GRUPOS DE EDAD O DE RIESGO :: MENOS DE 1 ANO - 1 ANO :: MUJERES,INTEGER_COUNT,stf:dc624775927d4d4d,writable_target_mapping_2026,EXACT_SEMANTIC_MATCH
wi:462503fa7ebe89ae1143,LEGACY::REMASEP_OD::J46,REMASEP_OD :: SECCION B: ACTIVIDADES DE ATENCION EN ESPECIALIDADES ODONTOLOGICAS. :: 5010009 - VIDRIO IONOMERO :: OBTURACION DIRECTA :: SEGUN GRUPOS DE EDAD O DE RIESGO :: 3 ANOS :: HOMBRES,REMASEP_OD,I63,REMASEP_OD :: SECCION B: ACTIVIDADES DE ATENCION EN ESPECIALIDADES ODONTOLOGICAS. :: OBTURACION DIRECTA :: SEGUN GRUPOS DE EDAD O DE RIESGO :: 3 ANOS :: HOMBRES,INTEGER_COUNT,stf:dc624775927d4d4d,writable_target_mapping_2026,EXACT_SEMANTIC_MATCH
wi:463d4a7c8519d5d0a3da,LEGACY::REMASEP_OD::AC8,REMASEP_OD :: SECCION A: CONSULTAS Y CONTROLES ODONTOLOGICOS REALIZADOS :: A.1. CONSULTAS Y ALTAS :: EVALUACION ODONTOLOGIA GENERAL :: PRIMERAS CONSULTAS (ANO) DE ODONTOLOGIA ESPECIALIDADES :: SEGUN GRUPOS DE EDAD O DE RIESGO :: 25-34 ANOS :: MUJERES,REMASEP_OD,AB17,REMASEP_OD :: SECCION A: CONSULTAS Y CONTROLES ODONTOLOGICOS REALIZADOS :: A.1. CONSULTAS Y ALTAS :: PRIMERAS CONSULTAS (ANO) DE ODONTOLOGIA ESPECIALIDADES :: SEGUN GRUPOS DE EDAD O DE RIESGO :: 25-34 ANOS :: MUJERES,INTEGER_COUNT,stf:dc624775927d4d4d,writable_target_mapping_2026,EXACT_SEMANTIC_MATCH
wi:46759bf441dc97c3573a,LEGACY::REMASEP_OD::Z73,REMASEP_OD :: SECCION B: ACTIVIDADES DE ATENCION EN ESPECIALIDADES ODONTOLOGICAS. :: INSTALACION CORONA DEFINITIVA SOBRE IMPLANTE :: REHABILITACION MEDIANTE PROTESIS FIJA IMPLANTOASISTIDA (UNITARIA Y PLURAL) :: SEGUN GRUPOS DE EDAD O DE RIESGO :: 20-24 ANOS :: HOMBRES,REMASEP_OD,Y90,REMASEP_OD :: SECCION B: ACTIVIDADES DE ATENCION EN ESPECIALIDADES ODONTOLOGICAS. :: REHABILITACION MEDIANTE PROTESIS FIJA IMPLANTOASISTIDA (UNITARIA Y PLURAL) :: SEGUN GRUPOS DE EDAD O DE RIESGO :: 20-24 ANOS :: HOMBRES,INTEGER_COUNT,stf:dc624775927d4d4d,writable_target_mapping_2026,EXACT_SEMANTIC_MATCH
wi:46821cebc8479d21fcc2,LEGACY::REMASEP_OD::K46,REMASEP_OD :: SECCION B: ACTIVIDADES DE ATENCION EN ESPECIALIDADES ODONTOLOGICAS. :: 5010009 - VIDRIO IONOMERO :: OBTURACION DIRECTA :: SEGUN GRUPOS DE EDAD O DE RIESGO :: 3 ANOS :: MUJERES,REMASEP_OD,J63,REMASEP_OD :: SECCION B: ACTIVIDADES DE ATENCION EN ESPECIALIDADES ODONTOLOGICAS. :: OBTURACION DIRECTA :: SEGUN GRUPOS DE EDAD O DE RIESGO :: 3 ANOS :: MUJERES,INTEGER_COUNT,stf:dc624775927d4d4d,writable_target_mapping_2026,EXACT_SEMANTIC_MATCH
wi:4682e58aab43d9620d7a,LEGACY::REMASEP_OD::R52,REMASEP_OD :: SECCION B: ACTIVIDADES DE ATENCION EN ESPECIALIDADES ODONTOLOGICAS. :: 5004020 - CONTROL ORTODONCIA QUIRURGICO :: ORTODONCIA PRE-QUIRURGICA :: SEGUN GRUPOS DE EDAD O DE RIESGO :: 7 ANOS :: HOMBRES,REMASEP_OD,Q69,REMASEP_OD :: SECCION B: ACTIVIDADES DE ATENCION EN ESPECIALIDADES ODONTOLOGICAS. :: ORTODONCIA PRE-QUIRURGICA :: SEGUN GRUPOS DE EDAD O DE RIESGO :: 7 ANOS :: HOMBRES,INTEGER_COUNT,stf:dc624775927d4d4d,writable_target_mapping_2026,EXACT_SEMANTIC_MATCH
wi:46854ed3173daade61c9,LEGACY::REMASEP_OD::AL10,REMASEP_OD :: SECCION A: CONSULTAS Y CONTROLES ODONTOLOGICOS REALIZADOS :: A.1. CONSULTAS Y ALTAS :: CONTROL ODON ESP :: CONTROLES ODONTOLOGICO DE ESPECIALIDAD :: SEGUN GRUPOS DE EDAD O DE RIESGO :: 75 Y MAS ANOS :: HOMBRES,REMASEP_OD,AK19,REMASEP_OD :: SECCION A: CONSULTAS Y CONTROLES ODONTOLOGICOS REALIZADOS :: A.1. CONSULTAS Y ALTAS :: CONTROLES ODONTOLOGICO DE ESPECIALIDAD :: SEGUN GRUPOS DE EDAD O DE RIESGO :: 75 Y MAS ANOS :: HOMBRES,INTEGER_COUNT,stf:dc624775927d4d4d,writable_target_mapping_2026,EXACT_SEMANTIC_MATCH
wi:46dc473f5765e4ebfeff,LEGACY::REMASEP_OD::L90,REMASEP_OD :: SECCION B: ACTIVIDADES DE ATENCION EN ESPECIALIDADES ODONTOLOGICAS. :: INSTALACIONES ORTOPEDIA :: INSTALACION DE DISPOSITIVO ORTOPEDICO :: SEGUN GRUPOS DE EDAD O DE RIESGO :: 4 ANOS :: HOMBRES,REMASEP_OD,K107,REMASEP_OD :: SECCION B: ACTIVIDADES DE ATENCION EN ESPECIALIDADES ODONTOLOGICAS. :: INSTALACION DE DISPOSITIVO ORTOPEDICO :: SEGUN GRUPOS DE EDAD O DE RIESGO :: 4 ANOS :: HOMBRES,INTEGER_COUNT,stf:dc624775927d4d4d,writable_target_mapping_2026,EXACT_SEMANTIC_MATCH
wi:46eabd6bc59246c3cb4e,LEGACY::REMASEP_OD::P16,REMASEP_OD :: SECCION A: CONSULTAS Y CONTROLES ODONTOLOGICOS REALIZADOS :: A.3. ACCIONES GENERALES DE PREVENCION E HIGIENE :: 5010011 - PROFILAXIS :: HIGIENE Y PROFILAXIS EN NINOS Y ADULTOS :: SEGUN GRUPOS DE EDAD O DE RIESGO :: 6 ANOS :: HOMBRES,REMASEP_OD,O33,REMASEP_OD :: SECCION A: CONSULTAS Y CONTROLES ODONTOLOGICOS REALIZADOS :: A.3. ACCIONES GENERALES DE PREVENCION E HIGIENE :: HIGIENE Y PROFILAXIS EN NINOS Y ADULTOS :: SEGUN GRUPOS DE EDAD O DE RIESGO :: 6 ANOS :: HOMBRES,INTEGER_COUNT,stf:dc624775927d4d4d,writable_target_mapping_2026,EXACT_SEMANTIC_MATCH
wi:47153f8dfc02934d830e,LEGACY::REMASEP_OD::R63,REMASEP_OD :: SECCION B: ACTIVIDADES DE ATENCION EN ESPECIALIDADES ODONTOLOGICAS. :: 5010023 - PULPECTOMIA / 5010003 - PULPOTOMIA :: PROCEDIMIENTO PULPAR EN ODONTOPEDIATRIA (PULPOTOMIA Y PULPECTOMIA) :: SEGUN GRUPOS DE EDAD O DE RIESGO :: 7 ANOS :: HOMBRES,REMASEP_OD,Q80,REMASEP_OD :: SECCION B: ACTIVIDADES DE ATENCION EN ESPECIALIDADES ODONTOLOGICAS. :: PROCEDIMIENTO PULPAR EN ODONTOPEDIATRIA (PULPOTOMIA Y PULPECTOMIA) :: SEGUN GRUPOS DE EDAD O DE RIESGO :: 7 ANOS :: HOMBRES,INTEGER_COUNT,stf:dc624775927d4d4d,writable_target_mapping_2026,EXACT_SEMANTIC_MATCH
wi:4791429509d83175ed92,LEGACY::REMASEP_OD::F73,REMASEP_OD :: SECCION B: ACTIVIDADES DE ATENCION EN ESPECIALIDADES ODONTOLOGICAS. :: INSTALACION CORONA DEFINITIVA SOBRE IMPLANTE :: REHABILITACION MEDIANTE PROTESIS FIJA IMPLANTOASISTIDA (UNITARIA Y PLURAL) :: SEGUN GRUPOS DE EDAD O DE RIESGO :: MENOS DE 1 ANO - 1 ANO :: HOMBRES,REMASEP_OD,E90,REMASEP_OD :: SECCION B: ACTIVIDADES DE ATENCION EN ESPECIALIDADES ODONTOLOGICAS. :: REHABILITACION MEDIANTE PROTESIS FIJA IMPLANTOASISTIDA (UNITARIA Y PLURAL) :: SEGUN GRUPOS DE EDAD O DE RIESGO :: MENOS DE 1 ANO - 1 ANO :: HOMBRES,INTEGER_COUNT,stf:dc624775927d4d4d,writable_target_mapping_2026,EXACT_SEMANTIC_MATCH
wi:479344fdb7513616af67,LEGACY::REMASEP_01::U87,REMASEP 01 :: SECCION C: ATENCIONES Y CONSULTAS POR OTROS PROFESIONALES NO MEDICOS :: PSICO :: PSICOLOGO/A :: CONSULTA PSICOLOGICA :: POR EDAD (EN ANOS) :: 35 - 39 ANOS :: HOMBRES,REMASEP 01,T116,REMASEP 01 :: SECCION C: ATENCIONES Y CONSULTAS POR OTROS PROFESIONALES NO MEDICOS :: PSICOLOGO/A :: CONSULTA PSICOLOGICA :: POR EDAD (EN ANOS) :: 35 - 39 ANOS :: HOMBRES,INTEGER_COUNT,stf:dc624775927d4d4d,writable_target_mapping_2026,EXACT_SEMANTIC_MATCH
wi:479e41c20b58909f4329,LEGACY::REMASEP_OD::Z72,REMASEP_OD :: SECCION B: ACTIVIDADES DE ATENCION EN ESPECIALIDADES ODONTOLOGICAS. :: CEMENTACION PROTESIS FIJA SOBRE DIENTE :: REHABILITACION MEDIANTE PROTESIS FIJA UNITARIA O PLURAL :: SEGUN GRUPOS DE EDAD O DE RIESGO :: 20-24 ANOS :: HOMBRES,REMASEP_OD,Y89,REMASEP_OD :: SECCION B: ACTIVIDADES DE ATENCION EN ESPECIALIDADES ODONTOLOGICAS. :: REHABILITACION MEDIANTE PROTESIS FIJA UNITARIA O PLURAL :: SEGUN GRUPOS DE EDAD O DE RIESGO :: 20-24 ANOS :: HOMBRES,INTEGER_COUNT,stf:dc624775927d4d4d,writable_target_mapping_2026,EXACT_SEMANTIC_MATCH
wi:47ffa4de4f47a7ee13d6,LEGACY::REMASEP_OD::X72,REMASEP_OD :: SECCION B: ACTIVIDADES DE ATENCION EN ESPECIALIDADES ODONTOLOGICAS. :: CEMENTACION PROTESIS FIJA SOBRE DIENTE :: REHABILITACION MEDIANTE PROTESIS FIJA UNITARIA O PLURAL :: SEGUN GRUPOS DE EDAD O DE RIESGO :: 15-19 ANOS :: HOMBRES,REMASEP_OD,W89,REMASEP_OD :: SECCION B: ACTIVIDADES DE ATENCION EN ESPECIALIDADES ODONTOLOGICAS. :: REHABILITACION MEDIANTE PROTESIS FIJA UNITARIA O PLURAL :: SEGUN GRUPOS DE EDAD O DE RIESGO :: 15-19 ANOS :: HOMBRES,INTEGER_COUNT,stf:dc624775927d4d4d,writable_target_mapping_2026,EXACT_SEMANTIC_MATCH
wi:490cd87553d43431b8f1,LEGACY::REMASEP_OD::AM8,REMASEP_OD :: SECCION A: CONSULTAS Y CONTROLES ODONTOLOGICOS REALIZADOS :: A.1. CONSULTAS Y ALTAS :: EVALUACION ODONTOLOGIA GENERAL :: PRIMERAS CONSULTAS (ANO) DE ODONTOLOGIA ESPECIALIDADES :: SEGUN GRUPOS DE EDAD O DE RIESGO :: 75 Y MAS ANOS :: MUJERES,REMASEP_OD,AL17,REMASEP_OD :: SECCION A: CONSULTAS Y CONTROLES ODONTOLOGICOS REALIZADOS :: A.1. CONSULTAS Y ALTAS :: PRIMERAS CONSULTAS (ANO) DE ODONTOLOGIA ESPECIALIDADES :: SEGUN GRUPOS DE EDAD O DE RIESGO :: 75 Y MAS ANOS :: MUJERES,INTEGER_COUNT,stf:dc624775927d4d4d,writable_target_mapping_2026,EXACT_SEMANTIC_MATCH
wi:496e9cc72aa2e6a8bb57,LEGACY::REMASEP_OD::K74,REMASEP_OD :: SECCION B: ACTIVIDADES DE ATENCION EN ESPECIALIDADES ODONTOLOGICAS. :: NO SE REALIZA EN FG :: REHABILITACION MEDIANTE PROTESIS MUCO-IMPLANTOASISTIDA :: SEGUN GRUPOS DE EDAD O DE RIESGO :: 3 ANOS :: MUJERES,REMASEP_OD,J91,REMASEP_OD :: SECCION B: ACTIVIDADES DE ATENCION EN ESPECIALIDADES ODONTOLOGICAS. :: REHABILITACION MEDIANTE PROTESIS MUCO-IMPLANTOASISTIDA :: SEGUN GRUPOS DE EDAD O DE RIESGO :: 3 ANOS :: MUJERES,INTEGER_COUNT,stf:dc624775927d4d4d,writable_target_mapping_2026,EXACT_SEMANTIC_MATCH
wi:4ab34b3174365072f369,LEGACY::REMASEP_OD::Q14,REMASEP_OD :: SECCION A: CONSULTAS Y CONTROLES ODONTOLOGICOS REALIZADOS :: A.3. ACCIONES GENERALES DE PREVENCION E HIGIENE :: 50010112 - INSTRUCCION DE HIGIENE ORAL :: INSTRUCCION Y CONTROL DE HIGIENE ORAL EN NINOS Y ADULTOS :: SEGUN GRUPOS DE EDAD O DE RIESGO :: 6 ANOS :: MUJERES,REMASEP_OD,P31,REMASEP_OD :: SECCION A: CONSULTAS Y CONTROLES ODONTOLOGICOS REALIZADOS :: A.3. ACCIONES GENERALES DE PREVENCION E HIGIENE :: INSTRUCCION Y CONTROL DE HIGIENE ORAL EN NINOS Y ADULTOS :: SEGUN GRUPOS DE EDAD O DE RIESGO :: 6 ANOS :: MUJERES,INTEGER_COUNT,stf:dc624775927d4d4d,writable_target_mapping_2026,EXACT_SEMANTIC_MATCH
wi:4b1624f02cca0133536a,LEGACY::REMASEP_OD::L17,REMASEP_OD :: SECCION A: CONSULTAS Y CONTROLES ODONTOLOGICOS REALIZADOS :: A.3. ACCIONES GENERALES DE PREVENCION E HIGIENE :: 5001016 - FLUOR :: FLUORACION TOPICA DE BARNIZ :: SEGUN GRUPOS DE EDAD O DE RIESGO :: 4 ANOS :: HOMBRES,REMASEP_OD,K34,REMASEP_OD :: SECCION A: CONSULTAS Y CONTROLES ODONTOLOGICOS REALIZADOS :: A.3. ACCIONES GENERALES DE PREVENCION E HIGIENE :: FLUORACION TOPICA DE BARNIZ :: SEGUN GRUPOS DE EDAD O DE RIESGO :: 4 ANOS :: HOMBRES,INTEGER_COUNT,stf:dc624775927d4d4d,writable_target_mapping_2026,EXACT_SEMANTIC_MATCH
wi:4b42b8c4d84d2e8ff293,LEGACY::REMASEP_01::AG90,REMASEP 01 :: SECCION C: ATENCIONES Y CONSULTAS POR OTROS PROFESIONALES NO MEDICOS :: KINE :: KINESIOLOGO/A :: ATENCION KINESIOLOGICA :: POR EDAD (EN ANOS) :: 65 - 69 ANOS :: HOMBRES,REMASEP 01,AF119,REMASEP 01 :: SECCION C: ATENCIONES Y CONSULTAS POR OTROS PROFESIONALES NO MEDICOS :: KINESIOLOGO/A :: ATENCION KINESIOLOGICA :: POR EDAD (EN ANOS) :: 65 - 69 ANOS :: HOMBRES,INTEGER_COUNT,stf:dc624775927d4d4d,writable_target_mapping_2026,EXACT_SEMANTIC_MATCH
wi:4b43fd2d9aa226420dd0,LEGACY::REMASEP_OD::S8,REMASEP_OD :: SECCION A: CONSULTAS Y CONTROLES ODONTOLOGICOS REALIZADOS :: A.1. CONSULTAS Y ALTAS :: EVALUACION ODONTOLOGIA GENERAL :: PRIMERAS CONSULTAS (ANO) DE ODONTOLOGIA ESPECIALIDADES :: SEGUN GRUPOS DE EDAD O DE RIESGO :: 7 ANOS :: MUJERES,REMASEP_OD,R17,REMASEP_OD :: SECCION A: CONSULTAS Y CONTROLES ODONTOLOGICOS REALIZADOS :: A.1. CONSULTAS Y ALTAS :: PRIMERAS CONSULTAS (ANO) DE ODONTOLOGIA ESPECIALIDADES :: SEGUN GRUPOS DE EDAD O DE RIESGO :: 7 ANOS :: MUJERES,INTEGER_COUNT,stf:dc624775927d4d4d,writable_target_mapping_2026,EXACT_SEMANTIC_MATCH
wi:4ba288f724780ecaf9c4,LEGACY::REMASEP_01::Y84,REMASEP 01 :: SECCION C: ATENCIONES Y CONSULTAS POR OTROS PROFESIONALES NO MEDICOS :: ENFERMER :: ENFERMERA/O :: ATENCION AL PACIENTE :: POR EDAD (EN ANOS) :: 45 - 49 ANOS :: HOMBRES,REMASEP 01,X113,REMASEP 01 :: SECCION C: ATENCIONES Y CONSULTAS POR OTROS PROFESIONALES NO MEDICOS :: ENFERMERA/O :: ATENCION AL PACIENTE :: POR EDAD (EN ANOS) :: 45 - 49 ANOS :: HOMBRES,INTEGER_COUNT,stf:dc624775927d4d4d,writable_target_mapping_2026,EXACT_SEMANTIC_MATCH
wi:4c4b19d2964a841586c8,LEGACY::REMASEP_OD::I52,REMASEP_OD :: SECCION B: ACTIVIDADES DE ATENCION EN ESPECIALIDADES ODONTOLOGICAS. :: 5004020 - CONTROL ORTODONCIA QUIRURGICO :: ORTODONCIA PRE-QUIRURGICA :: SEGUN GRUPOS DE EDAD O DE RIESGO :: 2 ANOS :: MUJERES,REMASEP_OD,H69,REMASEP_OD :: SECCION B: ACTIVIDADES DE ATENCION EN ESPECIALIDADES ODONTOLOGICAS. :: ORTODONCIA PRE-QUIRURGICA :: SEGUN GRUPOS DE EDAD O DE RIESGO :: 2 ANOS :: MUJERES,INTEGER_COUNT,stf:dc624775927d4d4d,writable_target_mapping_2026,EXACT_SEMANTIC_MATCH
wi:4c655cdc030e2394e1a1,LEGACY::REMASEP_OD::J89,REMASEP_OD :: SECCION B: ACTIVIDADES DE ATENCION EN ESPECIALIDADES ODONTOLOGICAS. :: 5009002 - DESGASTE SELECTIVO :: DESGASTE SELECTIVO :: SEGUN GRUPOS DE EDAD O DE RIESGO :: 3 ANOS :: HOMBRES,REMASEP_OD,I106,REMASEP_OD :: SECCION B: ACTIVIDADES DE ATENCION EN ESPECIALIDADES ODONTOLOGICAS. :: DESGASTE SELECTIVO :: SEGUN GRUPOS DE EDAD O DE RIESGO :: 3 ANOS :: HOMBRES,INTEGER_COUNT,stf:dc624775927d4d4d,writable_target_mapping_2026,EXACT_SEMANTIC_MATCH
wi:4c86aa694c84506cb392,LEGACY::REMASEP_OD::F72,REMASEP_OD :: SECCION B: ACTIVIDADES DE ATENCION EN ESPECIALIDADES ODONTOLOGICAS. :: CEMENTACION PROTESIS FIJA SOBRE DIENTE :: REHABILITACION MEDIANTE PROTESIS FIJA UNITARIA O PLURAL :: SEGUN GRUPOS DE EDAD O DE RIESGO :: MENOS DE 1 ANO - 1 ANO :: HOMBRES,REMASEP_OD,E89,REMASEP_OD :: SECCION B: ACTIVIDADES DE ATENCION EN ESPECIALIDADES ODONTOLOGICAS. :: REHABILITACION MEDIANTE PROTESIS FIJA UNITARIA O PLURAL :: SEGUN GRUPOS DE EDAD O DE RIESGO :: MENOS DE 1 ANO - 1 ANO :: HOMBRES,INTEGER_COUNT,stf:dc624775927d4d4d,writable_target_mapping_2026,EXACT_SEMANTIC_MATCH
wi:4c8a268df328fe5526f4,LEGACY::REMASEP_OD::N40,REMASEP_OD :: SECCION B: ACTIVIDADES DE ATENCION EN ESPECIALIDADES ODONTOLOGICAS. :: EVALUACION ODON ESP :: EXAMEN Y DIAGNOSTICO DE ESPECIALIDAD :: SEGUN GRUPOS DE EDAD O DE RIESGO :: 5 ANOS :: HOMBRES,REMASEP_OD,M57,REMASEP_OD :: SECCION B: ACTIVIDADES DE ATENCION EN ESPECIALIDADES ODONTOLOGICAS. :: EXAMEN Y DIAGNOSTICO DE ESPECIALIDAD :: SEGUN GRUPOS DE EDAD O DE RIESGO :: 5 ANOS :: HOMBRES,INTEGER_COUNT,stf:dc624775927d4d4d,writable_target_mapping_2026,EXACT_SEMANTIC_MATCH
wi:4d4f0c740f8f4c436a64,LEGACY::REMASEP_OD::T16,REMASEP_OD :: SECCION A: CONSULTAS Y CONTROLES ODONTOLOGICOS REALIZADOS :: A.3. ACCIONES GENERALES DE PREVENCION E HIGIENE :: 5010011 - PROFILAXIS :: HIGIENE Y PROFILAXIS EN NINOS Y ADULTOS :: SEGUN GRUPOS DE EDAD O DE RIESGO :: 8-9 ANOS :: HOMBRES,REMASEP_OD,S33,REMASEP_OD :: SECCION A: CONSULTAS Y CONTROLES ODONTOLOGICOS REALIZADOS :: A.3. ACCIONES GENERALES DE PREVENCION E HIGIENE :: HIGIENE Y PROFILAXIS EN NINOS Y ADULTOS :: SEGUN GRUPOS DE EDAD O DE RIESGO :: 8-9 ANOS :: HOMBRES,INTEGER_COUNT,stf:dc624775927d4d4d,writable_target_mapping_2026,EXACT_SEMANTIC_MATCH
wi:4d8fb3867d47ab60071c,LEGACY::REMASEP_OD::AH8,REMASEP_OD :: SECCION A: CONSULTAS Y CONTROLES ODONTOLOGICOS REALIZADOS :: A.1. CONSULTAS Y ALTAS :: EVALUACION ODONTOLOGIA GENERAL :: PRIMERAS CONSULTAS (ANO) DE ODONTOLOGIA ESPECIALIDADES :: SEGUN GRUPOS DE EDAD O DE RIESGO :: 60-64 ANOS :: HOMBRES,REMASEP_OD,AG17,REMASEP_OD :: SECCION A: CONSULTAS Y CONTROLES ODONTOLOGICOS REALIZADOS :: A.1. CONSULTAS Y ALTAS :: PRIMERAS CONSULTAS (ANO) DE ODONTOLOGIA ESPECIALIDADES :: SEGUN GRUPOS DE EDAD O DE RIESGO :: 60-64 ANOS :: HOMBRES,INTEGER_COUNT,stf:dc624775927d4d4d,writable_target_mapping_2026,EXACT_SEMANTIC_MATCH
wi:4d903fb975c939f8220e,LEGACY::REMASEP_OD::S40,REMASEP_OD :: SECCION B: ACTIVIDADES DE ATENCION EN ESPECIALIDADES ODONTOLOGICAS. :: EVALUACION ODON ESP :: EXAMEN Y DIAGNOSTICO DE ESPECIALIDAD :: SEGUN GRUPOS DE EDAD O DE RIESGO :: 7 ANOS :: MUJERES,REMASEP_OD,R57,REMASEP_OD :: SECCION B: ACTIVIDADES DE ATENCION EN ESPECIALIDADES ODONTOLOGICAS. :: EXAMEN Y DIAGNOSTICO DE ESPECIALIDAD :: SEGUN GRUPOS DE EDAD O DE RIESGO :: 7 ANOS :: MUJERES,INTEGER_COUNT,stf:dc624775927d4d4d,writable_target_mapping_2026,EXACT_SEMANTIC_MATCH
wi:4da239d34b87060cfb45,LEGACY::REMASEP_OD::AD62,"REMASEP_OD :: SECCION B: ACTIVIDADES DE ATENCION EN ESPECIALIDADES ODONTOLOGICAS. :: COMPOSITE :: PROCEDIMIENTO RESTAURADOR EN ODONTOPEDIATRIA (TODOS LOS TIPOS: RESINA, TEMPORALES Y AMALGAMAS) :: SEGUN GRUPOS DE EDAD O DE RIESGO :: 35-44 ANOS :: HOMBRES",REMASEP_OD,AC79,"REMASEP_OD :: SECCION B: ACTIVIDADES DE ATENCION EN ESPECIALIDADES ODONTOLOGICAS. :: PROCEDIMIENTO RESTAURADOR EN ODONTOPEDIATRIA (TODOS LOS TIPOS: RESINA, TEMPORALES Y AMALGAMAS) :: SEGUN GRUPOS DE EDAD O DE RIESGO :: 35-44 ANOS :: HOMBRES",INTEGER_COUNT,stf:dc624775927d4d4d,writable_target_mapping_2026,EXACT_SEMANTIC_MATCH
wi:4eb9a022feaf0950ab74,LEGACY::REMASEP_OD::AD63,REMASEP_OD :: SECCION B: ACTIVIDADES DE ATENCION EN ESPECIALIDADES ODONTOLOGICAS. :: 5010023 - PULPECTOMIA / 5010003 - PULPOTOMIA :: PROCEDIMIENTO PULPAR EN ODONTOPEDIATRIA (PULPOTOMIA Y PULPECTOMIA) :: SEGUN GRUPOS DE EDAD O DE RIESGO :: 35-44 ANOS :: HOMBRES,REMASEP_OD,AC80,REMASEP_OD :: SECCION B: ACTIVIDADES DE ATENCION EN ESPECIALIDADES ODONTOLOGICAS. :: PROCEDIMIENTO PULPAR EN ODONTOPEDIATRIA (PULPOTOMIA Y PULPECTOMIA) :: SEGUN GRUPOS DE EDAD O DE RIESGO :: 35-44 ANOS :: HOMBRES,INTEGER_COUNT,stf:dc624775927d4d4d,writable_target_mapping_2026,EXACT_SEMANTIC_MATCH
wi:4ecce84720e0205161ba,LEGACY::REMASEP_OD::AF71,REMASEP_OD :: SECCION B: ACTIVIDADES DE ATENCION EN ESPECIALIDADES ODONTOLOGICAS. :: INSTALACION PROTESIS PARCIAL METALICA SUP O INF :: REHABILITACION MEDIANTE PROTESIS REMOVIBLE METALICA PARCIAL :: SEGUN GRUPOS DE EDAD O DE RIESGO :: 45-59 ANOS :: HOMBRES,REMASEP_OD,AE88,REMASEP_OD :: SECCION B: ACTIVIDADES DE ATENCION EN ESPECIALIDADES ODONTOLOGICAS. :: REHABILITACION MEDIANTE PROTESIS REMOVIBLE METALICA PARCIAL :: SEGUN GRUPOS DE EDAD O DE RIESGO :: 45-59 ANOS :: HOMBRES,INTEGER_COUNT,stf:dc624775927d4d4d,writable_target_mapping_2026,EXACT_SEMANTIC_MATCH
wi:4f13a3e9bd3822b44a35,LEGACY::REMASEP_OD::AB54,REMASEP_OD :: SECCION B: ACTIVIDADES DE ATENCION EN ESPECIALIDADES ODONTOLOGICAS. :: CONTROLES ORTODONCIA :: ORTODONCIA PREVENTIVA E INTERCEPTIVA (OPI) :: SEGUN GRUPOS DE EDAD O DE RIESGO :: 25-34 ANOS :: HOMBRES,REMASEP_OD,AA71,REMASEP_OD :: SECCION B: ACTIVIDADES DE ATENCION EN ESPECIALIDADES ODONTOLOGICAS. :: ORTODONCIA PREVENTIVA E INTERCEPTIVA (OPI) :: SEGUN GRUPOS DE EDAD O DE RIESGO :: 25-34 ANOS :: HOMBRES,INTEGER_COUNT,stf:dc624775927d4d4d,writable_target_mapping_2026,EXACT_SEMANTIC_MATCH
wi:4f6c24249bf18f40cc4e,LEGACY::REMASEP_OD::H49,REMASEP_OD :: SECCION B: ACTIVIDADES DE ATENCION EN ESPECIALIDADES ODONTOLOGICAS. :: 5004001 - INSTALACION APARATO FIJO SUP O INF :: INSTALACION APARATO FIJO ORTODONCICO :: SEGUN GRUPOS DE EDAD O DE RIESGO :: 2 ANOS :: HOMBRES,REMASEP_OD,G66,REMASEP_OD :: SECCION B: ACTIVIDADES DE ATENCION EN ESPECIALIDADES ODONTOLOGICAS. :: INSTALACION APARATO FIJO ORTODONCICO :: SEGUN GRUPOS DE EDAD O DE RIESGO :: 2 ANOS :: HOMBRES,INTEGER_COUNT,stf:dc624775927d4d4d,writable_target_mapping_2026,EXACT_SEMANTIC_MATCH
wi:4fd46578477631618439,LEGACY::REMASEP_OD::AG62,"REMASEP_OD :: SECCION B: ACTIVIDADES DE ATENCION EN ESPECIALIDADES ODONTOLOGICAS. :: COMPOSITE :: PROCEDIMIENTO RESTAURADOR EN ODONTOPEDIATRIA (TODOS LOS TIPOS: RESINA, TEMPORALES Y AMALGAMAS) :: SEGUN GRUPOS DE EDAD O DE RIESGO :: 45-59 ANOS :: MUJERES",REMASEP_OD,AF79,"REMASEP_OD :: SECCION B: ACTIVIDADES DE ATENCION EN ESPECIALIDADES ODONTOLOGICAS. :: PROCEDIMIENTO RESTAURADOR EN ODONTOPEDIATRIA (TODOS LOS TIPOS: RESINA, TEMPORALES Y AMALGAMAS) :: SEGUN GRUPOS DE EDAD O DE RIESGO :: 45-59 ANOS :: MUJERES",INTEGER_COUNT,stf:dc624775927d4d4d,writable_target_mapping_2026,EXACT_SEMANTIC_MATCH
wi:4fda577ffc4b0e4e8660,LEGACY::REMASEP_OD::AG10,REMASEP_OD :: SECCION A: CONSULTAS Y CONTROLES ODONTOLOGICOS REALIZADOS :: A.1. CONSULTAS Y ALTAS :: CONTROL ODON ESP :: CONTROLES ODONTOLOGICO DE ESPECIALIDAD :: SEGUN GRUPOS DE EDAD O DE RIESGO :: 45-59 ANOS :: MUJERES,REMASEP_OD,AF19,REMASEP_OD :: SECCION A: CONSULTAS Y CONTROLES ODONTOLOGICOS REALIZADOS :: A.1. CONSULTAS Y ALTAS :: CONTROLES ODONTOLOGICO DE ESPECIALIDAD :: SEGUN GRUPOS DE EDAD O DE RIESGO :: 45-59 ANOS :: MUJERES,INTEGER_COUNT,stf:dc624775927d4d4d,writable_target_mapping_2026,EXACT_SEMANTIC_MATCH
wi:4fdd0060b455f831205d,LEGACY::REMASEP_OD::AH51,REMASEP_OD :: SECCION B: ACTIVIDADES DE ATENCION EN ESPECIALIDADES ODONTOLOGICAS. :: 5004018 - RETIRO APARATO FIJO-LIMPIEZA-IMPRESION :: RETIRO APARATOLOGIA DE ORTODONCIA :: SEGUN GRUPOS DE EDAD O DE RIESGO :: 60-64 ANOS :: HOMBRES,REMASEP_OD,AG68,REMASEP_OD :: SECCION B: ACTIVIDADES DE ATENCION EN ESPECIALIDADES ODONTOLOGICAS. :: RETIRO APARATOLOGIA DE ORTODONCIA :: SEGUN GRUPOS DE EDAD O DE RIESGO :: 60-64 ANOS :: HOMBRES,INTEGER_COUNT,stf:dc624775927d4d4d,writable_target_mapping_2026,EXACT_SEMANTIC_MATCH
wi:50702b18787310c9a851,LEGACY::REMASEP_01::G84,REMASEP 01 :: SECCION C: ATENCIONES Y CONSULTAS POR OTROS PROFESIONALES NO MEDICOS :: ENFERMER :: ENFERMERA/O :: ATENCION AL PACIENTE :: POR EDAD (EN ANOS) :: 0 - 4 ANOS :: HOMBRES,REMASEP 01,F113,REMASEP 01 :: SECCION C: ATENCIONES Y CONSULTAS POR OTROS PROFESIONALES NO MEDICOS :: ENFERMERA/O :: ATENCION AL PACIENTE :: POR EDAD (EN ANOS) :: 0 - 4 ANOS :: HOMBRES,INTEGER_COUNT,stf:dc624775927d4d4d,writable_target_mapping_2026,EXACT_SEMANTIC_MATCH
wi:50a0c7cb3794b17a8e1c,LEGACY::REMASEP_OD::AD50,REMASEP_OD :: SECCION B: ACTIVIDADES DE ATENCION EN ESPECIALIDADES ODONTOLOGICAS. :: INSTALACION CONTENCION :: INSTALACION APARATO DE CONTENCION ORTODONCICO :: SEGUN GRUPOS DE EDAD O DE RIESGO :: 35-44 ANOS :: HOMBRES,REMASEP_OD,AC67,REMASEP_OD :: SECCION B: ACTIVIDADES DE ATENCION EN ESPECIALIDADES ODONTOLOGICAS. :: INSTALACION APARATO DE CONTENCION ORTODONCICO :: SEGUN GRUPOS DE EDAD O DE RIESGO :: 35-44 ANOS :: HOMBRES,INTEGER_COUNT,stf:dc624775927d4d4d,writable_target_mapping_2026,EXACT_SEMANTIC_MATCH
wi:50b2e04e84b2b15da753,LEGACY::REMASEP_OD::M10,REMASEP_OD :: SECCION A: CONSULTAS Y CONTROLES ODONTOLOGICOS REALIZADOS :: A.1. CONSULTAS Y ALTAS :: CONTROL ODON ESP :: CONTROLES ODONTOLOGICO DE ESPECIALIDAD :: SEGUN GRUPOS DE EDAD O DE RIESGO :: 4 ANOS :: MUJERES,REMASEP_OD,L19,REMASEP_OD :: SECCION A: CONSULTAS Y CONTROLES ODONTOLOGICOS REALIZADOS :: A.1. CONSULTAS Y ALTAS :: CONTROLES ODONTOLOGICO DE ESPECIALIDAD :: SEGUN GRUPOS DE EDAD O DE RIESGO :: 4 ANOS :: MUJERES,INTEGER_COUNT,stf:dc624775927d4d4d,writable_target_mapping_2026,EXACT_SEMANTIC_MATCH
wi:50b95d0b9b40742444ef,LEGACY::REMASEP_OD::W51,REMASEP_OD :: SECCION B: ACTIVIDADES DE ATENCION EN ESPECIALIDADES ODONTOLOGICAS. :: 5004018 - RETIRO APARATO FIJO-LIMPIEZA-IMPRESION :: RETIRO APARATOLOGIA DE ORTODONCIA :: SEGUN GRUPOS DE EDAD O DE RIESGO :: 10-14 ANOS :: MUJERES,REMASEP_OD,V68,REMASEP_OD :: SECCION B: ACTIVIDADES DE ATENCION EN ESPECIALIDADES ODONTOLOGICAS. :: RETIRO APARATOLOGIA DE ORTODONCIA :: SEGUN GRUPOS DE EDAD O DE RIESGO :: 10-14 ANOS :: MUJERES,INTEGER_COUNT,stf:dc624775927d4d4d,writable_target_mapping_2026,EXACT_SEMANTIC_MATCH
wi:5108bcf82eb45d230c35,LEGACY::REMASEP_01::K84,REMASEP 01 :: SECCION C: ATENCIONES Y CONSULTAS POR OTROS PROFESIONALES NO MEDICOS :: ENFERMER :: ENFERMERA/O :: ATENCION AL PACIENTE :: POR EDAD (EN ANOS) :: 10 - 14 ANOS :: HOMBRES,REMASEP 01,J113,REMASEP 01 :: SECCION C: ATENCIONES Y CONSULTAS POR OTROS PROFESIONALES NO MEDICOS :: ENFERMERA/O :: ATENCION AL PACIENTE :: POR EDAD (EN ANOS) :: 10 - 14 ANOS :: HOMBRES,INTEGER_COUNT,stf:dc624775927d4d4d,writable_target_mapping_2026,EXACT_SEMANTIC_MATCH
wi:51c3d0ed2a94077ef74b,LEGACY::REMASEP_OD::AE70,REMASEP_OD :: SECCION B: ACTIVIDADES DE ATENCION EN ESPECIALIDADES ODONTOLOGICAS. :: INSTALACION PROTESIS TOTAL ACRILICA SUP O INF :: REHABILITACION MEDIANTE PROTESIS REMOVIBLE ACRILICA PARCIAL O TOTAL :: SEGUN GRUPOS DE EDAD O DE RIESGO :: 35-44 ANOS :: MUJERES,REMASEP_OD,AD87,REMASEP_OD :: SECCION B: ACTIVIDADES DE ATENCION EN ESPECIALIDADES ODONTOLOGICAS. :: REHABILITACION MEDIANTE PROTESIS REMOVIBLE ACRILICA PARCIAL O TOTAL :: SEGUN GRUPOS DE EDAD O DE RIESGO :: 35-44 ANOS :: MUJERES,INTEGER_COUNT,stf:dc624775927d4d4d,writable_target_mapping_2026,EXACT_SEMANTIC_MATCH
wi:5212624e771b8618df2b,LEGACY::REMASEP_01::AM89,REMASEP 01 :: SECCION C: ATENCIONES Y CONSULTAS POR OTROS PROFESIONALES NO MEDICOS :: FONO :: FONOAUDIOLOGO/A :: CONSULTAS FONOAUDIOLOGO/A :: POR EDAD (EN ANOS) :: 80 Y MAS ANOS :: HOMBRES,REMASEP 01,AL118,REMASEP 01 :: SECCION C: ATENCIONES Y CONSULTAS POR OTROS PROFESIONALES NO MEDICOS :: FONOAUDIOLOGO/A :: CONSULTAS FONOAUDIOLOGO/A :: POR EDAD (EN ANOS) :: 80 Y MAS ANOS :: HOMBRES,INTEGER_COUNT,stf:dc624775927d4d4d,writable_target_mapping_2026,EXACT_SEMANTIC_MATCH
wi:521d770fb965f278d7e3,LEGACY::REMASEP_OD::V74,REMASEP_OD :: SECCION B: ACTIVIDADES DE ATENCION EN ESPECIALIDADES ODONTOLOGICAS. :: NO SE REALIZA EN FG :: REHABILITACION MEDIANTE PROTESIS MUCO-IMPLANTOASISTIDA :: SEGUN GRUPOS DE EDAD O DE RIESGO :: 10-14 ANOS :: HOMBRES,REMASEP_OD,U91,REMASEP_OD :: SECCION B: ACTIVIDADES DE ATENCION EN ESPECIALIDADES ODONTOLOGICAS. :: REHABILITACION MEDIANTE PROTESIS MUCO-IMPLANTOASISTIDA :: SEGUN GRUPOS DE EDAD O DE RIESGO :: 10-14 ANOS :: HOMBRES,INTEGER_COUNT,stf:dc624775927d4d4d,writable_target_mapping_2026,EXACT_SEMANTIC_MATCH
wi:522f2267c23fc7c10d2b,LEGACY::REMASEP_OD::I50,REMASEP_OD :: SECCION B: ACTIVIDADES DE ATENCION EN ESPECIALIDADES ODONTOLOGICAS. :: INSTALACION CONTENCION :: INSTALACION APARATO DE CONTENCION ORTODONCICO :: SEGUN GRUPOS DE EDAD O DE RIESGO :: 2 ANOS :: MUJERES,REMASEP_OD,H67,REMASEP_OD :: SECCION B: ACTIVIDADES DE ATENCION EN ESPECIALIDADES ODONTOLOGICAS. :: INSTALACION APARATO DE CONTENCION ORTODONCICO :: SEGUN GRUPOS DE EDAD O DE RIESGO :: 2 ANOS :: MUJERES,INTEGER_COUNT,stf:dc624775927d4d4d,writable_target_mapping_2026,EXACT_SEMANTIC_MATCH
wi:522f992338e4faa88ba1,LEGACY::REMASEP_OD::AA90,REMASEP_OD :: SECCION B: ACTIVIDADES DE ATENCION EN ESPECIALIDADES ODONTOLOGICAS. :: INSTALACIONES ORTOPEDIA :: INSTALACION DE DISPOSITIVO ORTOPEDICO :: SEGUN GRUPOS DE EDAD O DE RIESGO :: 20-24 ANOS :: MUJERES,REMASEP_OD,Z107,REMASEP_OD :: SECCION B: ACTIVIDADES DE ATENCION EN ESPECIALIDADES ODONTOLOGICAS. :: INSTALACION DE DISPOSITIVO ORTOPEDICO :: SEGUN GRUPOS DE EDAD O DE RIESGO :: 20-24 ANOS :: MUJERES,INTEGER_COUNT,stf:dc624775927d4d4d,writable_target_mapping_2026,EXACT_SEMANTIC_MATCH
wi:5248284dd6075e387293,LEGACY::REMASEP_OD::AG63,REMASEP_OD :: SECCION B: ACTIVIDADES DE ATENCION EN ESPECIALIDADES ODONTOLOGICAS. :: 5010023 - PULPECTOMIA / 5010003 - PULPOTOMIA :: PROCEDIMIENTO PULPAR EN ODONTOPEDIATRIA (PULPOTOMIA Y PULPECTOMIA) :: SEGUN GRUPOS DE EDAD O DE RIESGO :: 45-59 ANOS :: MUJERES,REMASEP_OD,AF80,REMASEP_OD :: SECCION B: ACTIVIDADES DE ATENCION EN ESPECIALIDADES ODONTOLOGICAS. :: PROCEDIMIENTO PULPAR EN ODONTOPEDIATRIA (PULPOTOMIA Y PULPECTOMIA) :: SEGUN GRUPOS DE EDAD O DE RIESGO :: 45-59 ANOS :: MUJERES,INTEGER_COUNT,stf:dc624775927d4d4d,writable_target_mapping_2026,EXACT_SEMANTIC_MATCH
wi:52566f62c3f3beb9217a,LEGACY::REMASEP_OD::M70,REMASEP_OD :: SECCION B: ACTIVIDADES DE ATENCION EN ESPECIALIDADES ODONTOLOGICAS. :: INSTALACION PROTESIS TOTAL ACRILICA SUP O INF :: REHABILITACION MEDIANTE PROTESIS REMOVIBLE ACRILICA PARCIAL O TOTAL :: SEGUN GRUPOS DE EDAD O DE RIESGO :: 4 ANOS :: MUJERES,REMASEP_OD,L87,REMASEP_OD :: SECCION B: ACTIVIDADES DE ATENCION EN ESPECIALIDADES ODONTOLOGICAS. :: REHABILITACION MEDIANTE PROTESIS REMOVIBLE ACRILICA PARCIAL O TOTAL :: SEGUN GRUPOS DE EDAD O DE RIESGO :: 4 ANOS :: MUJERES,INTEGER_COUNT,stf:dc624775927d4d4d,writable_target_mapping_2026,EXACT_SEMANTIC_MATCH
wi:5275d40abf1e25a962b5,LEGACY::REMASEP_OD::Y10,REMASEP_OD :: SECCION A: CONSULTAS Y CONTROLES ODONTOLOGICOS REALIZADOS :: A.1. CONSULTAS Y ALTAS :: CONTROL ODON ESP :: CONTROLES ODONTOLOGICO DE ESPECIALIDAD :: SEGUN GRUPOS DE EDAD O DE RIESGO :: 15-19 ANOS :: MUJERES,REMASEP_OD,X19,REMASEP_OD :: SECCION A: CONSULTAS Y CONTROLES ODONTOLOGICOS REALIZADOS :: A.1. CONSULTAS Y ALTAS :: CONTROLES ODONTOLOGICO DE ESPECIALIDAD :: SEGUN GRUPOS DE EDAD O DE RIESGO :: 15-19 ANOS :: MUJERES,INTEGER_COUNT,stf:dc624775927d4d4d,writable_target_mapping_2026,EXACT_SEMANTIC_MATCH
wi:527d12b7adb3b2ad217d,LEGACY::REMASEP_OD::Y13,"REMASEP_OD :: SECCION A: CONSULTAS Y CONTROLES ODONTOLOGICOS REALIZADOS :: A.3. ACCIONES GENERALES DE PREVENCION E HIGIENE :: 5001005 - SELLANTES :: APLICACION DE SELLANTE EN PIEZA PERMANENTE, FOTOCURADO :: SEGUN GRUPOS DE EDAD O DE RIESGO :: 15-19 ANOS :: MUJERES",REMASEP_OD,X30,"REMASEP_OD :: SECCION A: CONSULTAS Y CONTROLES ODONTOLOGICOS REALIZADOS :: A.3. ACCIONES GENERALES DE PREVENCION E HIGIENE :: APLICACION DE SELLANTE EN PIEZA PERMANENTE, FOTOCURADO :: SEGUN GRUPOS DE EDAD O DE RIESGO :: 15-19 ANOS :: MUJERES",INTEGER_COUNT,stf:dc624775927d4d4d,writable_target_mapping_2026,EXACT_SEMANTIC_MATCH
wi:52bad6b03cadfa239cf1,LEGACY::REMASEP_OD::AD14,REMASEP_OD :: SECCION A: CONSULTAS Y CONTROLES ODONTOLOGICOS REALIZADOS :: A.3. ACCIONES GENERALES DE PREVENCION E HIGIENE :: 50010112 - INSTRUCCION DE HIGIENE ORAL :: INSTRUCCION Y CONTROL DE HIGIENE ORAL EN NINOS Y ADULTOS :: SEGUN GRUPOS DE EDAD O DE RIESGO :: 35-44 ANOS :: HOMBRES,REMASEP_OD,AC31,REMASEP_OD :: SECCION A: CONSULTAS Y CONTROLES ODONTOLOGICOS REALIZADOS :: A.3. ACCIONES GENERALES DE PREVENCION E HIGIENE :: INSTRUCCION Y CONTROL DE HIGIENE ORAL EN NINOS Y ADULTOS :: SEGUN GRUPOS DE EDAD O DE RIESGO :: 35-44 ANOS :: HOMBRES,INTEGER_COUNT,stf:dc624775927d4d4d,writable_target_mapping_2026,EXACT_SEMANTIC_MATCH
wi:52ec9dd5eef5a6b10e63,LEGACY::REMASEP_OD::S47,REMASEP_OD :: SECCION B: ACTIVIDADES DE ATENCION EN ESPECIALIDADES ODONTOLOGICAS. :: 5005008 - CEMENTACION CARILLA RESINA INDIRECTA :: OBTURACION INDIRECTA (INLAYS U ONLAYS) :: SEGUN GRUPOS DE EDAD O DE RIESGO :: 7 ANOS :: MUJERES,REMASEP_OD,R64,REMASEP_OD :: SECCION B: ACTIVIDADES DE ATENCION EN ESPECIALIDADES ODONTOLOGICAS. :: OBTURACION INDIRECTA (INLAYS U ONLAYS) :: SEGUN GRUPOS DE EDAD O DE RIESGO :: 7 ANOS :: MUJERES,INTEGER_COUNT,stf:dc624775927d4d4d,writable_target_mapping_2026,EXACT_SEMANTIC_MATCH
wi:53081f772e11adaf27a8,LEGACY::REMASEP_OD::I49,REMASEP_OD :: SECCION B: ACTIVIDADES DE ATENCION EN ESPECIALIDADES ODONTOLOGICAS. :: 5004001 - INSTALACION APARATO FIJO SUP O INF :: INSTALACION APARATO FIJO ORTODONCICO :: SEGUN GRUPOS DE EDAD O DE RIESGO :: 2 ANOS :: MUJERES,REMASEP_OD,H66,REMASEP_OD :: SECCION B: ACTIVIDADES DE ATENCION EN ESPECIALIDADES ODONTOLOGICAS. :: INSTALACION APARATO FIJO ORTODONCICO :: SEGUN GRUPOS DE EDAD O DE RIESGO :: 2 ANOS :: MUJERES,INTEGER_COUNT,stf:dc624775927d4d4d,writable_target_mapping_2026,EXACT_SEMANTIC_MATCH
wi:534c52a6c84f523153af,LEGACY::REMASEP_OD::S51,REMASEP_OD :: SECCION B: ACTIVIDADES DE ATENCION EN ESPECIALIDADES ODONTOLOGICAS. :: 5004018 - RETIRO APARATO FIJO-LIMPIEZA-IMPRESION :: RETIRO APARATOLOGIA DE ORTODONCIA :: SEGUN GRUPOS DE EDAD O DE RIESGO :: 7 ANOS :: MUJERES,REMASEP_OD,R68,REMASEP_OD :: SECCION B: ACTIVIDADES DE ATENCION EN ESPECIALIDADES ODONTOLOGICAS. :: RETIRO APARATOLOGIA DE ORTODONCIA :: SEGUN GRUPOS DE EDAD O DE RIESGO :: 7 ANOS :: MUJERES,INTEGER_COUNT,stf:dc624775927d4d4d,writable_target_mapping_2026,EXACT_SEMANTIC_MATCH
wi:5355a366b27f88c33c9b,LEGACY::REMASEP_OD::AK40,REMASEP_OD :: SECCION B: ACTIVIDADES DE ATENCION EN ESPECIALIDADES ODONTOLOGICAS. :: EVALUACION ODON ESP :: EXAMEN Y DIAGNOSTICO DE ESPECIALIDAD :: SEGUN GRUPOS DE EDAD O DE RIESGO :: 65-74 ANOS :: MUJERES,REMASEP_OD,AJ57,REMASEP_OD :: SECCION B: ACTIVIDADES DE ATENCION EN ESPECIALIDADES ODONTOLOGICAS. :: EXAMEN Y DIAGNOSTICO DE ESPECIALIDAD :: SEGUN GRUPOS DE EDAD O DE RIESGO :: 65-74 ANOS :: MUJERES,INTEGER_COUNT,stf:dc624775927d4d4d,writable_target_mapping_2026,EXACT_SEMANTIC_MATCH
wi:5355ea85726b284af684,LEGACY::REMASEP_OD::X10,REMASEP_OD :: SECCION A: CONSULTAS Y CONTROLES ODONTOLOGICOS REALIZADOS :: A.1. CONSULTAS Y ALTAS :: CONTROL ODON ESP :: CONTROLES ODONTOLOGICO DE ESPECIALIDAD :: SEGUN GRUPOS DE EDAD O DE RIESGO :: 15-19 ANOS :: HOMBRES,REMASEP_OD,W19,REMASEP_OD :: SECCION A: CONSULTAS Y CONTROLES ODONTOLOGICOS REALIZADOS :: A.1. CONSULTAS Y ALTAS :: CONTROLES ODONTOLOGICO DE ESPECIALIDAD :: SEGUN GRUPOS DE EDAD O DE RIESGO :: 15-19 ANOS :: HOMBRES,INTEGER_COUNT,stf:dc624775927d4d4d,writable_target_mapping_2026,EXACT_SEMANTIC_MATCH
wi:5357bd9eac642707b5ed,LEGACY::REMASEP_OD::AA63,REMASEP_OD :: SECCION B: ACTIVIDADES DE ATENCION EN ESPECIALIDADES ODONTOLOGICAS. :: 5010023 - PULPECTOMIA / 5010003 - PULPOTOMIA :: PROCEDIMIENTO PULPAR EN ODONTOPEDIATRIA (PULPOTOMIA Y PULPECTOMIA) :: SEGUN GRUPOS DE EDAD O DE RIESGO :: 20-24 ANOS :: MUJERES,REMASEP_OD,Z80,REMASEP_OD :: SECCION B: ACTIVIDADES DE ATENCION EN ESPECIALIDADES ODONTOLOGICAS. :: PROCEDIMIENTO PULPAR EN ODONTOPEDIATRIA (PULPOTOMIA Y PULPECTOMIA) :: SEGUN GRUPOS DE EDAD O DE RIESGO :: 20-24 ANOS :: MUJERES,INTEGER_COUNT,stf:dc624775927d4d4d,writable_target_mapping_2026,EXACT_SEMANTIC_MATCH
wi:53c8b67f7ec54dbd35f0,LEGACY::REMASEP_OD::AG89,REMASEP_OD :: SECCION B: ACTIVIDADES DE ATENCION EN ESPECIALIDADES ODONTOLOGICAS. :: 5009002 - DESGASTE SELECTIVO :: DESGASTE SELECTIVO :: SEGUN GRUPOS DE EDAD O DE RIESGO :: 45-59 ANOS :: MUJERES,REMASEP_OD,AF106,REMASEP_OD :: SECCION B: ACTIVIDADES DE ATENCION EN ESPECIALIDADES ODONTOLOGICAS. :: DESGASTE SELECTIVO :: SEGUN GRUPOS DE EDAD O DE RIESGO :: 45-59 ANOS :: MUJERES,INTEGER_COUNT,stf:dc624775927d4d4d,writable_target_mapping_2026,EXACT_SEMANTIC_MATCH
wi:54979e89c111bf8a9d12,LEGACY::REMASEP_OD::T46,REMASEP_OD :: SECCION B: ACTIVIDADES DE ATENCION EN ESPECIALIDADES ODONTOLOGICAS. :: 5010009 - VIDRIO IONOMERO :: OBTURACION DIRECTA :: SEGUN GRUPOS DE EDAD O DE RIESGO :: 8-9 ANOS :: HOMBRES,REMASEP_OD,S63,REMASEP_OD :: SECCION B: ACTIVIDADES DE ATENCION EN ESPECIALIDADES ODONTOLOGICAS. :: OBTURACION DIRECTA :: SEGUN GRUPOS DE EDAD O DE RIESGO :: 8-9 ANOS :: HOMBRES,INTEGER_COUNT,stf:dc624775927d4d4d,writable_target_mapping_2026,EXACT_SEMANTIC_MATCH
wi:54c3b0f1395e1e50d9fd,LEGACY::REMASEP_OD::N70,REMASEP_OD :: SECCION B: ACTIVIDADES DE ATENCION EN ESPECIALIDADES ODONTOLOGICAS. :: INSTALACION PROTESIS TOTAL ACRILICA SUP O INF :: REHABILITACION MEDIANTE PROTESIS REMOVIBLE ACRILICA PARCIAL O TOTAL :: SEGUN GRUPOS DE EDAD O DE RIESGO :: 5 ANOS :: HOMBRES,REMASEP_OD,M87,REMASEP_OD :: SECCION B: ACTIVIDADES DE ATENCION EN ESPECIALIDADES ODONTOLOGICAS. :: REHABILITACION MEDIANTE PROTESIS REMOVIBLE ACRILICA PARCIAL O TOTAL :: SEGUN GRUPOS DE EDAD O DE RIESGO :: 5 ANOS :: HOMBRES,INTEGER_COUNT,stf:dc624775927d4d4d,writable_target_mapping_2026,EXACT_SEMANTIC_MATCH
wi:5527d122a928be359030,LEGACY::REMASEP_OD::I51,REMASEP_OD :: SECCION B: ACTIVIDADES DE ATENCION EN ESPECIALIDADES ODONTOLOGICAS. :: 5004018 - RETIRO APARATO FIJO-LIMPIEZA-IMPRESION :: RETIRO APARATOLOGIA DE ORTODONCIA :: SEGUN GRUPOS DE EDAD O DE RIESGO :: 2 ANOS :: MUJERES,REMASEP_OD,H68,REMASEP_OD :: SECCION B: ACTIVIDADES DE ATENCION EN ESPECIALIDADES ODONTOLOGICAS. :: RETIRO APARATOLOGIA DE ORTODONCIA :: SEGUN GRUPOS DE EDAD O DE RIESGO :: 2 ANOS :: MUJERES,INTEGER_COUNT,stf:dc624775927d4d4d,writable_target_mapping_2026,EXACT_SEMANTIC_MATCH
wi:55906737be297d07b999,LEGACY::REMASEP_01::O90,REMASEP 01 :: SECCION C: ATENCIONES Y CONSULTAS POR OTROS PROFESIONALES NO MEDICOS :: KINE :: KINESIOLOGO/A :: ATENCION KINESIOLOGICA :: POR EDAD (EN ANOS) :: 20 - 24 ANOS :: HOMBRES,REMASEP 01,N119,REMASEP 01 :: SECCION C: ATENCIONES Y CONSULTAS POR OTROS PROFESIONALES NO MEDICOS :: KINESIOLOGO/A :: ATENCION KINESIOLOGICA :: POR EDAD (EN ANOS) :: 20 - 24 ANOS :: HOMBRES,INTEGER_COUNT,stf:dc624775927d4d4d,writable_target_mapping_2026,EXACT_SEMANTIC_MATCH
wi:5610c91c3cc9effab61d,LEGACY::REMASEP_01::I86,REMASEP 01 :: SECCION C: ATENCIONES Y CONSULTAS POR OTROS PROFESIONALES NO MEDICOS :: NUTRICIONISTA :: NUTRICIONISTA :: CONSULTA NUTRICIONAL :: POR EDAD (EN ANOS) :: 5 - 9 ANOS :: HOMBRES,REMASEP 01,H115,REMASEP 01 :: SECCION C: ATENCIONES Y CONSULTAS POR OTROS PROFESIONALES NO MEDICOS :: NUTRICIONISTA :: CONSULTA NUTRICIONAL :: POR EDAD (EN ANOS) :: 5 - 9 ANOS :: HOMBRES,INTEGER_COUNT,stf:dc624775927d4d4d,writable_target_mapping_2026,EXACT_SEMANTIC_MATCH
wi:5617548f04316e0e2ed5,LEGACY::REMASEP_OD::AB72,REMASEP_OD :: SECCION B: ACTIVIDADES DE ATENCION EN ESPECIALIDADES ODONTOLOGICAS. :: CEMENTACION PROTESIS FIJA SOBRE DIENTE :: REHABILITACION MEDIANTE PROTESIS FIJA UNITARIA O PLURAL :: SEGUN GRUPOS DE EDAD O DE RIESGO :: 25-34 ANOS :: HOMBRES,REMASEP_OD,AA89,REMASEP_OD :: SECCION B: ACTIVIDADES DE ATENCION EN ESPECIALIDADES ODONTOLOGICAS. :: REHABILITACION MEDIANTE PROTESIS FIJA UNITARIA O PLURAL :: SEGUN GRUPOS DE EDAD O DE RIESGO :: 25-34 ANOS :: HOMBRES,INTEGER_COUNT,stf:dc624775927d4d4d,writable_target_mapping_2026,EXACT_SEMANTIC_MATCH
wi:5691c1d93d91620ace64,LEGACY::REMASEP_OD::Q54,REMASEP_OD :: SECCION B: ACTIVIDADES DE ATENCION EN ESPECIALIDADES ODONTOLOGICAS. :: CONTROLES ORTODONCIA :: ORTODONCIA PREVENTIVA E INTERCEPTIVA (OPI) :: SEGUN GRUPOS DE EDAD O DE RIESGO :: 6 ANOS :: MUJERES,REMASEP_OD,P71,REMASEP_OD :: SECCION B: ACTIVIDADES DE ATENCION EN ESPECIALIDADES ODONTOLOGICAS. :: ORTODONCIA PREVENTIVA E INTERCEPTIVA (OPI) :: SEGUN GRUPOS DE EDAD O DE RIESGO :: 6 ANOS :: MUJERES,INTEGER_COUNT,stf:dc624775927d4d4d,writable_target_mapping_2026,EXACT_SEMANTIC_MATCH
wi:56fcba345f5a0254fe82,LEGACY::REMASEP_OD::Z46,REMASEP_OD :: SECCION B: ACTIVIDADES DE ATENCION EN ESPECIALIDADES ODONTOLOGICAS. :: 5010009 - VIDRIO IONOMERO :: OBTURACION DIRECTA :: SEGUN GRUPOS DE EDAD O DE RIESGO :: 20-24 ANOS :: HOMBRES,REMASEP_OD,Y63,REMASEP_OD :: SECCION B: ACTIVIDADES DE ATENCION EN ESPECIALIDADES ODONTOLOGICAS. :: OBTURACION DIRECTA :: SEGUN GRUPOS DE EDAD O DE RIESGO :: 20-24 ANOS :: HOMBRES,INTEGER_COUNT,stf:dc624775927d4d4d,writable_target_mapping_2026,EXACT_SEMANTIC_MATCH
wi:571afc877db516f3cc95,LEGACY::REMASEP_OD::O47,REMASEP_OD :: SECCION B: ACTIVIDADES DE ATENCION EN ESPECIALIDADES ODONTOLOGICAS. :: 5005008 - CEMENTACION CARILLA RESINA INDIRECTA :: OBTURACION INDIRECTA (INLAYS U ONLAYS) :: SEGUN GRUPOS DE EDAD O DE RIESGO :: 5 ANOS :: MUJERES,REMASEP_OD,N64,REMASEP_OD :: SECCION B: ACTIVIDADES DE ATENCION EN ESPECIALIDADES ODONTOLOGICAS. :: OBTURACION INDIRECTA (INLAYS U ONLAYS) :: SEGUN GRUPOS DE EDAD O DE RIESGO :: 5 ANOS :: MUJERES,INTEGER_COUNT,stf:dc624775927d4d4d,writable_target_mapping_2026,EXACT_SEMANTIC_MATCH
wi:57243e750779051cae6a,LEGACY::REMASEP_01::AN84,REMASEP 01 :: SECCION C: ATENCIONES Y CONSULTAS POR OTROS PROFESIONALES NO MEDICOS :: ENFERMER :: ENFERMERA/O :: ATENCION AL PACIENTE :: POR EDAD (EN ANOS) :: 80 Y MAS ANOS :: MUJERES,REMASEP 01,AM113,REMASEP 01 :: SECCION C: ATENCIONES Y CONSULTAS POR OTROS PROFESIONALES NO MEDICOS :: ENFERMERA/O :: ATENCION AL PACIENTE :: POR EDAD (EN ANOS) :: 80 Y MAS ANOS :: MUJERES,INTEGER_COUNT,stf:dc624775927d4d4d,writable_target_mapping_2026,EXACT_SEMANTIC_MATCH
wi:576507d61db470612db2,LEGACY::REMASEP_OD::U49,REMASEP_OD :: SECCION B: ACTIVIDADES DE ATENCION EN ESPECIALIDADES ODONTOLOGICAS. :: 5004001 - INSTALACION APARATO FIJO SUP O INF :: INSTALACION APARATO FIJO ORTODONCICO :: SEGUN GRUPOS DE EDAD O DE RIESGO :: 8-9 ANOS :: MUJERES,REMASEP_OD,T66,REMASEP_OD :: SECCION B: ACTIVIDADES DE ATENCION EN ESPECIALIDADES ODONTOLOGICAS. :: INSTALACION APARATO FIJO ORTODONCICO :: SEGUN GRUPOS DE EDAD O DE RIESGO :: 8-9 ANOS :: MUJERES,INTEGER_COUNT,stf:dc624775927d4d4d,writable_target_mapping_2026,EXACT_SEMANTIC_MATCH
wi:5777d5d830dc98a5329e,LEGACY::REMASEP_OD::AE47,REMASEP_OD :: SECCION B: ACTIVIDADES DE ATENCION EN ESPECIALIDADES ODONTOLOGICAS. :: 5005008 - CEMENTACION CARILLA RESINA INDIRECTA :: OBTURACION INDIRECTA (INLAYS U ONLAYS) :: SEGUN GRUPOS DE EDAD O DE RIESGO :: 35-44 ANOS :: MUJERES,REMASEP_OD,AD64,REMASEP_OD :: SECCION B: ACTIVIDADES DE ATENCION EN ESPECIALIDADES ODONTOLOGICAS. :: OBTURACION INDIRECTA (INLAYS U ONLAYS) :: SEGUN GRUPOS DE EDAD O DE RIESGO :: 35-44 ANOS :: MUJERES,INTEGER_COUNT,stf:dc624775927d4d4d,writable_target_mapping_2026,EXACT_SEMANTIC_MATCH
wi:57aec0ca280ee4b0fc1d,LEGACY::REMASEP_OD::P40,REMASEP_OD :: SECCION B: ACTIVIDADES DE ATENCION EN ESPECIALIDADES ODONTOLOGICAS. :: EVALUACION ODON ESP :: EXAMEN Y DIAGNOSTICO DE ESPECIALIDAD :: SEGUN GRUPOS DE EDAD O DE RIESGO :: 6 ANOS :: HOMBRES,REMASEP_OD,O57,REMASEP_OD :: SECCION B: ACTIVIDADES DE ATENCION EN ESPECIALIDADES ODONTOLOGICAS. :: EXAMEN Y DIAGNOSTICO DE ESPECIALIDAD :: SEGUN GRUPOS DE EDAD O DE RIESGO :: 6 ANOS :: HOMBRES,INTEGER_COUNT,stf:dc624775927d4d4d,writable_target_mapping_2026,EXACT_SEMANTIC_MATCH
wi:57f0826c3f070fa46a82,LEGACY::REMASEP_OD::L54,REMASEP_OD :: SECCION B: ACTIVIDADES DE ATENCION EN ESPECIALIDADES ODONTOLOGICAS. :: CONTROLES ORTODONCIA :: ORTODONCIA PREVENTIVA E INTERCEPTIVA (OPI) :: SEGUN GRUPOS DE EDAD O DE RIESGO :: 4 ANOS :: HOMBRES,REMASEP_OD,K71,REMASEP_OD :: SECCION B: ACTIVIDADES DE ATENCION EN ESPECIALIDADES ODONTOLOGICAS. :: ORTODONCIA PREVENTIVA E INTERCEPTIVA (OPI) :: SEGUN GRUPOS DE EDAD O DE RIESGO :: 4 ANOS :: HOMBRES,INTEGER_COUNT,stf:dc624775927d4d4d,writable_target_mapping_2026,EXACT_SEMANTIC_MATCH
wi:5807b473d02952ceb7c6,LEGACY::REMASEP_01::Y90,REMASEP 01 :: SECCION C: ATENCIONES Y CONSULTAS POR OTROS PROFESIONALES NO MEDICOS :: KINE :: KINESIOLOGO/A :: ATENCION KINESIOLOGICA :: POR EDAD (EN ANOS) :: 45 - 49 ANOS :: HOMBRES,REMASEP 01,X119,REMASEP 01 :: SECCION C: ATENCIONES Y CONSULTAS POR OTROS PROFESIONALES NO MEDICOS :: KINESIOLOGO/A :: ATENCION KINESIOLOGICA :: POR EDAD (EN ANOS) :: 45 - 49 ANOS :: HOMBRES,INTEGER_COUNT,stf:dc624775927d4d4d,writable_target_mapping_2026,EXACT_SEMANTIC_MATCH
wi:588ba3359e8090fd59df,LEGACY::REMASEP_OD::AB17,REMASEP_OD :: SECCION A: CONSULTAS Y CONTROLES ODONTOLOGICOS REALIZADOS :: A.3. ACCIONES GENERALES DE PREVENCION E HIGIENE :: 5001016 - FLUOR :: FLUORACION TOPICA DE BARNIZ :: SEGUN GRUPOS DE EDAD O DE RIESGO :: 25-34 ANOS :: HOMBRES,REMASEP_OD,AA34,REMASEP_OD :: SECCION A: CONSULTAS Y CONTROLES ODONTOLOGICOS REALIZADOS :: A.3. ACCIONES GENERALES DE PREVENCION E HIGIENE :: FLUORACION TOPICA DE BARNIZ :: SEGUN GRUPOS DE EDAD O DE RIESGO :: 25-34 ANOS :: HOMBRES,INTEGER_COUNT,stf:dc624775927d4d4d,writable_target_mapping_2026,EXACT_SEMANTIC_MATCH
wi:5926ea7b134dbdbfd451,LEGACY::REMASEP_OD::AJ16,REMASEP_OD :: SECCION A: CONSULTAS Y CONTROLES ODONTOLOGICOS REALIZADOS :: A.3. ACCIONES GENERALES DE PREVENCION E HIGIENE :: 5010011 - PROFILAXIS :: HIGIENE Y PROFILAXIS EN NINOS Y ADULTOS :: SEGUN GRUPOS DE EDAD O DE RIESGO :: 65-74 ANOS :: HOMBRES,REMASEP_OD,AI33,REMASEP_OD :: SECCION A: CONSULTAS Y CONTROLES ODONTOLOGICOS REALIZADOS :: A.3. ACCIONES GENERALES DE PREVENCION E HIGIENE :: HIGIENE Y PROFILAXIS EN NINOS Y ADULTOS :: SEGUN GRUPOS DE EDAD O DE RIESGO :: 65-74 ANOS :: HOMBRES,INTEGER_COUNT,stf:dc624775927d4d4d,writable_target_mapping_2026,EXACT_SEMANTIC_MATCH
wi:592861ec7e21e6113c93,LEGACY::REMASEP_OD::AL71,REMASEP_OD :: SECCION B: ACTIVIDADES DE ATENCION EN ESPECIALIDADES ODONTOLOGICAS. :: INSTALACION PROTESIS PARCIAL METALICA SUP O INF :: REHABILITACION MEDIANTE PROTESIS REMOVIBLE METALICA PARCIAL :: SEGUN GRUPOS DE EDAD O DE RIESGO :: 75 Y MAS ANOS :: HOMBRES,REMASEP_OD,AK88,REMASEP_OD :: SECCION B: ACTIVIDADES DE ATENCION EN ESPECIALIDADES ODONTOLOGICAS. :: REHABILITACION MEDIANTE PROTESIS REMOVIBLE METALICA PARCIAL :: SEGUN GRUPOS DE EDAD O DE RIESGO :: 75 Y MAS ANOS :: HOMBRES,INTEGER_COUNT,stf:dc624775927d4d4d,writable_target_mapping_2026,EXACT_SEMANTIC_MATCH
wi:5a278678e5e0879d0582,LEGACY::REMASEP_01::AC89,REMASEP 01 :: SECCION C: ATENCIONES Y CONSULTAS POR OTROS PROFESIONALES NO MEDICOS :: FONO :: FONOAUDIOLOGO/A :: CONSULTAS FONOAUDIOLOGO/A :: POR EDAD (EN ANOS) :: 55 - 59 ANOS :: HOMBRES,REMASEP 01,AB118,REMASEP 01 :: SECCION C: ATENCIONES Y CONSULTAS POR OTROS PROFESIONALES NO MEDICOS :: FONOAUDIOLOGO/A :: CONSULTAS FONOAUDIOLOGO/A :: POR EDAD (EN ANOS) :: 55 - 59 ANOS :: HOMBRES,INTEGER_COUNT,stf:dc624775927d4d4d,writable_target_mapping_2026,EXACT_SEMANTIC_MATCH
wi:5a2abbce113e6145d3b7,LEGACY::REMASEP_OD::U63,REMASEP_OD :: SECCION B: ACTIVIDADES DE ATENCION EN ESPECIALIDADES ODONTOLOGICAS. :: 5010023 - PULPECTOMIA / 5010003 - PULPOTOMIA :: PROCEDIMIENTO PULPAR EN ODONTOPEDIATRIA (PULPOTOMIA Y PULPECTOMIA) :: SEGUN GRUPOS DE EDAD O DE RIESGO :: 8-9 ANOS :: MUJERES,REMASEP_OD,T80,REMASEP_OD :: SECCION B: ACTIVIDADES DE ATENCION EN ESPECIALIDADES ODONTOLOGICAS. :: PROCEDIMIENTO PULPAR EN ODONTOPEDIATRIA (PULPOTOMIA Y PULPECTOMIA) :: SEGUN GRUPOS DE EDAD O DE RIESGO :: 8-9 ANOS :: MUJERES,INTEGER_COUNT,stf:dc624775927d4d4d,writable_target_mapping_2026,EXACT_SEMANTIC_MATCH
wi:5abad8a140adc40e6d1d,LEGACY::REMASEP_OD::H46,REMASEP_OD :: SECCION B: ACTIVIDADES DE ATENCION EN ESPECIALIDADES ODONTOLOGICAS. :: 5010009 - VIDRIO IONOMERO :: OBTURACION DIRECTA :: SEGUN GRUPOS DE EDAD O DE RIESGO :: 2 ANOS :: HOMBRES,REMASEP_OD,G63,REMASEP_OD :: SECCION B: ACTIVIDADES DE ATENCION EN ESPECIALIDADES ODONTOLOGICAS. :: OBTURACION DIRECTA :: SEGUN GRUPOS DE EDAD O DE RIESGO :: 2 ANOS :: HOMBRES,INTEGER_COUNT,stf:dc624775927d4d4d,writable_target_mapping_2026,EXACT_SEMANTIC_MATCH
wi:5bc5cfdcfc2e842b1074,LEGACY::REMASEP_OD::G8,REMASEP_OD :: SECCION A: CONSULTAS Y CONTROLES ODONTOLOGICOS REALIZADOS :: A.1. CONSULTAS Y ALTAS :: EVALUACION ODONTOLOGIA GENERAL :: PRIMERAS CONSULTAS (ANO) DE ODONTOLOGIA ESPECIALIDADES :: SEGUN GRUPOS DE EDAD O DE RIESGO :: MENOS DE 1 ANO - 1 ANO :: MUJERES,REMASEP_OD,F17,REMASEP_OD :: SECCION A: CONSULTAS Y CONTROLES ODONTOLOGICOS REALIZADOS :: A.1. CONSULTAS Y ALTAS :: PRIMERAS CONSULTAS (ANO) DE ODONTOLOGIA ESPECIALIDADES :: SEGUN GRUPOS DE EDAD O DE RIESGO :: MENOS DE 1 ANO - 1 ANO :: MUJERES,INTEGER_COUNT,stf:dc624775927d4d4d,writable_target_mapping_2026,EXACT_SEMANTIC_MATCH
wi:5c2aa1a870a298f7a13a,LEGACY::REMASEP_OD::AK66,REMASEP_OD :: SECCION B: ACTIVIDADES DE ATENCION EN ESPECIALIDADES ODONTOLOGICAS. :: 5009012 - PULIDO RADICULAR POR SESION O SEXTANTE :: PULIDO RADICULAR :: SEGUN GRUPOS DE EDAD O DE RIESGO :: 65-74 ANOS :: MUJERES,REMASEP_OD,AJ83,REMASEP_OD :: SECCION B: ACTIVIDADES DE ATENCION EN ESPECIALIDADES ODONTOLOGICAS. :: PULIDO RADICULAR :: SEGUN GRUPOS DE EDAD O DE RIESGO :: 65-74 ANOS :: MUJERES,INTEGER_COUNT,stf:dc624775927d4d4d,writable_target_mapping_2026,EXACT_SEMANTIC_MATCH
wi:5c4cd24296e6e5ca3881,LEGACY::REMASEP_OD::AM49,REMASEP_OD :: SECCION B: ACTIVIDADES DE ATENCION EN ESPECIALIDADES ODONTOLOGICAS. :: 5004001 - INSTALACION APARATO FIJO SUP O INF :: INSTALACION APARATO FIJO ORTODONCICO :: SEGUN GRUPOS DE EDAD O DE RIESGO :: 75 Y MAS ANOS :: MUJERES,REMASEP_OD,AL66,REMASEP_OD :: SECCION B: ACTIVIDADES DE ATENCION EN ESPECIALIDADES ODONTOLOGICAS. :: INSTALACION APARATO FIJO ORTODONCICO :: SEGUN GRUPOS DE EDAD O DE RIESGO :: 75 Y MAS ANOS :: MUJERES,INTEGER_COUNT,stf:dc624775927d4d4d,writable_target_mapping_2026,EXACT_SEMANTIC_MATCH
wi:5c5b70b9f461c6410dcd,LEGACY::REMASEP_OD::P13,"REMASEP_OD :: SECCION A: CONSULTAS Y CONTROLES ODONTOLOGICOS REALIZADOS :: A.3. ACCIONES GENERALES DE PREVENCION E HIGIENE :: 5001005 - SELLANTES :: APLICACION DE SELLANTE EN PIEZA PERMANENTE, FOTOCURADO :: SEGUN GRUPOS DE EDAD O DE RIESGO :: 6 ANOS :: HOMBRES",REMASEP_OD,O30,"REMASEP_OD :: SECCION A: CONSULTAS Y CONTROLES ODONTOLOGICOS REALIZADOS :: A.3. ACCIONES GENERALES DE PREVENCION E HIGIENE :: APLICACION DE SELLANTE EN PIEZA PERMANENTE, FOTOCURADO :: SEGUN GRUPOS DE EDAD O DE RIESGO :: 6 ANOS :: HOMBRES",INTEGER_COUNT,stf:dc624775927d4d4d,writable_target_mapping_2026,EXACT_SEMANTIC_MATCH
wi:5ca9a64788dd99e41589,LEGACY::REMASEP_OD::J71,REMASEP_OD :: SECCION B: ACTIVIDADES DE ATENCION EN ESPECIALIDADES ODONTOLOGICAS. :: INSTALACION PROTESIS PARCIAL METALICA SUP O INF :: REHABILITACION MEDIANTE PROTESIS REMOVIBLE METALICA PARCIAL :: SEGUN GRUPOS DE EDAD O DE RIESGO :: 3 ANOS :: HOMBRES,REMASEP_OD,I88,REMASEP_OD :: SECCION B: ACTIVIDADES DE ATENCION EN ESPECIALIDADES ODONTOLOGICAS. :: REHABILITACION MEDIANTE PROTESIS REMOVIBLE METALICA PARCIAL :: SEGUN GRUPOS DE EDAD O DE RIESGO :: 3 ANOS :: HOMBRES,INTEGER_COUNT,stf:dc624775927d4d4d,writable_target_mapping_2026,EXACT_SEMANTIC_MATCH
wi:5d01afd3aa8ce714c9ae,LEGACY::REMASEP_OD::S90,REMASEP_OD :: SECCION B: ACTIVIDADES DE ATENCION EN ESPECIALIDADES ODONTOLOGICAS. :: INSTALACIONES ORTOPEDIA :: INSTALACION DE DISPOSITIVO ORTOPEDICO :: SEGUN GRUPOS DE EDAD O DE RIESGO :: 7 ANOS :: MUJERES,REMASEP_OD,R107,REMASEP_OD :: SECCION B: ACTIVIDADES DE ATENCION EN ESPECIALIDADES ODONTOLOGICAS. :: INSTALACION DE DISPOSITIVO ORTOPEDICO :: SEGUN GRUPOS DE EDAD O DE RIESGO :: 7 ANOS :: MUJERES,INTEGER_COUNT,stf:dc624775927d4d4d,writable_target_mapping_2026,EXACT_SEMANTIC_MATCH
wi:5d54bafd26152c60f276,LEGACY::REMASEP_01::AH87,REMASEP 01 :: SECCION C: ATENCIONES Y CONSULTAS POR OTROS PROFESIONALES NO MEDICOS :: PSICO :: PSICOLOGO/A :: CONSULTA PSICOLOGICA :: POR EDAD (EN ANOS) :: 65 - 69 ANOS :: MUJERES,REMASEP 01,AG116,REMASEP 01 :: SECCION C: ATENCIONES Y CONSULTAS POR OTROS PROFESIONALES NO MEDICOS :: PSICOLOGO/A :: CONSULTA PSICOLOGICA :: POR EDAD (EN ANOS) :: 65 - 69 ANOS :: MUJERES,INTEGER_COUNT,stf:dc624775927d4d4d,writable_target_mapping_2026,EXACT_SEMANTIC_MATCH
wi:5d5e7235c78b69aae29d,LEGACY::REMASEP_OD::AC73,REMASEP_OD :: SECCION B: ACTIVIDADES DE ATENCION EN ESPECIALIDADES ODONTOLOGICAS. :: INSTALACION CORONA DEFINITIVA SOBRE IMPLANTE :: REHABILITACION MEDIANTE PROTESIS FIJA IMPLANTOASISTIDA (UNITARIA Y PLURAL) :: SEGUN GRUPOS DE EDAD O DE RIESGO :: 25-34 ANOS :: MUJERES,REMASEP_OD,AB90,REMASEP_OD :: SECCION B: ACTIVIDADES DE ATENCION EN ESPECIALIDADES ODONTOLOGICAS. :: REHABILITACION MEDIANTE PROTESIS FIJA IMPLANTOASISTIDA (UNITARIA Y PLURAL) :: SEGUN GRUPOS DE EDAD O DE RIESGO :: 25-34 ANOS :: MUJERES,INTEGER_COUNT,stf:dc624775927d4d4d,writable_target_mapping_2026,EXACT_SEMANTIC_MATCH
wi:5d8ae410905afc9905b6,LEGACY::REMASEP_OD::AF54,REMASEP_OD :: SECCION B: ACTIVIDADES DE ATENCION EN ESPECIALIDADES ODONTOLOGICAS. :: CONTROLES ORTODONCIA :: ORTODONCIA PREVENTIVA E INTERCEPTIVA (OPI) :: SEGUN GRUPOS DE EDAD O DE RIESGO :: 45-59 ANOS :: HOMBRES,REMASEP_OD,AE71,REMASEP_OD :: SECCION B: ACTIVIDADES DE ATENCION EN ESPECIALIDADES ODONTOLOGICAS. :: ORTODONCIA PREVENTIVA E INTERCEPTIVA (OPI) :: SEGUN GRUPOS DE EDAD O DE RIESGO :: 45-59 ANOS :: HOMBRES,INTEGER_COUNT,stf:dc624775927d4d4d,writable_target_mapping_2026,EXACT_SEMANTIC_MATCH
wi:5db8160b37f943ccb5bb,LEGACY::REMASEP_01::X87,REMASEP 01 :: SECCION C: ATENCIONES Y CONSULTAS POR OTROS PROFESIONALES NO MEDICOS :: PSICO :: PSICOLOGO/A :: CONSULTA PSICOLOGICA :: POR EDAD (EN ANOS) :: 40 - 44 ANOS :: MUJERES,REMASEP 01,W116,REMASEP 01 :: SECCION C: ATENCIONES Y CONSULTAS POR OTROS PROFESIONALES NO MEDICOS :: PSICOLOGO/A :: CONSULTA PSICOLOGICA :: POR EDAD (EN ANOS) :: 40 - 44 ANOS :: MUJERES,INTEGER_COUNT,stf:dc624775927d4d4d,writable_target_mapping_2026,EXACT_SEMANTIC_MATCH
wi:5deb8cd0adcb86562d2f,LEGACY::REMASEP_OD::I90,REMASEP_OD :: SECCION B: ACTIVIDADES DE ATENCION EN ESPECIALIDADES ODONTOLOGICAS. :: INSTALACIONES ORTOPEDIA :: INSTALACION DE DISPOSITIVO ORTOPEDICO :: SEGUN GRUPOS DE EDAD O DE RIESGO :: 2 ANOS :: MUJERES,REMASEP_OD,H107,REMASEP_OD :: SECCION B: ACTIVIDADES DE ATENCION EN ESPECIALIDADES ODONTOLOGICAS. :: INSTALACION DE DISPOSITIVO ORTOPEDICO :: SEGUN GRUPOS DE EDAD O DE RIESGO :: 2 ANOS :: MUJERES,INTEGER_COUNT,stf:dc624775927d4d4d,writable_target_mapping_2026,EXACT_SEMANTIC_MATCH
wi:5df31276e11928cb2fb8,LEGACY::REMASEP_01::AI84,REMASEP 01 :: SECCION C: ATENCIONES Y CONSULTAS POR OTROS PROFESIONALES NO MEDICOS :: ENFERMER :: ENFERMERA/O :: ATENCION AL PACIENTE :: POR EDAD (EN ANOS) :: 70 - 74 ANOS :: HOMBRES,REMASEP 01,AH113,REMASEP 01 :: SECCION C: ATENCIONES Y CONSULTAS POR OTROS PROFESIONALES NO MEDICOS :: ENFERMERA/O :: ATENCION AL PACIENTE :: POR EDAD (EN ANOS) :: 70 - 74 ANOS :: HOMBRES,INTEGER_COUNT,stf:dc624775927d4d4d,writable_target_mapping_2026,EXACT_SEMANTIC_MATCH
wi:5e7e3c8441cc67f0802e,LEGACY::REMASEP_OD::AJ54,REMASEP_OD :: SECCION B: ACTIVIDADES DE ATENCION EN ESPECIALIDADES ODONTOLOGICAS. :: CONTROLES ORTODONCIA :: ORTODONCIA PREVENTIVA E INTERCEPTIVA (OPI) :: SEGUN GRUPOS DE EDAD O DE RIESGO :: 65-74 ANOS :: HOMBRES,REMASEP_OD,AI71,REMASEP_OD :: SECCION B: ACTIVIDADES DE ATENCION EN ESPECIALIDADES ODONTOLOGICAS. :: ORTODONCIA PREVENTIVA E INTERCEPTIVA (OPI) :: SEGUN GRUPOS DE EDAD O DE RIESGO :: 65-74 ANOS :: HOMBRES,INTEGER_COUNT,stf:dc624775927d4d4d,writable_target_mapping_2026,EXACT_SEMANTIC_MATCH
wi:5e8d95ccb33736a90e49,LEGACY::REMASEP_OD::P62,"REMASEP_OD :: SECCION B: ACTIVIDADES DE ATENCION EN ESPECIALIDADES ODONTOLOGICAS. :: COMPOSITE :: PROCEDIMIENTO RESTAURADOR EN ODONTOPEDIATRIA (TODOS LOS TIPOS: RESINA, TEMPORALES Y AMALGAMAS) :: SEGUN GRUPOS DE EDAD O DE RIESGO :: 6 ANOS :: HOMBRES",REMASEP_OD,O79,"REMASEP_OD :: SECCION B: ACTIVIDADES DE ATENCION EN ESPECIALIDADES ODONTOLOGICAS. :: PROCEDIMIENTO RESTAURADOR EN ODONTOPEDIATRIA (TODOS LOS TIPOS: RESINA, TEMPORALES Y AMALGAMAS) :: SEGUN GRUPOS DE EDAD O DE RIESGO :: 6 ANOS :: HOMBRES",INTEGER_COUNT,stf:dc624775927d4d4d,writable_target_mapping_2026,EXACT_SEMANTIC_MATCH
wi:5ef2767dfa833941340a,LEGACY::REMASEP_OD::F50,REMASEP_OD :: SECCION B: ACTIVIDADES DE ATENCION EN ESPECIALIDADES ODONTOLOGICAS. :: INSTALACION CONTENCION :: INSTALACION APARATO DE CONTENCION ORTODONCICO :: SEGUN GRUPOS DE EDAD O DE RIESGO :: MENOS DE 1 ANO - 1 ANO :: HOMBRES,REMASEP_OD,E67,REMASEP_OD :: SECCION B: ACTIVIDADES DE ATENCION EN ESPECIALIDADES ODONTOLOGICAS. :: INSTALACION APARATO DE CONTENCION ORTODONCICO :: SEGUN GRUPOS DE EDAD O DE RIESGO :: MENOS DE 1 ANO - 1 ANO :: HOMBRES,INTEGER_COUNT,stf:dc624775927d4d4d,writable_target_mapping_2026,EXACT_SEMANTIC_MATCH
wi:5f0312e1d309bf7a9db1,LEGACY::REMASEP_OD::P71,REMASEP_OD :: SECCION B: ACTIVIDADES DE ATENCION EN ESPECIALIDADES ODONTOLOGICAS. :: INSTALACION PROTESIS PARCIAL METALICA SUP O INF :: REHABILITACION MEDIANTE PROTESIS REMOVIBLE METALICA PARCIAL :: SEGUN GRUPOS DE EDAD O DE RIESGO :: 6 ANOS :: HOMBRES,REMASEP_OD,O88,REMASEP_OD :: SECCION B: ACTIVIDADES DE ATENCION EN ESPECIALIDADES ODONTOLOGICAS. :: REHABILITACION MEDIANTE PROTESIS REMOVIBLE METALICA PARCIAL :: SEGUN GRUPOS DE EDAD O DE RIESGO :: 6 ANOS :: HOMBRES,INTEGER_COUNT,stf:dc624775927d4d4d,writable_target_mapping_2026,EXACT_SEMANTIC_MATCH
wi:5f4090ce1250fa0ece15,LEGACY::REMASEP_OD::AK89,REMASEP_OD :: SECCION B: ACTIVIDADES DE ATENCION EN ESPECIALIDADES ODONTOLOGICAS. :: 5009002 - DESGASTE SELECTIVO :: DESGASTE SELECTIVO :: SEGUN GRUPOS DE EDAD O DE RIESGO :: 65-74 ANOS :: MUJERES,REMASEP_OD,AJ106,REMASEP_OD :: SECCION B: ACTIVIDADES DE ATENCION EN ESPECIALIDADES ODONTOLOGICAS. :: DESGASTE SELECTIVO :: SEGUN GRUPOS DE EDAD O DE RIESGO :: 65-74 ANOS :: MUJERES,INTEGER_COUNT,stf:dc624775927d4d4d,writable_target_mapping_2026,EXACT_SEMANTIC_MATCH
wi:5fc1a888cb7862b152c7,LEGACY::REMASEP_OD::AH70,REMASEP_OD :: SECCION B: ACTIVIDADES DE ATENCION EN ESPECIALIDADES ODONTOLOGICAS. :: INSTALACION PROTESIS TOTAL ACRILICA SUP O INF :: REHABILITACION MEDIANTE PROTESIS REMOVIBLE ACRILICA PARCIAL O TOTAL :: SEGUN GRUPOS DE EDAD O DE RIESGO :: 60-64 ANOS :: HOMBRES,REMASEP_OD,AG87,REMASEP_OD :: SECCION B: ACTIVIDADES DE ATENCION EN ESPECIALIDADES ODONTOLOGICAS. :: REHABILITACION MEDIANTE PROTESIS REMOVIBLE ACRILICA PARCIAL O TOTAL :: SEGUN GRUPOS DE EDAD O DE RIESGO :: 60-64 ANOS :: HOMBRES,INTEGER_COUNT,stf:dc624775927d4d4d,writable_target_mapping_2026,EXACT_SEMANTIC_MATCH
wi:5fffb56d88445fcf1e2c,LEGACY::REMASEP_01::AA86,REMASEP 01 :: SECCION C: ATENCIONES Y CONSULTAS POR OTROS PROFESIONALES NO MEDICOS :: NUTRICIONISTA :: NUTRICIONISTA :: CONSULTA NUTRICIONAL :: POR EDAD (EN ANOS) :: 50 - 54 ANOS :: HOMBRES,REMASEP 01,Z115,REMASEP 01 :: SECCION C: ATENCIONES Y CONSULTAS POR OTROS PROFESIONALES NO MEDICOS :: NUTRICIONISTA :: CONSULTA NUTRICIONAL :: POR EDAD (EN ANOS) :: 50 - 54 ANOS :: HOMBRES,INTEGER_COUNT,stf:dc624775927d4d4d,writable_target_mapping_2026,EXACT_SEMANTIC_MATCH
wi:603b85e406129d839a72,LEGACY::REMASEP_OD::M63,REMASEP_OD :: SECCION B: ACTIVIDADES DE ATENCION EN ESPECIALIDADES ODONTOLOGICAS. :: 5010023 - PULPECTOMIA / 5010003 - PULPOTOMIA :: PROCEDIMIENTO PULPAR EN ODONTOPEDIATRIA (PULPOTOMIA Y PULPECTOMIA) :: SEGUN GRUPOS DE EDAD O DE RIESGO :: 4 ANOS :: MUJERES,REMASEP_OD,L80,REMASEP_OD :: SECCION B: ACTIVIDADES DE ATENCION EN ESPECIALIDADES ODONTOLOGICAS. :: PROCEDIMIENTO PULPAR EN ODONTOPEDIATRIA (PULPOTOMIA Y PULPECTOMIA) :: SEGUN GRUPOS DE EDAD O DE RIESGO :: 4 ANOS :: MUJERES,INTEGER_COUNT,stf:dc624775927d4d4d,writable_target_mapping_2026,EXACT_SEMANTIC_MATCH
wi:60630836d8d6f67f9ed9,LEGACY::REMASEP_OD::AG8,REMASEP_OD :: SECCION A: CONSULTAS Y CONTROLES ODONTOLOGICOS REALIZADOS :: A.1. CONSULTAS Y ALTAS :: EVALUACION ODONTOLOGIA GENERAL :: PRIMERAS CONSULTAS (ANO) DE ODONTOLOGIA ESPECIALIDADES :: SEGUN GRUPOS DE EDAD O DE RIESGO :: 45-59 ANOS :: MUJERES,REMASEP_OD,AF17,REMASEP_OD :: SECCION A: CONSULTAS Y CONTROLES ODONTOLOGICOS REALIZADOS :: A.1. CONSULTAS Y ALTAS :: PRIMERAS CONSULTAS (ANO) DE ODONTOLOGIA ESPECIALIDADES :: SEGUN GRUPOS DE EDAD O DE RIESGO :: 45-59 ANOS :: MUJERES,INTEGER_COUNT,stf:dc624775927d4d4d,writable_target_mapping_2026,EXACT_SEMANTIC_MATCH
wi:607c0cd07aa01bfdf61f,LEGACY::REMASEP_OD::AJ90,REMASEP_OD :: SECCION B: ACTIVIDADES DE ATENCION EN ESPECIALIDADES ODONTOLOGICAS. :: INSTALACIONES ORTOPEDIA :: INSTALACION DE DISPOSITIVO ORTOPEDICO :: SEGUN GRUPOS DE EDAD O DE RIESGO :: 65-74 ANOS :: HOMBRES,REMASEP_OD,AI107,REMASEP_OD :: SECCION B: ACTIVIDADES DE ATENCION EN ESPECIALIDADES ODONTOLOGICAS. :: INSTALACION DE DISPOSITIVO ORTOPEDICO :: SEGUN GRUPOS DE EDAD O DE RIESGO :: 65-74 ANOS :: HOMBRES,INTEGER_COUNT,stf:dc624775927d4d4d,writable_target_mapping_2026,EXACT_SEMANTIC_MATCH
wi:6106d1fe91663d3e10dd,LEGACY::REMASEP_OD::X54,REMASEP_OD :: SECCION B: ACTIVIDADES DE ATENCION EN ESPECIALIDADES ODONTOLOGICAS. :: CONTROLES ORTODONCIA :: ORTODONCIA PREVENTIVA E INTERCEPTIVA (OPI) :: SEGUN GRUPOS DE EDAD O DE RIESGO :: 15-19 ANOS :: HOMBRES,REMASEP_OD,W71,REMASEP_OD :: SECCION B: ACTIVIDADES DE ATENCION EN ESPECIALIDADES ODONTOLOGICAS. :: ORTODONCIA PREVENTIVA E INTERCEPTIVA (OPI) :: SEGUN GRUPOS DE EDAD O DE RIESGO :: 15-19 ANOS :: HOMBRES,INTEGER_COUNT,stf:dc624775927d4d4d,writable_target_mapping_2026,EXACT_SEMANTIC_MATCH
wi:617b1195a545a35705e7,LEGACY::REMASEP_OD::O14,REMASEP_OD :: SECCION A: CONSULTAS Y CONTROLES ODONTOLOGICOS REALIZADOS :: A.3. ACCIONES GENERALES DE PREVENCION E HIGIENE :: 50010112 - INSTRUCCION DE HIGIENE ORAL :: INSTRUCCION Y CONTROL DE HIGIENE ORAL EN NINOS Y ADULTOS :: SEGUN GRUPOS DE EDAD O DE RIESGO :: 5 ANOS :: MUJERES,REMASEP_OD,N31,REMASEP_OD :: SECCION A: CONSULTAS Y CONTROLES ODONTOLOGICOS REALIZADOS :: A.3. ACCIONES GENERALES DE PREVENCION E HIGIENE :: INSTRUCCION Y CONTROL DE HIGIENE ORAL EN NINOS Y ADULTOS :: SEGUN GRUPOS DE EDAD O DE RIESGO :: 5 ANOS :: MUJERES,INTEGER_COUNT,stf:dc624775927d4d4d,writable_target_mapping_2026,EXACT_SEMANTIC_MATCH
wi:61c15081beee932b4d46,LEGACY::REMASEP_OD::Q66,REMASEP_OD :: SECCION B: ACTIVIDADES DE ATENCION EN ESPECIALIDADES ODONTOLOGICAS. :: 5009012 - PULIDO RADICULAR POR SESION O SEXTANTE :: PULIDO RADICULAR :: SEGUN GRUPOS DE EDAD O DE RIESGO :: 6 ANOS :: MUJERES,REMASEP_OD,P83,REMASEP_OD :: SECCION B: ACTIVIDADES DE ATENCION EN ESPECIALIDADES ODONTOLOGICAS. :: PULIDO RADICULAR :: SEGUN GRUPOS DE EDAD O DE RIESGO :: 6 ANOS :: MUJERES,INTEGER_COUNT,stf:dc624775927d4d4d,writable_target_mapping_2026,EXACT_SEMANTIC_MATCH
wi:6209798ebc04a01cbd46,LEGACY::REMASEP_OD::G10,REMASEP_OD :: SECCION A: CONSULTAS Y CONTROLES ODONTOLOGICOS REALIZADOS :: A.1. CONSULTAS Y ALTAS :: CONTROL ODON ESP :: CONTROLES ODONTOLOGICO DE ESPECIALIDAD :: SEGUN GRUPOS DE EDAD O DE RIESGO :: MENOS DE 1 ANO - 1 ANO :: MUJERES,REMASEP_OD,F19,REMASEP_OD :: SECCION A: CONSULTAS Y CONTROLES ODONTOLOGICOS REALIZADOS :: A.1. CONSULTAS Y ALTAS :: CONTROLES ODONTOLOGICO DE ESPECIALIDAD :: SEGUN GRUPOS DE EDAD O DE RIESGO :: MENOS DE 1 ANO - 1 ANO :: MUJERES,INTEGER_COUNT,stf:dc624775927d4d4d,writable_target_mapping_2026,EXACT_SEMANTIC_MATCH
wi:62150d0529d0f2f17b88,LEGACY::REMASEP_OD::AK9,REMASEP_OD :: SECCION A: CONSULTAS Y CONTROLES ODONTOLOGICOS REALIZADOS :: A.1. CONSULTAS Y ALTAS :: CONTROL ODONTOLOGIA GENERAL :: CONTROLES ODONTOLOGICOS GENERALES :: SEGUN GRUPOS DE EDAD O DE RIESGO :: 65-74 ANOS :: MUJERES,REMASEP_OD,AJ18,REMASEP_OD :: SECCION A: CONSULTAS Y CONTROLES ODONTOLOGICOS REALIZADOS :: A.1. CONSULTAS Y ALTAS :: CONTROLES ODONTOLOGICOS GENERALES :: SEGUN GRUPOS DE EDAD O DE RIESGO :: 65-74 ANOS :: MUJERES,INTEGER_COUNT,stf:dc624775927d4d4d,writable_target_mapping_2026,EXACT_SEMANTIC_MATCH
wi:62242730d90492705d9d,LEGACY::REMASEP_OD::Y40,REMASEP_OD :: SECCION B: ACTIVIDADES DE ATENCION EN ESPECIALIDADES ODONTOLOGICAS. :: EVALUACION ODON ESP :: EXAMEN Y DIAGNOSTICO DE ESPECIALIDAD :: SEGUN GRUPOS DE EDAD O DE RIESGO :: 15-19 ANOS :: MUJERES,REMASEP_OD,X57,REMASEP_OD :: SECCION B: ACTIVIDADES DE ATENCION EN ESPECIALIDADES ODONTOLOGICAS. :: EXAMEN Y DIAGNOSTICO DE ESPECIALIDAD :: SEGUN GRUPOS DE EDAD O DE RIESGO :: 15-19 ANOS :: MUJERES,INTEGER_COUNT,stf:dc624775927d4d4d,writable_target_mapping_2026,EXACT_SEMANTIC_MATCH
wi:6227decb192e4140bc77,LEGACY::REMASEP_01::U86,REMASEP 01 :: SECCION C: ATENCIONES Y CONSULTAS POR OTROS PROFESIONALES NO MEDICOS :: NUTRICIONISTA :: NUTRICIONISTA :: CONSULTA NUTRICIONAL :: POR EDAD (EN ANOS) :: 35 - 39 ANOS :: HOMBRES,REMASEP 01,T115,REMASEP 01 :: SECCION C: ATENCIONES Y CONSULTAS POR OTROS PROFESIONALES NO MEDICOS :: NUTRICIONISTA :: CONSULTA NUTRICIONAL :: POR EDAD (EN ANOS) :: 35 - 39 ANOS :: HOMBRES,INTEGER_COUNT,stf:dc624775927d4d4d,writable_target_mapping_2026,EXACT_SEMANTIC_MATCH
wi:62706638eeac8290122e,LEGACY::REMASEP_OD::U54,REMASEP_OD :: SECCION B: ACTIVIDADES DE ATENCION EN ESPECIALIDADES ODONTOLOGICAS. :: CONTROLES ORTODONCIA :: ORTODONCIA PREVENTIVA E INTERCEPTIVA (OPI) :: SEGUN GRUPOS DE EDAD O DE RIESGO :: 8-9 ANOS :: MUJERES,REMASEP_OD,T71,REMASEP_OD :: SECCION B: ACTIVIDADES DE ATENCION EN ESPECIALIDADES ODONTOLOGICAS. :: ORTODONCIA PREVENTIVA E INTERCEPTIVA (OPI) :: SEGUN GRUPOS DE EDAD O DE RIESGO :: 8-9 ANOS :: MUJERES,INTEGER_COUNT,stf:dc624775927d4d4d,writable_target_mapping_2026,EXACT_SEMANTIC_MATCH
wi:6286903dd20484fd2617,LEGACY::REMASEP_OD::V13,"REMASEP_OD :: SECCION A: CONSULTAS Y CONTROLES ODONTOLOGICOS REALIZADOS :: A.3. ACCIONES GENERALES DE PREVENCION E HIGIENE :: 5001005 - SELLANTES :: APLICACION DE SELLANTE EN PIEZA PERMANENTE, FOTOCURADO :: SEGUN GRUPOS DE EDAD O DE RIESGO :: 10-14 ANOS :: HOMBRES",REMASEP_OD,U30,"REMASEP_OD :: SECCION A: CONSULTAS Y CONTROLES ODONTOLOGICOS REALIZADOS :: A.3. ACCIONES GENERALES DE PREVENCION E HIGIENE :: APLICACION DE SELLANTE EN PIEZA PERMANENTE, FOTOCURADO :: SEGUN GRUPOS DE EDAD O DE RIESGO :: 10-14 ANOS :: HOMBRES",INTEGER_COUNT,stf:dc624775927d4d4d,writable_target_mapping_2026,EXACT_SEMANTIC_MATCH
wi:6287347cb6b3067b0bd9,LEGACY::REMASEP_OD::AE72,REMASEP_OD :: SECCION B: ACTIVIDADES DE ATENCION EN ESPECIALIDADES ODONTOLOGICAS. :: CEMENTACION PROTESIS FIJA SOBRE DIENTE :: REHABILITACION MEDIANTE PROTESIS FIJA UNITARIA O PLURAL :: SEGUN GRUPOS DE EDAD O DE RIESGO :: 35-44 ANOS :: MUJERES,REMASEP_OD,AD89,REMASEP_OD :: SECCION B: ACTIVIDADES DE ATENCION EN ESPECIALIDADES ODONTOLOGICAS. :: REHABILITACION MEDIANTE PROTESIS FIJA UNITARIA O PLURAL :: SEGUN GRUPOS DE EDAD O DE RIESGO :: 35-44 ANOS :: MUJERES,INTEGER_COUNT,stf:dc624775927d4d4d,writable_target_mapping_2026,EXACT_SEMANTIC_MATCH
wi:62cf42f305b44374cc78,LEGACY::REMASEP_OD::R73,REMASEP_OD :: SECCION B: ACTIVIDADES DE ATENCION EN ESPECIALIDADES ODONTOLOGICAS. :: INSTALACION CORONA DEFINITIVA SOBRE IMPLANTE :: REHABILITACION MEDIANTE PROTESIS FIJA IMPLANTOASISTIDA (UNITARIA Y PLURAL) :: SEGUN GRUPOS DE EDAD O DE RIESGO :: 7 ANOS :: HOMBRES,REMASEP_OD,Q90,REMASEP_OD :: SECCION B: ACTIVIDADES DE ATENCION EN ESPECIALIDADES ODONTOLOGICAS. :: REHABILITACION MEDIANTE PROTESIS FIJA IMPLANTOASISTIDA (UNITARIA Y PLURAL) :: SEGUN GRUPOS DE EDAD O DE RIESGO :: 7 ANOS :: HOMBRES,INTEGER_COUNT,stf:dc624775927d4d4d,writable_target_mapping_2026,EXACT_SEMANTIC_MATCH
wi:62d301fc544727cd9cb7,LEGACY::REMASEP_OD::AI66,REMASEP_OD :: SECCION B: ACTIVIDADES DE ATENCION EN ESPECIALIDADES ODONTOLOGICAS. :: 5009012 - PULIDO RADICULAR POR SESION O SEXTANTE :: PULIDO RADICULAR :: SEGUN GRUPOS DE EDAD O DE RIESGO :: 60-64 ANOS :: MUJERES,REMASEP_OD,AH83,REMASEP_OD :: SECCION B: ACTIVIDADES DE ATENCION EN ESPECIALIDADES ODONTOLOGICAS. :: PULIDO RADICULAR :: SEGUN GRUPOS DE EDAD O DE RIESGO :: 60-64 ANOS :: MUJERES,INTEGER_COUNT,stf:dc624775927d4d4d,writable_target_mapping_2026,EXACT_SEMANTIC_MATCH
wi:63013f0efdbef89fbf37,LEGACY::REMASEP_OD::AF48,REMASEP_OD :: SECCION B: ACTIVIDADES DE ATENCION EN ESPECIALIDADES ODONTOLOGICAS. :: INSTALACION APARATO REMOVIBLE :: INSTALACION APARATO REMOVIBLE ORTODONCICO :: SEGUN GRUPOS DE EDAD O DE RIESGO :: 45-59 ANOS :: HOMBRES,REMASEP_OD,AE65,REMASEP_OD :: SECCION B: ACTIVIDADES DE ATENCION EN ESPECIALIDADES ODONTOLOGICAS. :: INSTALACION APARATO REMOVIBLE ORTODONCICO :: SEGUN GRUPOS DE EDAD O DE RIESGO :: 45-59 ANOS :: HOMBRES,INTEGER_COUNT,stf:dc624775927d4d4d,writable_target_mapping_2026,EXACT_SEMANTIC_MATCH
wi:635709d33342f16578d2,LEGACY::REMASEP_OD::AE51,REMASEP_OD :: SECCION B: ACTIVIDADES DE ATENCION EN ESPECIALIDADES ODONTOLOGICAS. :: 5004018 - RETIRO APARATO FIJO-LIMPIEZA-IMPRESION :: RETIRO APARATOLOGIA DE ORTODONCIA :: SEGUN GRUPOS DE EDAD O DE RIESGO :: 35-44 ANOS :: MUJERES,REMASEP_OD,AD68,REMASEP_OD :: SECCION B: ACTIVIDADES DE ATENCION EN ESPECIALIDADES ODONTOLOGICAS. :: RETIRO APARATOLOGIA DE ORTODONCIA :: SEGUN GRUPOS DE EDAD O DE RIESGO :: 35-44 ANOS :: MUJERES,INTEGER_COUNT,stf:dc624775927d4d4d,writable_target_mapping_2026,EXACT_SEMANTIC_MATCH
wi:64534fd03d9770437730,LEGACY::REMASEP_OD::M90,REMASEP_OD :: SECCION B: ACTIVIDADES DE ATENCION EN ESPECIALIDADES ODONTOLOGICAS. :: INSTALACIONES ORTOPEDIA :: INSTALACION DE DISPOSITIVO ORTOPEDICO :: SEGUN GRUPOS DE EDAD O DE RIESGO :: 4 ANOS :: MUJERES,REMASEP_OD,L107,REMASEP_OD :: SECCION B: ACTIVIDADES DE ATENCION EN ESPECIALIDADES ODONTOLOGICAS. :: INSTALACION DE DISPOSITIVO ORTOPEDICO :: SEGUN GRUPOS DE EDAD O DE RIESGO :: 4 ANOS :: MUJERES,INTEGER_COUNT,stf:dc624775927d4d4d,writable_target_mapping_2026,EXACT_SEMANTIC_MATCH
wi:64c97b38892c51ac0c8a,LEGACY::REMASEP_OD::AC51,REMASEP_OD :: SECCION B: ACTIVIDADES DE ATENCION EN ESPECIALIDADES ODONTOLOGICAS. :: 5004018 - RETIRO APARATO FIJO-LIMPIEZA-IMPRESION :: RETIRO APARATOLOGIA DE ORTODONCIA :: SEGUN GRUPOS DE EDAD O DE RIESGO :: 25-34 ANOS :: MUJERES,REMASEP_OD,AB68,REMASEP_OD :: SECCION B: ACTIVIDADES DE ATENCION EN ESPECIALIDADES ODONTOLOGICAS. :: RETIRO APARATOLOGIA DE ORTODONCIA :: SEGUN GRUPOS DE EDAD O DE RIESGO :: 25-34 ANOS :: MUJERES,INTEGER_COUNT,stf:dc624775927d4d4d,writable_target_mapping_2026,EXACT_SEMANTIC_MATCH
wi:64e1b6cb4f51ea270e81,LEGACY::REMASEP_OD::U52,REMASEP_OD :: SECCION B: ACTIVIDADES DE ATENCION EN ESPECIALIDADES ODONTOLOGICAS. :: 5004020 - CONTROL ORTODONCIA QUIRURGICO :: ORTODONCIA PRE-QUIRURGICA :: SEGUN GRUPOS DE EDAD O DE RIESGO :: 8-9 ANOS :: MUJERES,REMASEP_OD,T69,REMASEP_OD :: SECCION B: ACTIVIDADES DE ATENCION EN ESPECIALIDADES ODONTOLOGICAS. :: ORTODONCIA PRE-QUIRURGICA :: SEGUN GRUPOS DE EDAD O DE RIESGO :: 8-9 ANOS :: MUJERES,INTEGER_COUNT,stf:dc624775927d4d4d,writable_target_mapping_2026,EXACT_SEMANTIC_MATCH
wi:6502b8fcfb4a7819c695,LEGACY::REMASEP_OD::J49,REMASEP_OD :: SECCION B: ACTIVIDADES DE ATENCION EN ESPECIALIDADES ODONTOLOGICAS. :: 5004001 - INSTALACION APARATO FIJO SUP O INF :: INSTALACION APARATO FIJO ORTODONCICO :: SEGUN GRUPOS DE EDAD O DE RIESGO :: 3 ANOS :: HOMBRES,REMASEP_OD,I66,REMASEP_OD :: SECCION B: ACTIVIDADES DE ATENCION EN ESPECIALIDADES ODONTOLOGICAS. :: INSTALACION APARATO FIJO ORTODONCICO :: SEGUN GRUPOS DE EDAD O DE RIESGO :: 3 ANOS :: HOMBRES,INTEGER_COUNT,stf:dc624775927d4d4d,writable_target_mapping_2026,EXACT_SEMANTIC_MATCH
wi:652cfad50289698f7684,LEGACY::REMASEP_OD::N54,REMASEP_OD :: SECCION B: ACTIVIDADES DE ATENCION EN ESPECIALIDADES ODONTOLOGICAS. :: CONTROLES ORTODONCIA :: ORTODONCIA PREVENTIVA E INTERCEPTIVA (OPI) :: SEGUN GRUPOS DE EDAD O DE RIESGO :: 5 ANOS :: HOMBRES,REMASEP_OD,M71,REMASEP_OD :: SECCION B: ACTIVIDADES DE ATENCION EN ESPECIALIDADES ODONTOLOGICAS. :: ORTODONCIA PREVENTIVA E INTERCEPTIVA (OPI) :: SEGUN GRUPOS DE EDAD O DE RIESGO :: 5 ANOS :: HOMBRES,INTEGER_COUNT,stf:dc624775927d4d4d,writable_target_mapping_2026,EXACT_SEMANTIC_MATCH
wi:655f8e05267ac7c45cf6,LEGACY::REMASEP_OD::AK52,REMASEP_OD :: SECCION B: ACTIVIDADES DE ATENCION EN ESPECIALIDADES ODONTOLOGICAS. :: 5004020 - CONTROL ORTODONCIA QUIRURGICO :: ORTODONCIA PRE-QUIRURGICA :: SEGUN GRUPOS DE EDAD O DE RIESGO :: 65-74 ANOS :: MUJERES,REMASEP_OD,AJ69,REMASEP_OD :: SECCION B: ACTIVIDADES DE ATENCION EN ESPECIALIDADES ODONTOLOGICAS. :: ORTODONCIA PRE-QUIRURGICA :: SEGUN GRUPOS DE EDAD O DE RIESGO :: 65-74 ANOS :: MUJERES,INTEGER_COUNT,stf:dc624775927d4d4d,writable_target_mapping_2026,EXACT_SEMANTIC_MATCH
wi:6561c4f2b883678e3e7c,LEGACY::REMASEP_OD::P10,REMASEP_OD :: SECCION A: CONSULTAS Y CONTROLES ODONTOLOGICOS REALIZADOS :: A.1. CONSULTAS Y ALTAS :: CONTROL ODON ESP :: CONTROLES ODONTOLOGICO DE ESPECIALIDAD :: SEGUN GRUPOS DE EDAD O DE RIESGO :: 6 ANOS :: HOMBRES,REMASEP_OD,O19,REMASEP_OD :: SECCION A: CONSULTAS Y CONTROLES ODONTOLOGICOS REALIZADOS :: A.1. CONSULTAS Y ALTAS :: CONTROLES ODONTOLOGICO DE ESPECIALIDAD :: SEGUN GRUPOS DE EDAD O DE RIESGO :: 6 ANOS :: HOMBRES,INTEGER_COUNT,stf:dc624775927d4d4d,writable_target_mapping_2026,EXACT_SEMANTIC_MATCH
wi:65a7660a0e28898c2bdb,LEGACY::REMASEP_OD::AJ52,REMASEP_OD :: SECCION B: ACTIVIDADES DE ATENCION EN ESPECIALIDADES ODONTOLOGICAS. :: 5004020 - CONTROL ORTODONCIA QUIRURGICO :: ORTODONCIA PRE-QUIRURGICA :: SEGUN GRUPOS DE EDAD O DE RIESGO :: 65-74 ANOS :: HOMBRES,REMASEP_OD,AI69,REMASEP_OD :: SECCION B: ACTIVIDADES DE ATENCION EN ESPECIALIDADES ODONTOLOGICAS. :: ORTODONCIA PRE-QUIRURGICA :: SEGUN GRUPOS DE EDAD O DE RIESGO :: 65-74 ANOS :: HOMBRES,INTEGER_COUNT,stf:dc624775927d4d4d,writable_target_mapping_2026,EXACT_SEMANTIC_MATCH
wi:65ed5e6d863d816f6054,LEGACY::REMASEP_OD::K17,REMASEP_OD :: SECCION A: CONSULTAS Y CONTROLES ODONTOLOGICOS REALIZADOS :: A.3. ACCIONES GENERALES DE PREVENCION E HIGIENE :: 5001016 - FLUOR :: FLUORACION TOPICA DE BARNIZ :: SEGUN GRUPOS DE EDAD O DE RIESGO :: 3 ANOS :: MUJERES,REMASEP_OD,J34,REMASEP_OD :: SECCION A: CONSULTAS Y CONTROLES ODONTOLOGICOS REALIZADOS :: A.3. ACCIONES GENERALES DE PREVENCION E HIGIENE :: FLUORACION TOPICA DE BARNIZ :: SEGUN GRUPOS DE EDAD O DE RIESGO :: 3 ANOS :: MUJERES,INTEGER_COUNT,stf:dc624775927d4d4d,writable_target_mapping_2026,EXACT_SEMANTIC_MATCH
wi:65f14ea2e47a77d3fa54,LEGACY::REMASEP_OD::Q46,REMASEP_OD :: SECCION B: ACTIVIDADES DE ATENCION EN ESPECIALIDADES ODONTOLOGICAS. :: 5010009 - VIDRIO IONOMERO :: OBTURACION DIRECTA :: SEGUN GRUPOS DE EDAD O DE RIESGO :: 6 ANOS :: MUJERES,REMASEP_OD,P63,REMASEP_OD :: SECCION B: ACTIVIDADES DE ATENCION EN ESPECIALIDADES ODONTOLOGICAS. :: OBTURACION DIRECTA :: SEGUN GRUPOS DE EDAD O DE RIESGO :: 6 ANOS :: MUJERES,INTEGER_COUNT,stf:dc624775927d4d4d,writable_target_mapping_2026,EXACT_SEMANTIC_MATCH
wi:6603686ebe338e321b0d,LEGACY::REMASEP_OD::AH40,REMASEP_OD :: SECCION B: ACTIVIDADES DE ATENCION EN ESPECIALIDADES ODONTOLOGICAS. :: EVALUACION ODON ESP :: EXAMEN Y DIAGNOSTICO DE ESPECIALIDAD :: SEGUN GRUPOS DE EDAD O DE RIESGO :: 60-64 ANOS :: HOMBRES,REMASEP_OD,AG57,REMASEP_OD :: SECCION B: ACTIVIDADES DE ATENCION EN ESPECIALIDADES ODONTOLOGICAS. :: EXAMEN Y DIAGNOSTICO DE ESPECIALIDAD :: SEGUN GRUPOS DE EDAD O DE RIESGO :: 60-64 ANOS :: HOMBRES,INTEGER_COUNT,stf:dc624775927d4d4d,writable_target_mapping_2026,EXACT_SEMANTIC_MATCH
wi:66fdbf2483016b9a7d0f,LEGACY::REMASEP_OD::S66,REMASEP_OD :: SECCION B: ACTIVIDADES DE ATENCION EN ESPECIALIDADES ODONTOLOGICAS. :: 5009012 - PULIDO RADICULAR POR SESION O SEXTANTE :: PULIDO RADICULAR :: SEGUN GRUPOS DE EDAD O DE RIESGO :: 7 ANOS :: MUJERES,REMASEP_OD,R83,REMASEP_OD :: SECCION B: ACTIVIDADES DE ATENCION EN ESPECIALIDADES ODONTOLOGICAS. :: PULIDO RADICULAR :: SEGUN GRUPOS DE EDAD O DE RIESGO :: 7 ANOS :: MUJERES,INTEGER_COUNT,stf:dc624775927d4d4d,writable_target_mapping_2026,EXACT_SEMANTIC_MATCH
wi:67264a5d65718b13848f,LEGACY::REMASEP_OD::X8,REMASEP_OD :: SECCION A: CONSULTAS Y CONTROLES ODONTOLOGICOS REALIZADOS :: A.1. CONSULTAS Y ALTAS :: EVALUACION ODONTOLOGIA GENERAL :: PRIMERAS CONSULTAS (ANO) DE ODONTOLOGIA ESPECIALIDADES :: SEGUN GRUPOS DE EDAD O DE RIESGO :: 15-19 ANOS :: HOMBRES,REMASEP_OD,W17,REMASEP_OD :: SECCION A: CONSULTAS Y CONTROLES ODONTOLOGICOS REALIZADOS :: A.1. CONSULTAS Y ALTAS :: PRIMERAS CONSULTAS (ANO) DE ODONTOLOGIA ESPECIALIDADES :: SEGUN GRUPOS DE EDAD O DE RIESGO :: 15-19 ANOS :: HOMBRES,INTEGER_COUNT,stf:dc624775927d4d4d,writable_target_mapping_2026,EXACT_SEMANTIC_MATCH
wi:67627173972c35554858,LEGACY::REMASEP_OD::AE16,REMASEP_OD :: SECCION A: CONSULTAS Y CONTROLES ODONTOLOGICOS REALIZADOS :: A.3. ACCIONES GENERALES DE PREVENCION E HIGIENE :: 5010011 - PROFILAXIS :: HIGIENE Y PROFILAXIS EN NINOS Y ADULTOS :: SEGUN GRUPOS DE EDAD O DE RIESGO :: 35-44 ANOS :: MUJERES,REMASEP_OD,AD33,REMASEP_OD :: SECCION A: CONSULTAS Y CONTROLES ODONTOLOGICOS REALIZADOS :: A.3. ACCIONES GENERALES DE PREVENCION E HIGIENE :: HIGIENE Y PROFILAXIS EN NINOS Y ADULTOS :: SEGUN GRUPOS DE EDAD O DE RIESGO :: 35-44 ANOS :: MUJERES,INTEGER_COUNT,stf:dc624775927d4d4d,writable_target_mapping_2026,EXACT_SEMANTIC_MATCH
wi:67bed4e5a9aed4b82cfa,LEGACY::REMASEP_01::O84,REMASEP 01 :: SECCION C: ATENCIONES Y CONSULTAS POR OTROS PROFESIONALES NO MEDICOS :: ENFERMER :: ENFERMERA/O :: ATENCION AL PACIENTE :: POR EDAD (EN ANOS) :: 20 - 24 ANOS :: HOMBRES,REMASEP 01,N113,REMASEP 01 :: SECCION C: ATENCIONES Y CONSULTAS POR OTROS PROFESIONALES NO MEDICOS :: ENFERMERA/O :: ATENCION AL PACIENTE :: POR EDAD (EN ANOS) :: 20 - 24 ANOS :: HOMBRES,INTEGER_COUNT,stf:dc624775927d4d4d,writable_target_mapping_2026,EXACT_SEMANTIC_MATCH
wi:680d097a7ada52d26424,LEGACY::REMASEP_OD::P73,REMASEP_OD :: SECCION B: ACTIVIDADES DE ATENCION EN ESPECIALIDADES ODONTOLOGICAS. :: INSTALACION CORONA DEFINITIVA SOBRE IMPLANTE :: REHABILITACION MEDIANTE PROTESIS FIJA IMPLANTOASISTIDA (UNITARIA Y PLURAL) :: SEGUN GRUPOS DE EDAD O DE RIESGO :: 6 ANOS :: HOMBRES,REMASEP_OD,O90,REMASEP_OD :: SECCION B: ACTIVIDADES DE ATENCION EN ESPECIALIDADES ODONTOLOGICAS. :: REHABILITACION MEDIANTE PROTESIS FIJA IMPLANTOASISTIDA (UNITARIA Y PLURAL) :: SEGUN GRUPOS DE EDAD O DE RIESGO :: 6 ANOS :: HOMBRES,INTEGER_COUNT,stf:dc624775927d4d4d,writable_target_mapping_2026,EXACT_SEMANTIC_MATCH
wi:681bd3b76d454c5c78ba,LEGACY::REMASEP_OD::AE66,REMASEP_OD :: SECCION B: ACTIVIDADES DE ATENCION EN ESPECIALIDADES ODONTOLOGICAS. :: 5009012 - PULIDO RADICULAR POR SESION O SEXTANTE :: PULIDO RADICULAR :: SEGUN GRUPOS DE EDAD O DE RIESGO :: 35-44 ANOS :: MUJERES,REMASEP_OD,AD83,REMASEP_OD :: SECCION B: ACTIVIDADES DE ATENCION EN ESPECIALIDADES ODONTOLOGICAS. :: PULIDO RADICULAR :: SEGUN GRUPOS DE EDAD O DE RIESGO :: 35-44 ANOS :: MUJERES,INTEGER_COUNT,stf:dc624775927d4d4d,writable_target_mapping_2026,EXACT_SEMANTIC_MATCH
wi:6828aa7b4a1d898f1d3d,LEGACY::REMASEP_OD::P47,REMASEP_OD :: SECCION B: ACTIVIDADES DE ATENCION EN ESPECIALIDADES ODONTOLOGICAS. :: 5005008 - CEMENTACION CARILLA RESINA INDIRECTA :: OBTURACION INDIRECTA (INLAYS U ONLAYS) :: SEGUN GRUPOS DE EDAD O DE RIESGO :: 6 ANOS :: HOMBRES,REMASEP_OD,O64,REMASEP_OD :: SECCION B: ACTIVIDADES DE ATENCION EN ESPECIALIDADES ODONTOLOGICAS. :: OBTURACION INDIRECTA (INLAYS U ONLAYS) :: SEGUN GRUPOS DE EDAD O DE RIESGO :: 6 ANOS :: HOMBRES,INTEGER_COUNT,stf:dc624775927d4d4d,writable_target_mapping_2026,EXACT_SEMANTIC_MATCH
wi:6898f494e4ab5f6bf352,LEGACY::REMASEP_OD::AM71,REMASEP_OD :: SECCION B: ACTIVIDADES DE ATENCION EN ESPECIALIDADES ODONTOLOGICAS. :: INSTALACION PROTESIS PARCIAL METALICA SUP O INF :: REHABILITACION MEDIANTE PROTESIS REMOVIBLE METALICA PARCIAL :: SEGUN GRUPOS DE EDAD O DE RIESGO :: 75 Y MAS ANOS :: MUJERES,REMASEP_OD,AL88,REMASEP_OD :: SECCION B: ACTIVIDADES DE ATENCION EN ESPECIALIDADES ODONTOLOGICAS. :: REHABILITACION MEDIANTE PROTESIS REMOVIBLE METALICA PARCIAL :: SEGUN GRUPOS DE EDAD O DE RIESGO :: 75 Y MAS ANOS :: MUJERES,INTEGER_COUNT,stf:dc624775927d4d4d,writable_target_mapping_2026,EXACT_SEMANTIC_MATCH
wi:68d78d4f41ef7665b37a,LEGACY::REMASEP_OD::AC14,REMASEP_OD :: SECCION A: CONSULTAS Y CONTROLES ODONTOLOGICOS REALIZADOS :: A.3. ACCIONES GENERALES DE PREVENCION E HIGIENE :: 50010112 - INSTRUCCION DE HIGIENE ORAL :: INSTRUCCION Y CONTROL DE HIGIENE ORAL EN NINOS Y ADULTOS :: SEGUN GRUPOS DE EDAD O DE RIESGO :: 25-34 ANOS :: MUJERES,REMASEP_OD,AB31,REMASEP_OD :: SECCION A: CONSULTAS Y CONTROLES ODONTOLOGICOS REALIZADOS :: A.3. ACCIONES GENERALES DE PREVENCION E HIGIENE :: INSTRUCCION Y CONTROL DE HIGIENE ORAL EN NINOS Y ADULTOS :: SEGUN GRUPOS DE EDAD O DE RIESGO :: 25-34 ANOS :: MUJERES,INTEGER_COUNT,stf:dc624775927d4d4d,writable_target_mapping_2026,EXACT_SEMANTIC_MATCH
wi:6902efb2c9fd98073b5b,LEGACY::REMASEP_OD::AL47,REMASEP_OD :: SECCION B: ACTIVIDADES DE ATENCION EN ESPECIALIDADES ODONTOLOGICAS. :: 5005008 - CEMENTACION CARILLA RESINA INDIRECTA :: OBTURACION INDIRECTA (INLAYS U ONLAYS) :: SEGUN GRUPOS DE EDAD O DE RIESGO :: 75 Y MAS ANOS :: HOMBRES,REMASEP_OD,AK64,REMASEP_OD :: SECCION B: ACTIVIDADES DE ATENCION EN ESPECIALIDADES ODONTOLOGICAS. :: OBTURACION INDIRECTA (INLAYS U ONLAYS) :: SEGUN GRUPOS DE EDAD O DE RIESGO :: 75 Y MAS ANOS :: HOMBRES,INTEGER_COUNT,stf:dc624775927d4d4d,writable_target_mapping_2026,EXACT_SEMANTIC_MATCH
wi:690a416bbba03b009c19,LEGACY::REMASEP_OD::V47,REMASEP_OD :: SECCION B: ACTIVIDADES DE ATENCION EN ESPECIALIDADES ODONTOLOGICAS. :: 5005008 - CEMENTACION CARILLA RESINA INDIRECTA :: OBTURACION INDIRECTA (INLAYS U ONLAYS) :: SEGUN GRUPOS DE EDAD O DE RIESGO :: 10-14 ANOS :: HOMBRES,REMASEP_OD,U64,REMASEP_OD :: SECCION B: ACTIVIDADES DE ATENCION EN ESPECIALIDADES ODONTOLOGICAS. :: OBTURACION INDIRECTA (INLAYS U ONLAYS) :: SEGUN GRUPOS DE EDAD O DE RIESGO :: 10-14 ANOS :: HOMBRES,INTEGER_COUNT,stf:dc624775927d4d4d,writable_target_mapping_2026,EXACT_SEMANTIC_MATCH
wi:69214d16b7999782a2db,LEGACY::REMASEP_OD::G40,REMASEP_OD :: SECCION B: ACTIVIDADES DE ATENCION EN ESPECIALIDADES ODONTOLOGICAS. :: EVALUACION ODON ESP :: EXAMEN Y DIAGNOSTICO DE ESPECIALIDAD :: SEGUN GRUPOS DE EDAD O DE RIESGO :: MENOS DE 1 ANO - 1 ANO :: MUJERES,REMASEP_OD,F57,REMASEP_OD :: SECCION B: ACTIVIDADES DE ATENCION EN ESPECIALIDADES ODONTOLOGICAS. :: EXAMEN Y DIAGNOSTICO DE ESPECIALIDAD :: SEGUN GRUPOS DE EDAD O DE RIESGO :: MENOS DE 1 ANO - 1 ANO :: MUJERES,INTEGER_COUNT,stf:dc624775927d4d4d,writable_target_mapping_2026,EXACT_SEMANTIC_MATCH
wi:6a11efa33ec7f07085ad,LEGACY::REMASEP_OD::J51,REMASEP_OD :: SECCION B: ACTIVIDADES DE ATENCION EN ESPECIALIDADES ODONTOLOGICAS. :: 5004018 - RETIRO APARATO FIJO-LIMPIEZA-IMPRESION :: RETIRO APARATOLOGIA DE ORTODONCIA :: SEGUN GRUPOS DE EDAD O DE RIESGO :: 3 ANOS :: HOMBRES,REMASEP_OD,I68,REMASEP_OD :: SECCION B: ACTIVIDADES DE ATENCION EN ESPECIALIDADES ODONTOLOGICAS. :: RETIRO APARATOLOGIA DE ORTODONCIA :: SEGUN GRUPOS DE EDAD O DE RIESGO :: 3 ANOS :: HOMBRES,INTEGER_COUNT,stf:dc624775927d4d4d,writable_target_mapping_2026,EXACT_SEMANTIC_MATCH
wi:6a1253b22ee0ba78f6d3,LEGACY::REMASEP_OD::AE73,REMASEP_OD :: SECCION B: ACTIVIDADES DE ATENCION EN ESPECIALIDADES ODONTOLOGICAS. :: INSTALACION CORONA DEFINITIVA SOBRE IMPLANTE :: REHABILITACION MEDIANTE PROTESIS FIJA IMPLANTOASISTIDA (UNITARIA Y PLURAL) :: SEGUN GRUPOS DE EDAD O DE RIESGO :: 35-44 ANOS :: MUJERES,REMASEP_OD,AD90,REMASEP_OD :: SECCION B: ACTIVIDADES DE ATENCION EN ESPECIALIDADES ODONTOLOGICAS. :: REHABILITACION MEDIANTE PROTESIS FIJA IMPLANTOASISTIDA (UNITARIA Y PLURAL) :: SEGUN GRUPOS DE EDAD O DE RIESGO :: 35-44 ANOS :: MUJERES,INTEGER_COUNT,stf:dc624775927d4d4d,writable_target_mapping_2026,EXACT_SEMANTIC_MATCH
wi:6a92de7111e3c9179c72,LEGACY::REMASEP_OD::U53,REMASEP_OD :: SECCION B: ACTIVIDADES DE ATENCION EN ESPECIALIDADES ODONTOLOGICAS. :: CONTROLES ORTOPED. PREQ :: ORTOPEDIA PRE-QUIRURGICA :: SEGUN GRUPOS DE EDAD O DE RIESGO :: 8-9 ANOS :: MUJERES,REMASEP_OD,T70,REMASEP_OD :: SECCION B: ACTIVIDADES DE ATENCION EN ESPECIALIDADES ODONTOLOGICAS. :: ORTOPEDIA PRE-QUIRURGICA :: SEGUN GRUPOS DE EDAD O DE RIESGO :: 8-9 ANOS :: MUJERES,INTEGER_COUNT,stf:dc624775927d4d4d,writable_target_mapping_2026,EXACT_SEMANTIC_MATCH
wi:6a9d4b0cdce7aa2bdd31,LEGACY::REMASEP_OD::U73,REMASEP_OD :: SECCION B: ACTIVIDADES DE ATENCION EN ESPECIALIDADES ODONTOLOGICAS. :: INSTALACION CORONA DEFINITIVA SOBRE IMPLANTE :: REHABILITACION MEDIANTE PROTESIS FIJA IMPLANTOASISTIDA (UNITARIA Y PLURAL) :: SEGUN GRUPOS DE EDAD O DE RIESGO :: 8-9 ANOS :: MUJERES,REMASEP_OD,T90,REMASEP_OD :: SECCION B: ACTIVIDADES DE ATENCION EN ESPECIALIDADES ODONTOLOGICAS. :: REHABILITACION MEDIANTE PROTESIS FIJA IMPLANTOASISTIDA (UNITARIA Y PLURAL) :: SEGUN GRUPOS DE EDAD O DE RIESGO :: 8-9 ANOS :: MUJERES,INTEGER_COUNT,stf:dc624775927d4d4d,writable_target_mapping_2026,EXACT_SEMANTIC_MATCH
wi:6adb75c89628863f28b2,LEGACY::REMASEP_OD::U89,REMASEP_OD :: SECCION B: ACTIVIDADES DE ATENCION EN ESPECIALIDADES ODONTOLOGICAS. :: 5009002 - DESGASTE SELECTIVO :: DESGASTE SELECTIVO :: SEGUN GRUPOS DE EDAD O DE RIESGO :: 8-9 ANOS :: MUJERES,REMASEP_OD,T106,REMASEP_OD :: SECCION B: ACTIVIDADES DE ATENCION EN ESPECIALIDADES ODONTOLOGICAS. :: DESGASTE SELECTIVO :: SEGUN GRUPOS DE EDAD O DE RIESGO :: 8-9 ANOS :: MUJERES,INTEGER_COUNT,stf:dc624775927d4d4d,writable_target_mapping_2026,EXACT_SEMANTIC_MATCH
wi:6b09895864929290c932,LEGACY::REMASEP_OD::AG14,REMASEP_OD :: SECCION A: CONSULTAS Y CONTROLES ODONTOLOGICOS REALIZADOS :: A.3. ACCIONES GENERALES DE PREVENCION E HIGIENE :: 50010112 - INSTRUCCION DE HIGIENE ORAL :: INSTRUCCION Y CONTROL DE HIGIENE ORAL EN NINOS Y ADULTOS :: SEGUN GRUPOS DE EDAD O DE RIESGO :: 45-59 ANOS :: MUJERES,REMASEP_OD,AF31,REMASEP_OD :: SECCION A: CONSULTAS Y CONTROLES ODONTOLOGICOS REALIZADOS :: A.3. ACCIONES GENERALES DE PREVENCION E HIGIENE :: INSTRUCCION Y CONTROL DE HIGIENE ORAL EN NINOS Y ADULTOS :: SEGUN GRUPOS DE EDAD O DE RIESGO :: 45-59 ANOS :: MUJERES,INTEGER_COUNT,stf:dc624775927d4d4d,writable_target_mapping_2026,EXACT_SEMANTIC_MATCH
wi:6b48d322ba51cb09e854,LEGACY::REMASEP_OD::T73,REMASEP_OD :: SECCION B: ACTIVIDADES DE ATENCION EN ESPECIALIDADES ODONTOLOGICAS. :: INSTALACION CORONA DEFINITIVA SOBRE IMPLANTE :: REHABILITACION MEDIANTE PROTESIS FIJA IMPLANTOASISTIDA (UNITARIA Y PLURAL) :: SEGUN GRUPOS DE EDAD O DE RIESGO :: 8-9 ANOS :: HOMBRES,REMASEP_OD,S90,REMASEP_OD :: SECCION B: ACTIVIDADES DE ATENCION EN ESPECIALIDADES ODONTOLOGICAS. :: REHABILITACION MEDIANTE PROTESIS FIJA IMPLANTOASISTIDA (UNITARIA Y PLURAL) :: SEGUN GRUPOS DE EDAD O DE RIESGO :: 8-9 ANOS :: HOMBRES,INTEGER_COUNT,stf:dc624775927d4d4d,writable_target_mapping_2026,EXACT_SEMANTIC_MATCH
wi:6b538152ad0357f0d119,LEGACY::REMASEP_01::AC86,REMASEP 01 :: SECCION C: ATENCIONES Y CONSULTAS POR OTROS PROFESIONALES NO MEDICOS :: NUTRICIONISTA :: NUTRICIONISTA :: CONSULTA NUTRICIONAL :: POR EDAD (EN ANOS) :: 55 - 59 ANOS :: HOMBRES,REMASEP 01,AB115,REMASEP 01 :: SECCION C: ATENCIONES Y CONSULTAS POR OTROS PROFESIONALES NO MEDICOS :: NUTRICIONISTA :: CONSULTA NUTRICIONAL :: POR EDAD (EN ANOS) :: 55 - 59 ANOS :: HOMBRES,INTEGER_COUNT,stf:dc624775927d4d4d,writable_target_mapping_2026,EXACT_SEMANTIC_MATCH
wi:6b7a0b1a7c1c7dceed54,LEGACY::REMASEP_OD::AM72,REMASEP_OD :: SECCION B: ACTIVIDADES DE ATENCION EN ESPECIALIDADES ODONTOLOGICAS. :: CEMENTACION PROTESIS FIJA SOBRE DIENTE :: REHABILITACION MEDIANTE PROTESIS FIJA UNITARIA O PLURAL :: SEGUN GRUPOS DE EDAD O DE RIESGO :: 75 Y MAS ANOS :: MUJERES,REMASEP_OD,AL89,REMASEP_OD :: SECCION B: ACTIVIDADES DE ATENCION EN ESPECIALIDADES ODONTOLOGICAS. :: REHABILITACION MEDIANTE PROTESIS FIJA UNITARIA O PLURAL :: SEGUN GRUPOS DE EDAD O DE RIESGO :: 75 Y MAS ANOS :: MUJERES,INTEGER_COUNT,stf:dc624775927d4d4d,writable_target_mapping_2026,EXACT_SEMANTIC_MATCH
wi:6ba845d9ae89884b573c,LEGACY::REMASEP_OD::M47,REMASEP_OD :: SECCION B: ACTIVIDADES DE ATENCION EN ESPECIALIDADES ODONTOLOGICAS. :: 5005008 - CEMENTACION CARILLA RESINA INDIRECTA :: OBTURACION INDIRECTA (INLAYS U ONLAYS) :: SEGUN GRUPOS DE EDAD O DE RIESGO :: 4 ANOS :: MUJERES,REMASEP_OD,L64,REMASEP_OD :: SECCION B: ACTIVIDADES DE ATENCION EN ESPECIALIDADES ODONTOLOGICAS. :: OBTURACION INDIRECTA (INLAYS U ONLAYS) :: SEGUN GRUPOS DE EDAD O DE RIESGO :: 4 ANOS :: MUJERES,INTEGER_COUNT,stf:dc624775927d4d4d,writable_target_mapping_2026,EXACT_SEMANTIC_MATCH
wi:6be06440174bf617609c,LEGACY::REMASEP_OD::R10,REMASEP_OD :: SECCION A: CONSULTAS Y CONTROLES ODONTOLOGICOS REALIZADOS :: A.1. CONSULTAS Y ALTAS :: CONTROL ODON ESP :: CONTROLES ODONTOLOGICO DE ESPECIALIDAD :: SEGUN GRUPOS DE EDAD O DE RIESGO :: 7 ANOS :: HOMBRES,REMASEP_OD,Q19,REMASEP_OD :: SECCION A: CONSULTAS Y CONTROLES ODONTOLOGICOS REALIZADOS :: A.1. CONSULTAS Y ALTAS :: CONTROLES ODONTOLOGICO DE ESPECIALIDAD :: SEGUN GRUPOS DE EDAD O DE RIESGO :: 7 ANOS :: HOMBRES,INTEGER_COUNT,stf:dc624775927d4d4d,writable_target_mapping_2026,EXACT_SEMANTIC_MATCH
wi:6c83cc568af0504e67aa,LEGACY::REMASEP_01::O89,REMASEP 01 :: SECCION C: ATENCIONES Y CONSULTAS POR OTROS PROFESIONALES NO MEDICOS :: FONO :: FONOAUDIOLOGO/A :: CONSULTAS FONOAUDIOLOGO/A :: POR EDAD (EN ANOS) :: 20 - 24 ANOS :: HOMBRES,REMASEP 01,N118,REMASEP 01 :: SECCION C: ATENCIONES Y CONSULTAS POR OTROS PROFESIONALES NO MEDICOS :: FONOAUDIOLOGO/A :: CONSULTAS FONOAUDIOLOGO/A :: POR EDAD (EN ANOS) :: 20 - 24 ANOS :: HOMBRES,INTEGER_COUNT,stf:dc624775927d4d4d,writable_target_mapping_2026,EXACT_SEMANTIC_MATCH
wi:6cc4cfc7a76ee374712a,LEGACY::REMASEP_OD::Y62,"REMASEP_OD :: SECCION B: ACTIVIDADES DE ATENCION EN ESPECIALIDADES ODONTOLOGICAS. :: COMPOSITE :: PROCEDIMIENTO RESTAURADOR EN ODONTOPEDIATRIA (TODOS LOS TIPOS: RESINA, TEMPORALES Y AMALGAMAS) :: SEGUN GRUPOS DE EDAD O DE RIESGO :: 15-19 ANOS :: MUJERES",REMASEP_OD,X79,"REMASEP_OD :: SECCION B: ACTIVIDADES DE ATENCION EN ESPECIALIDADES ODONTOLOGICAS. :: PROCEDIMIENTO RESTAURADOR EN ODONTOPEDIATRIA (TODOS LOS TIPOS: RESINA, TEMPORALES Y AMALGAMAS) :: SEGUN GRUPOS DE EDAD O DE RIESGO :: 15-19 ANOS :: MUJERES",INTEGER_COUNT,stf:dc624775927d4d4d,writable_target_mapping_2026,EXACT_SEMANTIC_MATCH
wi:6ceae4b8cf10fec873dd,LEGACY::REMASEP_OD::AI49,REMASEP_OD :: SECCION B: ACTIVIDADES DE ATENCION EN ESPECIALIDADES ODONTOLOGICAS. :: 5004001 - INSTALACION APARATO FIJO SUP O INF :: INSTALACION APARATO FIJO ORTODONCICO :: SEGUN GRUPOS DE EDAD O DE RIESGO :: 60-64 ANOS :: MUJERES,REMASEP_OD,AH66,REMASEP_OD :: SECCION B: ACTIVIDADES DE ATENCION EN ESPECIALIDADES ODONTOLOGICAS. :: INSTALACION APARATO FIJO ORTODONCICO :: SEGUN GRUPOS DE EDAD O DE RIESGO :: 60-64 ANOS :: MUJERES,INTEGER_COUNT,stf:dc624775927d4d4d,writable_target_mapping_2026,EXACT_SEMANTIC_MATCH
wi:6d5587ac3b844ff874a2,LEGACY::REMASEP_OD::O62,"REMASEP_OD :: SECCION B: ACTIVIDADES DE ATENCION EN ESPECIALIDADES ODONTOLOGICAS. :: COMPOSITE :: PROCEDIMIENTO RESTAURADOR EN ODONTOPEDIATRIA (TODOS LOS TIPOS: RESINA, TEMPORALES Y AMALGAMAS) :: SEGUN GRUPOS DE EDAD O DE RIESGO :: 5 ANOS :: MUJERES",REMASEP_OD,N79,"REMASEP_OD :: SECCION B: ACTIVIDADES DE ATENCION EN ESPECIALIDADES ODONTOLOGICAS. :: PROCEDIMIENTO RESTAURADOR EN ODONTOPEDIATRIA (TODOS LOS TIPOS: RESINA, TEMPORALES Y AMALGAMAS) :: SEGUN GRUPOS DE EDAD O DE RIESGO :: 5 ANOS :: MUJERES",INTEGER_COUNT,stf:dc624775927d4d4d,writable_target_mapping_2026,EXACT_SEMANTIC_MATCH
wi:6d5cecc5f175c0dccbde,LEGACY::REMASEP_OD::R70,REMASEP_OD :: SECCION B: ACTIVIDADES DE ATENCION EN ESPECIALIDADES ODONTOLOGICAS. :: INSTALACION PROTESIS TOTAL ACRILICA SUP O INF :: REHABILITACION MEDIANTE PROTESIS REMOVIBLE ACRILICA PARCIAL O TOTAL :: SEGUN GRUPOS DE EDAD O DE RIESGO :: 7 ANOS :: HOMBRES,REMASEP_OD,Q87,REMASEP_OD :: SECCION B: ACTIVIDADES DE ATENCION EN ESPECIALIDADES ODONTOLOGICAS. :: REHABILITACION MEDIANTE PROTESIS REMOVIBLE ACRILICA PARCIAL O TOTAL :: SEGUN GRUPOS DE EDAD O DE RIESGO :: 7 ANOS :: HOMBRES,INTEGER_COUNT,stf:dc624775927d4d4d,writable_target_mapping_2026,EXACT_SEMANTIC_MATCH
wi:6db4bd2b6cdec8433a10,LEGACY::REMASEP_OD::G65,REMASEP_OD :: SECCION B: ACTIVIDADES DE ATENCION EN ESPECIALIDADES ODONTOLOGICAS. :: DESTARTRAJE :: DESTARTRAJE SUB GINGIVAL :: SEGUN GRUPOS DE EDAD O DE RIESGO :: MENOS DE 1 ANO - 1 ANO :: MUJERES,REMASEP_OD,F82,REMASEP_OD :: SECCION B: ACTIVIDADES DE ATENCION EN ESPECIALIDADES ODONTOLOGICAS. :: DESTARTRAJE SUB GINGIVAL :: SEGUN GRUPOS DE EDAD O DE RIESGO :: MENOS DE 1 ANO - 1 ANO :: MUJERES,INTEGER_COUNT,stf:dc624775927d4d4d,writable_target_mapping_2026,EXACT_SEMANTIC_MATCH
wi:6ddab85b9bc41297f32d,LEGACY::REMASEP_OD::AI17,REMASEP_OD :: SECCION A: CONSULTAS Y CONTROLES ODONTOLOGICOS REALIZADOS :: A.3. ACCIONES GENERALES DE PREVENCION E HIGIENE :: 5001016 - FLUOR :: FLUORACION TOPICA DE BARNIZ :: SEGUN GRUPOS DE EDAD O DE RIESGO :: 60-64 ANOS :: MUJERES,REMASEP_OD,AH34,REMASEP_OD :: SECCION A: CONSULTAS Y CONTROLES ODONTOLOGICOS REALIZADOS :: A.3. ACCIONES GENERALES DE PREVENCION E HIGIENE :: FLUORACION TOPICA DE BARNIZ :: SEGUN GRUPOS DE EDAD O DE RIESGO :: 60-64 ANOS :: MUJERES,INTEGER_COUNT,stf:dc624775927d4d4d,writable_target_mapping_2026,EXACT_SEMANTIC_MATCH
wi:6e6b8c0aa4e4a4216e64,LEGACY::REMASEP_OD::J66,REMASEP_OD :: SECCION B: ACTIVIDADES DE ATENCION EN ESPECIALIDADES ODONTOLOGICAS. :: 5009012 - PULIDO RADICULAR POR SESION O SEXTANTE :: PULIDO RADICULAR :: SEGUN GRUPOS DE EDAD O DE RIESGO :: 3 ANOS :: HOMBRES,REMASEP_OD,I83,REMASEP_OD :: SECCION B: ACTIVIDADES DE ATENCION EN ESPECIALIDADES ODONTOLOGICAS. :: PULIDO RADICULAR :: SEGUN GRUPOS DE EDAD O DE RIESGO :: 3 ANOS :: HOMBRES,INTEGER_COUNT,stf:dc624775927d4d4d,writable_target_mapping_2026,EXACT_SEMANTIC_MATCH
wi:6eb79278e75382f551bd,LEGACY::REMASEP_OD::N90,REMASEP_OD :: SECCION B: ACTIVIDADES DE ATENCION EN ESPECIALIDADES ODONTOLOGICAS. :: INSTALACIONES ORTOPEDIA :: INSTALACION DE DISPOSITIVO ORTOPEDICO :: SEGUN GRUPOS DE EDAD O DE RIESGO :: 5 ANOS :: HOMBRES,REMASEP_OD,M107,REMASEP_OD :: SECCION B: ACTIVIDADES DE ATENCION EN ESPECIALIDADES ODONTOLOGICAS. :: INSTALACION DE DISPOSITIVO ORTOPEDICO :: SEGUN GRUPOS DE EDAD O DE RIESGO :: 5 ANOS :: HOMBRES,INTEGER_COUNT,stf:dc624775927d4d4d,writable_target_mapping_2026,EXACT_SEMANTIC_MATCH
wi:6ecd50bb9346d4da1311,LEGACY::REMASEP_OD::X40,REMASEP_OD :: SECCION B: ACTIVIDADES DE ATENCION EN ESPECIALIDADES ODONTOLOGICAS. :: EVALUACION ODON ESP :: EXAMEN Y DIAGNOSTICO DE ESPECIALIDAD :: SEGUN GRUPOS DE EDAD O DE RIESGO :: 15-19 ANOS :: HOMBRES,REMASEP_OD,W57,REMASEP_OD :: SECCION B: ACTIVIDADES DE ATENCION EN ESPECIALIDADES ODONTOLOGICAS. :: EXAMEN Y DIAGNOSTICO DE ESPECIALIDAD :: SEGUN GRUPOS DE EDAD O DE RIESGO :: 15-19 ANOS :: HOMBRES,INTEGER_COUNT,stf:dc624775927d4d4d,writable_target_mapping_2026,EXACT_SEMANTIC_MATCH
wi:6eff5fbcf0455b2442e3,LEGACY::REMASEP_OD::AH73,REMASEP_OD :: SECCION B: ACTIVIDADES DE ATENCION EN ESPECIALIDADES ODONTOLOGICAS. :: INSTALACION CORONA DEFINITIVA SOBRE IMPLANTE :: REHABILITACION MEDIANTE PROTESIS FIJA IMPLANTOASISTIDA (UNITARIA Y PLURAL) :: SEGUN GRUPOS DE EDAD O DE RIESGO :: 60-64 ANOS :: HOMBRES,REMASEP_OD,AG90,REMASEP_OD :: SECCION B: ACTIVIDADES DE ATENCION EN ESPECIALIDADES ODONTOLOGICAS. :: REHABILITACION MEDIANTE PROTESIS FIJA IMPLANTOASISTIDA (UNITARIA Y PLURAL) :: SEGUN GRUPOS DE EDAD O DE RIESGO :: 60-64 ANOS :: HOMBRES,INTEGER_COUNT,stf:dc624775927d4d4d,writable_target_mapping_2026,EXACT_SEMANTIC_MATCH
wi:6fefbb232a240e130216,LEGACY::REMASEP_OD::S17,REMASEP_OD :: SECCION A: CONSULTAS Y CONTROLES ODONTOLOGICOS REALIZADOS :: A.3. ACCIONES GENERALES DE PREVENCION E HIGIENE :: 5001016 - FLUOR :: FLUORACION TOPICA DE BARNIZ :: SEGUN GRUPOS DE EDAD O DE RIESGO :: 7 ANOS :: MUJERES,REMASEP_OD,R34,REMASEP_OD :: SECCION A: CONSULTAS Y CONTROLES ODONTOLOGICOS REALIZADOS :: A.3. ACCIONES GENERALES DE PREVENCION E HIGIENE :: FLUORACION TOPICA DE BARNIZ :: SEGUN GRUPOS DE EDAD O DE RIESGO :: 7 ANOS :: MUJERES,INTEGER_COUNT,stf:dc624775927d4d4d,writable_target_mapping_2026,EXACT_SEMANTIC_MATCH
wi:7009af15d04425fe6e26,LEGACY::B2_ANEXO::D16,B2 ANEXO :: B.- TELEREHABILITACION PSICOLOGIA CLINICA :: 0908102 :: TELEREHABILITACION: PSICOTERAPIA INDIVIDUAL,B2 ANEXO,C958,B2 ANEXO :: B.- TELEREHABILITACION PSICOLOGIA CLINICA :: 0908102 :: TELEREHABILITACION: PSICOTERAPIA INDIVIDUAL :: II.- PSICOLOGIA CLINICA,INTEGER_COUNT,stf:dc624775927d4d4d,writable_target_mapping_2026,EXACT_SEMANTIC_MATCH
wi:700c1d2dac17a6985447,LEGACY::REMASEP_OD::AH53,REMASEP_OD :: SECCION B: ACTIVIDADES DE ATENCION EN ESPECIALIDADES ODONTOLOGICAS. :: CONTROLES ORTOPED. PREQ :: ORTOPEDIA PRE-QUIRURGICA :: SEGUN GRUPOS DE EDAD O DE RIESGO :: 60-64 ANOS :: HOMBRES,REMASEP_OD,AG70,REMASEP_OD :: SECCION B: ACTIVIDADES DE ATENCION EN ESPECIALIDADES ODONTOLOGICAS. :: ORTOPEDIA PRE-QUIRURGICA :: SEGUN GRUPOS DE EDAD O DE RIESGO :: 60-64 ANOS :: HOMBRES,INTEGER_COUNT,stf:dc624775927d4d4d,writable_target_mapping_2026,EXACT_SEMANTIC_MATCH
wi:70314a0c1fe41c412fa7,LEGACY::REMASEP_OD::Z50,REMASEP_OD :: SECCION B: ACTIVIDADES DE ATENCION EN ESPECIALIDADES ODONTOLOGICAS. :: INSTALACION CONTENCION :: INSTALACION APARATO DE CONTENCION ORTODONCICO :: SEGUN GRUPOS DE EDAD O DE RIESGO :: 20-24 ANOS :: HOMBRES,REMASEP_OD,Y67,REMASEP_OD :: SECCION B: ACTIVIDADES DE ATENCION EN ESPECIALIDADES ODONTOLOGICAS. :: INSTALACION APARATO DE CONTENCION ORTODONCICO :: SEGUN GRUPOS DE EDAD O DE RIESGO :: 20-24 ANOS :: HOMBRES,INTEGER_COUNT,stf:dc624775927d4d4d,writable_target_mapping_2026,EXACT_SEMANTIC_MATCH
wi:70a78276aadb88474b93,LEGACY::REMASEP_OD::AH65,REMASEP_OD :: SECCION B: ACTIVIDADES DE ATENCION EN ESPECIALIDADES ODONTOLOGICAS. :: DESTARTRAJE :: DESTARTRAJE SUB GINGIVAL :: SEGUN GRUPOS DE EDAD O DE RIESGO :: 60-64 ANOS :: HOMBRES,REMASEP_OD,AG82,REMASEP_OD :: SECCION B: ACTIVIDADES DE ATENCION EN ESPECIALIDADES ODONTOLOGICAS. :: DESTARTRAJE SUB GINGIVAL :: SEGUN GRUPOS DE EDAD O DE RIESGO :: 60-64 ANOS :: HOMBRES,INTEGER_COUNT,stf:dc624775927d4d4d,writable_target_mapping_2026,EXACT_SEMANTIC_MATCH
wi:70b6f4d1027ad562bcfe,LEGACY::REMASEP_OD::M17,REMASEP_OD :: SECCION A: CONSULTAS Y CONTROLES ODONTOLOGICOS REALIZADOS :: A.3. ACCIONES GENERALES DE PREVENCION E HIGIENE :: 5001016 - FLUOR :: FLUORACION TOPICA DE BARNIZ :: SEGUN GRUPOS DE EDAD O DE RIESGO :: 4 ANOS :: MUJERES,REMASEP_OD,L34,REMASEP_OD :: SECCION A: CONSULTAS Y CONTROLES ODONTOLOGICOS REALIZADOS :: A.3. ACCIONES GENERALES DE PREVENCION E HIGIENE :: FLUORACION TOPICA DE BARNIZ :: SEGUN GRUPOS DE EDAD O DE RIESGO :: 4 ANOS :: MUJERES,INTEGER_COUNT,stf:dc624775927d4d4d,writable_target_mapping_2026,EXACT_SEMANTIC_MATCH
wi:70e57984fd7910d1fb55,LEGACY::REMASEP_OD::T17,REMASEP_OD :: SECCION A: CONSULTAS Y CONTROLES ODONTOLOGICOS REALIZADOS :: A.3. ACCIONES GENERALES DE PREVENCION E HIGIENE :: 5001016 - FLUOR :: FLUORACION TOPICA DE BARNIZ :: SEGUN GRUPOS DE EDAD O DE RIESGO :: 8-9 ANOS :: HOMBRES,REMASEP_OD,S34,REMASEP_OD :: SECCION A: CONSULTAS Y CONTROLES ODONTOLOGICOS REALIZADOS :: A.3. ACCIONES GENERALES DE PREVENCION E HIGIENE :: FLUORACION TOPICA DE BARNIZ :: SEGUN GRUPOS DE EDAD O DE RIESGO :: 8-9 ANOS :: HOMBRES,INTEGER_COUNT,stf:dc624775927d4d4d,writable_target_mapping_2026,EXACT_SEMANTIC_MATCH
wi:710a0604f3cf21f6a43b,LEGACY::REMASEP_OD::AG53,REMASEP_OD :: SECCION B: ACTIVIDADES DE ATENCION EN ESPECIALIDADES ODONTOLOGICAS. :: CONTROLES ORTOPED. PREQ :: ORTOPEDIA PRE-QUIRURGICA :: SEGUN GRUPOS DE EDAD O DE RIESGO :: 45-59 ANOS :: MUJERES,REMASEP_OD,AF70,REMASEP_OD :: SECCION B: ACTIVIDADES DE ATENCION EN ESPECIALIDADES ODONTOLOGICAS. :: ORTOPEDIA PRE-QUIRURGICA :: SEGUN GRUPOS DE EDAD O DE RIESGO :: 45-59 ANOS :: MUJERES,INTEGER_COUNT,stf:dc624775927d4d4d,writable_target_mapping_2026,EXACT_SEMANTIC_MATCH
wi:717c7a221fd5efdf8455,LEGACY::REMASEP_01::I90,REMASEP 01 :: SECCION C: ATENCIONES Y CONSULTAS POR OTROS PROFESIONALES NO MEDICOS :: KINE :: KINESIOLOGO/A :: ATENCION KINESIOLOGICA :: POR EDAD (EN ANOS) :: 5 - 9 ANOS :: HOMBRES,REMASEP 01,H119,REMASEP 01 :: SECCION C: ATENCIONES Y CONSULTAS POR OTROS PROFESIONALES NO MEDICOS :: KINESIOLOGO/A :: ATENCION KINESIOLOGICA :: POR EDAD (EN ANOS) :: 5 - 9 ANOS :: HOMBRES,INTEGER_COUNT,stf:dc624775927d4d4d,writable_target_mapping_2026,EXACT_SEMANTIC_MATCH
wi:71ba015d834f7891530e,LEGACY::REMASEP_OD::K62,"REMASEP_OD :: SECCION B: ACTIVIDADES DE ATENCION EN ESPECIALIDADES ODONTOLOGICAS. :: COMPOSITE :: PROCEDIMIENTO RESTAURADOR EN ODONTOPEDIATRIA (TODOS LOS TIPOS: RESINA, TEMPORALES Y AMALGAMAS) :: SEGUN GRUPOS DE EDAD O DE RIESGO :: 3 ANOS :: MUJERES",REMASEP_OD,J79,"REMASEP_OD :: SECCION B: ACTIVIDADES DE ATENCION EN ESPECIALIDADES ODONTOLOGICAS. :: PROCEDIMIENTO RESTAURADOR EN ODONTOPEDIATRIA (TODOS LOS TIPOS: RESINA, TEMPORALES Y AMALGAMAS) :: SEGUN GRUPOS DE EDAD O DE RIESGO :: 3 ANOS :: MUJERES",INTEGER_COUNT,stf:dc624775927d4d4d,writable_target_mapping_2026,EXACT_SEMANTIC_MATCH
wi:71ea9241e02c71bb0466,LEGACY::REMASEP_OD::Y65,REMASEP_OD :: SECCION B: ACTIVIDADES DE ATENCION EN ESPECIALIDADES ODONTOLOGICAS. :: DESTARTRAJE :: DESTARTRAJE SUB GINGIVAL :: SEGUN GRUPOS DE EDAD O DE RIESGO :: 15-19 ANOS :: MUJERES,REMASEP_OD,X82,REMASEP_OD :: SECCION B: ACTIVIDADES DE ATENCION EN ESPECIALIDADES ODONTOLOGICAS. :: DESTARTRAJE SUB GINGIVAL :: SEGUN GRUPOS DE EDAD O DE RIESGO :: 15-19 ANOS :: MUJERES,INTEGER_COUNT,stf:dc624775927d4d4d,writable_target_mapping_2026,EXACT_SEMANTIC_MATCH
wi:71f6a6e8c946eeb7e8dd,LEGACY::REMASEP_OD::R47,REMASEP_OD :: SECCION B: ACTIVIDADES DE ATENCION EN ESPECIALIDADES ODONTOLOGICAS. :: 5005008 - CEMENTACION CARILLA RESINA INDIRECTA :: OBTURACION INDIRECTA (INLAYS U ONLAYS) :: SEGUN GRUPOS DE EDAD O DE RIESGO :: 7 ANOS :: HOMBRES,REMASEP_OD,Q64,REMASEP_OD :: SECCION B: ACTIVIDADES DE ATENCION EN ESPECIALIDADES ODONTOLOGICAS. :: OBTURACION INDIRECTA (INLAYS U ONLAYS) :: SEGUN GRUPOS DE EDAD O DE RIESGO :: 7 ANOS :: HOMBRES,INTEGER_COUNT,stf:dc624775927d4d4d,writable_target_mapping_2026,EXACT_SEMANTIC_MATCH
wi:7269ce1b44942099d5fa,LEGACY::REMASEP_OD::AB10,REMASEP_OD :: SECCION A: CONSULTAS Y CONTROLES ODONTOLOGICOS REALIZADOS :: A.1. CONSULTAS Y ALTAS :: CONTROL ODON ESP :: CONTROLES ODONTOLOGICO DE ESPECIALIDAD :: SEGUN GRUPOS DE EDAD O DE RIESGO :: 25-34 ANOS :: HOMBRES,REMASEP_OD,AA19,REMASEP_OD :: SECCION A: CONSULTAS Y CONTROLES ODONTOLOGICOS REALIZADOS :: A.1. CONSULTAS Y ALTAS :: CONTROLES ODONTOLOGICO DE ESPECIALIDAD :: SEGUN GRUPOS DE EDAD O DE RIESGO :: 25-34 ANOS :: HOMBRES,INTEGER_COUNT,stf:dc624775927d4d4d,writable_target_mapping_2026,EXACT_SEMANTIC_MATCH
wi:726dd76175c5a48a54c2,LEGACY::REMASEP_01::AF84,REMASEP 01 :: SECCION C: ATENCIONES Y CONSULTAS POR OTROS PROFESIONALES NO MEDICOS :: ENFERMER :: ENFERMERA/O :: ATENCION AL PACIENTE :: POR EDAD (EN ANOS) :: 60 - 64 ANOS :: MUJERES,REMASEP 01,AE113,REMASEP 01 :: SECCION C: ATENCIONES Y CONSULTAS POR OTROS PROFESIONALES NO MEDICOS :: ENFERMERA/O :: ATENCION AL PACIENTE :: POR EDAD (EN ANOS) :: 60 - 64 ANOS :: MUJERES,INTEGER_COUNT,stf:dc624775927d4d4d,writable_target_mapping_2026,EXACT_SEMANTIC_MATCH
wi:7283b05f4f3887a9a3c7,LEGACY::REMASEP_01::P90,REMASEP 01 :: SECCION C: ATENCIONES Y CONSULTAS POR OTROS PROFESIONALES NO MEDICOS :: KINE :: KINESIOLOGO/A :: ATENCION KINESIOLOGICA :: POR EDAD (EN ANOS) :: 20 - 24 ANOS :: MUJERES,REMASEP 01,O119,REMASEP 01 :: SECCION C: ATENCIONES Y CONSULTAS POR OTROS PROFESIONALES NO MEDICOS :: KINESIOLOGO/A :: ATENCION KINESIOLOGICA :: POR EDAD (EN ANOS) :: 20 - 24 ANOS :: MUJERES,INTEGER_COUNT,stf:dc624775927d4d4d,writable_target_mapping_2026,EXACT_SEMANTIC_MATCH
wi:7294b00443d4c9dbfed9,LEGACY::REMASEP_OD::I40,REMASEP_OD :: SECCION B: ACTIVIDADES DE ATENCION EN ESPECIALIDADES ODONTOLOGICAS. :: EVALUACION ODON ESP :: EXAMEN Y DIAGNOSTICO DE ESPECIALIDAD :: SEGUN GRUPOS DE EDAD O DE RIESGO :: 2 ANOS :: MUJERES,REMASEP_OD,H57,REMASEP_OD :: SECCION B: ACTIVIDADES DE ATENCION EN ESPECIALIDADES ODONTOLOGICAS. :: EXAMEN Y DIAGNOSTICO DE ESPECIALIDAD :: SEGUN GRUPOS DE EDAD O DE RIESGO :: 2 ANOS :: MUJERES,INTEGER_COUNT,stf:dc624775927d4d4d,writable_target_mapping_2026,EXACT_SEMANTIC_MATCH
wi:72a10854afdaa38ee533,LEGACY::REMASEP_OD::T9,REMASEP_OD :: SECCION A: CONSULTAS Y CONTROLES ODONTOLOGICOS REALIZADOS :: A.1. CONSULTAS Y ALTAS :: CONTROL ODONTOLOGIA GENERAL :: CONTROLES ODONTOLOGICOS GENERALES :: SEGUN GRUPOS DE EDAD O DE RIESGO :: 8-9 ANOS :: HOMBRES,REMASEP_OD,S18,REMASEP_OD :: SECCION A: CONSULTAS Y CONTROLES ODONTOLOGICOS REALIZADOS :: A.1. CONSULTAS Y ALTAS :: CONTROLES ODONTOLOGICOS GENERALES :: SEGUN GRUPOS DE EDAD O DE RIESGO :: 8-9 ANOS :: HOMBRES,INTEGER_COUNT,stf:dc624775927d4d4d,writable_target_mapping_2026,EXACT_SEMANTIC_MATCH
wi:72b648a26b410e5e9e76,LEGACY::REMASEP_OD::AM50,REMASEP_OD :: SECCION B: ACTIVIDADES DE ATENCION EN ESPECIALIDADES ODONTOLOGICAS. :: INSTALACION CONTENCION :: INSTALACION APARATO DE CONTENCION ORTODONCICO :: SEGUN GRUPOS DE EDAD O DE RIESGO :: 75 Y MAS ANOS :: MUJERES,REMASEP_OD,AL67,REMASEP_OD :: SECCION B: ACTIVIDADES DE ATENCION EN ESPECIALIDADES ODONTOLOGICAS. :: INSTALACION APARATO DE CONTENCION ORTODONCICO :: SEGUN GRUPOS DE EDAD O DE RIESGO :: 75 Y MAS ANOS :: MUJERES,INTEGER_COUNT,stf:dc624775927d4d4d,writable_target_mapping_2026,EXACT_SEMANTIC_MATCH
wi:72dca68215303e68facb,LEGACY::REMASEP_OD::AC72,REMASEP_OD :: SECCION B: ACTIVIDADES DE ATENCION EN ESPECIALIDADES ODONTOLOGICAS. :: CEMENTACION PROTESIS FIJA SOBRE DIENTE :: REHABILITACION MEDIANTE PROTESIS FIJA UNITARIA O PLURAL :: SEGUN GRUPOS DE EDAD O DE RIESGO :: 25-34 ANOS :: MUJERES,REMASEP_OD,AB89,REMASEP_OD :: SECCION B: ACTIVIDADES DE ATENCION EN ESPECIALIDADES ODONTOLOGICAS. :: REHABILITACION MEDIANTE PROTESIS FIJA UNITARIA O PLURAL :: SEGUN GRUPOS DE EDAD O DE RIESGO :: 25-34 ANOS :: MUJERES,INTEGER_COUNT,stf:dc624775927d4d4d,writable_target_mapping_2026,EXACT_SEMANTIC_MATCH
wi:7311bcfe290929289e6c,LEGACY::REMASEP_OD::Q73,REMASEP_OD :: SECCION B: ACTIVIDADES DE ATENCION EN ESPECIALIDADES ODONTOLOGICAS. :: INSTALACION CORONA DEFINITIVA SOBRE IMPLANTE :: REHABILITACION MEDIANTE PROTESIS FIJA IMPLANTOASISTIDA (UNITARIA Y PLURAL) :: SEGUN GRUPOS DE EDAD O DE RIESGO :: 6 ANOS :: MUJERES,REMASEP_OD,P90,REMASEP_OD :: SECCION B: ACTIVIDADES DE ATENCION EN ESPECIALIDADES ODONTOLOGICAS. :: REHABILITACION MEDIANTE PROTESIS FIJA IMPLANTOASISTIDA (UNITARIA Y PLURAL) :: SEGUN GRUPOS DE EDAD O DE RIESGO :: 6 ANOS :: MUJERES,INTEGER_COUNT,stf:dc624775927d4d4d,writable_target_mapping_2026,EXACT_SEMANTIC_MATCH
wi:7320f11f0f64b8bbc6c6,LEGACY::REMASEP_OD::Q89,REMASEP_OD :: SECCION B: ACTIVIDADES DE ATENCION EN ESPECIALIDADES ODONTOLOGICAS. :: 5009002 - DESGASTE SELECTIVO :: DESGASTE SELECTIVO :: SEGUN GRUPOS DE EDAD O DE RIESGO :: 6 ANOS :: MUJERES,REMASEP_OD,P106,REMASEP_OD :: SECCION B: ACTIVIDADES DE ATENCION EN ESPECIALIDADES ODONTOLOGICAS. :: DESGASTE SELECTIVO :: SEGUN GRUPOS DE EDAD O DE RIESGO :: 6 ANOS :: MUJERES,INTEGER_COUNT,stf:dc624775927d4d4d,writable_target_mapping_2026,EXACT_SEMANTIC_MATCH
wi:73338f48692758247a53,LEGACY::REMASEP_01::AH89,REMASEP 01 :: SECCION C: ATENCIONES Y CONSULTAS POR OTROS PROFESIONALES NO MEDICOS :: FONO :: FONOAUDIOLOGO/A :: CONSULTAS FONOAUDIOLOGO/A :: POR EDAD (EN ANOS) :: 65 - 69 ANOS :: MUJERES,REMASEP 01,AG118,REMASEP 01 :: SECCION C: ATENCIONES Y CONSULTAS POR OTROS PROFESIONALES NO MEDICOS :: FONOAUDIOLOGO/A :: CONSULTAS FONOAUDIOLOGO/A :: POR EDAD (EN ANOS) :: 65 - 69 ANOS :: MUJERES,INTEGER_COUNT,stf:dc624775927d4d4d,writable_target_mapping_2026,EXACT_SEMANTIC_MATCH
wi:73551123be92fa59449a,LEGACY::REMASEP_OD::AE17,REMASEP_OD :: SECCION A: CONSULTAS Y CONTROLES ODONTOLOGICOS REALIZADOS :: A.3. ACCIONES GENERALES DE PREVENCION E HIGIENE :: 5001016 - FLUOR :: FLUORACION TOPICA DE BARNIZ :: SEGUN GRUPOS DE EDAD O DE RIESGO :: 35-44 ANOS :: MUJERES,REMASEP_OD,AD34,REMASEP_OD :: SECCION A: CONSULTAS Y CONTROLES ODONTOLOGICOS REALIZADOS :: A.3. ACCIONES GENERALES DE PREVENCION E HIGIENE :: FLUORACION TOPICA DE BARNIZ :: SEGUN GRUPOS DE EDAD O DE RIESGO :: 35-44 ANOS :: MUJERES,INTEGER_COUNT,stf:dc624775927d4d4d,writable_target_mapping_2026,EXACT_SEMANTIC_MATCH
wi:73564324a7506050ce55,LEGACY::REMASEP_OD::AM74,REMASEP_OD :: SECCION B: ACTIVIDADES DE ATENCION EN ESPECIALIDADES ODONTOLOGICAS. :: NO SE REALIZA EN FG :: REHABILITACION MEDIANTE PROTESIS MUCO-IMPLANTOASISTIDA :: SEGUN GRUPOS DE EDAD O DE RIESGO :: 75 Y MAS ANOS :: MUJERES,REMASEP_OD,AL91,REMASEP_OD :: SECCION B: ACTIVIDADES DE ATENCION EN ESPECIALIDADES ODONTOLOGICAS. :: REHABILITACION MEDIANTE PROTESIS MUCO-IMPLANTOASISTIDA :: SEGUN GRUPOS DE EDAD O DE RIESGO :: 75 Y MAS ANOS :: MUJERES,INTEGER_COUNT,stf:dc624775927d4d4d,writable_target_mapping_2026,EXACT_SEMANTIC_MATCH
wi:735798905a774d5401fe,LEGACY::REMASEP_01::R86,REMASEP 01 :: SECCION C: ATENCIONES Y CONSULTAS POR OTROS PROFESIONALES NO MEDICOS :: NUTRICIONISTA :: NUTRICIONISTA :: CONSULTA NUTRICIONAL :: POR EDAD (EN ANOS) :: 25 - 29 ANOS :: MUJERES,REMASEP 01,Q115,REMASEP 01 :: SECCION C: ATENCIONES Y CONSULTAS POR OTROS PROFESIONALES NO MEDICOS :: NUTRICIONISTA :: CONSULTA NUTRICIONAL :: POR EDAD (EN ANOS) :: 25 - 29 ANOS :: MUJERES,INTEGER_COUNT,stf:dc624775927d4d4d,writable_target_mapping_2026,EXACT_SEMANTIC_MATCH
wi:73d917f4949bfbcc7b84,LEGACY::REMASEP_OD::O50,REMASEP_OD :: SECCION B: ACTIVIDADES DE ATENCION EN ESPECIALIDADES ODONTOLOGICAS. :: INSTALACION CONTENCION :: INSTALACION APARATO DE CONTENCION ORTODONCICO :: SEGUN GRUPOS DE EDAD O DE RIESGO :: 5 ANOS :: MUJERES,REMASEP_OD,N67,REMASEP_OD :: SECCION B: ACTIVIDADES DE ATENCION EN ESPECIALIDADES ODONTOLOGICAS. :: INSTALACION APARATO DE CONTENCION ORTODONCICO :: SEGUN GRUPOS DE EDAD O DE RIESGO :: 5 ANOS :: MUJERES,INTEGER_COUNT,stf:dc624775927d4d4d,writable_target_mapping_2026,EXACT_SEMANTIC_MATCH
wi:73e452f36da22d5bd17c,LEGACY::REMASEP_OD::Y46,REMASEP_OD :: SECCION B: ACTIVIDADES DE ATENCION EN ESPECIALIDADES ODONTOLOGICAS. :: 5010009 - VIDRIO IONOMERO :: OBTURACION DIRECTA :: SEGUN GRUPOS DE EDAD O DE RIESGO :: 15-19 ANOS :: MUJERES,REMASEP_OD,X63,REMASEP_OD :: SECCION B: ACTIVIDADES DE ATENCION EN ESPECIALIDADES ODONTOLOGICAS. :: OBTURACION DIRECTA :: SEGUN GRUPOS DE EDAD O DE RIESGO :: 15-19 ANOS :: MUJERES,INTEGER_COUNT,stf:dc624775927d4d4d,writable_target_mapping_2026,EXACT_SEMANTIC_MATCH
wi:7429aae73aa5fcc2c182,LEGACY::REMASEP_OD::AJ63,REMASEP_OD :: SECCION B: ACTIVIDADES DE ATENCION EN ESPECIALIDADES ODONTOLOGICAS. :: 5010023 - PULPECTOMIA / 5010003 - PULPOTOMIA :: PROCEDIMIENTO PULPAR EN ODONTOPEDIATRIA (PULPOTOMIA Y PULPECTOMIA) :: SEGUN GRUPOS DE EDAD O DE RIESGO :: 65-74 ANOS :: HOMBRES,REMASEP_OD,AI80,REMASEP_OD :: SECCION B: ACTIVIDADES DE ATENCION EN ESPECIALIDADES ODONTOLOGICAS. :: PROCEDIMIENTO PULPAR EN ODONTOPEDIATRIA (PULPOTOMIA Y PULPECTOMIA) :: SEGUN GRUPOS DE EDAD O DE RIESGO :: 65-74 ANOS :: HOMBRES,INTEGER_COUNT,stf:dc624775927d4d4d,writable_target_mapping_2026,EXACT_SEMANTIC_MATCH
wi:746f7c83be8f6d3a8ccf,LEGACY::REMASEP_OD::F52,REMASEP_OD :: SECCION B: ACTIVIDADES DE ATENCION EN ESPECIALIDADES ODONTOLOGICAS. :: 5004020 - CONTROL ORTODONCIA QUIRURGICO :: ORTODONCIA PRE-QUIRURGICA :: SEGUN GRUPOS DE EDAD O DE RIESGO :: MENOS DE 1 ANO - 1 ANO :: HOMBRES,REMASEP_OD,E69,REMASEP_OD :: SECCION B: ACTIVIDADES DE ATENCION EN ESPECIALIDADES ODONTOLOGICAS. :: ORTODONCIA PRE-QUIRURGICA :: SEGUN GRUPOS DE EDAD O DE RIESGO :: MENOS DE 1 ANO - 1 ANO :: HOMBRES,INTEGER_COUNT,stf:dc624775927d4d4d,writable_target_mapping_2026,EXACT_SEMANTIC_MATCH
wi:74f38969496ec20328a6,LEGACY::REMASEP_01::AK87,REMASEP 01 :: SECCION C: ATENCIONES Y CONSULTAS POR OTROS PROFESIONALES NO MEDICOS :: PSICO :: PSICOLOGO/A :: CONSULTA PSICOLOGICA :: POR EDAD (EN ANOS) :: 75 - 79 ANOS :: HOMBRES,REMASEP 01,AJ116,REMASEP 01 :: SECCION C: ATENCIONES Y CONSULTAS POR OTROS PROFESIONALES NO MEDICOS :: PSICOLOGO/A :: CONSULTA PSICOLOGICA :: POR EDAD (EN ANOS) :: 75 - 79 ANOS :: HOMBRES,INTEGER_COUNT,stf:dc624775927d4d4d,writable_target_mapping_2026,EXACT_SEMANTIC_MATCH
wi:7529d27d6e6c2c87677b,LEGACY::REMASEP_OD::K16,REMASEP_OD :: SECCION A: CONSULTAS Y CONTROLES ODONTOLOGICOS REALIZADOS :: A.3. ACCIONES GENERALES DE PREVENCION E HIGIENE :: 5010011 - PROFILAXIS :: HIGIENE Y PROFILAXIS EN NINOS Y ADULTOS :: SEGUN GRUPOS DE EDAD O DE RIESGO :: 3 ANOS :: MUJERES,REMASEP_OD,J33,REMASEP_OD :: SECCION A: CONSULTAS Y CONTROLES ODONTOLOGICOS REALIZADOS :: A.3. ACCIONES GENERALES DE PREVENCION E HIGIENE :: HIGIENE Y PROFILAXIS EN NINOS Y ADULTOS :: SEGUN GRUPOS DE EDAD O DE RIESGO :: 3 ANOS :: MUJERES,INTEGER_COUNT,stf:dc624775927d4d4d,writable_target_mapping_2026,EXACT_SEMANTIC_MATCH
wi:76efd73d2aa9a51c6071,LEGACY::REMASEP_OD::AK63,REMASEP_OD :: SECCION B: ACTIVIDADES DE ATENCION EN ESPECIALIDADES ODONTOLOGICAS. :: 5010023 - PULPECTOMIA / 5010003 - PULPOTOMIA :: PROCEDIMIENTO PULPAR EN ODONTOPEDIATRIA (PULPOTOMIA Y PULPECTOMIA) :: SEGUN GRUPOS DE EDAD O DE RIESGO :: 65-74 ANOS :: MUJERES,REMASEP_OD,AJ80,REMASEP_OD :: SECCION B: ACTIVIDADES DE ATENCION EN ESPECIALIDADES ODONTOLOGICAS. :: PROCEDIMIENTO PULPAR EN ODONTOPEDIATRIA (PULPOTOMIA Y PULPECTOMIA) :: SEGUN GRUPOS DE EDAD O DE RIESGO :: 65-74 ANOS :: MUJERES,INTEGER_COUNT,stf:dc624775927d4d4d,writable_target_mapping_2026,EXACT_SEMANTIC_MATCH
wi:77ca250907000ed880ca,LEGACY::REMASEP_OD::P65,REMASEP_OD :: SECCION B: ACTIVIDADES DE ATENCION EN ESPECIALIDADES ODONTOLOGICAS. :: DESTARTRAJE :: DESTARTRAJE SUB GINGIVAL :: SEGUN GRUPOS DE EDAD O DE RIESGO :: 6 ANOS :: HOMBRES,REMASEP_OD,O82,REMASEP_OD :: SECCION B: ACTIVIDADES DE ATENCION EN ESPECIALIDADES ODONTOLOGICAS. :: DESTARTRAJE SUB GINGIVAL :: SEGUN GRUPOS DE EDAD O DE RIESGO :: 6 ANOS :: HOMBRES,INTEGER_COUNT,stf:dc624775927d4d4d,writable_target_mapping_2026,EXACT_SEMANTIC_MATCH
wi:78218f12215339a98de6,LEGACY::REMASEP_OD::F63,REMASEP_OD :: SECCION B: ACTIVIDADES DE ATENCION EN ESPECIALIDADES ODONTOLOGICAS. :: 5010023 - PULPECTOMIA / 5010003 - PULPOTOMIA :: PROCEDIMIENTO PULPAR EN ODONTOPEDIATRIA (PULPOTOMIA Y PULPECTOMIA) :: SEGUN GRUPOS DE EDAD O DE RIESGO :: MENOS DE 1 ANO - 1 ANO :: HOMBRES,REMASEP_OD,E80,REMASEP_OD :: SECCION B: ACTIVIDADES DE ATENCION EN ESPECIALIDADES ODONTOLOGICAS. :: PROCEDIMIENTO PULPAR EN ODONTOPEDIATRIA (PULPOTOMIA Y PULPECTOMIA) :: SEGUN GRUPOS DE EDAD O DE RIESGO :: MENOS DE 1 ANO - 1 ANO :: HOMBRES,INTEGER_COUNT,stf:dc624775927d4d4d,writable_target_mapping_2026,EXACT_SEMANTIC_MATCH
wi:7821c84e2641a8645147,LEGACY::REMASEP_OD::AJ70,REMASEP_OD :: SECCION B: ACTIVIDADES DE ATENCION EN ESPECIALIDADES ODONTOLOGICAS. :: INSTALACION PROTESIS TOTAL ACRILICA SUP O INF :: REHABILITACION MEDIANTE PROTESIS REMOVIBLE ACRILICA PARCIAL O TOTAL :: SEGUN GRUPOS DE EDAD O DE RIESGO :: 65-74 ANOS :: HOMBRES,REMASEP_OD,AI87,REMASEP_OD :: SECCION B: ACTIVIDADES DE ATENCION EN ESPECIALIDADES ODONTOLOGICAS. :: REHABILITACION MEDIANTE PROTESIS REMOVIBLE ACRILICA PARCIAL O TOTAL :: SEGUN GRUPOS DE EDAD O DE RIESGO :: 65-74 ANOS :: HOMBRES,INTEGER_COUNT,stf:dc624775927d4d4d,writable_target_mapping_2026,EXACT_SEMANTIC_MATCH
wi:78c344cf3507e27bfd4a,LEGACY::REMASEP_OD::N8,REMASEP_OD :: SECCION A: CONSULTAS Y CONTROLES ODONTOLOGICOS REALIZADOS :: A.1. CONSULTAS Y ALTAS :: EVALUACION ODONTOLOGIA GENERAL :: PRIMERAS CONSULTAS (ANO) DE ODONTOLOGIA ESPECIALIDADES :: SEGUN GRUPOS DE EDAD O DE RIESGO :: 5 ANOS :: HOMBRES,REMASEP_OD,M17,REMASEP_OD :: SECCION A: CONSULTAS Y CONTROLES ODONTOLOGICOS REALIZADOS :: A.1. CONSULTAS Y ALTAS :: PRIMERAS CONSULTAS (ANO) DE ODONTOLOGIA ESPECIALIDADES :: SEGUN GRUPOS DE EDAD O DE RIESGO :: 5 ANOS :: HOMBRES,INTEGER_COUNT,stf:dc624775927d4d4d,writable_target_mapping_2026,EXACT_SEMANTIC_MATCH
wi:79ebdbb7d55afa1da6ba,LEGACY::REMASEP_OD::M89,REMASEP_OD :: SECCION B: ACTIVIDADES DE ATENCION EN ESPECIALIDADES ODONTOLOGICAS. :: 5009002 - DESGASTE SELECTIVO :: DESGASTE SELECTIVO :: SEGUN GRUPOS DE EDAD O DE RIESGO :: 4 ANOS :: MUJERES,REMASEP_OD,L106,REMASEP_OD :: SECCION B: ACTIVIDADES DE ATENCION EN ESPECIALIDADES ODONTOLOGICAS. :: DESGASTE SELECTIVO :: SEGUN GRUPOS DE EDAD O DE RIESGO :: 4 ANOS :: MUJERES,INTEGER_COUNT,stf:dc624775927d4d4d,writable_target_mapping_2026,EXACT_SEMANTIC_MATCH
wi:7a4577fe7798aa0b68ac,LEGACY::REMASEP_01::P84,REMASEP 01 :: SECCION C: ATENCIONES Y CONSULTAS POR OTROS PROFESIONALES NO MEDICOS :: ENFERMER :: ENFERMERA/O :: ATENCION AL PACIENTE :: POR EDAD (EN ANOS) :: 20 - 24 ANOS :: MUJERES,REMASEP 01,O113,REMASEP 01 :: SECCION C: ATENCIONES Y CONSULTAS POR OTROS PROFESIONALES NO MEDICOS :: ENFERMERA/O :: ATENCION AL PACIENTE :: POR EDAD (EN ANOS) :: 20 - 24 ANOS :: MUJERES,INTEGER_COUNT,stf:dc624775927d4d4d,writable_target_mapping_2026,EXACT_SEMANTIC_MATCH
wi:7a55a56206cc1dd1bea0,LEGACY::REMASEP_OD::V90,REMASEP_OD :: SECCION B: ACTIVIDADES DE ATENCION EN ESPECIALIDADES ODONTOLOGICAS. :: INSTALACIONES ORTOPEDIA :: INSTALACION DE DISPOSITIVO ORTOPEDICO :: SEGUN GRUPOS DE EDAD O DE RIESGO :: 10-14 ANOS :: HOMBRES,REMASEP_OD,U107,REMASEP_OD :: SECCION B: ACTIVIDADES DE ATENCION EN ESPECIALIDADES ODONTOLOGICAS. :: INSTALACION DE DISPOSITIVO ORTOPEDICO :: SEGUN GRUPOS DE EDAD O DE RIESGO :: 10-14 ANOS :: HOMBRES,INTEGER_COUNT,stf:dc624775927d4d4d,writable_target_mapping_2026,EXACT_SEMANTIC_MATCH
wi:7b396b8743612ac94155,LEGACY::REMASEP_OD::H65,REMASEP_OD :: SECCION B: ACTIVIDADES DE ATENCION EN ESPECIALIDADES ODONTOLOGICAS. :: DESTARTRAJE :: DESTARTRAJE SUB GINGIVAL :: SEGUN GRUPOS DE EDAD O DE RIESGO :: 2 ANOS :: HOMBRES,REMASEP_OD,G82,REMASEP_OD :: SECCION B: ACTIVIDADES DE ATENCION EN ESPECIALIDADES ODONTOLOGICAS. :: DESTARTRAJE SUB GINGIVAL :: SEGUN GRUPOS DE EDAD O DE RIESGO :: 2 ANOS :: HOMBRES,INTEGER_COUNT,stf:dc624775927d4d4d,writable_target_mapping_2026,EXACT_SEMANTIC_MATCH
wi:7b4bd92aedf2140d4f58,LEGACY::REMASEP_OD::AL52,REMASEP_OD :: SECCION B: ACTIVIDADES DE ATENCION EN ESPECIALIDADES ODONTOLOGICAS. :: 5004020 - CONTROL ORTODONCIA QUIRURGICO :: ORTODONCIA PRE-QUIRURGICA :: SEGUN GRUPOS DE EDAD O DE RIESGO :: 75 Y MAS ANOS :: HOMBRES,REMASEP_OD,AK69,REMASEP_OD :: SECCION B: ACTIVIDADES DE ATENCION EN ESPECIALIDADES ODONTOLOGICAS. :: ORTODONCIA PRE-QUIRURGICA :: SEGUN GRUPOS DE EDAD O DE RIESGO :: 75 Y MAS ANOS :: HOMBRES,INTEGER_COUNT,stf:dc624775927d4d4d,writable_target_mapping_2026,EXACT_SEMANTIC_MATCH
wi:7b6c82c5dc3afe62f9bc,LEGACY::REMASEP_OD::I71,REMASEP_OD :: SECCION B: ACTIVIDADES DE ATENCION EN ESPECIALIDADES ODONTOLOGICAS. :: INSTALACION PROTESIS PARCIAL METALICA SUP O INF :: REHABILITACION MEDIANTE PROTESIS REMOVIBLE METALICA PARCIAL :: SEGUN GRUPOS DE EDAD O DE RIESGO :: 2 ANOS :: MUJERES,REMASEP_OD,H88,REMASEP_OD :: SECCION B: ACTIVIDADES DE ATENCION EN ESPECIALIDADES ODONTOLOGICAS. :: REHABILITACION MEDIANTE PROTESIS REMOVIBLE METALICA PARCIAL :: SEGUN GRUPOS DE EDAD O DE RIESGO :: 2 ANOS :: MUJERES,INTEGER_COUNT,stf:dc624775927d4d4d,writable_target_mapping_2026,EXACT_SEMANTIC_MATCH
wi:7bbe8e1331a7c0d32e11,LEGACY::REMASEP_OD::AA9,REMASEP_OD :: SECCION A: CONSULTAS Y CONTROLES ODONTOLOGICOS REALIZADOS :: A.1. CONSULTAS Y ALTAS :: CONTROL ODONTOLOGIA GENERAL :: CONTROLES ODONTOLOGICOS GENERALES :: SEGUN GRUPOS DE EDAD O DE RIESGO :: 20-24 ANOS :: MUJERES,REMASEP_OD,Z18,REMASEP_OD :: SECCION A: CONSULTAS Y CONTROLES ODONTOLOGICOS REALIZADOS :: A.1. CONSULTAS Y ALTAS :: CONTROLES ODONTOLOGICOS GENERALES :: SEGUN GRUPOS DE EDAD O DE RIESGO :: 20-24 ANOS :: MUJERES,INTEGER_COUNT,stf:dc624775927d4d4d,writable_target_mapping_2026,EXACT_SEMANTIC_MATCH
wi:7bdc413ec394c5e0fa00,LEGACY::REMASEP_OD::AK74,REMASEP_OD :: SECCION B: ACTIVIDADES DE ATENCION EN ESPECIALIDADES ODONTOLOGICAS. :: NO SE REALIZA EN FG :: REHABILITACION MEDIANTE PROTESIS MUCO-IMPLANTOASISTIDA :: SEGUN GRUPOS DE EDAD O DE RIESGO :: 65-74 ANOS :: MUJERES,REMASEP_OD,AJ91,REMASEP_OD :: SECCION B: ACTIVIDADES DE ATENCION EN ESPECIALIDADES ODONTOLOGICAS. :: REHABILITACION MEDIANTE PROTESIS MUCO-IMPLANTOASISTIDA :: SEGUN GRUPOS DE EDAD O DE RIESGO :: 65-74 ANOS :: MUJERES,INTEGER_COUNT,stf:dc624775927d4d4d,writable_target_mapping_2026,EXACT_SEMANTIC_MATCH
wi:7c212f5178da869e6bd9,LEGACY::REMASEP_OD::I73,REMASEP_OD :: SECCION B: ACTIVIDADES DE ATENCION EN ESPECIALIDADES ODONTOLOGICAS. :: INSTALACION CORONA DEFINITIVA SOBRE IMPLANTE :: REHABILITACION MEDIANTE PROTESIS FIJA IMPLANTOASISTIDA (UNITARIA Y PLURAL) :: SEGUN GRUPOS DE EDAD O DE RIESGO :: 2 ANOS :: MUJERES,REMASEP_OD,H90,REMASEP_OD :: SECCION B: ACTIVIDADES DE ATENCION EN ESPECIALIDADES ODONTOLOGICAS. :: REHABILITACION MEDIANTE PROTESIS FIJA IMPLANTOASISTIDA (UNITARIA Y PLURAL) :: SEGUN GRUPOS DE EDAD O DE RIESGO :: 2 ANOS :: MUJERES,INTEGER_COUNT,stf:dc624775927d4d4d,writable_target_mapping_2026,EXACT_SEMANTIC_MATCH
wi:7c3385ffd68af31ff662,LEGACY::REMASEP_OD::W47,REMASEP_OD :: SECCION B: ACTIVIDADES DE ATENCION EN ESPECIALIDADES ODONTOLOGICAS. :: 5005008 - CEMENTACION CARILLA RESINA INDIRECTA :: OBTURACION INDIRECTA (INLAYS U ONLAYS) :: SEGUN GRUPOS DE EDAD O DE RIESGO :: 10-14 ANOS :: MUJERES,REMASEP_OD,V64,REMASEP_OD :: SECCION B: ACTIVIDADES DE ATENCION EN ESPECIALIDADES ODONTOLOGICAS. :: OBTURACION INDIRECTA (INLAYS U ONLAYS) :: SEGUN GRUPOS DE EDAD O DE RIESGO :: 10-14 ANOS :: MUJERES,INTEGER_COUNT,stf:dc624775927d4d4d,writable_target_mapping_2026,EXACT_SEMANTIC_MATCH
wi:7c4cc63534eb47720842,LEGACY::REMASEP_OD::M46,REMASEP_OD :: SECCION B: ACTIVIDADES DE ATENCION EN ESPECIALIDADES ODONTOLOGICAS. :: 5010009 - VIDRIO IONOMERO :: OBTURACION DIRECTA :: SEGUN GRUPOS DE EDAD O DE RIESGO :: 4 ANOS :: MUJERES,REMASEP_OD,L63,REMASEP_OD :: SECCION B: ACTIVIDADES DE ATENCION EN ESPECIALIDADES ODONTOLOGICAS. :: OBTURACION DIRECTA :: SEGUN GRUPOS DE EDAD O DE RIESGO :: 4 ANOS :: MUJERES,INTEGER_COUNT,stf:dc624775927d4d4d,writable_target_mapping_2026,EXACT_SEMANTIC_MATCH
wi:7c7c2304201ac8a7de50,LEGACY::REMASEP_OD::Q52,REMASEP_OD :: SECCION B: ACTIVIDADES DE ATENCION EN ESPECIALIDADES ODONTOLOGICAS. :: 5004020 - CONTROL ORTODONCIA QUIRURGICO :: ORTODONCIA PRE-QUIRURGICA :: SEGUN GRUPOS DE EDAD O DE RIESGO :: 6 ANOS :: MUJERES,REMASEP_OD,P69,REMASEP_OD :: SECCION B: ACTIVIDADES DE ATENCION EN ESPECIALIDADES ODONTOLOGICAS. :: ORTODONCIA PRE-QUIRURGICA :: SEGUN GRUPOS DE EDAD O DE RIESGO :: 6 ANOS :: MUJERES,INTEGER_COUNT,stf:dc624775927d4d4d,writable_target_mapping_2026,EXACT_SEMANTIC_MATCH
wi:7cde21bb4f3f284f81e4,LEGACY::REMASEP_01::P86,REMASEP 01 :: SECCION C: ATENCIONES Y CONSULTAS POR OTROS PROFESIONALES NO MEDICOS :: NUTRICIONISTA :: NUTRICIONISTA :: CONSULTA NUTRICIONAL :: POR EDAD (EN ANOS) :: 20 - 24 ANOS :: MUJERES,REMASEP 01,O115,REMASEP 01 :: SECCION C: ATENCIONES Y CONSULTAS POR OTROS PROFESIONALES NO MEDICOS :: NUTRICIONISTA :: CONSULTA NUTRICIONAL :: POR EDAD (EN ANOS) :: 20 - 24 ANOS :: MUJERES,INTEGER_COUNT,stf:dc624775927d4d4d,writable_target_mapping_2026,EXACT_SEMANTIC_MATCH
wi:7d01e9abd800f2c4101d,LEGACY::REMASEP_OD::J50,REMASEP_OD :: SECCION B: ACTIVIDADES DE ATENCION EN ESPECIALIDADES ODONTOLOGICAS. :: INSTALACION CONTENCION :: INSTALACION APARATO DE CONTENCION ORTODONCICO :: SEGUN GRUPOS DE EDAD O DE RIESGO :: 3 ANOS :: HOMBRES,REMASEP_OD,I67,REMASEP_OD :: SECCION B: ACTIVIDADES DE ATENCION EN ESPECIALIDADES ODONTOLOGICAS. :: INSTALACION APARATO DE CONTENCION ORTODONCICO :: SEGUN GRUPOS DE EDAD O DE RIESGO :: 3 ANOS :: HOMBRES,INTEGER_COUNT,stf:dc624775927d4d4d,writable_target_mapping_2026,EXACT_SEMANTIC_MATCH
wi:7d0d8051f5032886b606,LEGACY::REMASEP_OD::G54,REMASEP_OD :: SECCION B: ACTIVIDADES DE ATENCION EN ESPECIALIDADES ODONTOLOGICAS. :: CONTROLES ORTODONCIA :: ORTODONCIA PREVENTIVA E INTERCEPTIVA (OPI) :: SEGUN GRUPOS DE EDAD O DE RIESGO :: MENOS DE 1 ANO - 1 ANO :: MUJERES,REMASEP_OD,F71,REMASEP_OD :: SECCION B: ACTIVIDADES DE ATENCION EN ESPECIALIDADES ODONTOLOGICAS. :: ORTODONCIA PREVENTIVA E INTERCEPTIVA (OPI) :: SEGUN GRUPOS DE EDAD O DE RIESGO :: MENOS DE 1 ANO - 1 ANO :: MUJERES,INTEGER_COUNT,stf:dc624775927d4d4d,writable_target_mapping_2026,EXACT_SEMANTIC_MATCH
wi:7d2ea0db07064a306768,LEGACY::REMASEP_01::M89,REMASEP 01 :: SECCION C: ATENCIONES Y CONSULTAS POR OTROS PROFESIONALES NO MEDICOS :: FONO :: FONOAUDIOLOGO/A :: CONSULTAS FONOAUDIOLOGO/A :: POR EDAD (EN ANOS) :: 15 - 19 ANOS :: HOMBRES,REMASEP 01,L118,REMASEP 01 :: SECCION C: ATENCIONES Y CONSULTAS POR OTROS PROFESIONALES NO MEDICOS :: FONOAUDIOLOGO/A :: CONSULTAS FONOAUDIOLOGO/A :: POR EDAD (EN ANOS) :: 15 - 19 ANOS :: HOMBRES,INTEGER_COUNT,stf:dc624775927d4d4d,writable_target_mapping_2026,EXACT_SEMANTIC_MATCH
wi:7d494a0084de2255e8c9,LEGACY::REMASEP_OD::G53,REMASEP_OD :: SECCION B: ACTIVIDADES DE ATENCION EN ESPECIALIDADES ODONTOLOGICAS. :: CONTROLES ORTOPED. PREQ :: ORTOPEDIA PRE-QUIRURGICA :: SEGUN GRUPOS DE EDAD O DE RIESGO :: MENOS DE 1 ANO - 1 ANO :: MUJERES,REMASEP_OD,F70,REMASEP_OD :: SECCION B: ACTIVIDADES DE ATENCION EN ESPECIALIDADES ODONTOLOGICAS. :: ORTOPEDIA PRE-QUIRURGICA :: SEGUN GRUPOS DE EDAD O DE RIESGO :: MENOS DE 1 ANO - 1 ANO :: MUJERES,INTEGER_COUNT,stf:dc624775927d4d4d,writable_target_mapping_2026,EXACT_SEMANTIC_MATCH
wi:7d494be937f4c63a2ad1,LEGACY::REMASEP_OD::AE13,"REMASEP_OD :: SECCION A: CONSULTAS Y CONTROLES ODONTOLOGICOS REALIZADOS :: A.3. ACCIONES GENERALES DE PREVENCION E HIGIENE :: 5001005 - SELLANTES :: APLICACION DE SELLANTE EN PIEZA PERMANENTE, FOTOCURADO :: SEGUN GRUPOS DE EDAD O DE RIESGO :: 35-44 ANOS :: MUJERES",REMASEP_OD,AD30,"REMASEP_OD :: SECCION A: CONSULTAS Y CONTROLES ODONTOLOGICOS REALIZADOS :: A.3. ACCIONES GENERALES DE PREVENCION E HIGIENE :: APLICACION DE SELLANTE EN PIEZA PERMANENTE, FOTOCURADO :: SEGUN GRUPOS DE EDAD O DE RIESGO :: 35-44 ANOS :: MUJERES",INTEGER_COUNT,stf:dc624775927d4d4d,writable_target_mapping_2026,EXACT_SEMANTIC_MATCH
wi:7d842a82128d211ff078,LEGACY::REMASEP_OD::N51,REMASEP_OD :: SECCION B: ACTIVIDADES DE ATENCION EN ESPECIALIDADES ODONTOLOGICAS. :: 5004018 - RETIRO APARATO FIJO-LIMPIEZA-IMPRESION :: RETIRO APARATOLOGIA DE ORTODONCIA :: SEGUN GRUPOS DE EDAD O DE RIESGO :: 5 ANOS :: HOMBRES,REMASEP_OD,M68,REMASEP_OD :: SECCION B: ACTIVIDADES DE ATENCION EN ESPECIALIDADES ODONTOLOGICAS. :: RETIRO APARATOLOGIA DE ORTODONCIA :: SEGUN GRUPOS DE EDAD O DE RIESGO :: 5 ANOS :: HOMBRES,INTEGER_COUNT,stf:dc624775927d4d4d,writable_target_mapping_2026,EXACT_SEMANTIC_MATCH
wi:7d9a2313fd6d5073ad6c,LEGACY::REMASEP_OD::AE63,REMASEP_OD :: SECCION B: ACTIVIDADES DE ATENCION EN ESPECIALIDADES ODONTOLOGICAS. :: 5010023 - PULPECTOMIA / 5010003 - PULPOTOMIA :: PROCEDIMIENTO PULPAR EN ODONTOPEDIATRIA (PULPOTOMIA Y PULPECTOMIA) :: SEGUN GRUPOS DE EDAD O DE RIESGO :: 35-44 ANOS :: MUJERES,REMASEP_OD,AD80,REMASEP_OD :: SECCION B: ACTIVIDADES DE ATENCION EN ESPECIALIDADES ODONTOLOGICAS. :: PROCEDIMIENTO PULPAR EN ODONTOPEDIATRIA (PULPOTOMIA Y PULPECTOMIA) :: SEGUN GRUPOS DE EDAD O DE RIESGO :: 35-44 ANOS :: MUJERES,INTEGER_COUNT,stf:dc624775927d4d4d,writable_target_mapping_2026,EXACT_SEMANTIC_MATCH
wi:7daff88d9cdb30bcfb54,LEGACY::REMASEP_OD::O72,REMASEP_OD :: SECCION B: ACTIVIDADES DE ATENCION EN ESPECIALIDADES ODONTOLOGICAS. :: CEMENTACION PROTESIS FIJA SOBRE DIENTE :: REHABILITACION MEDIANTE PROTESIS FIJA UNITARIA O PLURAL :: SEGUN GRUPOS DE EDAD O DE RIESGO :: 5 ANOS :: MUJERES,REMASEP_OD,N89,REMASEP_OD :: SECCION B: ACTIVIDADES DE ATENCION EN ESPECIALIDADES ODONTOLOGICAS. :: REHABILITACION MEDIANTE PROTESIS FIJA UNITARIA O PLURAL :: SEGUN GRUPOS DE EDAD O DE RIESGO :: 5 ANOS :: MUJERES,INTEGER_COUNT,stf:dc624775927d4d4d,writable_target_mapping_2026,EXACT_SEMANTIC_MATCH
wi:7e277ab0ccbc3a3bcd9f,LEGACY::REMASEP_OD::AD53,REMASEP_OD :: SECCION B: ACTIVIDADES DE ATENCION EN ESPECIALIDADES ODONTOLOGICAS. :: CONTROLES ORTOPED. PREQ :: ORTOPEDIA PRE-QUIRURGICA :: SEGUN GRUPOS DE EDAD O DE RIESGO :: 35-44 ANOS :: HOMBRES,REMASEP_OD,AC70,REMASEP_OD :: SECCION B: ACTIVIDADES DE ATENCION EN ESPECIALIDADES ODONTOLOGICAS. :: ORTOPEDIA PRE-QUIRURGICA :: SEGUN GRUPOS DE EDAD O DE RIESGO :: 35-44 ANOS :: HOMBRES,INTEGER_COUNT,stf:dc624775927d4d4d,writable_target_mapping_2026,EXACT_SEMANTIC_MATCH
wi:7e666b7a60b0fa71ad74,LEGACY::REMASEP_OD::M66,REMASEP_OD :: SECCION B: ACTIVIDADES DE ATENCION EN ESPECIALIDADES ODONTOLOGICAS. :: 5009012 - PULIDO RADICULAR POR SESION O SEXTANTE :: PULIDO RADICULAR :: SEGUN GRUPOS DE EDAD O DE RIESGO :: 4 ANOS :: MUJERES,REMASEP_OD,L83,REMASEP_OD :: SECCION B: ACTIVIDADES DE ATENCION EN ESPECIALIDADES ODONTOLOGICAS. :: PULIDO RADICULAR :: SEGUN GRUPOS DE EDAD O DE RIESGO :: 4 ANOS :: MUJERES,INTEGER_COUNT,stf:dc624775927d4d4d,writable_target_mapping_2026,EXACT_SEMANTIC_MATCH
wi:7ef1cd3213df9b4f6f98,LEGACY::REMASEP_01::AD89,REMASEP 01 :: SECCION C: ATENCIONES Y CONSULTAS POR OTROS PROFESIONALES NO MEDICOS :: FONO :: FONOAUDIOLOGO/A :: CONSULTAS FONOAUDIOLOGO/A :: POR EDAD (EN ANOS) :: 55 - 59 ANOS :: MUJERES,REMASEP 01,AC118,REMASEP 01 :: SECCION C: ATENCIONES Y CONSULTAS POR OTROS PROFESIONALES NO MEDICOS :: FONOAUDIOLOGO/A :: CONSULTAS FONOAUDIOLOGO/A :: POR EDAD (EN ANOS) :: 55 - 59 ANOS :: MUJERES,INTEGER_COUNT,stf:dc624775927d4d4d,writable_target_mapping_2026,EXACT_SEMANTIC_MATCH
wi:7f0581d486f4230f61c0,LEGACY::REMASEP_OD::R53,REMASEP_OD :: SECCION B: ACTIVIDADES DE ATENCION EN ESPECIALIDADES ODONTOLOGICAS. :: CONTROLES ORTOPED. PREQ :: ORTOPEDIA PRE-QUIRURGICA :: SEGUN GRUPOS DE EDAD O DE RIESGO :: 7 ANOS :: HOMBRES,REMASEP_OD,Q70,REMASEP_OD :: SECCION B: ACTIVIDADES DE ATENCION EN ESPECIALIDADES ODONTOLOGICAS. :: ORTOPEDIA PRE-QUIRURGICA :: SEGUN GRUPOS DE EDAD O DE RIESGO :: 7 ANOS :: HOMBRES,INTEGER_COUNT,stf:dc624775927d4d4d,writable_target_mapping_2026,EXACT_SEMANTIC_MATCH
wi:7f1ccb71fb6ef512762d,LEGACY::REMASEP_OD::X51,REMASEP_OD :: SECCION B: ACTIVIDADES DE ATENCION EN ESPECIALIDADES ODONTOLOGICAS. :: 5004018 - RETIRO APARATO FIJO-LIMPIEZA-IMPRESION :: RETIRO APARATOLOGIA DE ORTODONCIA :: SEGUN GRUPOS DE EDAD O DE RIESGO :: 15-19 ANOS :: HOMBRES,REMASEP_OD,W68,REMASEP_OD :: SECCION B: ACTIVIDADES DE ATENCION EN ESPECIALIDADES ODONTOLOGICAS. :: RETIRO APARATOLOGIA DE ORTODONCIA :: SEGUN GRUPOS DE EDAD O DE RIESGO :: 15-19 ANOS :: HOMBRES,INTEGER_COUNT,stf:dc624775927d4d4d,writable_target_mapping_2026,EXACT_SEMANTIC_MATCH
wi:7f24d4c5efa82439109a,LEGACY::REMASEP_OD::AD74,REMASEP_OD :: SECCION B: ACTIVIDADES DE ATENCION EN ESPECIALIDADES ODONTOLOGICAS. :: NO SE REALIZA EN FG :: REHABILITACION MEDIANTE PROTESIS MUCO-IMPLANTOASISTIDA :: SEGUN GRUPOS DE EDAD O DE RIESGO :: 35-44 ANOS :: HOMBRES,REMASEP_OD,AC91,REMASEP_OD :: SECCION B: ACTIVIDADES DE ATENCION EN ESPECIALIDADES ODONTOLOGICAS. :: REHABILITACION MEDIANTE PROTESIS MUCO-IMPLANTOASISTIDA :: SEGUN GRUPOS DE EDAD O DE RIESGO :: 35-44 ANOS :: HOMBRES,INTEGER_COUNT,stf:dc624775927d4d4d,writable_target_mapping_2026,EXACT_SEMANTIC_MATCH
wi:7f3f4b810d03f9142d48,LEGACY::REMASEP_01::AC90,REMASEP 01 :: SECCION C: ATENCIONES Y CONSULTAS POR OTROS PROFESIONALES NO MEDICOS :: KINE :: KINESIOLOGO/A :: ATENCION KINESIOLOGICA :: POR EDAD (EN ANOS) :: 55 - 59 ANOS :: HOMBRES,REMASEP 01,AB119,REMASEP 01 :: SECCION C: ATENCIONES Y CONSULTAS POR OTROS PROFESIONALES NO MEDICOS :: KINESIOLOGO/A :: ATENCION KINESIOLOGICA :: POR EDAD (EN ANOS) :: 55 - 59 ANOS :: HOMBRES,INTEGER_COUNT,stf:dc624775927d4d4d,writable_target_mapping_2026,EXACT_SEMANTIC_MATCH
wi:7f510596a02cbafca9ea,LEGACY::REMASEP_OD::T13,"REMASEP_OD :: SECCION A: CONSULTAS Y CONTROLES ODONTOLOGICOS REALIZADOS :: A.3. ACCIONES GENERALES DE PREVENCION E HIGIENE :: 5001005 - SELLANTES :: APLICACION DE SELLANTE EN PIEZA PERMANENTE, FOTOCURADO :: SEGUN GRUPOS DE EDAD O DE RIESGO :: 8-9 ANOS :: HOMBRES",REMASEP_OD,S30,"REMASEP_OD :: SECCION A: CONSULTAS Y CONTROLES ODONTOLOGICOS REALIZADOS :: A.3. ACCIONES GENERALES DE PREVENCION E HIGIENE :: APLICACION DE SELLANTE EN PIEZA PERMANENTE, FOTOCURADO :: SEGUN GRUPOS DE EDAD O DE RIESGO :: 8-9 ANOS :: HOMBRES",INTEGER_COUNT,stf:dc624775927d4d4d,writable_target_mapping_2026,EXACT_SEMANTIC_MATCH
wi:7f84c5042dbfdb49c287,LEGACY::REMASEP_OD::AI9,REMASEP_OD :: SECCION A: CONSULTAS Y CONTROLES ODONTOLOGICOS REALIZADOS :: A.1. CONSULTAS Y ALTAS :: CONTROL ODONTOLOGIA GENERAL :: CONTROLES ODONTOLOGICOS GENERALES :: SEGUN GRUPOS DE EDAD O DE RIESGO :: 60-64 ANOS :: MUJERES,REMASEP_OD,AH18,REMASEP_OD :: SECCION A: CONSULTAS Y CONTROLES ODONTOLOGICOS REALIZADOS :: A.1. CONSULTAS Y ALTAS :: CONTROLES ODONTOLOGICOS GENERALES :: SEGUN GRUPOS DE EDAD O DE RIESGO :: 60-64 ANOS :: MUJERES,INTEGER_COUNT,stf:dc624775927d4d4d,writable_target_mapping_2026,EXACT_SEMANTIC_MATCH
wi:802b5a3ab2babaf5b4a4,LEGACY::REMASEP_01::AD87,REMASEP 01 :: SECCION C: ATENCIONES Y CONSULTAS POR OTROS PROFESIONALES NO MEDICOS :: PSICO :: PSICOLOGO/A :: CONSULTA PSICOLOGICA :: POR EDAD (EN ANOS) :: 55 - 59 ANOS :: MUJERES,REMASEP 01,AC116,REMASEP 01 :: SECCION C: ATENCIONES Y CONSULTAS POR OTROS PROFESIONALES NO MEDICOS :: PSICOLOGO/A :: CONSULTA PSICOLOGICA :: POR EDAD (EN ANOS) :: 55 - 59 ANOS :: MUJERES,INTEGER_COUNT,stf:dc624775927d4d4d,writable_target_mapping_2026,EXACT_SEMANTIC_MATCH
wi:8074ca3b17d0ad09102f,LEGACY::REMASEP_OD::L9,REMASEP_OD :: SECCION A: CONSULTAS Y CONTROLES ODONTOLOGICOS REALIZADOS :: A.1. CONSULTAS Y ALTAS :: CONTROL ODONTOLOGIA GENERAL :: CONTROLES ODONTOLOGICOS GENERALES :: SEGUN GRUPOS DE EDAD O DE RIESGO :: 4 ANOS :: HOMBRES,REMASEP_OD,K18,REMASEP_OD :: SECCION A: CONSULTAS Y CONTROLES ODONTOLOGICOS REALIZADOS :: A.1. CONSULTAS Y ALTAS :: CONTROLES ODONTOLOGICOS GENERALES :: SEGUN GRUPOS DE EDAD O DE RIESGO :: 4 ANOS :: HOMBRES,INTEGER_COUNT,stf:dc624775927d4d4d,writable_target_mapping_2026,EXACT_SEMANTIC_MATCH
wi:809afc3ede95affd1775,LEGACY::REMASEP_OD::AH74,REMASEP_OD :: SECCION B: ACTIVIDADES DE ATENCION EN ESPECIALIDADES ODONTOLOGICAS. :: NO SE REALIZA EN FG :: REHABILITACION MEDIANTE PROTESIS MUCO-IMPLANTOASISTIDA :: SEGUN GRUPOS DE EDAD O DE RIESGO :: 60-64 ANOS :: HOMBRES,REMASEP_OD,AG91,REMASEP_OD :: SECCION B: ACTIVIDADES DE ATENCION EN ESPECIALIDADES ODONTOLOGICAS. :: REHABILITACION MEDIANTE PROTESIS MUCO-IMPLANTOASISTIDA :: SEGUN GRUPOS DE EDAD O DE RIESGO :: 60-64 ANOS :: HOMBRES,INTEGER_COUNT,stf:dc624775927d4d4d,writable_target_mapping_2026,EXACT_SEMANTIC_MATCH
wi:80ea2d9aaf369d6be2fe,LEGACY::REMASEP_01::W89,REMASEP 01 :: SECCION C: ATENCIONES Y CONSULTAS POR OTROS PROFESIONALES NO MEDICOS :: FONO :: FONOAUDIOLOGO/A :: CONSULTAS FONOAUDIOLOGO/A :: POR EDAD (EN ANOS) :: 40 - 44 ANOS :: HOMBRES,REMASEP 01,V118,REMASEP 01 :: SECCION C: ATENCIONES Y CONSULTAS POR OTROS PROFESIONALES NO MEDICOS :: FONOAUDIOLOGO/A :: CONSULTAS FONOAUDIOLOGO/A :: POR EDAD (EN ANOS) :: 40 - 44 ANOS :: HOMBRES,INTEGER_COUNT,stf:dc624775927d4d4d,writable_target_mapping_2026,EXACT_SEMANTIC_MATCH
wi:810ff48aa6f7af852877,LEGACY::REMASEP_OD::W16,REMASEP_OD :: SECCION A: CONSULTAS Y CONTROLES ODONTOLOGICOS REALIZADOS :: A.3. ACCIONES GENERALES DE PREVENCION E HIGIENE :: 5010011 - PROFILAXIS :: HIGIENE Y PROFILAXIS EN NINOS Y ADULTOS :: SEGUN GRUPOS DE EDAD O DE RIESGO :: 10-14 ANOS :: MUJERES,REMASEP_OD,V33,REMASEP_OD :: SECCION A: CONSULTAS Y CONTROLES ODONTOLOGICOS REALIZADOS :: A.3. ACCIONES GENERALES DE PREVENCION E HIGIENE :: HIGIENE Y PROFILAXIS EN NINOS Y ADULTOS :: SEGUN GRUPOS DE EDAD O DE RIESGO :: 10-14 ANOS :: MUJERES,INTEGER_COUNT,stf:dc624775927d4d4d,writable_target_mapping_2026,EXACT_SEMANTIC_MATCH
wi:81175538d3ed9d245b00,LEGACY::REMASEP_OD::AG71,REMASEP_OD :: SECCION B: ACTIVIDADES DE ATENCION EN ESPECIALIDADES ODONTOLOGICAS. :: INSTALACION PROTESIS PARCIAL METALICA SUP O INF :: REHABILITACION MEDIANTE PROTESIS REMOVIBLE METALICA PARCIAL :: SEGUN GRUPOS DE EDAD O DE RIESGO :: 45-59 ANOS :: MUJERES,REMASEP_OD,AF88,REMASEP_OD :: SECCION B: ACTIVIDADES DE ATENCION EN ESPECIALIDADES ODONTOLOGICAS. :: REHABILITACION MEDIANTE PROTESIS REMOVIBLE METALICA PARCIAL :: SEGUN GRUPOS DE EDAD O DE RIESGO :: 45-59 ANOS :: MUJERES,INTEGER_COUNT,stf:dc624775927d4d4d,writable_target_mapping_2026,EXACT_SEMANTIC_MATCH
wi:8146634b0ec3355549b7,LEGACY::REMASEP_OD::L47,REMASEP_OD :: SECCION B: ACTIVIDADES DE ATENCION EN ESPECIALIDADES ODONTOLOGICAS. :: 5005008 - CEMENTACION CARILLA RESINA INDIRECTA :: OBTURACION INDIRECTA (INLAYS U ONLAYS) :: SEGUN GRUPOS DE EDAD O DE RIESGO :: 4 ANOS :: HOMBRES,REMASEP_OD,K64,REMASEP_OD :: SECCION B: ACTIVIDADES DE ATENCION EN ESPECIALIDADES ODONTOLOGICAS. :: OBTURACION INDIRECTA (INLAYS U ONLAYS) :: SEGUN GRUPOS DE EDAD O DE RIESGO :: 4 ANOS :: HOMBRES,INTEGER_COUNT,stf:dc624775927d4d4d,writable_target_mapping_2026,EXACT_SEMANTIC_MATCH
wi:8182ff07fdced7f50fea,LEGACY::REMASEP_OD::Q8,REMASEP_OD :: SECCION A: CONSULTAS Y CONTROLES ODONTOLOGICOS REALIZADOS :: A.1. CONSULTAS Y ALTAS :: EVALUACION ODONTOLOGIA GENERAL :: PRIMERAS CONSULTAS (ANO) DE ODONTOLOGIA ESPECIALIDADES :: SEGUN GRUPOS DE EDAD O DE RIESGO :: 6 ANOS :: MUJERES,REMASEP_OD,P17,REMASEP_OD :: SECCION A: CONSULTAS Y CONTROLES ODONTOLOGICOS REALIZADOS :: A.1. CONSULTAS Y ALTAS :: PRIMERAS CONSULTAS (ANO) DE ODONTOLOGIA ESPECIALIDADES :: SEGUN GRUPOS DE EDAD O DE RIESGO :: 6 ANOS :: MUJERES,INTEGER_COUNT,stf:dc624775927d4d4d,writable_target_mapping_2026,EXACT_SEMANTIC_MATCH
wi:81930126b5e2cd2dbdf8,LEGACY::REMASEP_OD::AA40,REMASEP_OD :: SECCION B: ACTIVIDADES DE ATENCION EN ESPECIALIDADES ODONTOLOGICAS. :: EVALUACION ODON ESP :: EXAMEN Y DIAGNOSTICO DE ESPECIALIDAD :: SEGUN GRUPOS DE EDAD O DE RIESGO :: 20-24 ANOS :: MUJERES,REMASEP_OD,Z57,REMASEP_OD :: SECCION B: ACTIVIDADES DE ATENCION EN ESPECIALIDADES ODONTOLOGICAS. :: EXAMEN Y DIAGNOSTICO DE ESPECIALIDAD :: SEGUN GRUPOS DE EDAD O DE RIESGO :: 20-24 ANOS :: MUJERES,INTEGER_COUNT,stf:dc624775927d4d4d,writable_target_mapping_2026,EXACT_SEMANTIC_MATCH
wi:81a41d5326174194c71d,LEGACY::REMASEP_OD::S65,REMASEP_OD :: SECCION B: ACTIVIDADES DE ATENCION EN ESPECIALIDADES ODONTOLOGICAS. :: DESTARTRAJE :: DESTARTRAJE SUB GINGIVAL :: SEGUN GRUPOS DE EDAD O DE RIESGO :: 7 ANOS :: MUJERES,REMASEP_OD,R82,REMASEP_OD :: SECCION B: ACTIVIDADES DE ATENCION EN ESPECIALIDADES ODONTOLOGICAS. :: DESTARTRAJE SUB GINGIVAL :: SEGUN GRUPOS DE EDAD O DE RIESGO :: 7 ANOS :: MUJERES,INTEGER_COUNT,stf:dc624775927d4d4d,writable_target_mapping_2026,EXACT_SEMANTIC_MATCH
wi:81a4ab68b0ba9c2df59d,LEGACY::REMASEP_OD::AE8,REMASEP_OD :: SECCION A: CONSULTAS Y CONTROLES ODONTOLOGICOS REALIZADOS :: A.1. CONSULTAS Y ALTAS :: EVALUACION ODONTOLOGIA GENERAL :: PRIMERAS CONSULTAS (ANO) DE ODONTOLOGIA ESPECIALIDADES :: SEGUN GRUPOS DE EDAD O DE RIESGO :: 35-44 ANOS :: MUJERES,REMASEP_OD,AD17,REMASEP_OD :: SECCION A: CONSULTAS Y CONTROLES ODONTOLOGICOS REALIZADOS :: A.1. CONSULTAS Y ALTAS :: PRIMERAS CONSULTAS (ANO) DE ODONTOLOGIA ESPECIALIDADES :: SEGUN GRUPOS DE EDAD O DE RIESGO :: 35-44 ANOS :: MUJERES,INTEGER_COUNT,stf:dc624775927d4d4d,writable_target_mapping_2026,EXACT_SEMANTIC_MATCH
wi:824c44366f1502946475,LEGACY::REMASEP_OD::W63,REMASEP_OD :: SECCION B: ACTIVIDADES DE ATENCION EN ESPECIALIDADES ODONTOLOGICAS. :: 5010023 - PULPECTOMIA / 5010003 - PULPOTOMIA :: PROCEDIMIENTO PULPAR EN ODONTOPEDIATRIA (PULPOTOMIA Y PULPECTOMIA) :: SEGUN GRUPOS DE EDAD O DE RIESGO :: 10-14 ANOS :: MUJERES,REMASEP_OD,V80,REMASEP_OD :: SECCION B: ACTIVIDADES DE ATENCION EN ESPECIALIDADES ODONTOLOGICAS. :: PROCEDIMIENTO PULPAR EN ODONTOPEDIATRIA (PULPOTOMIA Y PULPECTOMIA) :: SEGUN GRUPOS DE EDAD O DE RIESGO :: 10-14 ANOS :: MUJERES,INTEGER_COUNT,stf:dc624775927d4d4d,writable_target_mapping_2026,EXACT_SEMANTIC_MATCH
wi:8250a57a219890d8f0f1,LEGACY::REMASEP_OD::AB16,REMASEP_OD :: SECCION A: CONSULTAS Y CONTROLES ODONTOLOGICOS REALIZADOS :: A.3. ACCIONES GENERALES DE PREVENCION E HIGIENE :: 5010011 - PROFILAXIS :: HIGIENE Y PROFILAXIS EN NINOS Y ADULTOS :: SEGUN GRUPOS DE EDAD O DE RIESGO :: 25-34 ANOS :: HOMBRES,REMASEP_OD,AA33,REMASEP_OD :: SECCION A: CONSULTAS Y CONTROLES ODONTOLOGICOS REALIZADOS :: A.3. ACCIONES GENERALES DE PREVENCION E HIGIENE :: HIGIENE Y PROFILAXIS EN NINOS Y ADULTOS :: SEGUN GRUPOS DE EDAD O DE RIESGO :: 25-34 ANOS :: HOMBRES,INTEGER_COUNT,stf:dc624775927d4d4d,writable_target_mapping_2026,EXACT_SEMANTIC_MATCH
wi:82b3719f6f5cc8ddbd68,LEGACY::REMASEP_OD::V62,"REMASEP_OD :: SECCION B: ACTIVIDADES DE ATENCION EN ESPECIALIDADES ODONTOLOGICAS. :: COMPOSITE :: PROCEDIMIENTO RESTAURADOR EN ODONTOPEDIATRIA (TODOS LOS TIPOS: RESINA, TEMPORALES Y AMALGAMAS) :: SEGUN GRUPOS DE EDAD O DE RIESGO :: 10-14 ANOS :: HOMBRES",REMASEP_OD,U79,"REMASEP_OD :: SECCION B: ACTIVIDADES DE ATENCION EN ESPECIALIDADES ODONTOLOGICAS. :: PROCEDIMIENTO RESTAURADOR EN ODONTOPEDIATRIA (TODOS LOS TIPOS: RESINA, TEMPORALES Y AMALGAMAS) :: SEGUN GRUPOS DE EDAD O DE RIESGO :: 10-14 ANOS :: HOMBRES",INTEGER_COUNT,stf:dc624775927d4d4d,writable_target_mapping_2026,EXACT_SEMANTIC_MATCH
wi:82b615909c10f36a6fb5,LEGACY::REMASEP_OD::P51,REMASEP_OD :: SECCION B: ACTIVIDADES DE ATENCION EN ESPECIALIDADES ODONTOLOGICAS. :: 5004018 - RETIRO APARATO FIJO-LIMPIEZA-IMPRESION :: RETIRO APARATOLOGIA DE ORTODONCIA :: SEGUN GRUPOS DE EDAD O DE RIESGO :: 6 ANOS :: HOMBRES,REMASEP_OD,O68,REMASEP_OD :: SECCION B: ACTIVIDADES DE ATENCION EN ESPECIALIDADES ODONTOLOGICAS. :: RETIRO APARATOLOGIA DE ORTODONCIA :: SEGUN GRUPOS DE EDAD O DE RIESGO :: 6 ANOS :: HOMBRES,INTEGER_COUNT,stf:dc624775927d4d4d,writable_target_mapping_2026,EXACT_SEMANTIC_MATCH
wi:82b941a377129dae4722,LEGACY::REMASEP_OD::AA52,REMASEP_OD :: SECCION B: ACTIVIDADES DE ATENCION EN ESPECIALIDADES ODONTOLOGICAS. :: 5004020 - CONTROL ORTODONCIA QUIRURGICO :: ORTODONCIA PRE-QUIRURGICA :: SEGUN GRUPOS DE EDAD O DE RIESGO :: 20-24 ANOS :: MUJERES,REMASEP_OD,Z69,REMASEP_OD :: SECCION B: ACTIVIDADES DE ATENCION EN ESPECIALIDADES ODONTOLOGICAS. :: ORTODONCIA PRE-QUIRURGICA :: SEGUN GRUPOS DE EDAD O DE RIESGO :: 20-24 ANOS :: MUJERES,INTEGER_COUNT,stf:dc624775927d4d4d,writable_target_mapping_2026,EXACT_SEMANTIC_MATCH
wi:82d83d2999b35dca2c10,LEGACY::REMASEP_OD::W66,REMASEP_OD :: SECCION B: ACTIVIDADES DE ATENCION EN ESPECIALIDADES ODONTOLOGICAS. :: 5009012 - PULIDO RADICULAR POR SESION O SEXTANTE :: PULIDO RADICULAR :: SEGUN GRUPOS DE EDAD O DE RIESGO :: 10-14 ANOS :: MUJERES,REMASEP_OD,V83,REMASEP_OD :: SECCION B: ACTIVIDADES DE ATENCION EN ESPECIALIDADES ODONTOLOGICAS. :: PULIDO RADICULAR :: SEGUN GRUPOS DE EDAD O DE RIESGO :: 10-14 ANOS :: MUJERES,INTEGER_COUNT,stf:dc624775927d4d4d,writable_target_mapping_2026,EXACT_SEMANTIC_MATCH
wi:8306220249b4cbebece0,LEGACY::REMASEP_OD::AH71,REMASEP_OD :: SECCION B: ACTIVIDADES DE ATENCION EN ESPECIALIDADES ODONTOLOGICAS. :: INSTALACION PROTESIS PARCIAL METALICA SUP O INF :: REHABILITACION MEDIANTE PROTESIS REMOVIBLE METALICA PARCIAL :: SEGUN GRUPOS DE EDAD O DE RIESGO :: 60-64 ANOS :: HOMBRES,REMASEP_OD,AG88,REMASEP_OD :: SECCION B: ACTIVIDADES DE ATENCION EN ESPECIALIDADES ODONTOLOGICAS. :: REHABILITACION MEDIANTE PROTESIS REMOVIBLE METALICA PARCIAL :: SEGUN GRUPOS DE EDAD O DE RIESGO :: 60-64 ANOS :: HOMBRES,INTEGER_COUNT,stf:dc624775927d4d4d,writable_target_mapping_2026,EXACT_SEMANTIC_MATCH
wi:838ef88d5d96f66a914f,LEGACY::REMASEP_01::L90,REMASEP 01 :: SECCION C: ATENCIONES Y CONSULTAS POR OTROS PROFESIONALES NO MEDICOS :: KINE :: KINESIOLOGO/A :: ATENCION KINESIOLOGICA :: POR EDAD (EN ANOS) :: 10 - 14 ANOS :: MUJERES,REMASEP 01,K119,REMASEP 01 :: SECCION C: ATENCIONES Y CONSULTAS POR OTROS PROFESIONALES NO MEDICOS :: KINESIOLOGO/A :: ATENCION KINESIOLOGICA :: POR EDAD (EN ANOS) :: 10 - 14 ANOS :: MUJERES,INTEGER_COUNT,stf:dc624775927d4d4d,writable_target_mapping_2026,EXACT_SEMANTIC_MATCH
wi:83bef10bbf5a148db25c,LEGACY::REMASEP_OD::G51,REMASEP_OD :: SECCION B: ACTIVIDADES DE ATENCION EN ESPECIALIDADES ODONTOLOGICAS. :: 5004018 - RETIRO APARATO FIJO-LIMPIEZA-IMPRESION :: RETIRO APARATOLOGIA DE ORTODONCIA :: SEGUN GRUPOS DE EDAD O DE RIESGO :: MENOS DE 1 ANO - 1 ANO :: MUJERES,REMASEP_OD,F68,REMASEP_OD :: SECCION B: ACTIVIDADES DE ATENCION EN ESPECIALIDADES ODONTOLOGICAS. :: RETIRO APARATOLOGIA DE ORTODONCIA :: SEGUN GRUPOS DE EDAD O DE RIESGO :: MENOS DE 1 ANO - 1 ANO :: MUJERES,INTEGER_COUNT,stf:dc624775927d4d4d,writable_target_mapping_2026,EXACT_SEMANTIC_MATCH
wi:83e5be0cca44fb2fa750,LEGACY::REMASEP_OD::P8,REMASEP_OD :: SECCION A: CONSULTAS Y CONTROLES ODONTOLOGICOS REALIZADOS :: A.1. CONSULTAS Y ALTAS :: EVALUACION ODONTOLOGIA GENERAL :: PRIMERAS CONSULTAS (ANO) DE ODONTOLOGIA ESPECIALIDADES :: SEGUN GRUPOS DE EDAD O DE RIESGO :: 6 ANOS :: HOMBRES,REMASEP_OD,O17,REMASEP_OD :: SECCION A: CONSULTAS Y CONTROLES ODONTOLOGICOS REALIZADOS :: A.1. CONSULTAS Y ALTAS :: PRIMERAS CONSULTAS (ANO) DE ODONTOLOGIA ESPECIALIDADES :: SEGUN GRUPOS DE EDAD O DE RIESGO :: 6 ANOS :: HOMBRES,INTEGER_COUNT,stf:dc624775927d4d4d,writable_target_mapping_2026,EXACT_SEMANTIC_MATCH
wi:842569f0b29ee4d93830,LEGACY::REMASEP_OD::O8,REMASEP_OD :: SECCION A: CONSULTAS Y CONTROLES ODONTOLOGICOS REALIZADOS :: A.1. CONSULTAS Y ALTAS :: EVALUACION ODONTOLOGIA GENERAL :: PRIMERAS CONSULTAS (ANO) DE ODONTOLOGIA ESPECIALIDADES :: SEGUN GRUPOS DE EDAD O DE RIESGO :: 5 ANOS :: MUJERES,REMASEP_OD,N17,REMASEP_OD :: SECCION A: CONSULTAS Y CONTROLES ODONTOLOGICOS REALIZADOS :: A.1. CONSULTAS Y ALTAS :: PRIMERAS CONSULTAS (ANO) DE ODONTOLOGIA ESPECIALIDADES :: SEGUN GRUPOS DE EDAD O DE RIESGO :: 5 ANOS :: MUJERES,INTEGER_COUNT,stf:dc624775927d4d4d,writable_target_mapping_2026,EXACT_SEMANTIC_MATCH
wi:848ed3c3821589fd69f7,LEGACY::REMASEP_OD::AA46,REMASEP_OD :: SECCION B: ACTIVIDADES DE ATENCION EN ESPECIALIDADES ODONTOLOGICAS. :: 5010009 - VIDRIO IONOMERO :: OBTURACION DIRECTA :: SEGUN GRUPOS DE EDAD O DE RIESGO :: 20-24 ANOS :: MUJERES,REMASEP_OD,Z63,REMASEP_OD :: SECCION B: ACTIVIDADES DE ATENCION EN ESPECIALIDADES ODONTOLOGICAS. :: OBTURACION DIRECTA :: SEGUN GRUPOS DE EDAD O DE RIESGO :: 20-24 ANOS :: MUJERES,INTEGER_COUNT,stf:dc624775927d4d4d,writable_target_mapping_2026,EXACT_SEMANTIC_MATCH
wi:84afa5a51c4ce54f2561,LEGACY::REMASEP_OD::AI48,REMASEP_OD :: SECCION B: ACTIVIDADES DE ATENCION EN ESPECIALIDADES ODONTOLOGICAS. :: INSTALACION APARATO REMOVIBLE :: INSTALACION APARATO REMOVIBLE ORTODONCICO :: SEGUN GRUPOS DE EDAD O DE RIESGO :: 60-64 ANOS :: MUJERES,REMASEP_OD,AH65,REMASEP_OD :: SECCION B: ACTIVIDADES DE ATENCION EN ESPECIALIDADES ODONTOLOGICAS. :: INSTALACION APARATO REMOVIBLE ORTODONCICO :: SEGUN GRUPOS DE EDAD O DE RIESGO :: 60-64 ANOS :: MUJERES,INTEGER_COUNT,stf:dc624775927d4d4d,writable_target_mapping_2026,EXACT_SEMANTIC_MATCH
wi:850cc29f4d1a18441eaa,LEGACY::REMASEP_OD::AJ14,REMASEP_OD :: SECCION A: CONSULTAS Y CONTROLES ODONTOLOGICOS REALIZADOS :: A.3. ACCIONES GENERALES DE PREVENCION E HIGIENE :: 50010112 - INSTRUCCION DE HIGIENE ORAL :: INSTRUCCION Y CONTROL DE HIGIENE ORAL EN NINOS Y ADULTOS :: SEGUN GRUPOS DE EDAD O DE RIESGO :: 65-74 ANOS :: HOMBRES,REMASEP_OD,AI31,REMASEP_OD :: SECCION A: CONSULTAS Y CONTROLES ODONTOLOGICOS REALIZADOS :: A.3. ACCIONES GENERALES DE PREVENCION E HIGIENE :: INSTRUCCION Y CONTROL DE HIGIENE ORAL EN NINOS Y ADULTOS :: SEGUN GRUPOS DE EDAD O DE RIESGO :: 65-74 ANOS :: HOMBRES,INTEGER_COUNT,stf:dc624775927d4d4d,writable_target_mapping_2026,EXACT_SEMANTIC_MATCH
wi:8518e497d23e2b6043be,LEGACY::REMASEP_OD::J14,REMASEP_OD :: SECCION A: CONSULTAS Y CONTROLES ODONTOLOGICOS REALIZADOS :: A.3. ACCIONES GENERALES DE PREVENCION E HIGIENE :: 50010112 - INSTRUCCION DE HIGIENE ORAL :: INSTRUCCION Y CONTROL DE HIGIENE ORAL EN NINOS Y ADULTOS :: SEGUN GRUPOS DE EDAD O DE RIESGO :: 3 ANOS :: HOMBRES,REMASEP_OD,I31,REMASEP_OD :: SECCION A: CONSULTAS Y CONTROLES ODONTOLOGICOS REALIZADOS :: A.3. ACCIONES GENERALES DE PREVENCION E HIGIENE :: INSTRUCCION Y CONTROL DE HIGIENE ORAL EN NINOS Y ADULTOS :: SEGUN GRUPOS DE EDAD O DE RIESGO :: 3 ANOS :: HOMBRES,INTEGER_COUNT,stf:dc624775927d4d4d,writable_target_mapping_2026,EXACT_SEMANTIC_MATCH
wi:8540b70160d930cdbee2,LEGACY::REMASEP_OD::AL17,REMASEP_OD :: SECCION A: CONSULTAS Y CONTROLES ODONTOLOGICOS REALIZADOS :: A.3. ACCIONES GENERALES DE PREVENCION E HIGIENE :: 5001016 - FLUOR :: FLUORACION TOPICA DE BARNIZ :: SEGUN GRUPOS DE EDAD O DE RIESGO :: 75 Y MAS ANOS :: HOMBRES,REMASEP_OD,AK34,REMASEP_OD :: SECCION A: CONSULTAS Y CONTROLES ODONTOLOGICOS REALIZADOS :: A.3. ACCIONES GENERALES DE PREVENCION E HIGIENE :: FLUORACION TOPICA DE BARNIZ :: SEGUN GRUPOS DE EDAD O DE RIESGO :: 75 Y MAS ANOS :: HOMBRES,INTEGER_COUNT,stf:dc624775927d4d4d,writable_target_mapping_2026,EXACT_SEMANTIC_MATCH
wi:85691aa6b9be3246a8c3,LEGACY::REMASEP_OD::AA65,REMASEP_OD :: SECCION B: ACTIVIDADES DE ATENCION EN ESPECIALIDADES ODONTOLOGICAS. :: DESTARTRAJE :: DESTARTRAJE SUB GINGIVAL :: SEGUN GRUPOS DE EDAD O DE RIESGO :: 20-24 ANOS :: MUJERES,REMASEP_OD,Z82,REMASEP_OD :: SECCION B: ACTIVIDADES DE ATENCION EN ESPECIALIDADES ODONTOLOGICAS. :: DESTARTRAJE SUB GINGIVAL :: SEGUN GRUPOS DE EDAD O DE RIESGO :: 20-24 ANOS :: MUJERES,INTEGER_COUNT,stf:dc624775927d4d4d,writable_target_mapping_2026,EXACT_SEMANTIC_MATCH
wi:857895203a2c4950d287,LEGACY::REMASEP_OD::K71,REMASEP_OD :: SECCION B: ACTIVIDADES DE ATENCION EN ESPECIALIDADES ODONTOLOGICAS. :: INSTALACION PROTESIS PARCIAL METALICA SUP O INF :: REHABILITACION MEDIANTE PROTESIS REMOVIBLE METALICA PARCIAL :: SEGUN GRUPOS DE EDAD O DE RIESGO :: 3 ANOS :: MUJERES,REMASEP_OD,J88,REMASEP_OD :: SECCION B: ACTIVIDADES DE ATENCION EN ESPECIALIDADES ODONTOLOGICAS. :: REHABILITACION MEDIANTE PROTESIS REMOVIBLE METALICA PARCIAL :: SEGUN GRUPOS DE EDAD O DE RIESGO :: 3 ANOS :: MUJERES,INTEGER_COUNT,stf:dc624775927d4d4d,writable_target_mapping_2026,EXACT_SEMANTIC_MATCH
wi:85c2c149ea0ae32c676e,LEGACY::REMASEP_01::I84,REMASEP 01 :: SECCION C: ATENCIONES Y CONSULTAS POR OTROS PROFESIONALES NO MEDICOS :: ENFERMER :: ENFERMERA/O :: ATENCION AL PACIENTE :: POR EDAD (EN ANOS) :: 5 - 9 ANOS :: HOMBRES,REMASEP 01,H113,REMASEP 01 :: SECCION C: ATENCIONES Y CONSULTAS POR OTROS PROFESIONALES NO MEDICOS :: ENFERMERA/O :: ATENCION AL PACIENTE :: POR EDAD (EN ANOS) :: 5 - 9 ANOS :: HOMBRES,INTEGER_COUNT,stf:dc624775927d4d4d,writable_target_mapping_2026,EXACT_SEMANTIC_MATCH
wi:860de1ea2d34aefec0a1,LEGACY::REMASEP_OD::N50,REMASEP_OD :: SECCION B: ACTIVIDADES DE ATENCION EN ESPECIALIDADES ODONTOLOGICAS. :: INSTALACION CONTENCION :: INSTALACION APARATO DE CONTENCION ORTODONCICO :: SEGUN GRUPOS DE EDAD O DE RIESGO :: 5 ANOS :: HOMBRES,REMASEP_OD,M67,REMASEP_OD :: SECCION B: ACTIVIDADES DE ATENCION EN ESPECIALIDADES ODONTOLOGICAS. :: INSTALACION APARATO DE CONTENCION ORTODONCICO :: SEGUN GRUPOS DE EDAD O DE RIESGO :: 5 ANOS :: HOMBRES,INTEGER_COUNT,stf:dc624775927d4d4d,writable_target_mapping_2026,EXACT_SEMANTIC_MATCH
wi:861bbf2e5625eed5a442,LEGACY::REMASEP_OD::AC17,REMASEP_OD :: SECCION A: CONSULTAS Y CONTROLES ODONTOLOGICOS REALIZADOS :: A.3. ACCIONES GENERALES DE PREVENCION E HIGIENE :: 5001016 - FLUOR :: FLUORACION TOPICA DE BARNIZ :: SEGUN GRUPOS DE EDAD O DE RIESGO :: 25-34 ANOS :: MUJERES,REMASEP_OD,AB34,REMASEP_OD :: SECCION A: CONSULTAS Y CONTROLES ODONTOLOGICOS REALIZADOS :: A.3. ACCIONES GENERALES DE PREVENCION E HIGIENE :: FLUORACION TOPICA DE BARNIZ :: SEGUN GRUPOS DE EDAD O DE RIESGO :: 25-34 ANOS :: MUJERES,INTEGER_COUNT,stf:dc624775927d4d4d,writable_target_mapping_2026,EXACT_SEMANTIC_MATCH
wi:86d21652692d4c32bec1,LEGACY::REMASEP_OD::Q16,REMASEP_OD :: SECCION A: CONSULTAS Y CONTROLES ODONTOLOGICOS REALIZADOS :: A.3. ACCIONES GENERALES DE PREVENCION E HIGIENE :: 5010011 - PROFILAXIS :: HIGIENE Y PROFILAXIS EN NINOS Y ADULTOS :: SEGUN GRUPOS DE EDAD O DE RIESGO :: 6 ANOS :: MUJERES,REMASEP_OD,P33,REMASEP_OD :: SECCION A: CONSULTAS Y CONTROLES ODONTOLOGICOS REALIZADOS :: A.3. ACCIONES GENERALES DE PREVENCION E HIGIENE :: HIGIENE Y PROFILAXIS EN NINOS Y ADULTOS :: SEGUN GRUPOS DE EDAD O DE RIESGO :: 6 ANOS :: MUJERES,INTEGER_COUNT,stf:dc624775927d4d4d,writable_target_mapping_2026,EXACT_SEMANTIC_MATCH
wi:86facefd304a8006cc76,LEGACY::REMASEP_OD::AI13,"REMASEP_OD :: SECCION A: CONSULTAS Y CONTROLES ODONTOLOGICOS REALIZADOS :: A.3. ACCIONES GENERALES DE PREVENCION E HIGIENE :: 5001005 - SELLANTES :: APLICACION DE SELLANTE EN PIEZA PERMANENTE, FOTOCURADO :: SEGUN GRUPOS DE EDAD O DE RIESGO :: 60-64 ANOS :: MUJERES",REMASEP_OD,AH30,"REMASEP_OD :: SECCION A: CONSULTAS Y CONTROLES ODONTOLOGICOS REALIZADOS :: A.3. ACCIONES GENERALES DE PREVENCION E HIGIENE :: APLICACION DE SELLANTE EN PIEZA PERMANENTE, FOTOCURADO :: SEGUN GRUPOS DE EDAD O DE RIESGO :: 60-64 ANOS :: MUJERES",INTEGER_COUNT,stf:dc624775927d4d4d,writable_target_mapping_2026,EXACT_SEMANTIC_MATCH
wi:875fafbe5d55a6645bd9,LEGACY::REMASEP_OD::N16,REMASEP_OD :: SECCION A: CONSULTAS Y CONTROLES ODONTOLOGICOS REALIZADOS :: A.3. ACCIONES GENERALES DE PREVENCION E HIGIENE :: 5010011 - PROFILAXIS :: HIGIENE Y PROFILAXIS EN NINOS Y ADULTOS :: SEGUN GRUPOS DE EDAD O DE RIESGO :: 5 ANOS :: HOMBRES,REMASEP_OD,M33,REMASEP_OD :: SECCION A: CONSULTAS Y CONTROLES ODONTOLOGICOS REALIZADOS :: A.3. ACCIONES GENERALES DE PREVENCION E HIGIENE :: HIGIENE Y PROFILAXIS EN NINOS Y ADULTOS :: SEGUN GRUPOS DE EDAD O DE RIESGO :: 5 ANOS :: HOMBRES,INTEGER_COUNT,stf:dc624775927d4d4d,writable_target_mapping_2026,EXACT_SEMANTIC_MATCH
wi:8765bc9bff78dbcc372f,LEGACY::REMASEP_OD::AM13,"REMASEP_OD :: SECCION A: CONSULTAS Y CONTROLES ODONTOLOGICOS REALIZADOS :: A.3. ACCIONES GENERALES DE PREVENCION E HIGIENE :: 5001005 - SELLANTES :: APLICACION DE SELLANTE EN PIEZA PERMANENTE, FOTOCURADO :: SEGUN GRUPOS DE EDAD O DE RIESGO :: 75 Y MAS ANOS :: MUJERES",REMASEP_OD,AL30,"REMASEP_OD :: SECCION A: CONSULTAS Y CONTROLES ODONTOLOGICOS REALIZADOS :: A.3. ACCIONES GENERALES DE PREVENCION E HIGIENE :: APLICACION DE SELLANTE EN PIEZA PERMANENTE, FOTOCURADO :: SEGUN GRUPOS DE EDAD O DE RIESGO :: 75 Y MAS ANOS :: MUJERES",INTEGER_COUNT,stf:dc624775927d4d4d,writable_target_mapping_2026,EXACT_SEMANTIC_MATCH
wi:88b17215c35047a0f0d2,LEGACY::REMASEP_OD::AI50,REMASEP_OD :: SECCION B: ACTIVIDADES DE ATENCION EN ESPECIALIDADES ODONTOLOGICAS. :: INSTALACION CONTENCION :: INSTALACION APARATO DE CONTENCION ORTODONCICO :: SEGUN GRUPOS DE EDAD O DE RIESGO :: 60-64 ANOS :: MUJERES,REMASEP_OD,AH67,REMASEP_OD :: SECCION B: ACTIVIDADES DE ATENCION EN ESPECIALIDADES ODONTOLOGICAS. :: INSTALACION APARATO DE CONTENCION ORTODONCICO :: SEGUN GRUPOS DE EDAD O DE RIESGO :: 60-64 ANOS :: MUJERES,INTEGER_COUNT,stf:dc624775927d4d4d,writable_target_mapping_2026,EXACT_SEMANTIC_MATCH
wi:88f3fceccd702ac297df,LEGACY::REMASEP_OD::X71,REMASEP_OD :: SECCION B: ACTIVIDADES DE ATENCION EN ESPECIALIDADES ODONTOLOGICAS. :: INSTALACION PROTESIS PARCIAL METALICA SUP O INF :: REHABILITACION MEDIANTE PROTESIS REMOVIBLE METALICA PARCIAL :: SEGUN GRUPOS DE EDAD O DE RIESGO :: 15-19 ANOS :: HOMBRES,REMASEP_OD,W88,REMASEP_OD :: SECCION B: ACTIVIDADES DE ATENCION EN ESPECIALIDADES ODONTOLOGICAS. :: REHABILITACION MEDIANTE PROTESIS REMOVIBLE METALICA PARCIAL :: SEGUN GRUPOS DE EDAD O DE RIESGO :: 15-19 ANOS :: HOMBRES,INTEGER_COUNT,stf:dc624775927d4d4d,writable_target_mapping_2026,EXACT_SEMANTIC_MATCH
wi:890c1b46ca34899db84d,LEGACY::REMASEP_OD::N73,REMASEP_OD :: SECCION B: ACTIVIDADES DE ATENCION EN ESPECIALIDADES ODONTOLOGICAS. :: INSTALACION CORONA DEFINITIVA SOBRE IMPLANTE :: REHABILITACION MEDIANTE PROTESIS FIJA IMPLANTOASISTIDA (UNITARIA Y PLURAL) :: SEGUN GRUPOS DE EDAD O DE RIESGO :: 5 ANOS :: HOMBRES,REMASEP_OD,M90,REMASEP_OD :: SECCION B: ACTIVIDADES DE ATENCION EN ESPECIALIDADES ODONTOLOGICAS. :: REHABILITACION MEDIANTE PROTESIS FIJA IMPLANTOASISTIDA (UNITARIA Y PLURAL) :: SEGUN GRUPOS DE EDAD O DE RIESGO :: 5 ANOS :: HOMBRES,INTEGER_COUNT,stf:dc624775927d4d4d,writable_target_mapping_2026,EXACT_SEMANTIC_MATCH
wi:893cacb9bc44aca4ad95,LEGACY::REMASEP_OD::AJ48,REMASEP_OD :: SECCION B: ACTIVIDADES DE ATENCION EN ESPECIALIDADES ODONTOLOGICAS. :: INSTALACION APARATO REMOVIBLE :: INSTALACION APARATO REMOVIBLE ORTODONCICO :: SEGUN GRUPOS DE EDAD O DE RIESGO :: 65-74 ANOS :: HOMBRES,REMASEP_OD,AI65,REMASEP_OD :: SECCION B: ACTIVIDADES DE ATENCION EN ESPECIALIDADES ODONTOLOGICAS. :: INSTALACION APARATO REMOVIBLE ORTODONCICO :: SEGUN GRUPOS DE EDAD O DE RIESGO :: 65-74 ANOS :: HOMBRES,INTEGER_COUNT,stf:dc624775927d4d4d,writable_target_mapping_2026,EXACT_SEMANTIC_MATCH
wi:8962eed7bd81b20d1c89,LEGACY::REMASEP_OD::AA73,REMASEP_OD :: SECCION B: ACTIVIDADES DE ATENCION EN ESPECIALIDADES ODONTOLOGICAS. :: INSTALACION CORONA DEFINITIVA SOBRE IMPLANTE :: REHABILITACION MEDIANTE PROTESIS FIJA IMPLANTOASISTIDA (UNITARIA Y PLURAL) :: SEGUN GRUPOS DE EDAD O DE RIESGO :: 20-24 ANOS :: MUJERES,REMASEP_OD,Z90,REMASEP_OD :: SECCION B: ACTIVIDADES DE ATENCION EN ESPECIALIDADES ODONTOLOGICAS. :: REHABILITACION MEDIANTE PROTESIS FIJA IMPLANTOASISTIDA (UNITARIA Y PLURAL) :: SEGUN GRUPOS DE EDAD O DE RIESGO :: 20-24 ANOS :: MUJERES,INTEGER_COUNT,stf:dc624775927d4d4d,writable_target_mapping_2026,EXACT_SEMANTIC_MATCH
wi:899a745caaccf5b8a3bd,LEGACY::REMASEP_OD::H71,REMASEP_OD :: SECCION B: ACTIVIDADES DE ATENCION EN ESPECIALIDADES ODONTOLOGICAS. :: INSTALACION PROTESIS PARCIAL METALICA SUP O INF :: REHABILITACION MEDIANTE PROTESIS REMOVIBLE METALICA PARCIAL :: SEGUN GRUPOS DE EDAD O DE RIESGO :: 2 ANOS :: HOMBRES,REMASEP_OD,G88,REMASEP_OD :: SECCION B: ACTIVIDADES DE ATENCION EN ESPECIALIDADES ODONTOLOGICAS. :: REHABILITACION MEDIANTE PROTESIS REMOVIBLE METALICA PARCIAL :: SEGUN GRUPOS DE EDAD O DE RIESGO :: 2 ANOS :: HOMBRES,INTEGER_COUNT,stf:dc624775927d4d4d,writable_target_mapping_2026,EXACT_SEMANTIC_MATCH
wi:89d20f453622b8ab09b2,LEGACY::REMASEP_OD::F46,REMASEP_OD :: SECCION B: ACTIVIDADES DE ATENCION EN ESPECIALIDADES ODONTOLOGICAS. :: 5010009 - VIDRIO IONOMERO :: OBTURACION DIRECTA :: SEGUN GRUPOS DE EDAD O DE RIESGO :: MENOS DE 1 ANO - 1 ANO :: HOMBRES,REMASEP_OD,E63,REMASEP_OD :: SECCION B: ACTIVIDADES DE ATENCION EN ESPECIALIDADES ODONTOLOGICAS. :: OBTURACION DIRECTA :: SEGUN GRUPOS DE EDAD O DE RIESGO :: MENOS DE 1 ANO - 1 ANO :: HOMBRES,INTEGER_COUNT,stf:dc624775927d4d4d,writable_target_mapping_2026,EXACT_SEMANTIC_MATCH
wi:89d41aab99789d8be0dd,LEGACY::REMASEP_OD::S72,REMASEP_OD :: SECCION B: ACTIVIDADES DE ATENCION EN ESPECIALIDADES ODONTOLOGICAS. :: CEMENTACION PROTESIS FIJA SOBRE DIENTE :: REHABILITACION MEDIANTE PROTESIS FIJA UNITARIA O PLURAL :: SEGUN GRUPOS DE EDAD O DE RIESGO :: 7 ANOS :: MUJERES,REMASEP_OD,R89,REMASEP_OD :: SECCION B: ACTIVIDADES DE ATENCION EN ESPECIALIDADES ODONTOLOGICAS. :: REHABILITACION MEDIANTE PROTESIS FIJA UNITARIA O PLURAL :: SEGUN GRUPOS DE EDAD O DE RIESGO :: 7 ANOS :: MUJERES,INTEGER_COUNT,stf:dc624775927d4d4d,writable_target_mapping_2026,EXACT_SEMANTIC_MATCH
wi:89fafa3df77d8397ff38,LEGACY::REMASEP_OD::AI74,REMASEP_OD :: SECCION B: ACTIVIDADES DE ATENCION EN ESPECIALIDADES ODONTOLOGICAS. :: NO SE REALIZA EN FG :: REHABILITACION MEDIANTE PROTESIS MUCO-IMPLANTOASISTIDA :: SEGUN GRUPOS DE EDAD O DE RIESGO :: 60-64 ANOS :: MUJERES,REMASEP_OD,AH91,REMASEP_OD :: SECCION B: ACTIVIDADES DE ATENCION EN ESPECIALIDADES ODONTOLOGICAS. :: REHABILITACION MEDIANTE PROTESIS MUCO-IMPLANTOASISTIDA :: SEGUN GRUPOS DE EDAD O DE RIESGO :: 60-64 ANOS :: MUJERES,INTEGER_COUNT,stf:dc624775927d4d4d,writable_target_mapping_2026,EXACT_SEMANTIC_MATCH
wi:8a9a7143ffc6662c212f,LEGACY::REMASEP_OD::AJ73,REMASEP_OD :: SECCION B: ACTIVIDADES DE ATENCION EN ESPECIALIDADES ODONTOLOGICAS. :: INSTALACION CORONA DEFINITIVA SOBRE IMPLANTE :: REHABILITACION MEDIANTE PROTESIS FIJA IMPLANTOASISTIDA (UNITARIA Y PLURAL) :: SEGUN GRUPOS DE EDAD O DE RIESGO :: 65-74 ANOS :: HOMBRES,REMASEP_OD,AI90,REMASEP_OD :: SECCION B: ACTIVIDADES DE ATENCION EN ESPECIALIDADES ODONTOLOGICAS. :: REHABILITACION MEDIANTE PROTESIS FIJA IMPLANTOASISTIDA (UNITARIA Y PLURAL) :: SEGUN GRUPOS DE EDAD O DE RIESGO :: 65-74 ANOS :: HOMBRES,INTEGER_COUNT,stf:dc624775927d4d4d,writable_target_mapping_2026,EXACT_SEMANTIC_MATCH
wi:8aa238671f358bce59c6,LEGACY::REMASEP_OD::AH66,REMASEP_OD :: SECCION B: ACTIVIDADES DE ATENCION EN ESPECIALIDADES ODONTOLOGICAS. :: 5009012 - PULIDO RADICULAR POR SESION O SEXTANTE :: PULIDO RADICULAR :: SEGUN GRUPOS DE EDAD O DE RIESGO :: 60-64 ANOS :: HOMBRES,REMASEP_OD,AG83,REMASEP_OD :: SECCION B: ACTIVIDADES DE ATENCION EN ESPECIALIDADES ODONTOLOGICAS. :: PULIDO RADICULAR :: SEGUN GRUPOS DE EDAD O DE RIESGO :: 60-64 ANOS :: HOMBRES,INTEGER_COUNT,stf:dc624775927d4d4d,writable_target_mapping_2026,EXACT_SEMANTIC_MATCH
wi:8b23c498a6d32cc3365d,LEGACY::REMASEP_OD::G66,REMASEP_OD :: SECCION B: ACTIVIDADES DE ATENCION EN ESPECIALIDADES ODONTOLOGICAS. :: 5009012 - PULIDO RADICULAR POR SESION O SEXTANTE :: PULIDO RADICULAR :: SEGUN GRUPOS DE EDAD O DE RIESGO :: MENOS DE 1 ANO - 1 ANO :: MUJERES,REMASEP_OD,F83,REMASEP_OD :: SECCION B: ACTIVIDADES DE ATENCION EN ESPECIALIDADES ODONTOLOGICAS. :: PULIDO RADICULAR :: SEGUN GRUPOS DE EDAD O DE RIESGO :: MENOS DE 1 ANO - 1 ANO :: MUJERES,INTEGER_COUNT,stf:dc624775927d4d4d,writable_target_mapping_2026,EXACT_SEMANTIC_MATCH
wi:8b3ad47c001687f8b871,LEGACY::REMASEP_OD::AA89,REMASEP_OD :: SECCION B: ACTIVIDADES DE ATENCION EN ESPECIALIDADES ODONTOLOGICAS. :: 5009002 - DESGASTE SELECTIVO :: DESGASTE SELECTIVO :: SEGUN GRUPOS DE EDAD O DE RIESGO :: 20-24 ANOS :: MUJERES,REMASEP_OD,Z106,REMASEP_OD :: SECCION B: ACTIVIDADES DE ATENCION EN ESPECIALIDADES ODONTOLOGICAS. :: DESGASTE SELECTIVO :: SEGUN GRUPOS DE EDAD O DE RIESGO :: 20-24 ANOS :: MUJERES,INTEGER_COUNT,stf:dc624775927d4d4d,writable_target_mapping_2026,EXACT_SEMANTIC_MATCH
wi:8b625d7f4b0245665f08,LEGACY::REMASEP_OD::AG70,REMASEP_OD :: SECCION B: ACTIVIDADES DE ATENCION EN ESPECIALIDADES ODONTOLOGICAS. :: INSTALACION PROTESIS TOTAL ACRILICA SUP O INF :: REHABILITACION MEDIANTE PROTESIS REMOVIBLE ACRILICA PARCIAL O TOTAL :: SEGUN GRUPOS DE EDAD O DE RIESGO :: 45-59 ANOS :: MUJERES,REMASEP_OD,AF87,REMASEP_OD :: SECCION B: ACTIVIDADES DE ATENCION EN ESPECIALIDADES ODONTOLOGICAS. :: REHABILITACION MEDIANTE PROTESIS REMOVIBLE ACRILICA PARCIAL O TOTAL :: SEGUN GRUPOS DE EDAD O DE RIESGO :: 45-59 ANOS :: MUJERES,INTEGER_COUNT,stf:dc624775927d4d4d,writable_target_mapping_2026,EXACT_SEMANTIC_MATCH
wi:8b7538147f9c7520de1a,LEGACY::REMASEP_OD::J62,"REMASEP_OD :: SECCION B: ACTIVIDADES DE ATENCION EN ESPECIALIDADES ODONTOLOGICAS. :: COMPOSITE :: PROCEDIMIENTO RESTAURADOR EN ODONTOPEDIATRIA (TODOS LOS TIPOS: RESINA, TEMPORALES Y AMALGAMAS) :: SEGUN GRUPOS DE EDAD O DE RIESGO :: 3 ANOS :: HOMBRES",REMASEP_OD,I79,"REMASEP_OD :: SECCION B: ACTIVIDADES DE ATENCION EN ESPECIALIDADES ODONTOLOGICAS. :: PROCEDIMIENTO RESTAURADOR EN ODONTOPEDIATRIA (TODOS LOS TIPOS: RESINA, TEMPORALES Y AMALGAMAS) :: SEGUN GRUPOS DE EDAD O DE RIESGO :: 3 ANOS :: HOMBRES",INTEGER_COUNT,stf:dc624775927d4d4d,writable_target_mapping_2026,EXACT_SEMANTIC_MATCH
wi:8bdb107a7ac4a71be5f6,LEGACY::REMASEP_OD::Z74,REMASEP_OD :: SECCION B: ACTIVIDADES DE ATENCION EN ESPECIALIDADES ODONTOLOGICAS. :: NO SE REALIZA EN FG :: REHABILITACION MEDIANTE PROTESIS MUCO-IMPLANTOASISTIDA :: SEGUN GRUPOS DE EDAD O DE RIESGO :: 20-24 ANOS :: HOMBRES,REMASEP_OD,Y91,REMASEP_OD :: SECCION B: ACTIVIDADES DE ATENCION EN ESPECIALIDADES ODONTOLOGICAS. :: REHABILITACION MEDIANTE PROTESIS MUCO-IMPLANTOASISTIDA :: SEGUN GRUPOS DE EDAD O DE RIESGO :: 20-24 ANOS :: HOMBRES,INTEGER_COUNT,stf:dc624775927d4d4d,writable_target_mapping_2026,EXACT_SEMANTIC_MATCH
wi:8bf0b43d5937e3969f6e,LEGACY::REMASEP_OD::J74,REMASEP_OD :: SECCION B: ACTIVIDADES DE ATENCION EN ESPECIALIDADES ODONTOLOGICAS. :: NO SE REALIZA EN FG :: REHABILITACION MEDIANTE PROTESIS MUCO-IMPLANTOASISTIDA :: SEGUN GRUPOS DE EDAD O DE RIESGO :: 3 ANOS :: HOMBRES,REMASEP_OD,I91,REMASEP_OD :: SECCION B: ACTIVIDADES DE ATENCION EN ESPECIALIDADES ODONTOLOGICAS. :: REHABILITACION MEDIANTE PROTESIS MUCO-IMPLANTOASISTIDA :: SEGUN GRUPOS DE EDAD O DE RIESGO :: 3 ANOS :: HOMBRES,INTEGER_COUNT,stf:dc624775927d4d4d,writable_target_mapping_2026,EXACT_SEMANTIC_MATCH
wi:8bf384bbed5b4cae96d2,LEGACY::REMASEP_01::AE84,REMASEP 01 :: SECCION C: ATENCIONES Y CONSULTAS POR OTROS PROFESIONALES NO MEDICOS :: ENFERMER :: ENFERMERA/O :: ATENCION AL PACIENTE :: POR EDAD (EN ANOS) :: 60 - 64 ANOS :: HOMBRES,REMASEP 01,AD113,REMASEP 01 :: SECCION C: ATENCIONES Y CONSULTAS POR OTROS PROFESIONALES NO MEDICOS :: ENFERMERA/O :: ATENCION AL PACIENTE :: POR EDAD (EN ANOS) :: 60 - 64 ANOS :: HOMBRES,INTEGER_COUNT,stf:dc624775927d4d4d,writable_target_mapping_2026,EXACT_SEMANTIC_MATCH
wi:8c852a8817b2edc97905,LEGACY::REMASEP_OD::AI73,REMASEP_OD :: SECCION B: ACTIVIDADES DE ATENCION EN ESPECIALIDADES ODONTOLOGICAS. :: INSTALACION CORONA DEFINITIVA SOBRE IMPLANTE :: REHABILITACION MEDIANTE PROTESIS FIJA IMPLANTOASISTIDA (UNITARIA Y PLURAL) :: SEGUN GRUPOS DE EDAD O DE RIESGO :: 60-64 ANOS :: MUJERES,REMASEP_OD,AH90,REMASEP_OD :: SECCION B: ACTIVIDADES DE ATENCION EN ESPECIALIDADES ODONTOLOGICAS. :: REHABILITACION MEDIANTE PROTESIS FIJA IMPLANTOASISTIDA (UNITARIA Y PLURAL) :: SEGUN GRUPOS DE EDAD O DE RIESGO :: 60-64 ANOS :: MUJERES,INTEGER_COUNT,stf:dc624775927d4d4d,writable_target_mapping_2026,EXACT_SEMANTIC_MATCH
wi:8c878c6060c9b6996fbd,LEGACY::REMASEP_01::K90,REMASEP 01 :: SECCION C: ATENCIONES Y CONSULTAS POR OTROS PROFESIONALES NO MEDICOS :: KINE :: KINESIOLOGO/A :: ATENCION KINESIOLOGICA :: POR EDAD (EN ANOS) :: 10 - 14 ANOS :: HOMBRES,REMASEP 01,J119,REMASEP 01 :: SECCION C: ATENCIONES Y CONSULTAS POR OTROS PROFESIONALES NO MEDICOS :: KINESIOLOGO/A :: ATENCION KINESIOLOGICA :: POR EDAD (EN ANOS) :: 10 - 14 ANOS :: HOMBRES,INTEGER_COUNT,stf:dc624775927d4d4d,writable_target_mapping_2026,EXACT_SEMANTIC_MATCH
wi:8c94a4fa096ccb82fd6f,LEGACY::REMASEP_OD::AF74,REMASEP_OD :: SECCION B: ACTIVIDADES DE ATENCION EN ESPECIALIDADES ODONTOLOGICAS. :: NO SE REALIZA EN FG :: REHABILITACION MEDIANTE PROTESIS MUCO-IMPLANTOASISTIDA :: SEGUN GRUPOS DE EDAD O DE RIESGO :: 45-59 ANOS :: HOMBRES,REMASEP_OD,AE91,REMASEP_OD :: SECCION B: ACTIVIDADES DE ATENCION EN ESPECIALIDADES ODONTOLOGICAS. :: REHABILITACION MEDIANTE PROTESIS MUCO-IMPLANTOASISTIDA :: SEGUN GRUPOS DE EDAD O DE RIESGO :: 45-59 ANOS :: HOMBRES,INTEGER_COUNT,stf:dc624775927d4d4d,writable_target_mapping_2026,EXACT_SEMANTIC_MATCH
wi:8caf7688a49b395f409f,LEGACY::REMASEP_OD::M53,REMASEP_OD :: SECCION B: ACTIVIDADES DE ATENCION EN ESPECIALIDADES ODONTOLOGICAS. :: CONTROLES ORTOPED. PREQ :: ORTOPEDIA PRE-QUIRURGICA :: SEGUN GRUPOS DE EDAD O DE RIESGO :: 4 ANOS :: MUJERES,REMASEP_OD,L70,REMASEP_OD :: SECCION B: ACTIVIDADES DE ATENCION EN ESPECIALIDADES ODONTOLOGICAS. :: ORTOPEDIA PRE-QUIRURGICA :: SEGUN GRUPOS DE EDAD O DE RIESGO :: 4 ANOS :: MUJERES,INTEGER_COUNT,stf:dc624775927d4d4d,writable_target_mapping_2026,EXACT_SEMANTIC_MATCH
wi:8cd337389b561be34880,LEGACY::REMASEP_OD::I14,REMASEP_OD :: SECCION A: CONSULTAS Y CONTROLES ODONTOLOGICOS REALIZADOS :: A.3. ACCIONES GENERALES DE PREVENCION E HIGIENE :: 50010112 - INSTRUCCION DE HIGIENE ORAL :: INSTRUCCION Y CONTROL DE HIGIENE ORAL EN NINOS Y ADULTOS :: SEGUN GRUPOS DE EDAD O DE RIESGO :: 2 ANOS :: MUJERES,REMASEP_OD,H31,REMASEP_OD :: SECCION A: CONSULTAS Y CONTROLES ODONTOLOGICOS REALIZADOS :: A.3. ACCIONES GENERALES DE PREVENCION E HIGIENE :: INSTRUCCION Y CONTROL DE HIGIENE ORAL EN NINOS Y ADULTOS :: SEGUN GRUPOS DE EDAD O DE RIESGO :: 2 ANOS :: MUJERES,INTEGER_COUNT,stf:dc624775927d4d4d,writable_target_mapping_2026,EXACT_SEMANTIC_MATCH
wi:8d251339ce66f18ed1d9,LEGACY::REMASEP_OD::S54,REMASEP_OD :: SECCION B: ACTIVIDADES DE ATENCION EN ESPECIALIDADES ODONTOLOGICAS. :: CONTROLES ORTODONCIA :: ORTODONCIA PREVENTIVA E INTERCEPTIVA (OPI) :: SEGUN GRUPOS DE EDAD O DE RIESGO :: 7 ANOS :: MUJERES,REMASEP_OD,R71,REMASEP_OD :: SECCION B: ACTIVIDADES DE ATENCION EN ESPECIALIDADES ODONTOLOGICAS. :: ORTODONCIA PREVENTIVA E INTERCEPTIVA (OPI) :: SEGUN GRUPOS DE EDAD O DE RIESGO :: 7 ANOS :: MUJERES,INTEGER_COUNT,stf:dc624775927d4d4d,writable_target_mapping_2026,EXACT_SEMANTIC_MATCH
wi:8d2b20b753919c78a085,LEGACY::REMASEP_OD::H10,REMASEP_OD :: SECCION A: CONSULTAS Y CONTROLES ODONTOLOGICOS REALIZADOS :: A.1. CONSULTAS Y ALTAS :: CONTROL ODON ESP :: CONTROLES ODONTOLOGICO DE ESPECIALIDAD :: SEGUN GRUPOS DE EDAD O DE RIESGO :: 2 ANOS :: HOMBRES,REMASEP_OD,G19,REMASEP_OD :: SECCION A: CONSULTAS Y CONTROLES ODONTOLOGICOS REALIZADOS :: A.1. CONSULTAS Y ALTAS :: CONTROLES ODONTOLOGICO DE ESPECIALIDAD :: SEGUN GRUPOS DE EDAD O DE RIESGO :: 2 ANOS :: HOMBRES,INTEGER_COUNT,stf:dc624775927d4d4d,writable_target_mapping_2026,EXACT_SEMANTIC_MATCH
wi:8d571b89578925d23e86,LEGACY::REMASEP_OD::Z90,REMASEP_OD :: SECCION B: ACTIVIDADES DE ATENCION EN ESPECIALIDADES ODONTOLOGICAS. :: INSTALACIONES ORTOPEDIA :: INSTALACION DE DISPOSITIVO ORTOPEDICO :: SEGUN GRUPOS DE EDAD O DE RIESGO :: 20-24 ANOS :: HOMBRES,REMASEP_OD,Y107,REMASEP_OD :: SECCION B: ACTIVIDADES DE ATENCION EN ESPECIALIDADES ODONTOLOGICAS. :: INSTALACION DE DISPOSITIVO ORTOPEDICO :: SEGUN GRUPOS DE EDAD O DE RIESGO :: 20-24 ANOS :: HOMBRES,INTEGER_COUNT,stf:dc624775927d4d4d,writable_target_mapping_2026,EXACT_SEMANTIC_MATCH
wi:8e117ab1da556af9d6a0,LEGACY::REMASEP_OD::L46,REMASEP_OD :: SECCION B: ACTIVIDADES DE ATENCION EN ESPECIALIDADES ODONTOLOGICAS. :: 5010009 - VIDRIO IONOMERO :: OBTURACION DIRECTA :: SEGUN GRUPOS DE EDAD O DE RIESGO :: 4 ANOS :: HOMBRES,REMASEP_OD,K63,REMASEP_OD :: SECCION B: ACTIVIDADES DE ATENCION EN ESPECIALIDADES ODONTOLOGICAS. :: OBTURACION DIRECTA :: SEGUN GRUPOS DE EDAD O DE RIESGO :: 4 ANOS :: HOMBRES,INTEGER_COUNT,stf:dc624775927d4d4d,writable_target_mapping_2026,EXACT_SEMANTIC_MATCH
wi:8e7622be989d15978a0c,LEGACY::REMASEP_OD::H70,REMASEP_OD :: SECCION B: ACTIVIDADES DE ATENCION EN ESPECIALIDADES ODONTOLOGICAS. :: INSTALACION PROTESIS TOTAL ACRILICA SUP O INF :: REHABILITACION MEDIANTE PROTESIS REMOVIBLE ACRILICA PARCIAL O TOTAL :: SEGUN GRUPOS DE EDAD O DE RIESGO :: 2 ANOS :: HOMBRES,REMASEP_OD,G87,REMASEP_OD :: SECCION B: ACTIVIDADES DE ATENCION EN ESPECIALIDADES ODONTOLOGICAS. :: REHABILITACION MEDIANTE PROTESIS REMOVIBLE ACRILICA PARCIAL O TOTAL :: SEGUN GRUPOS DE EDAD O DE RIESGO :: 2 ANOS :: HOMBRES,INTEGER_COUNT,stf:dc624775927d4d4d,writable_target_mapping_2026,EXACT_SEMANTIC_MATCH
wi:8ee81cc0787c3f62f7a9,LEGACY::REMASEP_OD::P90,REMASEP_OD :: SECCION B: ACTIVIDADES DE ATENCION EN ESPECIALIDADES ODONTOLOGICAS. :: INSTALACIONES ORTOPEDIA :: INSTALACION DE DISPOSITIVO ORTOPEDICO :: SEGUN GRUPOS DE EDAD O DE RIESGO :: 6 ANOS :: HOMBRES,REMASEP_OD,O107,REMASEP_OD :: SECCION B: ACTIVIDADES DE ATENCION EN ESPECIALIDADES ODONTOLOGICAS. :: INSTALACION DE DISPOSITIVO ORTOPEDICO :: SEGUN GRUPOS DE EDAD O DE RIESGO :: 6 ANOS :: HOMBRES,INTEGER_COUNT,stf:dc624775927d4d4d,writable_target_mapping_2026,EXACT_SEMANTIC_MATCH
wi:8f889bb2b503733e5e63,LEGACY::REMASEP_OD::P17,REMASEP_OD :: SECCION A: CONSULTAS Y CONTROLES ODONTOLOGICOS REALIZADOS :: A.3. ACCIONES GENERALES DE PREVENCION E HIGIENE :: 5001016 - FLUOR :: FLUORACION TOPICA DE BARNIZ :: SEGUN GRUPOS DE EDAD O DE RIESGO :: 6 ANOS :: HOMBRES,REMASEP_OD,O34,REMASEP_OD :: SECCION A: CONSULTAS Y CONTROLES ODONTOLOGICOS REALIZADOS :: A.3. ACCIONES GENERALES DE PREVENCION E HIGIENE :: FLUORACION TOPICA DE BARNIZ :: SEGUN GRUPOS DE EDAD O DE RIESGO :: 6 ANOS :: HOMBRES,INTEGER_COUNT,stf:dc624775927d4d4d,writable_target_mapping_2026,EXACT_SEMANTIC_MATCH
wi:8f9587a8d4b395cb9e17,LEGACY::REMASEP_01::W86,REMASEP 01 :: SECCION C: ATENCIONES Y CONSULTAS POR OTROS PROFESIONALES NO MEDICOS :: NUTRICIONISTA :: NUTRICIONISTA :: CONSULTA NUTRICIONAL :: POR EDAD (EN ANOS) :: 40 - 44 ANOS :: HOMBRES,REMASEP 01,V115,REMASEP 01 :: SECCION C: ATENCIONES Y CONSULTAS POR OTROS PROFESIONALES NO MEDICOS :: NUTRICIONISTA :: CONSULTA NUTRICIONAL :: POR EDAD (EN ANOS) :: 40 - 44 ANOS :: HOMBRES,INTEGER_COUNT,stf:dc624775927d4d4d,writable_target_mapping_2026,EXACT_SEMANTIC_MATCH
wi:8fd7a29d302e08969cfd,LEGACY::REMASEP_OD::S9,REMASEP_OD :: SECCION A: CONSULTAS Y CONTROLES ODONTOLOGICOS REALIZADOS :: A.1. CONSULTAS Y ALTAS :: CONTROL ODONTOLOGIA GENERAL :: CONTROLES ODONTOLOGICOS GENERALES :: SEGUN GRUPOS DE EDAD O DE RIESGO :: 7 ANOS :: MUJERES,REMASEP_OD,R18,REMASEP_OD :: SECCION A: CONSULTAS Y CONTROLES ODONTOLOGICOS REALIZADOS :: A.1. CONSULTAS Y ALTAS :: CONTROLES ODONTOLOGICOS GENERALES :: SEGUN GRUPOS DE EDAD O DE RIESGO :: 7 ANOS :: MUJERES,INTEGER_COUNT,stf:dc624775927d4d4d,writable_target_mapping_2026,EXACT_SEMANTIC_MATCH
wi:90309199ecef0e47e414,LEGACY::REMASEP_OD::W48,REMASEP_OD :: SECCION B: ACTIVIDADES DE ATENCION EN ESPECIALIDADES ODONTOLOGICAS. :: INSTALACION APARATO REMOVIBLE :: INSTALACION APARATO REMOVIBLE ORTODONCICO :: SEGUN GRUPOS DE EDAD O DE RIESGO :: 10-14 ANOS :: MUJERES,REMASEP_OD,V65,REMASEP_OD :: SECCION B: ACTIVIDADES DE ATENCION EN ESPECIALIDADES ODONTOLOGICAS. :: INSTALACION APARATO REMOVIBLE ORTODONCICO :: SEGUN GRUPOS DE EDAD O DE RIESGO :: 10-14 ANOS :: MUJERES,INTEGER_COUNT,stf:dc624775927d4d4d,writable_target_mapping_2026,EXACT_SEMANTIC_MATCH
wi:908b469256130fcedcce,LEGACY::REMASEP_OD::K65,REMASEP_OD :: SECCION B: ACTIVIDADES DE ATENCION EN ESPECIALIDADES ODONTOLOGICAS. :: DESTARTRAJE :: DESTARTRAJE SUB GINGIVAL :: SEGUN GRUPOS DE EDAD O DE RIESGO :: 3 ANOS :: MUJERES,REMASEP_OD,J82,REMASEP_OD :: SECCION B: ACTIVIDADES DE ATENCION EN ESPECIALIDADES ODONTOLOGICAS. :: DESTARTRAJE SUB GINGIVAL :: SEGUN GRUPOS DE EDAD O DE RIESGO :: 3 ANOS :: MUJERES,INTEGER_COUNT,stf:dc624775927d4d4d,writable_target_mapping_2026,EXACT_SEMANTIC_MATCH
wi:90a8f30f09bd8d15a36c,LEGACY::REMASEP_01::AG86,REMASEP 01 :: SECCION C: ATENCIONES Y CONSULTAS POR OTROS PROFESIONALES NO MEDICOS :: NUTRICIONISTA :: NUTRICIONISTA :: CONSULTA NUTRICIONAL :: POR EDAD (EN ANOS) :: 65 - 69 ANOS :: HOMBRES,REMASEP 01,AF115,REMASEP 01 :: SECCION C: ATENCIONES Y CONSULTAS POR OTROS PROFESIONALES NO MEDICOS :: NUTRICIONISTA :: CONSULTA NUTRICIONAL :: POR EDAD (EN ANOS) :: 65 - 69 ANOS :: HOMBRES,INTEGER_COUNT,stf:dc624775927d4d4d,writable_target_mapping_2026,EXACT_SEMANTIC_MATCH
wi:90b372efa952f5c817a5,LEGACY::REMASEP_OD::AK46,REMASEP_OD :: SECCION B: ACTIVIDADES DE ATENCION EN ESPECIALIDADES ODONTOLOGICAS. :: 5010009 - VIDRIO IONOMERO :: OBTURACION DIRECTA :: SEGUN GRUPOS DE EDAD O DE RIESGO :: 65-74 ANOS :: MUJERES,REMASEP_OD,AJ63,REMASEP_OD :: SECCION B: ACTIVIDADES DE ATENCION EN ESPECIALIDADES ODONTOLOGICAS. :: OBTURACION DIRECTA :: SEGUN GRUPOS DE EDAD O DE RIESGO :: 65-74 ANOS :: MUJERES,INTEGER_COUNT,stf:dc624775927d4d4d,writable_target_mapping_2026,EXACT_SEMANTIC_MATCH
wi:9120fcf8f99be59b83ae,LEGACY::REMASEP_01::AA84,REMASEP 01 :: SECCION C: ATENCIONES Y CONSULTAS POR OTROS PROFESIONALES NO MEDICOS :: ENFERMER :: ENFERMERA/O :: ATENCION AL PACIENTE :: POR EDAD (EN ANOS) :: 50 - 54 ANOS :: HOMBRES,REMASEP 01,Z113,REMASEP 01 :: SECCION C: ATENCIONES Y CONSULTAS POR OTROS PROFESIONALES NO MEDICOS :: ENFERMERA/O :: ATENCION AL PACIENTE :: POR EDAD (EN ANOS) :: 50 - 54 ANOS :: HOMBRES,INTEGER_COUNT,stf:dc624775927d4d4d,writable_target_mapping_2026,EXACT_SEMANTIC_MATCH
wi:91e16188c84d31e0920f,LEGACY::REMASEP_OD::O13,"REMASEP_OD :: SECCION A: CONSULTAS Y CONTROLES ODONTOLOGICOS REALIZADOS :: A.3. ACCIONES GENERALES DE PREVENCION E HIGIENE :: 5001005 - SELLANTES :: APLICACION DE SELLANTE EN PIEZA PERMANENTE, FOTOCURADO :: SEGUN GRUPOS DE EDAD O DE RIESGO :: 5 ANOS :: MUJERES",REMASEP_OD,N30,"REMASEP_OD :: SECCION A: CONSULTAS Y CONTROLES ODONTOLOGICOS REALIZADOS :: A.3. ACCIONES GENERALES DE PREVENCION E HIGIENE :: APLICACION DE SELLANTE EN PIEZA PERMANENTE, FOTOCURADO :: SEGUN GRUPOS DE EDAD O DE RIESGO :: 5 ANOS :: MUJERES",INTEGER_COUNT,stf:dc624775927d4d4d,writable_target_mapping_2026,EXACT_SEMANTIC_MATCH
wi:9205fc5fe89c313516a4,LEGACY::REMASEP_OD::L13,"REMASEP_OD :: SECCION A: CONSULTAS Y CONTROLES ODONTOLOGICOS REALIZADOS :: A.3. ACCIONES GENERALES DE PREVENCION E HIGIENE :: 5001005 - SELLANTES :: APLICACION DE SELLANTE EN PIEZA PERMANENTE, FOTOCURADO :: SEGUN GRUPOS DE EDAD O DE RIESGO :: 4 ANOS :: HOMBRES",REMASEP_OD,K30,"REMASEP_OD :: SECCION A: CONSULTAS Y CONTROLES ODONTOLOGICOS REALIZADOS :: A.3. ACCIONES GENERALES DE PREVENCION E HIGIENE :: APLICACION DE SELLANTE EN PIEZA PERMANENTE, FOTOCURADO :: SEGUN GRUPOS DE EDAD O DE RIESGO :: 4 ANOS :: HOMBRES",INTEGER_COUNT,stf:dc624775927d4d4d,writable_target_mapping_2026,EXACT_SEMANTIC_MATCH
wi:9236fc1a0b262b0577a0,LEGACY::REMASEP_OD::AJ49,REMASEP_OD :: SECCION B: ACTIVIDADES DE ATENCION EN ESPECIALIDADES ODONTOLOGICAS. :: 5004001 - INSTALACION APARATO FIJO SUP O INF :: INSTALACION APARATO FIJO ORTODONCICO :: SEGUN GRUPOS DE EDAD O DE RIESGO :: 65-74 ANOS :: HOMBRES,REMASEP_OD,AI66,REMASEP_OD :: SECCION B: ACTIVIDADES DE ATENCION EN ESPECIALIDADES ODONTOLOGICAS. :: INSTALACION APARATO FIJO ORTODONCICO :: SEGUN GRUPOS DE EDAD O DE RIESGO :: 65-74 ANOS :: HOMBRES,INTEGER_COUNT,stf:dc624775927d4d4d,writable_target_mapping_2026,EXACT_SEMANTIC_MATCH
wi:924cf00364045fda9a0c,LEGACY::REMASEP_OD::AF10,REMASEP_OD :: SECCION A: CONSULTAS Y CONTROLES ODONTOLOGICOS REALIZADOS :: A.1. CONSULTAS Y ALTAS :: CONTROL ODON ESP :: CONTROLES ODONTOLOGICO DE ESPECIALIDAD :: SEGUN GRUPOS DE EDAD O DE RIESGO :: 45-59 ANOS :: HOMBRES,REMASEP_OD,AE19,REMASEP_OD :: SECCION A: CONSULTAS Y CONTROLES ODONTOLOGICOS REALIZADOS :: A.1. CONSULTAS Y ALTAS :: CONTROLES ODONTOLOGICO DE ESPECIALIDAD :: SEGUN GRUPOS DE EDAD O DE RIESGO :: 45-59 ANOS :: HOMBRES,INTEGER_COUNT,stf:dc624775927d4d4d,writable_target_mapping_2026,EXACT_SEMANTIC_MATCH
wi:927f87ffb2fcb61b46d2,LEGACY::REMASEP_OD::Z63,REMASEP_OD :: SECCION B: ACTIVIDADES DE ATENCION EN ESPECIALIDADES ODONTOLOGICAS. :: 5010023 - PULPECTOMIA / 5010003 - PULPOTOMIA :: PROCEDIMIENTO PULPAR EN ODONTOPEDIATRIA (PULPOTOMIA Y PULPECTOMIA) :: SEGUN GRUPOS DE EDAD O DE RIESGO :: 20-24 ANOS :: HOMBRES,REMASEP_OD,Y80,REMASEP_OD :: SECCION B: ACTIVIDADES DE ATENCION EN ESPECIALIDADES ODONTOLOGICAS. :: PROCEDIMIENTO PULPAR EN ODONTOPEDIATRIA (PULPOTOMIA Y PULPECTOMIA) :: SEGUN GRUPOS DE EDAD O DE RIESGO :: 20-24 ANOS :: HOMBRES,INTEGER_COUNT,stf:dc624775927d4d4d,writable_target_mapping_2026,EXACT_SEMANTIC_MATCH
wi:92a1f0fb75fb808c7ac1,LEGACY::REMASEP_OD::AM46,REMASEP_OD :: SECCION B: ACTIVIDADES DE ATENCION EN ESPECIALIDADES ODONTOLOGICAS. :: 5010009 - VIDRIO IONOMERO :: OBTURACION DIRECTA :: SEGUN GRUPOS DE EDAD O DE RIESGO :: 75 Y MAS ANOS :: MUJERES,REMASEP_OD,AL63,REMASEP_OD :: SECCION B: ACTIVIDADES DE ATENCION EN ESPECIALIDADES ODONTOLOGICAS. :: OBTURACION DIRECTA :: SEGUN GRUPOS DE EDAD O DE RIESGO :: 75 Y MAS ANOS :: MUJERES,INTEGER_COUNT,stf:dc624775927d4d4d,writable_target_mapping_2026,EXACT_SEMANTIC_MATCH
wi:92bbbcfee66f55516d3c,LEGACY::REMASEP_OD::W17,REMASEP_OD :: SECCION A: CONSULTAS Y CONTROLES ODONTOLOGICOS REALIZADOS :: A.3. ACCIONES GENERALES DE PREVENCION E HIGIENE :: 5001016 - FLUOR :: FLUORACION TOPICA DE BARNIZ :: SEGUN GRUPOS DE EDAD O DE RIESGO :: 10-14 ANOS :: MUJERES,REMASEP_OD,V34,REMASEP_OD :: SECCION A: CONSULTAS Y CONTROLES ODONTOLOGICOS REALIZADOS :: A.3. ACCIONES GENERALES DE PREVENCION E HIGIENE :: FLUORACION TOPICA DE BARNIZ :: SEGUN GRUPOS DE EDAD O DE RIESGO :: 10-14 ANOS :: MUJERES,INTEGER_COUNT,stf:dc624775927d4d4d,writable_target_mapping_2026,EXACT_SEMANTIC_MATCH
wi:92bfcf2a20f39f40c2fb,LEGACY::REMASEP_OD::AL50,REMASEP_OD :: SECCION B: ACTIVIDADES DE ATENCION EN ESPECIALIDADES ODONTOLOGICAS. :: INSTALACION CONTENCION :: INSTALACION APARATO DE CONTENCION ORTODONCICO :: SEGUN GRUPOS DE EDAD O DE RIESGO :: 75 Y MAS ANOS :: HOMBRES,REMASEP_OD,AK67,REMASEP_OD :: SECCION B: ACTIVIDADES DE ATENCION EN ESPECIALIDADES ODONTOLOGICAS. :: INSTALACION APARATO DE CONTENCION ORTODONCICO :: SEGUN GRUPOS DE EDAD O DE RIESGO :: 75 Y MAS ANOS :: HOMBRES,INTEGER_COUNT,stf:dc624775927d4d4d,writable_target_mapping_2026,EXACT_SEMANTIC_MATCH
wi:931202b9e5472b6d7f08,LEGACY::REMASEP_OD::H47,REMASEP_OD :: SECCION B: ACTIVIDADES DE ATENCION EN ESPECIALIDADES ODONTOLOGICAS. :: 5005008 - CEMENTACION CARILLA RESINA INDIRECTA :: OBTURACION INDIRECTA (INLAYS U ONLAYS) :: SEGUN GRUPOS DE EDAD O DE RIESGO :: 2 ANOS :: HOMBRES,REMASEP_OD,G64,REMASEP_OD :: SECCION B: ACTIVIDADES DE ATENCION EN ESPECIALIDADES ODONTOLOGICAS. :: OBTURACION INDIRECTA (INLAYS U ONLAYS) :: SEGUN GRUPOS DE EDAD O DE RIESGO :: 2 ANOS :: HOMBRES,INTEGER_COUNT,stf:dc624775927d4d4d,writable_target_mapping_2026,EXACT_SEMANTIC_MATCH
wi:93573e265aa4f14ebf00,LEGACY::REMASEP_OD::Q62,"REMASEP_OD :: SECCION B: ACTIVIDADES DE ATENCION EN ESPECIALIDADES ODONTOLOGICAS. :: COMPOSITE :: PROCEDIMIENTO RESTAURADOR EN ODONTOPEDIATRIA (TODOS LOS TIPOS: RESINA, TEMPORALES Y AMALGAMAS) :: SEGUN GRUPOS DE EDAD O DE RIESGO :: 6 ANOS :: MUJERES",REMASEP_OD,P79,"REMASEP_OD :: SECCION B: ACTIVIDADES DE ATENCION EN ESPECIALIDADES ODONTOLOGICAS. :: PROCEDIMIENTO RESTAURADOR EN ODONTOPEDIATRIA (TODOS LOS TIPOS: RESINA, TEMPORALES Y AMALGAMAS) :: SEGUN GRUPOS DE EDAD O DE RIESGO :: 6 ANOS :: MUJERES",INTEGER_COUNT,stf:dc624775927d4d4d,writable_target_mapping_2026,EXACT_SEMANTIC_MATCH
wi:938a0ebb57aa338ed5e9,LEGACY::REMASEP_OD::S63,REMASEP_OD :: SECCION B: ACTIVIDADES DE ATENCION EN ESPECIALIDADES ODONTOLOGICAS. :: 5010023 - PULPECTOMIA / 5010003 - PULPOTOMIA :: PROCEDIMIENTO PULPAR EN ODONTOPEDIATRIA (PULPOTOMIA Y PULPECTOMIA) :: SEGUN GRUPOS DE EDAD O DE RIESGO :: 7 ANOS :: MUJERES,REMASEP_OD,R80,REMASEP_OD :: SECCION B: ACTIVIDADES DE ATENCION EN ESPECIALIDADES ODONTOLOGICAS. :: PROCEDIMIENTO PULPAR EN ODONTOPEDIATRIA (PULPOTOMIA Y PULPECTOMIA) :: SEGUN GRUPOS DE EDAD O DE RIESGO :: 7 ANOS :: MUJERES,INTEGER_COUNT,stf:dc624775927d4d4d,writable_target_mapping_2026,EXACT_SEMANTIC_MATCH
wi:93b99edd85af7d493c18,LEGACY::REMASEP_OD::AB40,REMASEP_OD :: SECCION B: ACTIVIDADES DE ATENCION EN ESPECIALIDADES ODONTOLOGICAS. :: EVALUACION ODON ESP :: EXAMEN Y DIAGNOSTICO DE ESPECIALIDAD :: SEGUN GRUPOS DE EDAD O DE RIESGO :: 25-34 ANOS :: HOMBRES,REMASEP_OD,AA57,REMASEP_OD :: SECCION B: ACTIVIDADES DE ATENCION EN ESPECIALIDADES ODONTOLOGICAS. :: EXAMEN Y DIAGNOSTICO DE ESPECIALIDAD :: SEGUN GRUPOS DE EDAD O DE RIESGO :: 25-34 ANOS :: HOMBRES,INTEGER_COUNT,stf:dc624775927d4d4d,writable_target_mapping_2026,EXACT_SEMANTIC_MATCH
wi:93e9c86b9694d2a678f5,LEGACY::REMASEP_01::S89,REMASEP 01 :: SECCION C: ATENCIONES Y CONSULTAS POR OTROS PROFESIONALES NO MEDICOS :: FONO :: FONOAUDIOLOGO/A :: CONSULTAS FONOAUDIOLOGO/A :: POR EDAD (EN ANOS) :: 30 - 34 ANOS :: HOMBRES,REMASEP 01,R118,REMASEP 01 :: SECCION C: ATENCIONES Y CONSULTAS POR OTROS PROFESIONALES NO MEDICOS :: FONOAUDIOLOGO/A :: CONSULTAS FONOAUDIOLOGO/A :: POR EDAD (EN ANOS) :: 30 - 34 ANOS :: HOMBRES,INTEGER_COUNT,stf:dc624775927d4d4d,writable_target_mapping_2026,EXACT_SEMANTIC_MATCH
wi:94285353cb9c646e8da7,LEGACY::REMASEP_OD::K49,REMASEP_OD :: SECCION B: ACTIVIDADES DE ATENCION EN ESPECIALIDADES ODONTOLOGICAS. :: 5004001 - INSTALACION APARATO FIJO SUP O INF :: INSTALACION APARATO FIJO ORTODONCICO :: SEGUN GRUPOS DE EDAD O DE RIESGO :: 3 ANOS :: MUJERES,REMASEP_OD,J66,REMASEP_OD :: SECCION B: ACTIVIDADES DE ATENCION EN ESPECIALIDADES ODONTOLOGICAS. :: INSTALACION APARATO FIJO ORTODONCICO :: SEGUN GRUPOS DE EDAD O DE RIESGO :: 3 ANOS :: MUJERES,INTEGER_COUNT,stf:dc624775927d4d4d,writable_target_mapping_2026,EXACT_SEMANTIC_MATCH
wi:943981daeb5be482927d,LEGACY::REMASEP_OD::AI46,REMASEP_OD :: SECCION B: ACTIVIDADES DE ATENCION EN ESPECIALIDADES ODONTOLOGICAS. :: 5010009 - VIDRIO IONOMERO :: OBTURACION DIRECTA :: SEGUN GRUPOS DE EDAD O DE RIESGO :: 60-64 ANOS :: MUJERES,REMASEP_OD,AH63,REMASEP_OD :: SECCION B: ACTIVIDADES DE ATENCION EN ESPECIALIDADES ODONTOLOGICAS. :: OBTURACION DIRECTA :: SEGUN GRUPOS DE EDAD O DE RIESGO :: 60-64 ANOS :: MUJERES,INTEGER_COUNT,stf:dc624775927d4d4d,writable_target_mapping_2026,EXACT_SEMANTIC_MATCH
wi:948b09b09568f216ed01,LEGACY::REMASEP_OD::J13,"REMASEP_OD :: SECCION A: CONSULTAS Y CONTROLES ODONTOLOGICOS REALIZADOS :: A.3. ACCIONES GENERALES DE PREVENCION E HIGIENE :: 5001005 - SELLANTES :: APLICACION DE SELLANTE EN PIEZA PERMANENTE, FOTOCURADO :: SEGUN GRUPOS DE EDAD O DE RIESGO :: 3 ANOS :: HOMBRES",REMASEP_OD,I30,"REMASEP_OD :: SECCION A: CONSULTAS Y CONTROLES ODONTOLOGICOS REALIZADOS :: A.3. ACCIONES GENERALES DE PREVENCION E HIGIENE :: APLICACION DE SELLANTE EN PIEZA PERMANENTE, FOTOCURADO :: SEGUN GRUPOS DE EDAD O DE RIESGO :: 3 ANOS :: HOMBRES",INTEGER_COUNT,stf:dc624775927d4d4d,writable_target_mapping_2026,EXACT_SEMANTIC_MATCH
wi:94a754797ec7a374b9ef,LEGACY::REMASEP_01::AI89,REMASEP 01 :: SECCION C: ATENCIONES Y CONSULTAS POR OTROS PROFESIONALES NO MEDICOS :: FONO :: FONOAUDIOLOGO/A :: CONSULTAS FONOAUDIOLOGO/A :: POR EDAD (EN ANOS) :: 70 - 74 ANOS :: HOMBRES,REMASEP 01,AH118,REMASEP 01 :: SECCION C: ATENCIONES Y CONSULTAS POR OTROS PROFESIONALES NO MEDICOS :: FONOAUDIOLOGO/A :: CONSULTAS FONOAUDIOLOGO/A :: POR EDAD (EN ANOS) :: 70 - 74 ANOS :: HOMBRES,INTEGER_COUNT,stf:dc624775927d4d4d,writable_target_mapping_2026,EXACT_SEMANTIC_MATCH
wi:956eeee70d605ddc1413,LEGACY::REMASEP_OD::AK73,REMASEP_OD :: SECCION B: ACTIVIDADES DE ATENCION EN ESPECIALIDADES ODONTOLOGICAS. :: INSTALACION CORONA DEFINITIVA SOBRE IMPLANTE :: REHABILITACION MEDIANTE PROTESIS FIJA IMPLANTOASISTIDA (UNITARIA Y PLURAL) :: SEGUN GRUPOS DE EDAD O DE RIESGO :: 65-74 ANOS :: MUJERES,REMASEP_OD,AJ90,REMASEP_OD :: SECCION B: ACTIVIDADES DE ATENCION EN ESPECIALIDADES ODONTOLOGICAS. :: REHABILITACION MEDIANTE PROTESIS FIJA IMPLANTOASISTIDA (UNITARIA Y PLURAL) :: SEGUN GRUPOS DE EDAD O DE RIESGO :: 65-74 ANOS :: MUJERES,INTEGER_COUNT,stf:dc624775927d4d4d,writable_target_mapping_2026,EXACT_SEMANTIC_MATCH
wi:960a84241ac2d199a34e,LEGACY::REMASEP_01::N90,REMASEP 01 :: SECCION C: ATENCIONES Y CONSULTAS POR OTROS PROFESIONALES NO MEDICOS :: KINE :: KINESIOLOGO/A :: ATENCION KINESIOLOGICA :: POR EDAD (EN ANOS) :: 15 - 19 ANOS :: MUJERES,REMASEP 01,M119,REMASEP 01 :: SECCION C: ATENCIONES Y CONSULTAS POR OTROS PROFESIONALES NO MEDICOS :: KINESIOLOGO/A :: ATENCION KINESIOLOGICA :: POR EDAD (EN ANOS) :: 15 - 19 ANOS :: MUJERES,INTEGER_COUNT,stf:dc624775927d4d4d,writable_target_mapping_2026,EXACT_SEMANTIC_MATCH
wi:9741bac705ccca162204,LEGACY::REMASEP_OD::AI70,REMASEP_OD :: SECCION B: ACTIVIDADES DE ATENCION EN ESPECIALIDADES ODONTOLOGICAS. :: INSTALACION PROTESIS TOTAL ACRILICA SUP O INF :: REHABILITACION MEDIANTE PROTESIS REMOVIBLE ACRILICA PARCIAL O TOTAL :: SEGUN GRUPOS DE EDAD O DE RIESGO :: 60-64 ANOS :: MUJERES,REMASEP_OD,AH87,REMASEP_OD :: SECCION B: ACTIVIDADES DE ATENCION EN ESPECIALIDADES ODONTOLOGICAS. :: REHABILITACION MEDIANTE PROTESIS REMOVIBLE ACRILICA PARCIAL O TOTAL :: SEGUN GRUPOS DE EDAD O DE RIESGO :: 60-64 ANOS :: MUJERES,INTEGER_COUNT,stf:dc624775927d4d4d,writable_target_mapping_2026,EXACT_SEMANTIC_MATCH
wi:9778019bc7b36eecfda4,LEGACY::REMASEP_OD::AM63,REMASEP_OD :: SECCION B: ACTIVIDADES DE ATENCION EN ESPECIALIDADES ODONTOLOGICAS. :: 5010023 - PULPECTOMIA / 5010003 - PULPOTOMIA :: PROCEDIMIENTO PULPAR EN ODONTOPEDIATRIA (PULPOTOMIA Y PULPECTOMIA) :: SEGUN GRUPOS DE EDAD O DE RIESGO :: 75 Y MAS ANOS :: MUJERES,REMASEP_OD,AL80,REMASEP_OD :: SECCION B: ACTIVIDADES DE ATENCION EN ESPECIALIDADES ODONTOLOGICAS. :: PROCEDIMIENTO PULPAR EN ODONTOPEDIATRIA (PULPOTOMIA Y PULPECTOMIA) :: SEGUN GRUPOS DE EDAD O DE RIESGO :: 75 Y MAS ANOS :: MUJERES,INTEGER_COUNT,stf:dc624775927d4d4d,writable_target_mapping_2026,EXACT_SEMANTIC_MATCH
wi:97c1e299ec3f0f16ad41,LEGACY::REMASEP_OD::AI51,REMASEP_OD :: SECCION B: ACTIVIDADES DE ATENCION EN ESPECIALIDADES ODONTOLOGICAS. :: 5004018 - RETIRO APARATO FIJO-LIMPIEZA-IMPRESION :: RETIRO APARATOLOGIA DE ORTODONCIA :: SEGUN GRUPOS DE EDAD O DE RIESGO :: 60-64 ANOS :: MUJERES,REMASEP_OD,AH68,REMASEP_OD :: SECCION B: ACTIVIDADES DE ATENCION EN ESPECIALIDADES ODONTOLOGICAS. :: RETIRO APARATOLOGIA DE ORTODONCIA :: SEGUN GRUPOS DE EDAD O DE RIESGO :: 60-64 ANOS :: MUJERES,INTEGER_COUNT,stf:dc624775927d4d4d,writable_target_mapping_2026,EXACT_SEMANTIC_MATCH
wi:981d7627f6245da7e8dc,LEGACY::REMASEP_OD::O46,REMASEP_OD :: SECCION B: ACTIVIDADES DE ATENCION EN ESPECIALIDADES ODONTOLOGICAS. :: 5010009 - VIDRIO IONOMERO :: OBTURACION DIRECTA :: SEGUN GRUPOS DE EDAD O DE RIESGO :: 5 ANOS :: MUJERES,REMASEP_OD,N63,REMASEP_OD :: SECCION B: ACTIVIDADES DE ATENCION EN ESPECIALIDADES ODONTOLOGICAS. :: OBTURACION DIRECTA :: SEGUN GRUPOS DE EDAD O DE RIESGO :: 5 ANOS :: MUJERES,INTEGER_COUNT,stf:dc624775927d4d4d,writable_target_mapping_2026,EXACT_SEMANTIC_MATCH
wi:982c5c5f163fb9f64757,LEGACY::REMASEP_OD::AL90,REMASEP_OD :: SECCION B: ACTIVIDADES DE ATENCION EN ESPECIALIDADES ODONTOLOGICAS. :: INSTALACIONES ORTOPEDIA :: INSTALACION DE DISPOSITIVO ORTOPEDICO :: SEGUN GRUPOS DE EDAD O DE RIESGO :: 75 Y MAS ANOS :: HOMBRES,REMASEP_OD,AK107,REMASEP_OD :: SECCION B: ACTIVIDADES DE ATENCION EN ESPECIALIDADES ODONTOLOGICAS. :: INSTALACION DE DISPOSITIVO ORTOPEDICO :: SEGUN GRUPOS DE EDAD O DE RIESGO :: 75 Y MAS ANOS :: HOMBRES,INTEGER_COUNT,stf:dc624775927d4d4d,writable_target_mapping_2026,EXACT_SEMANTIC_MATCH
wi:983e66bca116abfdd6c3,LEGACY::REMASEP_OD::AC66,REMASEP_OD :: SECCION B: ACTIVIDADES DE ATENCION EN ESPECIALIDADES ODONTOLOGICAS. :: 5009012 - PULIDO RADICULAR POR SESION O SEXTANTE :: PULIDO RADICULAR :: SEGUN GRUPOS DE EDAD O DE RIESGO :: 25-34 ANOS :: MUJERES,REMASEP_OD,AB83,REMASEP_OD :: SECCION B: ACTIVIDADES DE ATENCION EN ESPECIALIDADES ODONTOLOGICAS. :: PULIDO RADICULAR :: SEGUN GRUPOS DE EDAD O DE RIESGO :: 25-34 ANOS :: MUJERES,INTEGER_COUNT,stf:dc624775927d4d4d,writable_target_mapping_2026,EXACT_SEMANTIC_MATCH
wi:98469f6c396b6137170e,LEGACY::REMASEP_OD::P48,REMASEP_OD :: SECCION B: ACTIVIDADES DE ATENCION EN ESPECIALIDADES ODONTOLOGICAS. :: INSTALACION APARATO REMOVIBLE :: INSTALACION APARATO REMOVIBLE ORTODONCICO :: SEGUN GRUPOS DE EDAD O DE RIESGO :: 6 ANOS :: HOMBRES,REMASEP_OD,O65,REMASEP_OD :: SECCION B: ACTIVIDADES DE ATENCION EN ESPECIALIDADES ODONTOLOGICAS. :: INSTALACION APARATO REMOVIBLE ORTODONCICO :: SEGUN GRUPOS DE EDAD O DE RIESGO :: 6 ANOS :: HOMBRES,INTEGER_COUNT,stf:dc624775927d4d4d,writable_target_mapping_2026,EXACT_SEMANTIC_MATCH
wi:985fa50a1da88123c92b,LEGACY::REMASEP_OD::AJ46,REMASEP_OD :: SECCION B: ACTIVIDADES DE ATENCION EN ESPECIALIDADES ODONTOLOGICAS. :: 5010009 - VIDRIO IONOMERO :: OBTURACION DIRECTA :: SEGUN GRUPOS DE EDAD O DE RIESGO :: 65-74 ANOS :: HOMBRES,REMASEP_OD,AI63,REMASEP_OD :: SECCION B: ACTIVIDADES DE ATENCION EN ESPECIALIDADES ODONTOLOGICAS. :: OBTURACION DIRECTA :: SEGUN GRUPOS DE EDAD O DE RIESGO :: 65-74 ANOS :: HOMBRES,INTEGER_COUNT,stf:dc624775927d4d4d,writable_target_mapping_2026,EXACT_SEMANTIC_MATCH
wi:9870d200b97f9dada9fd,LEGACY::REMASEP_OD::X90,REMASEP_OD :: SECCION B: ACTIVIDADES DE ATENCION EN ESPECIALIDADES ODONTOLOGICAS. :: INSTALACIONES ORTOPEDIA :: INSTALACION DE DISPOSITIVO ORTOPEDICO :: SEGUN GRUPOS DE EDAD O DE RIESGO :: 15-19 ANOS :: HOMBRES,REMASEP_OD,W107,REMASEP_OD :: SECCION B: ACTIVIDADES DE ATENCION EN ESPECIALIDADES ODONTOLOGICAS. :: INSTALACION DE DISPOSITIVO ORTOPEDICO :: SEGUN GRUPOS DE EDAD O DE RIESGO :: 15-19 ANOS :: HOMBRES,INTEGER_COUNT,stf:dc624775927d4d4d,writable_target_mapping_2026,EXACT_SEMANTIC_MATCH
wi:98e2ec54d146ba4a94c1,LEGACY::REMASEP_OD::R72,REMASEP_OD :: SECCION B: ACTIVIDADES DE ATENCION EN ESPECIALIDADES ODONTOLOGICAS. :: CEMENTACION PROTESIS FIJA SOBRE DIENTE :: REHABILITACION MEDIANTE PROTESIS FIJA UNITARIA O PLURAL :: SEGUN GRUPOS DE EDAD O DE RIESGO :: 7 ANOS :: HOMBRES,REMASEP_OD,Q89,REMASEP_OD :: SECCION B: ACTIVIDADES DE ATENCION EN ESPECIALIDADES ODONTOLOGICAS. :: REHABILITACION MEDIANTE PROTESIS FIJA UNITARIA O PLURAL :: SEGUN GRUPOS DE EDAD O DE RIESGO :: 7 ANOS :: HOMBRES,INTEGER_COUNT,stf:dc624775927d4d4d,writable_target_mapping_2026,EXACT_SEMANTIC_MATCH
wi:98ea3f9e53a348d7b83a,LEGACY::REMASEP_OD::X63,REMASEP_OD :: SECCION B: ACTIVIDADES DE ATENCION EN ESPECIALIDADES ODONTOLOGICAS. :: 5010023 - PULPECTOMIA / 5010003 - PULPOTOMIA :: PROCEDIMIENTO PULPAR EN ODONTOPEDIATRIA (PULPOTOMIA Y PULPECTOMIA) :: SEGUN GRUPOS DE EDAD O DE RIESGO :: 15-19 ANOS :: HOMBRES,REMASEP_OD,W80,REMASEP_OD :: SECCION B: ACTIVIDADES DE ATENCION EN ESPECIALIDADES ODONTOLOGICAS. :: PROCEDIMIENTO PULPAR EN ODONTOPEDIATRIA (PULPOTOMIA Y PULPECTOMIA) :: SEGUN GRUPOS DE EDAD O DE RIESGO :: 15-19 ANOS :: HOMBRES,INTEGER_COUNT,stf:dc624775927d4d4d,writable_target_mapping_2026,EXACT_SEMANTIC_MATCH
wi:98f6c6fc73909428824c,LEGACY::REMASEP_OD::G90,REMASEP_OD :: SECCION B: ACTIVIDADES DE ATENCION EN ESPECIALIDADES ODONTOLOGICAS. :: INSTALACIONES ORTOPEDIA :: INSTALACION DE DISPOSITIVO ORTOPEDICO :: SEGUN GRUPOS DE EDAD O DE RIESGO :: MENOS DE 1 ANO - 1 ANO :: MUJERES,REMASEP_OD,F107,REMASEP_OD :: SECCION B: ACTIVIDADES DE ATENCION EN ESPECIALIDADES ODONTOLOGICAS. :: INSTALACION DE DISPOSITIVO ORTOPEDICO :: SEGUN GRUPOS DE EDAD O DE RIESGO :: MENOS DE 1 ANO - 1 ANO :: MUJERES,INTEGER_COUNT,stf:dc624775927d4d4d,writable_target_mapping_2026,EXACT_SEMANTIC_MATCH
wi:995e76edb62803bc5d3e,LEGACY::REMASEP_OD::J70,REMASEP_OD :: SECCION B: ACTIVIDADES DE ATENCION EN ESPECIALIDADES ODONTOLOGICAS. :: INSTALACION PROTESIS TOTAL ACRILICA SUP O INF :: REHABILITACION MEDIANTE PROTESIS REMOVIBLE ACRILICA PARCIAL O TOTAL :: SEGUN GRUPOS DE EDAD O DE RIESGO :: 3 ANOS :: HOMBRES,REMASEP_OD,I87,REMASEP_OD :: SECCION B: ACTIVIDADES DE ATENCION EN ESPECIALIDADES ODONTOLOGICAS. :: REHABILITACION MEDIANTE PROTESIS REMOVIBLE ACRILICA PARCIAL O TOTAL :: SEGUN GRUPOS DE EDAD O DE RIESGO :: 3 ANOS :: HOMBRES,INTEGER_COUNT,stf:dc624775927d4d4d,writable_target_mapping_2026,EXACT_SEMANTIC_MATCH
wi:997953b20fabe433c4d5,LEGACY::REMASEP_OD::F66,REMASEP_OD :: SECCION B: ACTIVIDADES DE ATENCION EN ESPECIALIDADES ODONTOLOGICAS. :: 5009012 - PULIDO RADICULAR POR SESION O SEXTANTE :: PULIDO RADICULAR :: SEGUN GRUPOS DE EDAD O DE RIESGO :: MENOS DE 1 ANO - 1 ANO :: HOMBRES,REMASEP_OD,E83,REMASEP_OD :: SECCION B: ACTIVIDADES DE ATENCION EN ESPECIALIDADES ODONTOLOGICAS. :: PULIDO RADICULAR :: SEGUN GRUPOS DE EDAD O DE RIESGO :: MENOS DE 1 ANO - 1 ANO :: HOMBRES,INTEGER_COUNT,stf:dc624775927d4d4d,writable_target_mapping_2026,EXACT_SEMANTIC_MATCH
wi:999f5db5fc9b8a637647,LEGACY::REMASEP_OD::P46,REMASEP_OD :: SECCION B: ACTIVIDADES DE ATENCION EN ESPECIALIDADES ODONTOLOGICAS. :: 5010009 - VIDRIO IONOMERO :: OBTURACION DIRECTA :: SEGUN GRUPOS DE EDAD O DE RIESGO :: 6 ANOS :: HOMBRES,REMASEP_OD,O63,REMASEP_OD :: SECCION B: ACTIVIDADES DE ATENCION EN ESPECIALIDADES ODONTOLOGICAS. :: OBTURACION DIRECTA :: SEGUN GRUPOS DE EDAD O DE RIESGO :: 6 ANOS :: HOMBRES,INTEGER_COUNT,stf:dc624775927d4d4d,writable_target_mapping_2026,EXACT_SEMANTIC_MATCH
wi:99ec773e651048e98275,LEGACY::REMASEP_OD::Q49,REMASEP_OD :: SECCION B: ACTIVIDADES DE ATENCION EN ESPECIALIDADES ODONTOLOGICAS. :: 5004001 - INSTALACION APARATO FIJO SUP O INF :: INSTALACION APARATO FIJO ORTODONCICO :: SEGUN GRUPOS DE EDAD O DE RIESGO :: 6 ANOS :: MUJERES,REMASEP_OD,P66,REMASEP_OD :: SECCION B: ACTIVIDADES DE ATENCION EN ESPECIALIDADES ODONTOLOGICAS. :: INSTALACION APARATO FIJO ORTODONCICO :: SEGUN GRUPOS DE EDAD O DE RIESGO :: 6 ANOS :: MUJERES,INTEGER_COUNT,stf:dc624775927d4d4d,writable_target_mapping_2026,EXACT_SEMANTIC_MATCH
wi:99ffdcd6cd9b0bca0721,LEGACY::REMASEP_OD::AI90,REMASEP_OD :: SECCION B: ACTIVIDADES DE ATENCION EN ESPECIALIDADES ODONTOLOGICAS. :: INSTALACIONES ORTOPEDIA :: INSTALACION DE DISPOSITIVO ORTOPEDICO :: SEGUN GRUPOS DE EDAD O DE RIESGO :: 60-64 ANOS :: MUJERES,REMASEP_OD,AH107,REMASEP_OD :: SECCION B: ACTIVIDADES DE ATENCION EN ESPECIALIDADES ODONTOLOGICAS. :: INSTALACION DE DISPOSITIVO ORTOPEDICO :: SEGUN GRUPOS DE EDAD O DE RIESGO :: 60-64 ANOS :: MUJERES,INTEGER_COUNT,stf:dc624775927d4d4d,writable_target_mapping_2026,EXACT_SEMANTIC_MATCH
wi:9a1b125b50ece861228c,LEGACY::REMASEP_OD::P14,REMASEP_OD :: SECCION A: CONSULTAS Y CONTROLES ODONTOLOGICOS REALIZADOS :: A.3. ACCIONES GENERALES DE PREVENCION E HIGIENE :: 50010112 - INSTRUCCION DE HIGIENE ORAL :: INSTRUCCION Y CONTROL DE HIGIENE ORAL EN NINOS Y ADULTOS :: SEGUN GRUPOS DE EDAD O DE RIESGO :: 6 ANOS :: HOMBRES,REMASEP_OD,O31,REMASEP_OD :: SECCION A: CONSULTAS Y CONTROLES ODONTOLOGICOS REALIZADOS :: A.3. ACCIONES GENERALES DE PREVENCION E HIGIENE :: INSTRUCCION Y CONTROL DE HIGIENE ORAL EN NINOS Y ADULTOS :: SEGUN GRUPOS DE EDAD O DE RIESGO :: 6 ANOS :: HOMBRES,INTEGER_COUNT,stf:dc624775927d4d4d,writable_target_mapping_2026,EXACT_SEMANTIC_MATCH
wi:9a426675ca6e85e54d7e,LEGACY::REMASEP_OD::F71,REMASEP_OD :: SECCION B: ACTIVIDADES DE ATENCION EN ESPECIALIDADES ODONTOLOGICAS. :: INSTALACION PROTESIS PARCIAL METALICA SUP O INF :: REHABILITACION MEDIANTE PROTESIS REMOVIBLE METALICA PARCIAL :: SEGUN GRUPOS DE EDAD O DE RIESGO :: MENOS DE 1 ANO - 1 ANO :: HOMBRES,REMASEP_OD,E88,REMASEP_OD :: SECCION B: ACTIVIDADES DE ATENCION EN ESPECIALIDADES ODONTOLOGICAS. :: REHABILITACION MEDIANTE PROTESIS REMOVIBLE METALICA PARCIAL :: SEGUN GRUPOS DE EDAD O DE RIESGO :: MENOS DE 1 ANO - 1 ANO :: HOMBRES,INTEGER_COUNT,stf:dc624775927d4d4d,writable_target_mapping_2026,EXACT_SEMANTIC_MATCH
wi:9a5b346edb4bfaa25aa6,LEGACY::REMASEP_OD::X62,"REMASEP_OD :: SECCION B: ACTIVIDADES DE ATENCION EN ESPECIALIDADES ODONTOLOGICAS. :: COMPOSITE :: PROCEDIMIENTO RESTAURADOR EN ODONTOPEDIATRIA (TODOS LOS TIPOS: RESINA, TEMPORALES Y AMALGAMAS) :: SEGUN GRUPOS DE EDAD O DE RIESGO :: 15-19 ANOS :: HOMBRES",REMASEP_OD,W79,"REMASEP_OD :: SECCION B: ACTIVIDADES DE ATENCION EN ESPECIALIDADES ODONTOLOGICAS. :: PROCEDIMIENTO RESTAURADOR EN ODONTOPEDIATRIA (TODOS LOS TIPOS: RESINA, TEMPORALES Y AMALGAMAS) :: SEGUN GRUPOS DE EDAD O DE RIESGO :: 15-19 ANOS :: HOMBRES",INTEGER_COUNT,stf:dc624775927d4d4d,writable_target_mapping_2026,EXACT_SEMANTIC_MATCH
wi:9ad7aceb397c949ac606,LEGACY::REMASEP_OD::AA51,REMASEP_OD :: SECCION B: ACTIVIDADES DE ATENCION EN ESPECIALIDADES ODONTOLOGICAS. :: 5004018 - RETIRO APARATO FIJO-LIMPIEZA-IMPRESION :: RETIRO APARATOLOGIA DE ORTODONCIA :: SEGUN GRUPOS DE EDAD O DE RIESGO :: 20-24 ANOS :: MUJERES,REMASEP_OD,Z68,REMASEP_OD :: SECCION B: ACTIVIDADES DE ATENCION EN ESPECIALIDADES ODONTOLOGICAS. :: RETIRO APARATOLOGIA DE ORTODONCIA :: SEGUN GRUPOS DE EDAD O DE RIESGO :: 20-24 ANOS :: MUJERES,INTEGER_COUNT,stf:dc624775927d4d4d,writable_target_mapping_2026,EXACT_SEMANTIC_MATCH
wi:9af16831ba996c3c7260,LEGACY::REMASEP_OD::S74,REMASEP_OD :: SECCION B: ACTIVIDADES DE ATENCION EN ESPECIALIDADES ODONTOLOGICAS. :: NO SE REALIZA EN FG :: REHABILITACION MEDIANTE PROTESIS MUCO-IMPLANTOASISTIDA :: SEGUN GRUPOS DE EDAD O DE RIESGO :: 7 ANOS :: MUJERES,REMASEP_OD,R91,REMASEP_OD :: SECCION B: ACTIVIDADES DE ATENCION EN ESPECIALIDADES ODONTOLOGICAS. :: REHABILITACION MEDIANTE PROTESIS MUCO-IMPLANTOASISTIDA :: SEGUN GRUPOS DE EDAD O DE RIESGO :: 7 ANOS :: MUJERES,INTEGER_COUNT,stf:dc624775927d4d4d,writable_target_mapping_2026,EXACT_SEMANTIC_MATCH
wi:9b2e226592e619b75937,LEGACY::REMASEP_OD::X14,REMASEP_OD :: SECCION A: CONSULTAS Y CONTROLES ODONTOLOGICOS REALIZADOS :: A.3. ACCIONES GENERALES DE PREVENCION E HIGIENE :: 50010112 - INSTRUCCION DE HIGIENE ORAL :: INSTRUCCION Y CONTROL DE HIGIENE ORAL EN NINOS Y ADULTOS :: SEGUN GRUPOS DE EDAD O DE RIESGO :: 15-19 ANOS :: HOMBRES,REMASEP_OD,W31,REMASEP_OD :: SECCION A: CONSULTAS Y CONTROLES ODONTOLOGICOS REALIZADOS :: A.3. ACCIONES GENERALES DE PREVENCION E HIGIENE :: INSTRUCCION Y CONTROL DE HIGIENE ORAL EN NINOS Y ADULTOS :: SEGUN GRUPOS DE EDAD O DE RIESGO :: 15-19 ANOS :: HOMBRES,INTEGER_COUNT,stf:dc624775927d4d4d,writable_target_mapping_2026,EXACT_SEMANTIC_MATCH
wi:9b5bdfdda30f1d7c256c,LEGACY::REMASEP_OD::AE53,REMASEP_OD :: SECCION B: ACTIVIDADES DE ATENCION EN ESPECIALIDADES ODONTOLOGICAS. :: CONTROLES ORTOPED. PREQ :: ORTOPEDIA PRE-QUIRURGICA :: SEGUN GRUPOS DE EDAD O DE RIESGO :: 35-44 ANOS :: MUJERES,REMASEP_OD,AD70,REMASEP_OD :: SECCION B: ACTIVIDADES DE ATENCION EN ESPECIALIDADES ODONTOLOGICAS. :: ORTOPEDIA PRE-QUIRURGICA :: SEGUN GRUPOS DE EDAD O DE RIESGO :: 35-44 ANOS :: MUJERES,INTEGER_COUNT,stf:dc624775927d4d4d,writable_target_mapping_2026,EXACT_SEMANTIC_MATCH
wi:9bb9ab62742ea86740a2,LEGACY::REMASEP_OD::AB53,REMASEP_OD :: SECCION B: ACTIVIDADES DE ATENCION EN ESPECIALIDADES ODONTOLOGICAS. :: CONTROLES ORTOPED. PREQ :: ORTOPEDIA PRE-QUIRURGICA :: SEGUN GRUPOS DE EDAD O DE RIESGO :: 25-34 ANOS :: HOMBRES,REMASEP_OD,AA70,REMASEP_OD :: SECCION B: ACTIVIDADES DE ATENCION EN ESPECIALIDADES ODONTOLOGICAS. :: ORTOPEDIA PRE-QUIRURGICA :: SEGUN GRUPOS DE EDAD O DE RIESGO :: 25-34 ANOS :: HOMBRES,INTEGER_COUNT,stf:dc624775927d4d4d,writable_target_mapping_2026,EXACT_SEMANTIC_MATCH
wi:9bfeac7949a153e44a65,LEGACY::REMASEP_OD::P9,REMASEP_OD :: SECCION A: CONSULTAS Y CONTROLES ODONTOLOGICOS REALIZADOS :: A.1. CONSULTAS Y ALTAS :: CONTROL ODONTOLOGIA GENERAL :: CONTROLES ODONTOLOGICOS GENERALES :: SEGUN GRUPOS DE EDAD O DE RIESGO :: 6 ANOS :: HOMBRES,REMASEP_OD,O18,REMASEP_OD :: SECCION A: CONSULTAS Y CONTROLES ODONTOLOGICOS REALIZADOS :: A.1. CONSULTAS Y ALTAS :: CONTROLES ODONTOLOGICOS GENERALES :: SEGUN GRUPOS DE EDAD O DE RIESGO :: 6 ANOS :: HOMBRES,INTEGER_COUNT,stf:dc624775927d4d4d,writable_target_mapping_2026,EXACT_SEMANTIC_MATCH
wi:9c023b11094763237832,LEGACY::REMASEP_OD::AB8,REMASEP_OD :: SECCION A: CONSULTAS Y CONTROLES ODONTOLOGICOS REALIZADOS :: A.1. CONSULTAS Y ALTAS :: EVALUACION ODONTOLOGIA GENERAL :: PRIMERAS CONSULTAS (ANO) DE ODONTOLOGIA ESPECIALIDADES :: SEGUN GRUPOS DE EDAD O DE RIESGO :: 25-34 ANOS :: HOMBRES,REMASEP_OD,AA17,REMASEP_OD :: SECCION A: CONSULTAS Y CONTROLES ODONTOLOGICOS REALIZADOS :: A.1. CONSULTAS Y ALTAS :: PRIMERAS CONSULTAS (ANO) DE ODONTOLOGIA ESPECIALIDADES :: SEGUN GRUPOS DE EDAD O DE RIESGO :: 25-34 ANOS :: HOMBRES,INTEGER_COUNT,stf:dc624775927d4d4d,writable_target_mapping_2026,EXACT_SEMANTIC_MATCH
wi:9ca78cba2935ecfd5d73,LEGACY::REMASEP_OD::G71,REMASEP_OD :: SECCION B: ACTIVIDADES DE ATENCION EN ESPECIALIDADES ODONTOLOGICAS. :: INSTALACION PROTESIS PARCIAL METALICA SUP O INF :: REHABILITACION MEDIANTE PROTESIS REMOVIBLE METALICA PARCIAL :: SEGUN GRUPOS DE EDAD O DE RIESGO :: MENOS DE 1 ANO - 1 ANO :: MUJERES,REMASEP_OD,F88,REMASEP_OD :: SECCION B: ACTIVIDADES DE ATENCION EN ESPECIALIDADES ODONTOLOGICAS. :: REHABILITACION MEDIANTE PROTESIS REMOVIBLE METALICA PARCIAL :: SEGUN GRUPOS DE EDAD O DE RIESGO :: MENOS DE 1 ANO - 1 ANO :: MUJERES,INTEGER_COUNT,stf:dc624775927d4d4d,writable_target_mapping_2026,EXACT_SEMANTIC_MATCH
wi:9cd4a3586dee8196615d,LEGACY::REMASEP_01::AD84,REMASEP 01 :: SECCION C: ATENCIONES Y CONSULTAS POR OTROS PROFESIONALES NO MEDICOS :: ENFERMER :: ENFERMERA/O :: ATENCION AL PACIENTE :: POR EDAD (EN ANOS) :: 55 - 59 ANOS :: MUJERES,REMASEP 01,AC113,REMASEP 01 :: SECCION C: ATENCIONES Y CONSULTAS POR OTROS PROFESIONALES NO MEDICOS :: ENFERMERA/O :: ATENCION AL PACIENTE :: POR EDAD (EN ANOS) :: 55 - 59 ANOS :: MUJERES,INTEGER_COUNT,stf:dc624775927d4d4d,writable_target_mapping_2026,EXACT_SEMANTIC_MATCH
wi:9d10e25fabfc47e5bf98,LEGACY::REMASEP_OD::AM90,REMASEP_OD :: SECCION B: ACTIVIDADES DE ATENCION EN ESPECIALIDADES ODONTOLOGICAS. :: INSTALACIONES ORTOPEDIA :: INSTALACION DE DISPOSITIVO ORTOPEDICO :: SEGUN GRUPOS DE EDAD O DE RIESGO :: 75 Y MAS ANOS :: MUJERES,REMASEP_OD,AL107,REMASEP_OD :: SECCION B: ACTIVIDADES DE ATENCION EN ESPECIALIDADES ODONTOLOGICAS. :: INSTALACION DE DISPOSITIVO ORTOPEDICO :: SEGUN GRUPOS DE EDAD O DE RIESGO :: 75 Y MAS ANOS :: MUJERES,INTEGER_COUNT,stf:dc624775927d4d4d,writable_target_mapping_2026,EXACT_SEMANTIC_MATCH
wi:9d2381366c180f6e933c,LEGACY::REMASEP_OD::AK49,REMASEP_OD :: SECCION B: ACTIVIDADES DE ATENCION EN ESPECIALIDADES ODONTOLOGICAS. :: 5004001 - INSTALACION APARATO FIJO SUP O INF :: INSTALACION APARATO FIJO ORTODONCICO :: SEGUN GRUPOS DE EDAD O DE RIESGO :: 65-74 ANOS :: MUJERES,REMASEP_OD,AJ66,REMASEP_OD :: SECCION B: ACTIVIDADES DE ATENCION EN ESPECIALIDADES ODONTOLOGICAS. :: INSTALACION APARATO FIJO ORTODONCICO :: SEGUN GRUPOS DE EDAD O DE RIESGO :: 65-74 ANOS :: MUJERES,INTEGER_COUNT,stf:dc624775927d4d4d,writable_target_mapping_2026,EXACT_SEMANTIC_MATCH
wi:9d712a6ea431731c7fbe,LEGACY::REMASEP_OD::J10,REMASEP_OD :: SECCION A: CONSULTAS Y CONTROLES ODONTOLOGICOS REALIZADOS :: A.1. CONSULTAS Y ALTAS :: CONTROL ODON ESP :: CONTROLES ODONTOLOGICO DE ESPECIALIDAD :: SEGUN GRUPOS DE EDAD O DE RIESGO :: 3 ANOS :: HOMBRES,REMASEP_OD,I19,REMASEP_OD :: SECCION A: CONSULTAS Y CONTROLES ODONTOLOGICOS REALIZADOS :: A.1. CONSULTAS Y ALTAS :: CONTROLES ODONTOLOGICO DE ESPECIALIDAD :: SEGUN GRUPOS DE EDAD O DE RIESGO :: 3 ANOS :: HOMBRES,INTEGER_COUNT,stf:dc624775927d4d4d,writable_target_mapping_2026,EXACT_SEMANTIC_MATCH
wi:9dfe19ca53674f307307,LEGACY::REMASEP_OD::AF66,REMASEP_OD :: SECCION B: ACTIVIDADES DE ATENCION EN ESPECIALIDADES ODONTOLOGICAS. :: 5009012 - PULIDO RADICULAR POR SESION O SEXTANTE :: PULIDO RADICULAR :: SEGUN GRUPOS DE EDAD O DE RIESGO :: 45-59 ANOS :: HOMBRES,REMASEP_OD,AE83,REMASEP_OD :: SECCION B: ACTIVIDADES DE ATENCION EN ESPECIALIDADES ODONTOLOGICAS. :: PULIDO RADICULAR :: SEGUN GRUPOS DE EDAD O DE RIESGO :: 45-59 ANOS :: HOMBRES,INTEGER_COUNT,stf:dc624775927d4d4d,writable_target_mapping_2026,EXACT_SEMANTIC_MATCH
wi:9e10bf52a004525a517a,LEGACY::REMASEP_OD::AK62,"REMASEP_OD :: SECCION B: ACTIVIDADES DE ATENCION EN ESPECIALIDADES ODONTOLOGICAS. :: COMPOSITE :: PROCEDIMIENTO RESTAURADOR EN ODONTOPEDIATRIA (TODOS LOS TIPOS: RESINA, TEMPORALES Y AMALGAMAS) :: SEGUN GRUPOS DE EDAD O DE RIESGO :: 65-74 ANOS :: MUJERES",REMASEP_OD,AJ79,"REMASEP_OD :: SECCION B: ACTIVIDADES DE ATENCION EN ESPECIALIDADES ODONTOLOGICAS. :: PROCEDIMIENTO RESTAURADOR EN ODONTOPEDIATRIA (TODOS LOS TIPOS: RESINA, TEMPORALES Y AMALGAMAS) :: SEGUN GRUPOS DE EDAD O DE RIESGO :: 65-74 ANOS :: MUJERES",INTEGER_COUNT,stf:dc624775927d4d4d,writable_target_mapping_2026,EXACT_SEMANTIC_MATCH
wi:9e1698558ebf401ff18b,LEGACY::REMASEP_OD::Z16,REMASEP_OD :: SECCION A: CONSULTAS Y CONTROLES ODONTOLOGICOS REALIZADOS :: A.3. ACCIONES GENERALES DE PREVENCION E HIGIENE :: 5010011 - PROFILAXIS :: HIGIENE Y PROFILAXIS EN NINOS Y ADULTOS :: SEGUN GRUPOS DE EDAD O DE RIESGO :: 20-24 ANOS :: HOMBRES,REMASEP_OD,Y33,REMASEP_OD :: SECCION A: CONSULTAS Y CONTROLES ODONTOLOGICOS REALIZADOS :: A.3. ACCIONES GENERALES DE PREVENCION E HIGIENE :: HIGIENE Y PROFILAXIS EN NINOS Y ADULTOS :: SEGUN GRUPOS DE EDAD O DE RIESGO :: 20-24 ANOS :: HOMBRES,INTEGER_COUNT,stf:dc624775927d4d4d,writable_target_mapping_2026,EXACT_SEMANTIC_MATCH
wi:9e3655ace9d7b4cea78f,LEGACY::REMASEP_OD::F54,REMASEP_OD :: SECCION B: ACTIVIDADES DE ATENCION EN ESPECIALIDADES ODONTOLOGICAS. :: CONTROLES ORTODONCIA :: ORTODONCIA PREVENTIVA E INTERCEPTIVA (OPI) :: SEGUN GRUPOS DE EDAD O DE RIESGO :: MENOS DE 1 ANO - 1 ANO :: HOMBRES,REMASEP_OD,E71,REMASEP_OD :: SECCION B: ACTIVIDADES DE ATENCION EN ESPECIALIDADES ODONTOLOGICAS. :: ORTODONCIA PREVENTIVA E INTERCEPTIVA (OPI) :: SEGUN GRUPOS DE EDAD O DE RIESGO :: MENOS DE 1 ANO - 1 ANO :: HOMBRES,INTEGER_COUNT,stf:dc624775927d4d4d,writable_target_mapping_2026,EXACT_SEMANTIC_MATCH
wi:9e58c1a7fa2b14b5d3ea,LEGACY::REMASEP_OD::K10,REMASEP_OD :: SECCION A: CONSULTAS Y CONTROLES ODONTOLOGICOS REALIZADOS :: A.1. CONSULTAS Y ALTAS :: CONTROL ODON ESP :: CONTROLES ODONTOLOGICO DE ESPECIALIDAD :: SEGUN GRUPOS DE EDAD O DE RIESGO :: 3 ANOS :: MUJERES,REMASEP_OD,J19,REMASEP_OD :: SECCION A: CONSULTAS Y CONTROLES ODONTOLOGICOS REALIZADOS :: A.1. CONSULTAS Y ALTAS :: CONTROLES ODONTOLOGICO DE ESPECIALIDAD :: SEGUN GRUPOS DE EDAD O DE RIESGO :: 3 ANOS :: MUJERES,INTEGER_COUNT,stf:dc624775927d4d4d,writable_target_mapping_2026,EXACT_SEMANTIC_MATCH
wi:9e7681c10d222fb5827f,LEGACY::REMASEP_OD::R89,REMASEP_OD :: SECCION B: ACTIVIDADES DE ATENCION EN ESPECIALIDADES ODONTOLOGICAS. :: 5009002 - DESGASTE SELECTIVO :: DESGASTE SELECTIVO :: SEGUN GRUPOS DE EDAD O DE RIESGO :: 7 ANOS :: HOMBRES,REMASEP_OD,Q106,REMASEP_OD :: SECCION B: ACTIVIDADES DE ATENCION EN ESPECIALIDADES ODONTOLOGICAS. :: DESGASTE SELECTIVO :: SEGUN GRUPOS DE EDAD O DE RIESGO :: 7 ANOS :: HOMBRES,INTEGER_COUNT,stf:dc624775927d4d4d,writable_target_mapping_2026,EXACT_SEMANTIC_MATCH
wi:9e78f1f5e88d176bc2b7,LEGACY::REMASEP_OD::O9,REMASEP_OD :: SECCION A: CONSULTAS Y CONTROLES ODONTOLOGICOS REALIZADOS :: A.1. CONSULTAS Y ALTAS :: CONTROL ODONTOLOGIA GENERAL :: CONTROLES ODONTOLOGICOS GENERALES :: SEGUN GRUPOS DE EDAD O DE RIESGO :: 5 ANOS :: MUJERES,REMASEP_OD,N18,REMASEP_OD :: SECCION A: CONSULTAS Y CONTROLES ODONTOLOGICOS REALIZADOS :: A.1. CONSULTAS Y ALTAS :: CONTROLES ODONTOLOGICOS GENERALES :: SEGUN GRUPOS DE EDAD O DE RIESGO :: 5 ANOS :: MUJERES,INTEGER_COUNT,stf:dc624775927d4d4d,writable_target_mapping_2026,EXACT_SEMANTIC_MATCH
wi:9e7cb7361b57e1e66ea5,LEGACY::REMASEP_01::AC84,REMASEP 01 :: SECCION C: ATENCIONES Y CONSULTAS POR OTROS PROFESIONALES NO MEDICOS :: ENFERMER :: ENFERMERA/O :: ATENCION AL PACIENTE :: POR EDAD (EN ANOS) :: 55 - 59 ANOS :: HOMBRES,REMASEP 01,AB113,REMASEP 01 :: SECCION C: ATENCIONES Y CONSULTAS POR OTROS PROFESIONALES NO MEDICOS :: ENFERMERA/O :: ATENCION AL PACIENTE :: POR EDAD (EN ANOS) :: 55 - 59 ANOS :: HOMBRES,INTEGER_COUNT,stf:dc624775927d4d4d,writable_target_mapping_2026,EXACT_SEMANTIC_MATCH
wi:9eb45da87e6d7efb3f15,LEGACY::REMASEP_OD::L40,REMASEP_OD :: SECCION B: ACTIVIDADES DE ATENCION EN ESPECIALIDADES ODONTOLOGICAS. :: EVALUACION ODON ESP :: EXAMEN Y DIAGNOSTICO DE ESPECIALIDAD :: SEGUN GRUPOS DE EDAD O DE RIESGO :: 4 ANOS :: HOMBRES,REMASEP_OD,K57,REMASEP_OD :: SECCION B: ACTIVIDADES DE ATENCION EN ESPECIALIDADES ODONTOLOGICAS. :: EXAMEN Y DIAGNOSTICO DE ESPECIALIDAD :: SEGUN GRUPOS DE EDAD O DE RIESGO :: 4 ANOS :: HOMBRES,INTEGER_COUNT,stf:dc624775927d4d4d,writable_target_mapping_2026,EXACT_SEMANTIC_MATCH
wi:9ebbafaa82a999500133,LEGACY::REMASEP_OD::Q90,REMASEP_OD :: SECCION B: ACTIVIDADES DE ATENCION EN ESPECIALIDADES ODONTOLOGICAS. :: INSTALACIONES ORTOPEDIA :: INSTALACION DE DISPOSITIVO ORTOPEDICO :: SEGUN GRUPOS DE EDAD O DE RIESGO :: 6 ANOS :: MUJERES,REMASEP_OD,P107,REMASEP_OD :: SECCION B: ACTIVIDADES DE ATENCION EN ESPECIALIDADES ODONTOLOGICAS. :: INSTALACION DE DISPOSITIVO ORTOPEDICO :: SEGUN GRUPOS DE EDAD O DE RIESGO :: 6 ANOS :: MUJERES,INTEGER_COUNT,stf:dc624775927d4d4d,writable_target_mapping_2026,EXACT_SEMANTIC_MATCH
wi:9ee822bdaa7c89bc4722,LEGACY::REMASEP_OD::AF49,REMASEP_OD :: SECCION B: ACTIVIDADES DE ATENCION EN ESPECIALIDADES ODONTOLOGICAS. :: 5004001 - INSTALACION APARATO FIJO SUP O INF :: INSTALACION APARATO FIJO ORTODONCICO :: SEGUN GRUPOS DE EDAD O DE RIESGO :: 45-59 ANOS :: HOMBRES,REMASEP_OD,AE66,REMASEP_OD :: SECCION B: ACTIVIDADES DE ATENCION EN ESPECIALIDADES ODONTOLOGICAS. :: INSTALACION APARATO FIJO ORTODONCICO :: SEGUN GRUPOS DE EDAD O DE RIESGO :: 45-59 ANOS :: HOMBRES,INTEGER_COUNT,stf:dc624775927d4d4d,writable_target_mapping_2026,EXACT_SEMANTIC_MATCH
wi:9f0fb5e54eaed49a8a6d,LEGACY::REMASEP_OD::AE50,REMASEP_OD :: SECCION B: ACTIVIDADES DE ATENCION EN ESPECIALIDADES ODONTOLOGICAS. :: INSTALACION CONTENCION :: INSTALACION APARATO DE CONTENCION ORTODONCICO :: SEGUN GRUPOS DE EDAD O DE RIESGO :: 35-44 ANOS :: MUJERES,REMASEP_OD,AD67,REMASEP_OD :: SECCION B: ACTIVIDADES DE ATENCION EN ESPECIALIDADES ODONTOLOGICAS. :: INSTALACION APARATO DE CONTENCION ORTODONCICO :: SEGUN GRUPOS DE EDAD O DE RIESGO :: 35-44 ANOS :: MUJERES,INTEGER_COUNT,stf:dc624775927d4d4d,writable_target_mapping_2026,EXACT_SEMANTIC_MATCH
wi:9f1d5f45ba50e33a1ce9,LEGACY::REMASEP_OD::AC47,REMASEP_OD :: SECCION B: ACTIVIDADES DE ATENCION EN ESPECIALIDADES ODONTOLOGICAS. :: 5005008 - CEMENTACION CARILLA RESINA INDIRECTA :: OBTURACION INDIRECTA (INLAYS U ONLAYS) :: SEGUN GRUPOS DE EDAD O DE RIESGO :: 25-34 ANOS :: MUJERES,REMASEP_OD,AB64,REMASEP_OD :: SECCION B: ACTIVIDADES DE ATENCION EN ESPECIALIDADES ODONTOLOGICAS. :: OBTURACION INDIRECTA (INLAYS U ONLAYS) :: SEGUN GRUPOS DE EDAD O DE RIESGO :: 25-34 ANOS :: MUJERES,INTEGER_COUNT,stf:dc624775927d4d4d,writable_target_mapping_2026,EXACT_SEMANTIC_MATCH
wi:9f435e1d4820542f079e,LEGACY::REMASEP_OD::AB47,REMASEP_OD :: SECCION B: ACTIVIDADES DE ATENCION EN ESPECIALIDADES ODONTOLOGICAS. :: 5005008 - CEMENTACION CARILLA RESINA INDIRECTA :: OBTURACION INDIRECTA (INLAYS U ONLAYS) :: SEGUN GRUPOS DE EDAD O DE RIESGO :: 25-34 ANOS :: HOMBRES,REMASEP_OD,AA64,REMASEP_OD :: SECCION B: ACTIVIDADES DE ATENCION EN ESPECIALIDADES ODONTOLOGICAS. :: OBTURACION INDIRECTA (INLAYS U ONLAYS) :: SEGUN GRUPOS DE EDAD O DE RIESGO :: 25-34 ANOS :: HOMBRES,INTEGER_COUNT,stf:dc624775927d4d4d,writable_target_mapping_2026,EXACT_SEMANTIC_MATCH
wi:9f6dd58a60dfc99d7f83,LEGACY::REMASEP_OD::AM16,REMASEP_OD :: SECCION A: CONSULTAS Y CONTROLES ODONTOLOGICOS REALIZADOS :: A.3. ACCIONES GENERALES DE PREVENCION E HIGIENE :: 5010011 - PROFILAXIS :: HIGIENE Y PROFILAXIS EN NINOS Y ADULTOS :: SEGUN GRUPOS DE EDAD O DE RIESGO :: 75 Y MAS ANOS :: MUJERES,REMASEP_OD,AL33,REMASEP_OD :: SECCION A: CONSULTAS Y CONTROLES ODONTOLOGICOS REALIZADOS :: A.3. ACCIONES GENERALES DE PREVENCION E HIGIENE :: HIGIENE Y PROFILAXIS EN NINOS Y ADULTOS :: SEGUN GRUPOS DE EDAD O DE RIESGO :: 75 Y MAS ANOS :: MUJERES,INTEGER_COUNT,stf:dc624775927d4d4d,writable_target_mapping_2026,EXACT_SEMANTIC_MATCH
wi:9f7d2c4972cd890a5dd7,LEGACY::REMASEP_OD::O17,REMASEP_OD :: SECCION A: CONSULTAS Y CONTROLES ODONTOLOGICOS REALIZADOS :: A.3. ACCIONES GENERALES DE PREVENCION E HIGIENE :: 5001016 - FLUOR :: FLUORACION TOPICA DE BARNIZ :: SEGUN GRUPOS DE EDAD O DE RIESGO :: 5 ANOS :: MUJERES,REMASEP_OD,N34,REMASEP_OD :: SECCION A: CONSULTAS Y CONTROLES ODONTOLOGICOS REALIZADOS :: A.3. ACCIONES GENERALES DE PREVENCION E HIGIENE :: FLUORACION TOPICA DE BARNIZ :: SEGUN GRUPOS DE EDAD O DE RIESGO :: 5 ANOS :: MUJERES,INTEGER_COUNT,stf:dc624775927d4d4d,writable_target_mapping_2026,EXACT_SEMANTIC_MATCH
wi:9f8ea925bbfdfce8b665,LEGACY::REMASEP_OD::O51,REMASEP_OD :: SECCION B: ACTIVIDADES DE ATENCION EN ESPECIALIDADES ODONTOLOGICAS. :: 5004018 - RETIRO APARATO FIJO-LIMPIEZA-IMPRESION :: RETIRO APARATOLOGIA DE ORTODONCIA :: SEGUN GRUPOS DE EDAD O DE RIESGO :: 5 ANOS :: MUJERES,REMASEP_OD,N68,REMASEP_OD :: SECCION B: ACTIVIDADES DE ATENCION EN ESPECIALIDADES ODONTOLOGICAS. :: RETIRO APARATOLOGIA DE ORTODONCIA :: SEGUN GRUPOS DE EDAD O DE RIESGO :: 5 ANOS :: MUJERES,INTEGER_COUNT,stf:dc624775927d4d4d,writable_target_mapping_2026,EXACT_SEMANTIC_MATCH
wi:9fda08e5fc72e5cd6bc7,LEGACY::REMASEP_OD::W9,REMASEP_OD :: SECCION A: CONSULTAS Y CONTROLES ODONTOLOGICOS REALIZADOS :: A.1. CONSULTAS Y ALTAS :: CONTROL ODONTOLOGIA GENERAL :: CONTROLES ODONTOLOGICOS GENERALES :: SEGUN GRUPOS DE EDAD O DE RIESGO :: 10-14 ANOS :: MUJERES,REMASEP_OD,V18,REMASEP_OD :: SECCION A: CONSULTAS Y CONTROLES ODONTOLOGICOS REALIZADOS :: A.1. CONSULTAS Y ALTAS :: CONTROLES ODONTOLOGICOS GENERALES :: SEGUN GRUPOS DE EDAD O DE RIESGO :: 10-14 ANOS :: MUJERES,INTEGER_COUNT,stf:dc624775927d4d4d,writable_target_mapping_2026,EXACT_SEMANTIC_MATCH
wi:9fdc159f5c80bf16b09e,LEGACY::REMASEP_OD::AM53,REMASEP_OD :: SECCION B: ACTIVIDADES DE ATENCION EN ESPECIALIDADES ODONTOLOGICAS. :: CONTROLES ORTOPED. PREQ :: ORTOPEDIA PRE-QUIRURGICA :: SEGUN GRUPOS DE EDAD O DE RIESGO :: 75 Y MAS ANOS :: MUJERES,REMASEP_OD,AL70,REMASEP_OD :: SECCION B: ACTIVIDADES DE ATENCION EN ESPECIALIDADES ODONTOLOGICAS. :: ORTOPEDIA PRE-QUIRURGICA :: SEGUN GRUPOS DE EDAD O DE RIESGO :: 75 Y MAS ANOS :: MUJERES,INTEGER_COUNT,stf:dc624775927d4d4d,writable_target_mapping_2026,EXACT_SEMANTIC_MATCH
wi:9ffc2775ec77c7050dd9,LEGACY::REMASEP_OD::AK16,REMASEP_OD :: SECCION A: CONSULTAS Y CONTROLES ODONTOLOGICOS REALIZADOS :: A.3. ACCIONES GENERALES DE PREVENCION E HIGIENE :: 5010011 - PROFILAXIS :: HIGIENE Y PROFILAXIS EN NINOS Y ADULTOS :: SEGUN GRUPOS DE EDAD O DE RIESGO :: 65-74 ANOS :: MUJERES,REMASEP_OD,AJ33,REMASEP_OD :: SECCION A: CONSULTAS Y CONTROLES ODONTOLOGICOS REALIZADOS :: A.3. ACCIONES GENERALES DE PREVENCION E HIGIENE :: HIGIENE Y PROFILAXIS EN NINOS Y ADULTOS :: SEGUN GRUPOS DE EDAD O DE RIESGO :: 65-74 ANOS :: MUJERES,INTEGER_COUNT,stf:dc624775927d4d4d,writable_target_mapping_2026,EXACT_SEMANTIC_MATCH
wi:a01d2013d1da072ef599,LEGACY::REMASEP_OD::G46,REMASEP_OD :: SECCION B: ACTIVIDADES DE ATENCION EN ESPECIALIDADES ODONTOLOGICAS. :: 5010009 - VIDRIO IONOMERO :: OBTURACION DIRECTA :: SEGUN GRUPOS DE EDAD O DE RIESGO :: MENOS DE 1 ANO - 1 ANO :: MUJERES,REMASEP_OD,F63,REMASEP_OD :: SECCION B: ACTIVIDADES DE ATENCION EN ESPECIALIDADES ODONTOLOGICAS. :: OBTURACION DIRECTA :: SEGUN GRUPOS DE EDAD O DE RIESGO :: MENOS DE 1 ANO - 1 ANO :: MUJERES,INTEGER_COUNT,stf:dc624775927d4d4d,writable_target_mapping_2026,EXACT_SEMANTIC_MATCH
wi:a08a40abaae453217060,LEGACY::REMASEP_OD::AM47,REMASEP_OD :: SECCION B: ACTIVIDADES DE ATENCION EN ESPECIALIDADES ODONTOLOGICAS. :: 5005008 - CEMENTACION CARILLA RESINA INDIRECTA :: OBTURACION INDIRECTA (INLAYS U ONLAYS) :: SEGUN GRUPOS DE EDAD O DE RIESGO :: 75 Y MAS ANOS :: MUJERES,REMASEP_OD,AL64,REMASEP_OD :: SECCION B: ACTIVIDADES DE ATENCION EN ESPECIALIDADES ODONTOLOGICAS. :: OBTURACION INDIRECTA (INLAYS U ONLAYS) :: SEGUN GRUPOS DE EDAD O DE RIESGO :: 75 Y MAS ANOS :: MUJERES,INTEGER_COUNT,stf:dc624775927d4d4d,writable_target_mapping_2026,EXACT_SEMANTIC_MATCH
wi:a12e2b123d618112ade0,LEGACY::REMASEP_OD::AE14,REMASEP_OD :: SECCION A: CONSULTAS Y CONTROLES ODONTOLOGICOS REALIZADOS :: A.3. ACCIONES GENERALES DE PREVENCION E HIGIENE :: 50010112 - INSTRUCCION DE HIGIENE ORAL :: INSTRUCCION Y CONTROL DE HIGIENE ORAL EN NINOS Y ADULTOS :: SEGUN GRUPOS DE EDAD O DE RIESGO :: 35-44 ANOS :: MUJERES,REMASEP_OD,AD31,REMASEP_OD :: SECCION A: CONSULTAS Y CONTROLES ODONTOLOGICOS REALIZADOS :: A.3. ACCIONES GENERALES DE PREVENCION E HIGIENE :: INSTRUCCION Y CONTROL DE HIGIENE ORAL EN NINOS Y ADULTOS :: SEGUN GRUPOS DE EDAD O DE RIESGO :: 35-44 ANOS :: MUJERES,INTEGER_COUNT,stf:dc624775927d4d4d,writable_target_mapping_2026,EXACT_SEMANTIC_MATCH
wi:a12f91f36770d888ac2f,LEGACY::REMASEP_01::AN89,REMASEP 01 :: SECCION C: ATENCIONES Y CONSULTAS POR OTROS PROFESIONALES NO MEDICOS :: FONO :: FONOAUDIOLOGO/A :: CONSULTAS FONOAUDIOLOGO/A :: POR EDAD (EN ANOS) :: 80 Y MAS ANOS :: MUJERES,REMASEP 01,AM118,REMASEP 01 :: SECCION C: ATENCIONES Y CONSULTAS POR OTROS PROFESIONALES NO MEDICOS :: FONOAUDIOLOGO/A :: CONSULTAS FONOAUDIOLOGO/A :: POR EDAD (EN ANOS) :: 80 Y MAS ANOS :: MUJERES,INTEGER_COUNT,stf:dc624775927d4d4d,writable_target_mapping_2026,EXACT_SEMANTIC_MATCH
wi:a14b8c85b9c2d561efc9,LEGACY::REMASEP_OD::T72,REMASEP_OD :: SECCION B: ACTIVIDADES DE ATENCION EN ESPECIALIDADES ODONTOLOGICAS. :: CEMENTACION PROTESIS FIJA SOBRE DIENTE :: REHABILITACION MEDIANTE PROTESIS FIJA UNITARIA O PLURAL :: SEGUN GRUPOS DE EDAD O DE RIESGO :: 8-9 ANOS :: HOMBRES,REMASEP_OD,S89,REMASEP_OD :: SECCION B: ACTIVIDADES DE ATENCION EN ESPECIALIDADES ODONTOLOGICAS. :: REHABILITACION MEDIANTE PROTESIS FIJA UNITARIA O PLURAL :: SEGUN GRUPOS DE EDAD O DE RIESGO :: 8-9 ANOS :: HOMBRES,INTEGER_COUNT,stf:dc624775927d4d4d,writable_target_mapping_2026,EXACT_SEMANTIC_MATCH
wi:a15f58b1a1d1d9e8f86b,LEGACY::REMASEP_OD::Y16,REMASEP_OD :: SECCION A: CONSULTAS Y CONTROLES ODONTOLOGICOS REALIZADOS :: A.3. ACCIONES GENERALES DE PREVENCION E HIGIENE :: 5010011 - PROFILAXIS :: HIGIENE Y PROFILAXIS EN NINOS Y ADULTOS :: SEGUN GRUPOS DE EDAD O DE RIESGO :: 15-19 ANOS :: MUJERES,REMASEP_OD,X33,REMASEP_OD :: SECCION A: CONSULTAS Y CONTROLES ODONTOLOGICOS REALIZADOS :: A.3. ACCIONES GENERALES DE PREVENCION E HIGIENE :: HIGIENE Y PROFILAXIS EN NINOS Y ADULTOS :: SEGUN GRUPOS DE EDAD O DE RIESGO :: 15-19 ANOS :: MUJERES,INTEGER_COUNT,stf:dc624775927d4d4d,writable_target_mapping_2026,EXACT_SEMANTIC_MATCH
wi:a1608bba949bbef50bc6,LEGACY::REMASEP_OD::H9,REMASEP_OD :: SECCION A: CONSULTAS Y CONTROLES ODONTOLOGICOS REALIZADOS :: A.1. CONSULTAS Y ALTAS :: CONTROL ODONTOLOGIA GENERAL :: CONTROLES ODONTOLOGICOS GENERALES :: SEGUN GRUPOS DE EDAD O DE RIESGO :: 2 ANOS :: HOMBRES,REMASEP_OD,G18,REMASEP_OD :: SECCION A: CONSULTAS Y CONTROLES ODONTOLOGICOS REALIZADOS :: A.1. CONSULTAS Y ALTAS :: CONTROLES ODONTOLOGICOS GENERALES :: SEGUN GRUPOS DE EDAD O DE RIESGO :: 2 ANOS :: HOMBRES,INTEGER_COUNT,stf:dc624775927d4d4d,writable_target_mapping_2026,EXACT_SEMANTIC_MATCH
wi:a16cae338553a01d894a,LEGACY::REMASEP_OD::S62,"REMASEP_OD :: SECCION B: ACTIVIDADES DE ATENCION EN ESPECIALIDADES ODONTOLOGICAS. :: COMPOSITE :: PROCEDIMIENTO RESTAURADOR EN ODONTOPEDIATRIA (TODOS LOS TIPOS: RESINA, TEMPORALES Y AMALGAMAS) :: SEGUN GRUPOS DE EDAD O DE RIESGO :: 7 ANOS :: MUJERES",REMASEP_OD,R79,"REMASEP_OD :: SECCION B: ACTIVIDADES DE ATENCION EN ESPECIALIDADES ODONTOLOGICAS. :: PROCEDIMIENTO RESTAURADOR EN ODONTOPEDIATRIA (TODOS LOS TIPOS: RESINA, TEMPORALES Y AMALGAMAS) :: SEGUN GRUPOS DE EDAD O DE RIESGO :: 7 ANOS :: MUJERES",INTEGER_COUNT,stf:dc624775927d4d4d,writable_target_mapping_2026,EXACT_SEMANTIC_MATCH
wi:a1957bde8d1eac9a7e4d,LEGACY::REMASEP_OD::AH14,REMASEP_OD :: SECCION A: CONSULTAS Y CONTROLES ODONTOLOGICOS REALIZADOS :: A.3. ACCIONES GENERALES DE PREVENCION E HIGIENE :: 50010112 - INSTRUCCION DE HIGIENE ORAL :: INSTRUCCION Y CONTROL DE HIGIENE ORAL EN NINOS Y ADULTOS :: SEGUN GRUPOS DE EDAD O DE RIESGO :: 60-64 ANOS :: HOMBRES,REMASEP_OD,AG31,REMASEP_OD :: SECCION A: CONSULTAS Y CONTROLES ODONTOLOGICOS REALIZADOS :: A.3. ACCIONES GENERALES DE PREVENCION E HIGIENE :: INSTRUCCION Y CONTROL DE HIGIENE ORAL EN NINOS Y ADULTOS :: SEGUN GRUPOS DE EDAD O DE RIESGO :: 60-64 ANOS :: HOMBRES,INTEGER_COUNT,stf:dc624775927d4d4d,writable_target_mapping_2026,EXACT_SEMANTIC_MATCH
wi:a30032742374b5c11073,LEGACY::REMASEP_OD::S89,REMASEP_OD :: SECCION B: ACTIVIDADES DE ATENCION EN ESPECIALIDADES ODONTOLOGICAS. :: 5009002 - DESGASTE SELECTIVO :: DESGASTE SELECTIVO :: SEGUN GRUPOS DE EDAD O DE RIESGO :: 7 ANOS :: MUJERES,REMASEP_OD,R106,REMASEP_OD :: SECCION B: ACTIVIDADES DE ATENCION EN ESPECIALIDADES ODONTOLOGICAS. :: DESGASTE SELECTIVO :: SEGUN GRUPOS DE EDAD O DE RIESGO :: 7 ANOS :: MUJERES,INTEGER_COUNT,stf:dc624775927d4d4d,writable_target_mapping_2026,EXACT_SEMANTIC_MATCH
wi:a375e31285acf6d50e2d,LEGACY::REMASEP_OD::F9,REMASEP_OD :: SECCION A: CONSULTAS Y CONTROLES ODONTOLOGICOS REALIZADOS :: A.1. CONSULTAS Y ALTAS :: CONTROL ODONTOLOGIA GENERAL :: CONTROLES ODONTOLOGICOS GENERALES :: SEGUN GRUPOS DE EDAD O DE RIESGO :: MENOS DE 1 ANO - 1 ANO :: HOMBRES,REMASEP_OD,E18,REMASEP_OD :: SECCION A: CONSULTAS Y CONTROLES ODONTOLOGICOS REALIZADOS :: A.1. CONSULTAS Y ALTAS :: CONTROLES ODONTOLOGICOS GENERALES :: SEGUN GRUPOS DE EDAD O DE RIESGO :: MENOS DE 1 ANO - 1 ANO :: HOMBRES,INTEGER_COUNT,stf:dc624775927d4d4d,writable_target_mapping_2026,EXACT_SEMANTIC_MATCH
wi:a3b4b3926194beba04fa,LEGACY::REMASEP_01::AH84,REMASEP 01 :: SECCION C: ATENCIONES Y CONSULTAS POR OTROS PROFESIONALES NO MEDICOS :: ENFERMER :: ENFERMERA/O :: ATENCION AL PACIENTE :: POR EDAD (EN ANOS) :: 65 - 69 ANOS :: MUJERES,REMASEP 01,AG113,REMASEP 01 :: SECCION C: ATENCIONES Y CONSULTAS POR OTROS PROFESIONALES NO MEDICOS :: ENFERMERA/O :: ATENCION AL PACIENTE :: POR EDAD (EN ANOS) :: 65 - 69 ANOS :: MUJERES,INTEGER_COUNT,stf:dc624775927d4d4d,writable_target_mapping_2026,EXACT_SEMANTIC_MATCH
wi:a3c686f1f46ddd98ab5f,LEGACY::REMASEP_OD::N65,REMASEP_OD :: SECCION B: ACTIVIDADES DE ATENCION EN ESPECIALIDADES ODONTOLOGICAS. :: DESTARTRAJE :: DESTARTRAJE SUB GINGIVAL :: SEGUN GRUPOS DE EDAD O DE RIESGO :: 5 ANOS :: HOMBRES,REMASEP_OD,M82,REMASEP_OD :: SECCION B: ACTIVIDADES DE ATENCION EN ESPECIALIDADES ODONTOLOGICAS. :: DESTARTRAJE SUB GINGIVAL :: SEGUN GRUPOS DE EDAD O DE RIESGO :: 5 ANOS :: HOMBRES,INTEGER_COUNT,stf:dc624775927d4d4d,writable_target_mapping_2026,EXACT_SEMANTIC_MATCH
wi:a3f38c4c36cbbe17443d,LEGACY::REMASEP_OD::L49,REMASEP_OD :: SECCION B: ACTIVIDADES DE ATENCION EN ESPECIALIDADES ODONTOLOGICAS. :: 5004001 - INSTALACION APARATO FIJO SUP O INF :: INSTALACION APARATO FIJO ORTODONCICO :: SEGUN GRUPOS DE EDAD O DE RIESGO :: 4 ANOS :: HOMBRES,REMASEP_OD,K66,REMASEP_OD :: SECCION B: ACTIVIDADES DE ATENCION EN ESPECIALIDADES ODONTOLOGICAS. :: INSTALACION APARATO FIJO ORTODONCICO :: SEGUN GRUPOS DE EDAD O DE RIESGO :: 4 ANOS :: HOMBRES,INTEGER_COUNT,stf:dc624775927d4d4d,writable_target_mapping_2026,EXACT_SEMANTIC_MATCH
wi:a40e82bf0cf29cbe839f,LEGACY::REMASEP_01::H89,REMASEP 01 :: SECCION C: ATENCIONES Y CONSULTAS POR OTROS PROFESIONALES NO MEDICOS :: FONO :: FONOAUDIOLOGO/A :: CONSULTAS FONOAUDIOLOGO/A :: POR EDAD (EN ANOS) :: 0 - 4 ANOS :: MUJERES,REMASEP 01,G118,REMASEP 01 :: SECCION C: ATENCIONES Y CONSULTAS POR OTROS PROFESIONALES NO MEDICOS :: FONOAUDIOLOGO/A :: CONSULTAS FONOAUDIOLOGO/A :: POR EDAD (EN ANOS) :: 0 - 4 ANOS :: MUJERES,INTEGER_COUNT,stf:dc624775927d4d4d,writable_target_mapping_2026,EXACT_SEMANTIC_MATCH
wi:a41d2a7408c862903b1e,LEGACY::REMASEP_01::AI90,REMASEP 01 :: SECCION C: ATENCIONES Y CONSULTAS POR OTROS PROFESIONALES NO MEDICOS :: KINE :: KINESIOLOGO/A :: ATENCION KINESIOLOGICA :: POR EDAD (EN ANOS) :: 70 - 74 ANOS :: HOMBRES,REMASEP 01,AH119,REMASEP 01 :: SECCION C: ATENCIONES Y CONSULTAS POR OTROS PROFESIONALES NO MEDICOS :: KINESIOLOGO/A :: ATENCION KINESIOLOGICA :: POR EDAD (EN ANOS) :: 70 - 74 ANOS :: HOMBRES,INTEGER_COUNT,stf:dc624775927d4d4d,writable_target_mapping_2026,EXACT_SEMANTIC_MATCH
wi:a4545e7903c639a817c9,LEGACY::REMASEP_OD::O16,REMASEP_OD :: SECCION A: CONSULTAS Y CONTROLES ODONTOLOGICOS REALIZADOS :: A.3. ACCIONES GENERALES DE PREVENCION E HIGIENE :: 5010011 - PROFILAXIS :: HIGIENE Y PROFILAXIS EN NINOS Y ADULTOS :: SEGUN GRUPOS DE EDAD O DE RIESGO :: 5 ANOS :: MUJERES,REMASEP_OD,N33,REMASEP_OD :: SECCION A: CONSULTAS Y CONTROLES ODONTOLOGICOS REALIZADOS :: A.3. ACCIONES GENERALES DE PREVENCION E HIGIENE :: HIGIENE Y PROFILAXIS EN NINOS Y ADULTOS :: SEGUN GRUPOS DE EDAD O DE RIESGO :: 5 ANOS :: MUJERES,INTEGER_COUNT,stf:dc624775927d4d4d,writable_target_mapping_2026,EXACT_SEMANTIC_MATCH
wi:a4cab31b953e4cae22cf,LEGACY::REMASEP_OD::H53,REMASEP_OD :: SECCION B: ACTIVIDADES DE ATENCION EN ESPECIALIDADES ODONTOLOGICAS. :: CONTROLES ORTOPED. PREQ :: ORTOPEDIA PRE-QUIRURGICA :: SEGUN GRUPOS DE EDAD O DE RIESGO :: 2 ANOS :: HOMBRES,REMASEP_OD,G70,REMASEP_OD :: SECCION B: ACTIVIDADES DE ATENCION EN ESPECIALIDADES ODONTOLOGICAS. :: ORTOPEDIA PRE-QUIRURGICA :: SEGUN GRUPOS DE EDAD O DE RIESGO :: 2 ANOS :: HOMBRES,INTEGER_COUNT,stf:dc624775927d4d4d,writable_target_mapping_2026,EXACT_SEMANTIC_MATCH
wi:a553422cac94cfb1799a,LEGACY::REMASEP_OD::W73,REMASEP_OD :: SECCION B: ACTIVIDADES DE ATENCION EN ESPECIALIDADES ODONTOLOGICAS. :: INSTALACION CORONA DEFINITIVA SOBRE IMPLANTE :: REHABILITACION MEDIANTE PROTESIS FIJA IMPLANTOASISTIDA (UNITARIA Y PLURAL) :: SEGUN GRUPOS DE EDAD O DE RIESGO :: 10-14 ANOS :: MUJERES,REMASEP_OD,V90,REMASEP_OD :: SECCION B: ACTIVIDADES DE ATENCION EN ESPECIALIDADES ODONTOLOGICAS. :: REHABILITACION MEDIANTE PROTESIS FIJA IMPLANTOASISTIDA (UNITARIA Y PLURAL) :: SEGUN GRUPOS DE EDAD O DE RIESGO :: 10-14 ANOS :: MUJERES,INTEGER_COUNT,stf:dc624775927d4d4d,writable_target_mapping_2026,EXACT_SEMANTIC_MATCH
wi:a5574131c84b4ff82fd0,LEGACY::REMASEP_01::AJ84,REMASEP 01 :: SECCION C: ATENCIONES Y CONSULTAS POR OTROS PROFESIONALES NO MEDICOS :: ENFERMER :: ENFERMERA/O :: ATENCION AL PACIENTE :: POR EDAD (EN ANOS) :: 70 - 74 ANOS :: MUJERES,REMASEP 01,AI113,REMASEP 01 :: SECCION C: ATENCIONES Y CONSULTAS POR OTROS PROFESIONALES NO MEDICOS :: ENFERMERA/O :: ATENCION AL PACIENTE :: POR EDAD (EN ANOS) :: 70 - 74 ANOS :: MUJERES,INTEGER_COUNT,stf:dc624775927d4d4d,writable_target_mapping_2026,EXACT_SEMANTIC_MATCH
wi:a55ccbea6da72f72ddc3,LEGACY::REMASEP_OD::AD10,REMASEP_OD :: SECCION A: CONSULTAS Y CONTROLES ODONTOLOGICOS REALIZADOS :: A.1. CONSULTAS Y ALTAS :: CONTROL ODON ESP :: CONTROLES ODONTOLOGICO DE ESPECIALIDAD :: SEGUN GRUPOS DE EDAD O DE RIESGO :: 35-44 ANOS :: HOMBRES,REMASEP_OD,AC19,REMASEP_OD :: SECCION A: CONSULTAS Y CONTROLES ODONTOLOGICOS REALIZADOS :: A.1. CONSULTAS Y ALTAS :: CONTROLES ODONTOLOGICO DE ESPECIALIDAD :: SEGUN GRUPOS DE EDAD O DE RIESGO :: 35-44 ANOS :: HOMBRES,INTEGER_COUNT,stf:dc624775927d4d4d,writable_target_mapping_2026,EXACT_SEMANTIC_MATCH
wi:a564f1026c51c22f50e3,LEGACY::REMASEP_OD::AB73,REMASEP_OD :: SECCION B: ACTIVIDADES DE ATENCION EN ESPECIALIDADES ODONTOLOGICAS. :: INSTALACION CORONA DEFINITIVA SOBRE IMPLANTE :: REHABILITACION MEDIANTE PROTESIS FIJA IMPLANTOASISTIDA (UNITARIA Y PLURAL) :: SEGUN GRUPOS DE EDAD O DE RIESGO :: 25-34 ANOS :: HOMBRES,REMASEP_OD,AA90,REMASEP_OD :: SECCION B: ACTIVIDADES DE ATENCION EN ESPECIALIDADES ODONTOLOGICAS. :: REHABILITACION MEDIANTE PROTESIS FIJA IMPLANTOASISTIDA (UNITARIA Y PLURAL) :: SEGUN GRUPOS DE EDAD O DE RIESGO :: 25-34 ANOS :: HOMBRES,INTEGER_COUNT,stf:dc624775927d4d4d,writable_target_mapping_2026,EXACT_SEMANTIC_MATCH
wi:a57a6121e65e7011dc8f,LEGACY::REMASEP_OD::AH89,REMASEP_OD :: SECCION B: ACTIVIDADES DE ATENCION EN ESPECIALIDADES ODONTOLOGICAS. :: 5009002 - DESGASTE SELECTIVO :: DESGASTE SELECTIVO :: SEGUN GRUPOS DE EDAD O DE RIESGO :: 60-64 ANOS :: HOMBRES,REMASEP_OD,AG106,REMASEP_OD :: SECCION B: ACTIVIDADES DE ATENCION EN ESPECIALIDADES ODONTOLOGICAS. :: DESGASTE SELECTIVO :: SEGUN GRUPOS DE EDAD O DE RIESGO :: 60-64 ANOS :: HOMBRES,INTEGER_COUNT,stf:dc624775927d4d4d,writable_target_mapping_2026,EXACT_SEMANTIC_MATCH
wi:a589a4a81283850c43e1,LEGACY::REMASEP_OD::I65,REMASEP_OD :: SECCION B: ACTIVIDADES DE ATENCION EN ESPECIALIDADES ODONTOLOGICAS. :: DESTARTRAJE :: DESTARTRAJE SUB GINGIVAL :: SEGUN GRUPOS DE EDAD O DE RIESGO :: 2 ANOS :: MUJERES,REMASEP_OD,H82,REMASEP_OD :: SECCION B: ACTIVIDADES DE ATENCION EN ESPECIALIDADES ODONTOLOGICAS. :: DESTARTRAJE SUB GINGIVAL :: SEGUN GRUPOS DE EDAD O DE RIESGO :: 2 ANOS :: MUJERES,INTEGER_COUNT,stf:dc624775927d4d4d,writable_target_mapping_2026,EXACT_SEMANTIC_MATCH
wi:a597b3270fd74aa8f768,LEGACY::REMASEP_01::M86,REMASEP 01 :: SECCION C: ATENCIONES Y CONSULTAS POR OTROS PROFESIONALES NO MEDICOS :: NUTRICIONISTA :: NUTRICIONISTA :: CONSULTA NUTRICIONAL :: POR EDAD (EN ANOS) :: 15 - 19 ANOS :: HOMBRES,REMASEP 01,L115,REMASEP 01 :: SECCION C: ATENCIONES Y CONSULTAS POR OTROS PROFESIONALES NO MEDICOS :: NUTRICIONISTA :: CONSULTA NUTRICIONAL :: POR EDAD (EN ANOS) :: 15 - 19 ANOS :: HOMBRES,INTEGER_COUNT,stf:dc624775927d4d4d,writable_target_mapping_2026,EXACT_SEMANTIC_MATCH
wi:a5c4c65c874c46fdbc86,LEGACY::REMASEP_OD::AA66,REMASEP_OD :: SECCION B: ACTIVIDADES DE ATENCION EN ESPECIALIDADES ODONTOLOGICAS. :: 5009012 - PULIDO RADICULAR POR SESION O SEXTANTE :: PULIDO RADICULAR :: SEGUN GRUPOS DE EDAD O DE RIESGO :: 20-24 ANOS :: MUJERES,REMASEP_OD,Z83,REMASEP_OD :: SECCION B: ACTIVIDADES DE ATENCION EN ESPECIALIDADES ODONTOLOGICAS. :: PULIDO RADICULAR :: SEGUN GRUPOS DE EDAD O DE RIESGO :: 20-24 ANOS :: MUJERES,INTEGER_COUNT,stf:dc624775927d4d4d,writable_target_mapping_2026,EXACT_SEMANTIC_MATCH
wi:a5c653f521e6090a3c3d,LEGACY::REMASEP_OD::P72,REMASEP_OD :: SECCION B: ACTIVIDADES DE ATENCION EN ESPECIALIDADES ODONTOLOGICAS. :: CEMENTACION PROTESIS FIJA SOBRE DIENTE :: REHABILITACION MEDIANTE PROTESIS FIJA UNITARIA O PLURAL :: SEGUN GRUPOS DE EDAD O DE RIESGO :: 6 ANOS :: HOMBRES,REMASEP_OD,O89,REMASEP_OD :: SECCION B: ACTIVIDADES DE ATENCION EN ESPECIALIDADES ODONTOLOGICAS. :: REHABILITACION MEDIANTE PROTESIS FIJA UNITARIA O PLURAL :: SEGUN GRUPOS DE EDAD O DE RIESGO :: 6 ANOS :: HOMBRES,INTEGER_COUNT,stf:dc624775927d4d4d,writable_target_mapping_2026,EXACT_SEMANTIC_MATCH
wi:a61abde82d979e747a9e,LEGACY::REMASEP_OD::Y66,REMASEP_OD :: SECCION B: ACTIVIDADES DE ATENCION EN ESPECIALIDADES ODONTOLOGICAS. :: 5009012 - PULIDO RADICULAR POR SESION O SEXTANTE :: PULIDO RADICULAR :: SEGUN GRUPOS DE EDAD O DE RIESGO :: 15-19 ANOS :: MUJERES,REMASEP_OD,X83,REMASEP_OD :: SECCION B: ACTIVIDADES DE ATENCION EN ESPECIALIDADES ODONTOLOGICAS. :: PULIDO RADICULAR :: SEGUN GRUPOS DE EDAD O DE RIESGO :: 15-19 ANOS :: MUJERES,INTEGER_COUNT,stf:dc624775927d4d4d,writable_target_mapping_2026,EXACT_SEMANTIC_MATCH
wi:a666ba4eb5a1a1d86b58,LEGACY::REMASEP_OD::U72,REMASEP_OD :: SECCION B: ACTIVIDADES DE ATENCION EN ESPECIALIDADES ODONTOLOGICAS. :: CEMENTACION PROTESIS FIJA SOBRE DIENTE :: REHABILITACION MEDIANTE PROTESIS FIJA UNITARIA O PLURAL :: SEGUN GRUPOS DE EDAD O DE RIESGO :: 8-9 ANOS :: MUJERES,REMASEP_OD,T89,REMASEP_OD :: SECCION B: ACTIVIDADES DE ATENCION EN ESPECIALIDADES ODONTOLOGICAS. :: REHABILITACION MEDIANTE PROTESIS FIJA UNITARIA O PLURAL :: SEGUN GRUPOS DE EDAD O DE RIESGO :: 8-9 ANOS :: MUJERES,INTEGER_COUNT,stf:dc624775927d4d4d,writable_target_mapping_2026,EXACT_SEMANTIC_MATCH
wi:a67f7e1e308f32d82fb5,LEGACY::REMASEP_OD::W46,REMASEP_OD :: SECCION B: ACTIVIDADES DE ATENCION EN ESPECIALIDADES ODONTOLOGICAS. :: 5010009 - VIDRIO IONOMERO :: OBTURACION DIRECTA :: SEGUN GRUPOS DE EDAD O DE RIESGO :: 10-14 ANOS :: MUJERES,REMASEP_OD,V63,REMASEP_OD :: SECCION B: ACTIVIDADES DE ATENCION EN ESPECIALIDADES ODONTOLOGICAS. :: OBTURACION DIRECTA :: SEGUN GRUPOS DE EDAD O DE RIESGO :: 10-14 ANOS :: MUJERES,INTEGER_COUNT,stf:dc624775927d4d4d,writable_target_mapping_2026,EXACT_SEMANTIC_MATCH
wi:a6c27bac2feb8f499f18,LEGACY::REMASEP_OD::N63,REMASEP_OD :: SECCION B: ACTIVIDADES DE ATENCION EN ESPECIALIDADES ODONTOLOGICAS. :: 5010023 - PULPECTOMIA / 5010003 - PULPOTOMIA :: PROCEDIMIENTO PULPAR EN ODONTOPEDIATRIA (PULPOTOMIA Y PULPECTOMIA) :: SEGUN GRUPOS DE EDAD O DE RIESGO :: 5 ANOS :: HOMBRES,REMASEP_OD,M80,REMASEP_OD :: SECCION B: ACTIVIDADES DE ATENCION EN ESPECIALIDADES ODONTOLOGICAS. :: PROCEDIMIENTO PULPAR EN ODONTOPEDIATRIA (PULPOTOMIA Y PULPECTOMIA) :: SEGUN GRUPOS DE EDAD O DE RIESGO :: 5 ANOS :: HOMBRES,INTEGER_COUNT,stf:dc624775927d4d4d,writable_target_mapping_2026,EXACT_SEMANTIC_MATCH
wi:a6dd9c9c3204b056e6a1,LEGACY::REMASEP_OD::K48,REMASEP_OD :: SECCION B: ACTIVIDADES DE ATENCION EN ESPECIALIDADES ODONTOLOGICAS. :: INSTALACION APARATO REMOVIBLE :: INSTALACION APARATO REMOVIBLE ORTODONCICO :: SEGUN GRUPOS DE EDAD O DE RIESGO :: 3 ANOS :: MUJERES,REMASEP_OD,J65,REMASEP_OD :: SECCION B: ACTIVIDADES DE ATENCION EN ESPECIALIDADES ODONTOLOGICAS. :: INSTALACION APARATO REMOVIBLE ORTODONCICO :: SEGUN GRUPOS DE EDAD O DE RIESGO :: 3 ANOS :: MUJERES,INTEGER_COUNT,stf:dc624775927d4d4d,writable_target_mapping_2026,EXACT_SEMANTIC_MATCH
wi:a6fbaba277be570a2ac5,LEGACY::REMASEP_OD::M50,REMASEP_OD :: SECCION B: ACTIVIDADES DE ATENCION EN ESPECIALIDADES ODONTOLOGICAS. :: INSTALACION CONTENCION :: INSTALACION APARATO DE CONTENCION ORTODONCICO :: SEGUN GRUPOS DE EDAD O DE RIESGO :: 4 ANOS :: MUJERES,REMASEP_OD,L67,REMASEP_OD :: SECCION B: ACTIVIDADES DE ATENCION EN ESPECIALIDADES ODONTOLOGICAS. :: INSTALACION APARATO DE CONTENCION ORTODONCICO :: SEGUN GRUPOS DE EDAD O DE RIESGO :: 4 ANOS :: MUJERES,INTEGER_COUNT,stf:dc624775927d4d4d,writable_target_mapping_2026,EXACT_SEMANTIC_MATCH
wi:a7048cae6886c7f8637f,LEGACY::REMASEP_OD::N9,REMASEP_OD :: SECCION A: CONSULTAS Y CONTROLES ODONTOLOGICOS REALIZADOS :: A.1. CONSULTAS Y ALTAS :: CONTROL ODONTOLOGIA GENERAL :: CONTROLES ODONTOLOGICOS GENERALES :: SEGUN GRUPOS DE EDAD O DE RIESGO :: 5 ANOS :: HOMBRES,REMASEP_OD,M18,REMASEP_OD :: SECCION A: CONSULTAS Y CONTROLES ODONTOLOGICOS REALIZADOS :: A.1. CONSULTAS Y ALTAS :: CONTROLES ODONTOLOGICOS GENERALES :: SEGUN GRUPOS DE EDAD O DE RIESGO :: 5 ANOS :: HOMBRES,INTEGER_COUNT,stf:dc624775927d4d4d,writable_target_mapping_2026,EXACT_SEMANTIC_MATCH
wi:a7415662d1534626c1ef,LEGACY::REMASEP_OD::Y70,REMASEP_OD :: SECCION B: ACTIVIDADES DE ATENCION EN ESPECIALIDADES ODONTOLOGICAS. :: INSTALACION PROTESIS TOTAL ACRILICA SUP O INF :: REHABILITACION MEDIANTE PROTESIS REMOVIBLE ACRILICA PARCIAL O TOTAL :: SEGUN GRUPOS DE EDAD O DE RIESGO :: 15-19 ANOS :: MUJERES,REMASEP_OD,X87,REMASEP_OD :: SECCION B: ACTIVIDADES DE ATENCION EN ESPECIALIDADES ODONTOLOGICAS. :: REHABILITACION MEDIANTE PROTESIS REMOVIBLE ACRILICA PARCIAL O TOTAL :: SEGUN GRUPOS DE EDAD O DE RIESGO :: 15-19 ANOS :: MUJERES,INTEGER_COUNT,stf:dc624775927d4d4d,writable_target_mapping_2026,EXACT_SEMANTIC_MATCH
wi:a76e14a10977a45bfe94,LEGACY::REMASEP_OD::AJ51,REMASEP_OD :: SECCION B: ACTIVIDADES DE ATENCION EN ESPECIALIDADES ODONTOLOGICAS. :: 5004018 - RETIRO APARATO FIJO-LIMPIEZA-IMPRESION :: RETIRO APARATOLOGIA DE ORTODONCIA :: SEGUN GRUPOS DE EDAD O DE RIESGO :: 65-74 ANOS :: HOMBRES,REMASEP_OD,AI68,REMASEP_OD :: SECCION B: ACTIVIDADES DE ATENCION EN ESPECIALIDADES ODONTOLOGICAS. :: RETIRO APARATOLOGIA DE ORTODONCIA :: SEGUN GRUPOS DE EDAD O DE RIESGO :: 65-74 ANOS :: HOMBRES,INTEGER_COUNT,stf:dc624775927d4d4d,writable_target_mapping_2026,EXACT_SEMANTIC_MATCH
wi:a7744986c0c75457f107,LEGACY::REMASEP_OD::G63,REMASEP_OD :: SECCION B: ACTIVIDADES DE ATENCION EN ESPECIALIDADES ODONTOLOGICAS. :: 5010023 - PULPECTOMIA / 5010003 - PULPOTOMIA :: PROCEDIMIENTO PULPAR EN ODONTOPEDIATRIA (PULPOTOMIA Y PULPECTOMIA) :: SEGUN GRUPOS DE EDAD O DE RIESGO :: MENOS DE 1 ANO - 1 ANO :: MUJERES,REMASEP_OD,F80,REMASEP_OD :: SECCION B: ACTIVIDADES DE ATENCION EN ESPECIALIDADES ODONTOLOGICAS. :: PROCEDIMIENTO PULPAR EN ODONTOPEDIATRIA (PULPOTOMIA Y PULPECTOMIA) :: SEGUN GRUPOS DE EDAD O DE RIESGO :: MENOS DE 1 ANO - 1 ANO :: MUJERES,INTEGER_COUNT,stf:dc624775927d4d4d,writable_target_mapping_2026,EXACT_SEMANTIC_MATCH
wi:a78b3b9af5b03c1961fb,LEGACY::REMASEP_OD::AF65,REMASEP_OD :: SECCION B: ACTIVIDADES DE ATENCION EN ESPECIALIDADES ODONTOLOGICAS. :: DESTARTRAJE :: DESTARTRAJE SUB GINGIVAL :: SEGUN GRUPOS DE EDAD O DE RIESGO :: 45-59 ANOS :: HOMBRES,REMASEP_OD,AE82,REMASEP_OD :: SECCION B: ACTIVIDADES DE ATENCION EN ESPECIALIDADES ODONTOLOGICAS. :: DESTARTRAJE SUB GINGIVAL :: SEGUN GRUPOS DE EDAD O DE RIESGO :: 45-59 ANOS :: HOMBRES,INTEGER_COUNT,stf:dc624775927d4d4d,writable_target_mapping_2026,EXACT_SEMANTIC_MATCH
wi:a7b2de2b6cd30fae1a7e,LEGACY::REMASEP_OD::AI89,REMASEP_OD :: SECCION B: ACTIVIDADES DE ATENCION EN ESPECIALIDADES ODONTOLOGICAS. :: 5009002 - DESGASTE SELECTIVO :: DESGASTE SELECTIVO :: SEGUN GRUPOS DE EDAD O DE RIESGO :: 60-64 ANOS :: MUJERES,REMASEP_OD,AH106,REMASEP_OD :: SECCION B: ACTIVIDADES DE ATENCION EN ESPECIALIDADES ODONTOLOGICAS. :: DESGASTE SELECTIVO :: SEGUN GRUPOS DE EDAD O DE RIESGO :: 60-64 ANOS :: MUJERES,INTEGER_COUNT,stf:dc624775927d4d4d,writable_target_mapping_2026,EXACT_SEMANTIC_MATCH
wi:a7d1b3b76cc206aeebdc,LEGACY::REMASEP_OD::AE90,REMASEP_OD :: SECCION B: ACTIVIDADES DE ATENCION EN ESPECIALIDADES ODONTOLOGICAS. :: INSTALACIONES ORTOPEDIA :: INSTALACION DE DISPOSITIVO ORTOPEDICO :: SEGUN GRUPOS DE EDAD O DE RIESGO :: 35-44 ANOS :: MUJERES,REMASEP_OD,AD107,REMASEP_OD :: SECCION B: ACTIVIDADES DE ATENCION EN ESPECIALIDADES ODONTOLOGICAS. :: INSTALACION DE DISPOSITIVO ORTOPEDICO :: SEGUN GRUPOS DE EDAD O DE RIESGO :: 35-44 ANOS :: MUJERES,INTEGER_COUNT,stf:dc624775927d4d4d,writable_target_mapping_2026,EXACT_SEMANTIC_MATCH
wi:a7e6a021f2d8f4b1a82b,LEGACY::REMASEP_01::G90,REMASEP 01 :: SECCION C: ATENCIONES Y CONSULTAS POR OTROS PROFESIONALES NO MEDICOS :: KINE :: KINESIOLOGO/A :: ATENCION KINESIOLOGICA :: POR EDAD (EN ANOS) :: 0 - 4 ANOS :: HOMBRES,REMASEP 01,F119,REMASEP 01 :: SECCION C: ATENCIONES Y CONSULTAS POR OTROS PROFESIONALES NO MEDICOS :: KINESIOLOGO/A :: ATENCION KINESIOLOGICA :: POR EDAD (EN ANOS) :: 0 - 4 ANOS :: HOMBRES,INTEGER_COUNT,stf:dc624775927d4d4d,writable_target_mapping_2026,EXACT_SEMANTIC_MATCH
wi:a815f7e9ab5e084a9815,LEGACY::REMASEP_01::U89,REMASEP 01 :: SECCION C: ATENCIONES Y CONSULTAS POR OTROS PROFESIONALES NO MEDICOS :: FONO :: FONOAUDIOLOGO/A :: CONSULTAS FONOAUDIOLOGO/A :: POR EDAD (EN ANOS) :: 35 - 39 ANOS :: HOMBRES,REMASEP 01,T118,REMASEP 01 :: SECCION C: ATENCIONES Y CONSULTAS POR OTROS PROFESIONALES NO MEDICOS :: FONOAUDIOLOGO/A :: CONSULTAS FONOAUDIOLOGO/A :: POR EDAD (EN ANOS) :: 35 - 39 ANOS :: HOMBRES,INTEGER_COUNT,stf:dc624775927d4d4d,writable_target_mapping_2026,EXACT_SEMANTIC_MATCH
wi:a870b772bf6bc267b442,LEGACY::REMASEP_OD::AF46,REMASEP_OD :: SECCION B: ACTIVIDADES DE ATENCION EN ESPECIALIDADES ODONTOLOGICAS. :: 5010009 - VIDRIO IONOMERO :: OBTURACION DIRECTA :: SEGUN GRUPOS DE EDAD O DE RIESGO :: 45-59 ANOS :: HOMBRES,REMASEP_OD,AE63,REMASEP_OD :: SECCION B: ACTIVIDADES DE ATENCION EN ESPECIALIDADES ODONTOLOGICAS. :: OBTURACION DIRECTA :: SEGUN GRUPOS DE EDAD O DE RIESGO :: 45-59 ANOS :: HOMBRES,INTEGER_COUNT,stf:dc624775927d4d4d,writable_target_mapping_2026,EXACT_SEMANTIC_MATCH
wi:a8a4c328014c6f298f75,LEGACY::REMASEP_OD::AL46,REMASEP_OD :: SECCION B: ACTIVIDADES DE ATENCION EN ESPECIALIDADES ODONTOLOGICAS. :: 5010009 - VIDRIO IONOMERO :: OBTURACION DIRECTA :: SEGUN GRUPOS DE EDAD O DE RIESGO :: 75 Y MAS ANOS :: HOMBRES,REMASEP_OD,AK63,REMASEP_OD :: SECCION B: ACTIVIDADES DE ATENCION EN ESPECIALIDADES ODONTOLOGICAS. :: OBTURACION DIRECTA :: SEGUN GRUPOS DE EDAD O DE RIESGO :: 75 Y MAS ANOS :: HOMBRES,INTEGER_COUNT,stf:dc624775927d4d4d,writable_target_mapping_2026,EXACT_SEMANTIC_MATCH
wi:a8dc42acddf2d07ce011,LEGACY::REMASEP_OD::T49,REMASEP_OD :: SECCION B: ACTIVIDADES DE ATENCION EN ESPECIALIDADES ODONTOLOGICAS. :: 5004001 - INSTALACION APARATO FIJO SUP O INF :: INSTALACION APARATO FIJO ORTODONCICO :: SEGUN GRUPOS DE EDAD O DE RIESGO :: 8-9 ANOS :: HOMBRES,REMASEP_OD,S66,REMASEP_OD :: SECCION B: ACTIVIDADES DE ATENCION EN ESPECIALIDADES ODONTOLOGICAS. :: INSTALACION APARATO FIJO ORTODONCICO :: SEGUN GRUPOS DE EDAD O DE RIESGO :: 8-9 ANOS :: HOMBRES,INTEGER_COUNT,stf:dc624775927d4d4d,writable_target_mapping_2026,EXACT_SEMANTIC_MATCH
wi:a90f1f25bc1d347d342a,LEGACY::REMASEP_OD::AJ66,REMASEP_OD :: SECCION B: ACTIVIDADES DE ATENCION EN ESPECIALIDADES ODONTOLOGICAS. :: 5009012 - PULIDO RADICULAR POR SESION O SEXTANTE :: PULIDO RADICULAR :: SEGUN GRUPOS DE EDAD O DE RIESGO :: 65-74 ANOS :: HOMBRES,REMASEP_OD,AI83,REMASEP_OD :: SECCION B: ACTIVIDADES DE ATENCION EN ESPECIALIDADES ODONTOLOGICAS. :: PULIDO RADICULAR :: SEGUN GRUPOS DE EDAD O DE RIESGO :: 65-74 ANOS :: HOMBRES,INTEGER_COUNT,stf:dc624775927d4d4d,writable_target_mapping_2026,EXACT_SEMANTIC_MATCH
wi:a910ea4768d4c32d5126,LEGACY::REMASEP_OD::T47,REMASEP_OD :: SECCION B: ACTIVIDADES DE ATENCION EN ESPECIALIDADES ODONTOLOGICAS. :: 5005008 - CEMENTACION CARILLA RESINA INDIRECTA :: OBTURACION INDIRECTA (INLAYS U ONLAYS) :: SEGUN GRUPOS DE EDAD O DE RIESGO :: 8-9 ANOS :: HOMBRES,REMASEP_OD,S64,REMASEP_OD :: SECCION B: ACTIVIDADES DE ATENCION EN ESPECIALIDADES ODONTOLOGICAS. :: OBTURACION INDIRECTA (INLAYS U ONLAYS) :: SEGUN GRUPOS DE EDAD O DE RIESGO :: 8-9 ANOS :: HOMBRES,INTEGER_COUNT,stf:dc624775927d4d4d,writable_target_mapping_2026,EXACT_SEMANTIC_MATCH
wi:a91a5e452cf6a16ae029,LEGACY::REMASEP_OD::U74,REMASEP_OD :: SECCION B: ACTIVIDADES DE ATENCION EN ESPECIALIDADES ODONTOLOGICAS. :: NO SE REALIZA EN FG :: REHABILITACION MEDIANTE PROTESIS MUCO-IMPLANTOASISTIDA :: SEGUN GRUPOS DE EDAD O DE RIESGO :: 8-9 ANOS :: MUJERES,REMASEP_OD,T91,REMASEP_OD :: SECCION B: ACTIVIDADES DE ATENCION EN ESPECIALIDADES ODONTOLOGICAS. :: REHABILITACION MEDIANTE PROTESIS MUCO-IMPLANTOASISTIDA :: SEGUN GRUPOS DE EDAD O DE RIESGO :: 8-9 ANOS :: MUJERES,INTEGER_COUNT,stf:dc624775927d4d4d,writable_target_mapping_2026,EXACT_SEMANTIC_MATCH
wi:a9267149f7a55c83e86f,LEGACY::REMASEP_OD::AA48,REMASEP_OD :: SECCION B: ACTIVIDADES DE ATENCION EN ESPECIALIDADES ODONTOLOGICAS. :: INSTALACION APARATO REMOVIBLE :: INSTALACION APARATO REMOVIBLE ORTODONCICO :: SEGUN GRUPOS DE EDAD O DE RIESGO :: 20-24 ANOS :: MUJERES,REMASEP_OD,Z65,REMASEP_OD :: SECCION B: ACTIVIDADES DE ATENCION EN ESPECIALIDADES ODONTOLOGICAS. :: INSTALACION APARATO REMOVIBLE ORTODONCICO :: SEGUN GRUPOS DE EDAD O DE RIESGO :: 20-24 ANOS :: MUJERES,INTEGER_COUNT,stf:dc624775927d4d4d,writable_target_mapping_2026,EXACT_SEMANTIC_MATCH
wi:a927f548d9dcfa354814,LEGACY::REMASEP_OD::X70,REMASEP_OD :: SECCION B: ACTIVIDADES DE ATENCION EN ESPECIALIDADES ODONTOLOGICAS. :: INSTALACION PROTESIS TOTAL ACRILICA SUP O INF :: REHABILITACION MEDIANTE PROTESIS REMOVIBLE ACRILICA PARCIAL O TOTAL :: SEGUN GRUPOS DE EDAD O DE RIESGO :: 15-19 ANOS :: HOMBRES,REMASEP_OD,W87,REMASEP_OD :: SECCION B: ACTIVIDADES DE ATENCION EN ESPECIALIDADES ODONTOLOGICAS. :: REHABILITACION MEDIANTE PROTESIS REMOVIBLE ACRILICA PARCIAL O TOTAL :: SEGUN GRUPOS DE EDAD O DE RIESGO :: 15-19 ANOS :: HOMBRES,INTEGER_COUNT,stf:dc624775927d4d4d,writable_target_mapping_2026,EXACT_SEMANTIC_MATCH
wi:a942e1c7ff04004396aa,LEGACY::REMASEP_OD::F49,REMASEP_OD :: SECCION B: ACTIVIDADES DE ATENCION EN ESPECIALIDADES ODONTOLOGICAS. :: 5004001 - INSTALACION APARATO FIJO SUP O INF :: INSTALACION APARATO FIJO ORTODONCICO :: SEGUN GRUPOS DE EDAD O DE RIESGO :: MENOS DE 1 ANO - 1 ANO :: HOMBRES,REMASEP_OD,E66,REMASEP_OD :: SECCION B: ACTIVIDADES DE ATENCION EN ESPECIALIDADES ODONTOLOGICAS. :: INSTALACION APARATO FIJO ORTODONCICO :: SEGUN GRUPOS DE EDAD O DE RIESGO :: MENOS DE 1 ANO - 1 ANO :: HOMBRES,INTEGER_COUNT,stf:dc624775927d4d4d,writable_target_mapping_2026,EXACT_SEMANTIC_MATCH
wi:a993cd89af1fd876475a,LEGACY::REMASEP_OD::AF17,REMASEP_OD :: SECCION A: CONSULTAS Y CONTROLES ODONTOLOGICOS REALIZADOS :: A.3. ACCIONES GENERALES DE PREVENCION E HIGIENE :: 5001016 - FLUOR :: FLUORACION TOPICA DE BARNIZ :: SEGUN GRUPOS DE EDAD O DE RIESGO :: 45-59 ANOS :: HOMBRES,REMASEP_OD,AE34,REMASEP_OD :: SECCION A: CONSULTAS Y CONTROLES ODONTOLOGICOS REALIZADOS :: A.3. ACCIONES GENERALES DE PREVENCION E HIGIENE :: FLUORACION TOPICA DE BARNIZ :: SEGUN GRUPOS DE EDAD O DE RIESGO :: 45-59 ANOS :: HOMBRES,INTEGER_COUNT,stf:dc624775927d4d4d,writable_target_mapping_2026,EXACT_SEMANTIC_MATCH
wi:a99a6a49fa2b0237c6a2,LEGACY::REMASEP_OD::T14,REMASEP_OD :: SECCION A: CONSULTAS Y CONTROLES ODONTOLOGICOS REALIZADOS :: A.3. ACCIONES GENERALES DE PREVENCION E HIGIENE :: 50010112 - INSTRUCCION DE HIGIENE ORAL :: INSTRUCCION Y CONTROL DE HIGIENE ORAL EN NINOS Y ADULTOS :: SEGUN GRUPOS DE EDAD O DE RIESGO :: 8-9 ANOS :: HOMBRES,REMASEP_OD,S31,REMASEP_OD :: SECCION A: CONSULTAS Y CONTROLES ODONTOLOGICOS REALIZADOS :: A.3. ACCIONES GENERALES DE PREVENCION E HIGIENE :: INSTRUCCION Y CONTROL DE HIGIENE ORAL EN NINOS Y ADULTOS :: SEGUN GRUPOS DE EDAD O DE RIESGO :: 8-9 ANOS :: HOMBRES,INTEGER_COUNT,stf:dc624775927d4d4d,writable_target_mapping_2026,EXACT_SEMANTIC_MATCH
wi:a9bc49830d0716818448,LEGACY::REMASEP_OD::L74,REMASEP_OD :: SECCION B: ACTIVIDADES DE ATENCION EN ESPECIALIDADES ODONTOLOGICAS. :: NO SE REALIZA EN FG :: REHABILITACION MEDIANTE PROTESIS MUCO-IMPLANTOASISTIDA :: SEGUN GRUPOS DE EDAD O DE RIESGO :: 4 ANOS :: HOMBRES,REMASEP_OD,K91,REMASEP_OD :: SECCION B: ACTIVIDADES DE ATENCION EN ESPECIALIDADES ODONTOLOGICAS. :: REHABILITACION MEDIANTE PROTESIS MUCO-IMPLANTOASISTIDA :: SEGUN GRUPOS DE EDAD O DE RIESGO :: 4 ANOS :: HOMBRES,INTEGER_COUNT,stf:dc624775927d4d4d,writable_target_mapping_2026,EXACT_SEMANTIC_MATCH
wi:a9be28e164e9f9ffce51,LEGACY::REMASEP_OD::L52,REMASEP_OD :: SECCION B: ACTIVIDADES DE ATENCION EN ESPECIALIDADES ODONTOLOGICAS. :: 5004020 - CONTROL ORTODONCIA QUIRURGICO :: ORTODONCIA PRE-QUIRURGICA :: SEGUN GRUPOS DE EDAD O DE RIESGO :: 4 ANOS :: HOMBRES,REMASEP_OD,K69,REMASEP_OD :: SECCION B: ACTIVIDADES DE ATENCION EN ESPECIALIDADES ODONTOLOGICAS. :: ORTODONCIA PRE-QUIRURGICA :: SEGUN GRUPOS DE EDAD O DE RIESGO :: 4 ANOS :: HOMBRES,INTEGER_COUNT,stf:dc624775927d4d4d,writable_target_mapping_2026,EXACT_SEMANTIC_MATCH
wi:a9d7a261655b76aa0534,LEGACY::REMASEP_OD::AB49,REMASEP_OD :: SECCION B: ACTIVIDADES DE ATENCION EN ESPECIALIDADES ODONTOLOGICAS. :: 5004001 - INSTALACION APARATO FIJO SUP O INF :: INSTALACION APARATO FIJO ORTODONCICO :: SEGUN GRUPOS DE EDAD O DE RIESGO :: 25-34 ANOS :: HOMBRES,REMASEP_OD,AA66,REMASEP_OD :: SECCION B: ACTIVIDADES DE ATENCION EN ESPECIALIDADES ODONTOLOGICAS. :: INSTALACION APARATO FIJO ORTODONCICO :: SEGUN GRUPOS DE EDAD O DE RIESGO :: 25-34 ANOS :: HOMBRES,INTEGER_COUNT,stf:dc624775927d4d4d,writable_target_mapping_2026,EXACT_SEMANTIC_MATCH
wi:a9d94bbf0e911e0dd2bb,LEGACY::REMASEP_OD::N62,"REMASEP_OD :: SECCION B: ACTIVIDADES DE ATENCION EN ESPECIALIDADES ODONTOLOGICAS. :: COMPOSITE :: PROCEDIMIENTO RESTAURADOR EN ODONTOPEDIATRIA (TODOS LOS TIPOS: RESINA, TEMPORALES Y AMALGAMAS) :: SEGUN GRUPOS DE EDAD O DE RIESGO :: 5 ANOS :: HOMBRES",REMASEP_OD,M79,"REMASEP_OD :: SECCION B: ACTIVIDADES DE ATENCION EN ESPECIALIDADES ODONTOLOGICAS. :: PROCEDIMIENTO RESTAURADOR EN ODONTOPEDIATRIA (TODOS LOS TIPOS: RESINA, TEMPORALES Y AMALGAMAS) :: SEGUN GRUPOS DE EDAD O DE RIESGO :: 5 ANOS :: HOMBRES",INTEGER_COUNT,stf:dc624775927d4d4d,writable_target_mapping_2026,EXACT_SEMANTIC_MATCH
wi:a9e14771df0a4dee75ce,LEGACY::REMASEP_OD::M54,REMASEP_OD :: SECCION B: ACTIVIDADES DE ATENCION EN ESPECIALIDADES ODONTOLOGICAS. :: CONTROLES ORTODONCIA :: ORTODONCIA PREVENTIVA E INTERCEPTIVA (OPI) :: SEGUN GRUPOS DE EDAD O DE RIESGO :: 4 ANOS :: MUJERES,REMASEP_OD,L71,REMASEP_OD :: SECCION B: ACTIVIDADES DE ATENCION EN ESPECIALIDADES ODONTOLOGICAS. :: ORTODONCIA PREVENTIVA E INTERCEPTIVA (OPI) :: SEGUN GRUPOS DE EDAD O DE RIESGO :: 4 ANOS :: MUJERES,INTEGER_COUNT,stf:dc624775927d4d4d,writable_target_mapping_2026,EXACT_SEMANTIC_MATCH
wi:aa0299fb613467696ecd,LEGACY::REMASEP_OD::AE89,REMASEP_OD :: SECCION B: ACTIVIDADES DE ATENCION EN ESPECIALIDADES ODONTOLOGICAS. :: 5009002 - DESGASTE SELECTIVO :: DESGASTE SELECTIVO :: SEGUN GRUPOS DE EDAD O DE RIESGO :: 35-44 ANOS :: MUJERES,REMASEP_OD,AD106,REMASEP_OD :: SECCION B: ACTIVIDADES DE ATENCION EN ESPECIALIDADES ODONTOLOGICAS. :: DESGASTE SELECTIVO :: SEGUN GRUPOS DE EDAD O DE RIESGO :: 35-44 ANOS :: MUJERES,INTEGER_COUNT,stf:dc624775927d4d4d,writable_target_mapping_2026,EXACT_SEMANTIC_MATCH
wi:aa09775e49428bac9cc5,LEGACY::REMASEP_OD::AA74,REMASEP_OD :: SECCION B: ACTIVIDADES DE ATENCION EN ESPECIALIDADES ODONTOLOGICAS. :: NO SE REALIZA EN FG :: REHABILITACION MEDIANTE PROTESIS MUCO-IMPLANTOASISTIDA :: SEGUN GRUPOS DE EDAD O DE RIESGO :: 20-24 ANOS :: MUJERES,REMASEP_OD,Z91,REMASEP_OD :: SECCION B: ACTIVIDADES DE ATENCION EN ESPECIALIDADES ODONTOLOGICAS. :: REHABILITACION MEDIANTE PROTESIS MUCO-IMPLANTOASISTIDA :: SEGUN GRUPOS DE EDAD O DE RIESGO :: 20-24 ANOS :: MUJERES,INTEGER_COUNT,stf:dc624775927d4d4d,writable_target_mapping_2026,EXACT_SEMANTIC_MATCH
wi:aa0c0bd265d945b6c5da,LEGACY::REMASEP_OD::O53,REMASEP_OD :: SECCION B: ACTIVIDADES DE ATENCION EN ESPECIALIDADES ODONTOLOGICAS. :: CONTROLES ORTOPED. PREQ :: ORTOPEDIA PRE-QUIRURGICA :: SEGUN GRUPOS DE EDAD O DE RIESGO :: 5 ANOS :: MUJERES,REMASEP_OD,N70,REMASEP_OD :: SECCION B: ACTIVIDADES DE ATENCION EN ESPECIALIDADES ODONTOLOGICAS. :: ORTOPEDIA PRE-QUIRURGICA :: SEGUN GRUPOS DE EDAD O DE RIESGO :: 5 ANOS :: MUJERES,INTEGER_COUNT,stf:dc624775927d4d4d,writable_target_mapping_2026,EXACT_SEMANTIC_MATCH
wi:aa10aa081e2fe68ac37a,LEGACY::REMASEP_OD::AM48,REMASEP_OD :: SECCION B: ACTIVIDADES DE ATENCION EN ESPECIALIDADES ODONTOLOGICAS. :: INSTALACION APARATO REMOVIBLE :: INSTALACION APARATO REMOVIBLE ORTODONCICO :: SEGUN GRUPOS DE EDAD O DE RIESGO :: 75 Y MAS ANOS :: MUJERES,REMASEP_OD,AL65,REMASEP_OD :: SECCION B: ACTIVIDADES DE ATENCION EN ESPECIALIDADES ODONTOLOGICAS. :: INSTALACION APARATO REMOVIBLE ORTODONCICO :: SEGUN GRUPOS DE EDAD O DE RIESGO :: 75 Y MAS ANOS :: MUJERES,INTEGER_COUNT,stf:dc624775927d4d4d,writable_target_mapping_2026,EXACT_SEMANTIC_MATCH
wi:aa2a56d16cac8035ab4a,LEGACY::REMASEP_OD::Q17,REMASEP_OD :: SECCION A: CONSULTAS Y CONTROLES ODONTOLOGICOS REALIZADOS :: A.3. ACCIONES GENERALES DE PREVENCION E HIGIENE :: 5001016 - FLUOR :: FLUORACION TOPICA DE BARNIZ :: SEGUN GRUPOS DE EDAD O DE RIESGO :: 6 ANOS :: MUJERES,REMASEP_OD,P34,REMASEP_OD :: SECCION A: CONSULTAS Y CONTROLES ODONTOLOGICOS REALIZADOS :: A.3. ACCIONES GENERALES DE PREVENCION E HIGIENE :: FLUORACION TOPICA DE BARNIZ :: SEGUN GRUPOS DE EDAD O DE RIESGO :: 6 ANOS :: MUJERES,INTEGER_COUNT,stf:dc624775927d4d4d,writable_target_mapping_2026,EXACT_SEMANTIC_MATCH
wi:aab876b31a46949dc922,LEGACY::REMASEP_OD::U46,REMASEP_OD :: SECCION B: ACTIVIDADES DE ATENCION EN ESPECIALIDADES ODONTOLOGICAS. :: 5010009 - VIDRIO IONOMERO :: OBTURACION DIRECTA :: SEGUN GRUPOS DE EDAD O DE RIESGO :: 8-9 ANOS :: MUJERES,REMASEP_OD,T63,REMASEP_OD :: SECCION B: ACTIVIDADES DE ATENCION EN ESPECIALIDADES ODONTOLOGICAS. :: OBTURACION DIRECTA :: SEGUN GRUPOS DE EDAD O DE RIESGO :: 8-9 ANOS :: MUJERES,INTEGER_COUNT,stf:dc624775927d4d4d,writable_target_mapping_2026,EXACT_SEMANTIC_MATCH
wi:ab28319c9953a8c05b3d,LEGACY::REMASEP_01::H90,REMASEP 01 :: SECCION C: ATENCIONES Y CONSULTAS POR OTROS PROFESIONALES NO MEDICOS :: KINE :: KINESIOLOGO/A :: ATENCION KINESIOLOGICA :: POR EDAD (EN ANOS) :: 0 - 4 ANOS :: MUJERES,REMASEP 01,G119,REMASEP 01 :: SECCION C: ATENCIONES Y CONSULTAS POR OTROS PROFESIONALES NO MEDICOS :: KINESIOLOGO/A :: ATENCION KINESIOLOGICA :: POR EDAD (EN ANOS) :: 0 - 4 ANOS :: MUJERES,INTEGER_COUNT,stf:dc624775927d4d4d,writable_target_mapping_2026,EXACT_SEMANTIC_MATCH
wi:ab2afd28ac358a87197a,LEGACY::REMASEP_OD::R62,"REMASEP_OD :: SECCION B: ACTIVIDADES DE ATENCION EN ESPECIALIDADES ODONTOLOGICAS. :: COMPOSITE :: PROCEDIMIENTO RESTAURADOR EN ODONTOPEDIATRIA (TODOS LOS TIPOS: RESINA, TEMPORALES Y AMALGAMAS) :: SEGUN GRUPOS DE EDAD O DE RIESGO :: 7 ANOS :: HOMBRES",REMASEP_OD,Q79,"REMASEP_OD :: SECCION B: ACTIVIDADES DE ATENCION EN ESPECIALIDADES ODONTOLOGICAS. :: PROCEDIMIENTO RESTAURADOR EN ODONTOPEDIATRIA (TODOS LOS TIPOS: RESINA, TEMPORALES Y AMALGAMAS) :: SEGUN GRUPOS DE EDAD O DE RIESGO :: 7 ANOS :: HOMBRES",INTEGER_COUNT,stf:dc624775927d4d4d,writable_target_mapping_2026,EXACT_SEMANTIC_MATCH
wi:ab31a86dc143fe4b0834,LEGACY::REMASEP_OD::H51,REMASEP_OD :: SECCION B: ACTIVIDADES DE ATENCION EN ESPECIALIDADES ODONTOLOGICAS. :: 5004018 - RETIRO APARATO FIJO-LIMPIEZA-IMPRESION :: RETIRO APARATOLOGIA DE ORTODONCIA :: SEGUN GRUPOS DE EDAD O DE RIESGO :: 2 ANOS :: HOMBRES,REMASEP_OD,G68,REMASEP_OD :: SECCION B: ACTIVIDADES DE ATENCION EN ESPECIALIDADES ODONTOLOGICAS. :: RETIRO APARATOLOGIA DE ORTODONCIA :: SEGUN GRUPOS DE EDAD O DE RIESGO :: 2 ANOS :: HOMBRES,INTEGER_COUNT,stf:dc624775927d4d4d,writable_target_mapping_2026,EXACT_SEMANTIC_MATCH
wi:ab334985822102ac09c6,LEGACY::REMASEP_OD::AA10,REMASEP_OD :: SECCION A: CONSULTAS Y CONTROLES ODONTOLOGICOS REALIZADOS :: A.1. CONSULTAS Y ALTAS :: CONTROL ODON ESP :: CONTROLES ODONTOLOGICO DE ESPECIALIDAD :: SEGUN GRUPOS DE EDAD O DE RIESGO :: 20-24 ANOS :: MUJERES,REMASEP_OD,Z19,REMASEP_OD :: SECCION A: CONSULTAS Y CONTROLES ODONTOLOGICOS REALIZADOS :: A.1. CONSULTAS Y ALTAS :: CONTROLES ODONTOLOGICO DE ESPECIALIDAD :: SEGUN GRUPOS DE EDAD O DE RIESGO :: 20-24 ANOS :: MUJERES,INTEGER_COUNT,stf:dc624775927d4d4d,writable_target_mapping_2026,EXACT_SEMANTIC_MATCH
wi:ab4fc5d52276a1b7e31a,LEGACY::REMASEP_OD::I17,REMASEP_OD :: SECCION A: CONSULTAS Y CONTROLES ODONTOLOGICOS REALIZADOS :: A.3. ACCIONES GENERALES DE PREVENCION E HIGIENE :: 5001016 - FLUOR :: FLUORACION TOPICA DE BARNIZ :: SEGUN GRUPOS DE EDAD O DE RIESGO :: 2 ANOS :: MUJERES,REMASEP_OD,H34,REMASEP_OD :: SECCION A: CONSULTAS Y CONTROLES ODONTOLOGICOS REALIZADOS :: A.3. ACCIONES GENERALES DE PREVENCION E HIGIENE :: FLUORACION TOPICA DE BARNIZ :: SEGUN GRUPOS DE EDAD O DE RIESGO :: 2 ANOS :: MUJERES,INTEGER_COUNT,stf:dc624775927d4d4d,writable_target_mapping_2026,EXACT_SEMANTIC_MATCH
wi:ab7f958a36f8294c5481,LEGACY::REMASEP_OD::Q47,REMASEP_OD :: SECCION B: ACTIVIDADES DE ATENCION EN ESPECIALIDADES ODONTOLOGICAS. :: 5005008 - CEMENTACION CARILLA RESINA INDIRECTA :: OBTURACION INDIRECTA (INLAYS U ONLAYS) :: SEGUN GRUPOS DE EDAD O DE RIESGO :: 6 ANOS :: MUJERES,REMASEP_OD,P64,REMASEP_OD :: SECCION B: ACTIVIDADES DE ATENCION EN ESPECIALIDADES ODONTOLOGICAS. :: OBTURACION INDIRECTA (INLAYS U ONLAYS) :: SEGUN GRUPOS DE EDAD O DE RIESGO :: 6 ANOS :: MUJERES,INTEGER_COUNT,stf:dc624775927d4d4d,writable_target_mapping_2026,EXACT_SEMANTIC_MATCH
wi:abc791f3ab8323309aa2,LEGACY::REMASEP_OD::AD9,REMASEP_OD :: SECCION A: CONSULTAS Y CONTROLES ODONTOLOGICOS REALIZADOS :: A.1. CONSULTAS Y ALTAS :: CONTROL ODONTOLOGIA GENERAL :: CONTROLES ODONTOLOGICOS GENERALES :: SEGUN GRUPOS DE EDAD O DE RIESGO :: 35-44 ANOS :: HOMBRES,REMASEP_OD,AC18,REMASEP_OD :: SECCION A: CONSULTAS Y CONTROLES ODONTOLOGICOS REALIZADOS :: A.1. CONSULTAS Y ALTAS :: CONTROLES ODONTOLOGICOS GENERALES :: SEGUN GRUPOS DE EDAD O DE RIESGO :: 35-44 ANOS :: HOMBRES,INTEGER_COUNT,stf:dc624775927d4d4d,writable_target_mapping_2026,EXACT_SEMANTIC_MATCH
wi:ac0d39ad9a8d9ab669d0,LEGACY::REMASEP_OD::AC10,REMASEP_OD :: SECCION A: CONSULTAS Y CONTROLES ODONTOLOGICOS REALIZADOS :: A.1. CONSULTAS Y ALTAS :: CONTROL ODON ESP :: CONTROLES ODONTOLOGICO DE ESPECIALIDAD :: SEGUN GRUPOS DE EDAD O DE RIESGO :: 25-34 ANOS :: MUJERES,REMASEP_OD,AB19,REMASEP_OD :: SECCION A: CONSULTAS Y CONTROLES ODONTOLOGICOS REALIZADOS :: A.1. CONSULTAS Y ALTAS :: CONTROLES ODONTOLOGICO DE ESPECIALIDAD :: SEGUN GRUPOS DE EDAD O DE RIESGO :: 25-34 ANOS :: MUJERES,INTEGER_COUNT,stf:dc624775927d4d4d,writable_target_mapping_2026,EXACT_SEMANTIC_MATCH
wi:ac3ee262553370171794,LEGACY::REMASEP_01::AM86,REMASEP 01 :: SECCION C: ATENCIONES Y CONSULTAS POR OTROS PROFESIONALES NO MEDICOS :: NUTRICIONISTA :: NUTRICIONISTA :: CONSULTA NUTRICIONAL :: POR EDAD (EN ANOS) :: 80 Y MAS ANOS :: HOMBRES,REMASEP 01,AL115,REMASEP 01 :: SECCION C: ATENCIONES Y CONSULTAS POR OTROS PROFESIONALES NO MEDICOS :: NUTRICIONISTA :: CONSULTA NUTRICIONAL :: POR EDAD (EN ANOS) :: 80 Y MAS ANOS :: HOMBRES,INTEGER_COUNT,stf:dc624775927d4d4d,writable_target_mapping_2026,EXACT_SEMANTIC_MATCH
wi:acb0dc31f9acca8905a1,LEGACY::REMASEP_OD::N14,REMASEP_OD :: SECCION A: CONSULTAS Y CONTROLES ODONTOLOGICOS REALIZADOS :: A.3. ACCIONES GENERALES DE PREVENCION E HIGIENE :: 50010112 - INSTRUCCION DE HIGIENE ORAL :: INSTRUCCION Y CONTROL DE HIGIENE ORAL EN NINOS Y ADULTOS :: SEGUN GRUPOS DE EDAD O DE RIESGO :: 5 ANOS :: HOMBRES,REMASEP_OD,M31,REMASEP_OD :: SECCION A: CONSULTAS Y CONTROLES ODONTOLOGICOS REALIZADOS :: A.3. ACCIONES GENERALES DE PREVENCION E HIGIENE :: INSTRUCCION Y CONTROL DE HIGIENE ORAL EN NINOS Y ADULTOS :: SEGUN GRUPOS DE EDAD O DE RIESGO :: 5 ANOS :: HOMBRES,INTEGER_COUNT,stf:dc624775927d4d4d,writable_target_mapping_2026,EXACT_SEMANTIC_MATCH
wi:acf71dea542825d7ccbd,LEGACY::REMASEP_OD::U8,REMASEP_OD :: SECCION A: CONSULTAS Y CONTROLES ODONTOLOGICOS REALIZADOS :: A.1. CONSULTAS Y ALTAS :: EVALUACION ODONTOLOGIA GENERAL :: PRIMERAS CONSULTAS (ANO) DE ODONTOLOGIA ESPECIALIDADES :: SEGUN GRUPOS DE EDAD O DE RIESGO :: 8-9 ANOS :: MUJERES,REMASEP_OD,T17,REMASEP_OD :: SECCION A: CONSULTAS Y CONTROLES ODONTOLOGICOS REALIZADOS :: A.1. CONSULTAS Y ALTAS :: PRIMERAS CONSULTAS (ANO) DE ODONTOLOGIA ESPECIALIDADES :: SEGUN GRUPOS DE EDAD O DE RIESGO :: 8-9 ANOS :: MUJERES,INTEGER_COUNT,stf:dc624775927d4d4d,writable_target_mapping_2026,EXACT_SEMANTIC_MATCH
wi:ad092fd92b4e7f8b698a,LEGACY::REMASEP_OD::AI47,REMASEP_OD :: SECCION B: ACTIVIDADES DE ATENCION EN ESPECIALIDADES ODONTOLOGICAS. :: 5005008 - CEMENTACION CARILLA RESINA INDIRECTA :: OBTURACION INDIRECTA (INLAYS U ONLAYS) :: SEGUN GRUPOS DE EDAD O DE RIESGO :: 60-64 ANOS :: MUJERES,REMASEP_OD,AH64,REMASEP_OD :: SECCION B: ACTIVIDADES DE ATENCION EN ESPECIALIDADES ODONTOLOGICAS. :: OBTURACION INDIRECTA (INLAYS U ONLAYS) :: SEGUN GRUPOS DE EDAD O DE RIESGO :: 60-64 ANOS :: MUJERES,INTEGER_COUNT,stf:dc624775927d4d4d,writable_target_mapping_2026,EXACT_SEMANTIC_MATCH
wi:ad15d6bc24892de95ce2,LEGACY::REMASEP_OD::AA53,REMASEP_OD :: SECCION B: ACTIVIDADES DE ATENCION EN ESPECIALIDADES ODONTOLOGICAS. :: CONTROLES ORTOPED. PREQ :: ORTOPEDIA PRE-QUIRURGICA :: SEGUN GRUPOS DE EDAD O DE RIESGO :: 20-24 ANOS :: MUJERES,REMASEP_OD,Z70,REMASEP_OD :: SECCION B: ACTIVIDADES DE ATENCION EN ESPECIALIDADES ODONTOLOGICAS. :: ORTOPEDIA PRE-QUIRURGICA :: SEGUN GRUPOS DE EDAD O DE RIESGO :: 20-24 ANOS :: MUJERES,INTEGER_COUNT,stf:dc624775927d4d4d,writable_target_mapping_2026,EXACT_SEMANTIC_MATCH
wi:adcf9b82448c9dc3cc5a,LEGACY::REMASEP_OD::AB14,REMASEP_OD :: SECCION A: CONSULTAS Y CONTROLES ODONTOLOGICOS REALIZADOS :: A.3. ACCIONES GENERALES DE PREVENCION E HIGIENE :: 50010112 - INSTRUCCION DE HIGIENE ORAL :: INSTRUCCION Y CONTROL DE HIGIENE ORAL EN NINOS Y ADULTOS :: SEGUN GRUPOS DE EDAD O DE RIESGO :: 25-34 ANOS :: HOMBRES,REMASEP_OD,AA31,REMASEP_OD :: SECCION A: CONSULTAS Y CONTROLES ODONTOLOGICOS REALIZADOS :: A.3. ACCIONES GENERALES DE PREVENCION E HIGIENE :: INSTRUCCION Y CONTROL DE HIGIENE ORAL EN NINOS Y ADULTOS :: SEGUN GRUPOS DE EDAD O DE RIESGO :: 25-34 ANOS :: HOMBRES,INTEGER_COUNT,stf:dc624775927d4d4d,writable_target_mapping_2026,EXACT_SEMANTIC_MATCH
wi:adde024bb30b9351efc3,LEGACY::REMASEP_OD::AJ13,"REMASEP_OD :: SECCION A: CONSULTAS Y CONTROLES ODONTOLOGICOS REALIZADOS :: A.3. ACCIONES GENERALES DE PREVENCION E HIGIENE :: 5001005 - SELLANTES :: APLICACION DE SELLANTE EN PIEZA PERMANENTE, FOTOCURADO :: SEGUN GRUPOS DE EDAD O DE RIESGO :: 65-74 ANOS :: HOMBRES",REMASEP_OD,AI30,"REMASEP_OD :: SECCION A: CONSULTAS Y CONTROLES ODONTOLOGICOS REALIZADOS :: A.3. ACCIONES GENERALES DE PREVENCION E HIGIENE :: APLICACION DE SELLANTE EN PIEZA PERMANENTE, FOTOCURADO :: SEGUN GRUPOS DE EDAD O DE RIESGO :: 65-74 ANOS :: HOMBRES",INTEGER_COUNT,stf:dc624775927d4d4d,writable_target_mapping_2026,EXACT_SEMANTIC_MATCH
wi:ade729908ee41b112e11,LEGACY::REMASEP_OD::G50,REMASEP_OD :: SECCION B: ACTIVIDADES DE ATENCION EN ESPECIALIDADES ODONTOLOGICAS. :: INSTALACION CONTENCION :: INSTALACION APARATO DE CONTENCION ORTODONCICO :: SEGUN GRUPOS DE EDAD O DE RIESGO :: MENOS DE 1 ANO - 1 ANO :: MUJERES,REMASEP_OD,F67,REMASEP_OD :: SECCION B: ACTIVIDADES DE ATENCION EN ESPECIALIDADES ODONTOLOGICAS. :: INSTALACION APARATO DE CONTENCION ORTODONCICO :: SEGUN GRUPOS DE EDAD O DE RIESGO :: MENOS DE 1 ANO - 1 ANO :: MUJERES,INTEGER_COUNT,stf:dc624775927d4d4d,writable_target_mapping_2026,EXACT_SEMANTIC_MATCH
wi:ae2a131060d071c63db7,LEGACY::REMASEP_OD::AG16,REMASEP_OD :: SECCION A: CONSULTAS Y CONTROLES ODONTOLOGICOS REALIZADOS :: A.3. ACCIONES GENERALES DE PREVENCION E HIGIENE :: 5010011 - PROFILAXIS :: HIGIENE Y PROFILAXIS EN NINOS Y ADULTOS :: SEGUN GRUPOS DE EDAD O DE RIESGO :: 45-59 ANOS :: MUJERES,REMASEP_OD,AF33,REMASEP_OD :: SECCION A: CONSULTAS Y CONTROLES ODONTOLOGICOS REALIZADOS :: A.3. ACCIONES GENERALES DE PREVENCION E HIGIENE :: HIGIENE Y PROFILAXIS EN NINOS Y ADULTOS :: SEGUN GRUPOS DE EDAD O DE RIESGO :: 45-59 ANOS :: MUJERES,INTEGER_COUNT,stf:dc624775927d4d4d,writable_target_mapping_2026,EXACT_SEMANTIC_MATCH
wi:ae94edacd9da7fc264b7,LEGACY::REMASEP_OD::K9,REMASEP_OD :: SECCION A: CONSULTAS Y CONTROLES ODONTOLOGICOS REALIZADOS :: A.1. CONSULTAS Y ALTAS :: CONTROL ODONTOLOGIA GENERAL :: CONTROLES ODONTOLOGICOS GENERALES :: SEGUN GRUPOS DE EDAD O DE RIESGO :: 3 ANOS :: MUJERES,REMASEP_OD,J18,REMASEP_OD :: SECCION A: CONSULTAS Y CONTROLES ODONTOLOGICOS REALIZADOS :: A.1. CONSULTAS Y ALTAS :: CONTROLES ODONTOLOGICOS GENERALES :: SEGUN GRUPOS DE EDAD O DE RIESGO :: 3 ANOS :: MUJERES,INTEGER_COUNT,stf:dc624775927d4d4d,writable_target_mapping_2026,EXACT_SEMANTIC_MATCH
wi:aebd04a49b693101e623,LEGACY::REMASEP_OD::I62,"REMASEP_OD :: SECCION B: ACTIVIDADES DE ATENCION EN ESPECIALIDADES ODONTOLOGICAS. :: COMPOSITE :: PROCEDIMIENTO RESTAURADOR EN ODONTOPEDIATRIA (TODOS LOS TIPOS: RESINA, TEMPORALES Y AMALGAMAS) :: SEGUN GRUPOS DE EDAD O DE RIESGO :: 2 ANOS :: MUJERES",REMASEP_OD,H79,"REMASEP_OD :: SECCION B: ACTIVIDADES DE ATENCION EN ESPECIALIDADES ODONTOLOGICAS. :: PROCEDIMIENTO RESTAURADOR EN ODONTOPEDIATRIA (TODOS LOS TIPOS: RESINA, TEMPORALES Y AMALGAMAS) :: SEGUN GRUPOS DE EDAD O DE RIESGO :: 2 ANOS :: MUJERES",INTEGER_COUNT,stf:dc624775927d4d4d,writable_target_mapping_2026,EXACT_SEMANTIC_MATCH
wi:aef05082757a441dcfa6,LEGACY::REMASEP_OD::F10,REMASEP_OD :: SECCION A: CONSULTAS Y CONTROLES ODONTOLOGICOS REALIZADOS :: A.1. CONSULTAS Y ALTAS :: CONTROL ODON ESP :: CONTROLES ODONTOLOGICO DE ESPECIALIDAD :: SEGUN GRUPOS DE EDAD O DE RIESGO :: MENOS DE 1 ANO - 1 ANO :: HOMBRES,REMASEP_OD,E19,REMASEP_OD :: SECCION A: CONSULTAS Y CONTROLES ODONTOLOGICOS REALIZADOS :: A.1. CONSULTAS Y ALTAS :: CONTROLES ODONTOLOGICO DE ESPECIALIDAD :: SEGUN GRUPOS DE EDAD O DE RIESGO :: MENOS DE 1 ANO - 1 ANO :: HOMBRES,INTEGER_COUNT,stf:dc624775927d4d4d,writable_target_mapping_2026,EXACT_SEMANTIC_MATCH
wi:aef941164b0f58cc8c6b,LEGACY::REMASEP_OD::Y54,REMASEP_OD :: SECCION B: ACTIVIDADES DE ATENCION EN ESPECIALIDADES ODONTOLOGICAS. :: CONTROLES ORTODONCIA :: ORTODONCIA PREVENTIVA E INTERCEPTIVA (OPI) :: SEGUN GRUPOS DE EDAD O DE RIESGO :: 15-19 ANOS :: MUJERES,REMASEP_OD,X71,REMASEP_OD :: SECCION B: ACTIVIDADES DE ATENCION EN ESPECIALIDADES ODONTOLOGICAS. :: ORTODONCIA PREVENTIVA E INTERCEPTIVA (OPI) :: SEGUN GRUPOS DE EDAD O DE RIESGO :: 15-19 ANOS :: MUJERES,INTEGER_COUNT,stf:dc624775927d4d4d,writable_target_mapping_2026,EXACT_SEMANTIC_MATCH
wi:afbd870f8d5448a8ea24,LEGACY::REMASEP_OD::Y47,REMASEP_OD :: SECCION B: ACTIVIDADES DE ATENCION EN ESPECIALIDADES ODONTOLOGICAS. :: 5005008 - CEMENTACION CARILLA RESINA INDIRECTA :: OBTURACION INDIRECTA (INLAYS U ONLAYS) :: SEGUN GRUPOS DE EDAD O DE RIESGO :: 15-19 ANOS :: MUJERES,REMASEP_OD,X64,REMASEP_OD :: SECCION B: ACTIVIDADES DE ATENCION EN ESPECIALIDADES ODONTOLOGICAS. :: OBTURACION INDIRECTA (INLAYS U ONLAYS) :: SEGUN GRUPOS DE EDAD O DE RIESGO :: 15-19 ANOS :: MUJERES,INTEGER_COUNT,stf:dc624775927d4d4d,writable_target_mapping_2026,EXACT_SEMANTIC_MATCH
wi:afda8de1594ccda808ff,LEGACY::REMASEP_OD::AJ53,REMASEP_OD :: SECCION B: ACTIVIDADES DE ATENCION EN ESPECIALIDADES ODONTOLOGICAS. :: CONTROLES ORTOPED. PREQ :: ORTOPEDIA PRE-QUIRURGICA :: SEGUN GRUPOS DE EDAD O DE RIESGO :: 65-74 ANOS :: HOMBRES,REMASEP_OD,AI70,REMASEP_OD :: SECCION B: ACTIVIDADES DE ATENCION EN ESPECIALIDADES ODONTOLOGICAS. :: ORTOPEDIA PRE-QUIRURGICA :: SEGUN GRUPOS DE EDAD O DE RIESGO :: 65-74 ANOS :: HOMBRES,INTEGER_COUNT,stf:dc624775927d4d4d,writable_target_mapping_2026,EXACT_SEMANTIC_MATCH
wi:afe3dd2ca75b82b03425,LEGACY::REMASEP_01::N87,REMASEP 01 :: SECCION C: ATENCIONES Y CONSULTAS POR OTROS PROFESIONALES NO MEDICOS :: PSICO :: PSICOLOGO/A :: CONSULTA PSICOLOGICA :: POR EDAD (EN ANOS) :: 15 - 19 ANOS :: MUJERES,REMASEP 01,M116,REMASEP 01 :: SECCION C: ATENCIONES Y CONSULTAS POR OTROS PROFESIONALES NO MEDICOS :: PSICOLOGO/A :: CONSULTA PSICOLOGICA :: POR EDAD (EN ANOS) :: 15 - 19 ANOS :: MUJERES,INTEGER_COUNT,stf:dc624775927d4d4d,writable_target_mapping_2026,EXACT_SEMANTIC_MATCH
wi:b06b8724a6115bdb25b3,LEGACY::REMASEP_01::S90,REMASEP 01 :: SECCION C: ATENCIONES Y CONSULTAS POR OTROS PROFESIONALES NO MEDICOS :: KINE :: KINESIOLOGO/A :: ATENCION KINESIOLOGICA :: POR EDAD (EN ANOS) :: 30 - 34 ANOS :: HOMBRES,REMASEP 01,R119,REMASEP 01 :: SECCION C: ATENCIONES Y CONSULTAS POR OTROS PROFESIONALES NO MEDICOS :: KINESIOLOGO/A :: ATENCION KINESIOLOGICA :: POR EDAD (EN ANOS) :: 30 - 34 ANOS :: HOMBRES,INTEGER_COUNT,stf:dc624775927d4d4d,writable_target_mapping_2026,EXACT_SEMANTIC_MATCH
wi:b0853ab58400ef96b5dd,LEGACY::REMASEP_OD::X46,REMASEP_OD :: SECCION B: ACTIVIDADES DE ATENCION EN ESPECIALIDADES ODONTOLOGICAS. :: 5010009 - VIDRIO IONOMERO :: OBTURACION DIRECTA :: SEGUN GRUPOS DE EDAD O DE RIESGO :: 15-19 ANOS :: HOMBRES,REMASEP_OD,W63,REMASEP_OD :: SECCION B: ACTIVIDADES DE ATENCION EN ESPECIALIDADES ODONTOLOGICAS. :: OBTURACION DIRECTA :: SEGUN GRUPOS DE EDAD O DE RIESGO :: 15-19 ANOS :: HOMBRES,INTEGER_COUNT,stf:dc624775927d4d4d,writable_target_mapping_2026,EXACT_SEMANTIC_MATCH
wi:b0e470b6cb84830b45bc,LEGACY::REMASEP_01::AE87,REMASEP 01 :: SECCION C: ATENCIONES Y CONSULTAS POR OTROS PROFESIONALES NO MEDICOS :: PSICO :: PSICOLOGO/A :: CONSULTA PSICOLOGICA :: POR EDAD (EN ANOS) :: 60 - 64 ANOS :: HOMBRES,REMASEP 01,AD116,REMASEP 01 :: SECCION C: ATENCIONES Y CONSULTAS POR OTROS PROFESIONALES NO MEDICOS :: PSICOLOGO/A :: CONSULTA PSICOLOGICA :: POR EDAD (EN ANOS) :: 60 - 64 ANOS :: HOMBRES,INTEGER_COUNT,stf:dc624775927d4d4d,writable_target_mapping_2026,EXACT_SEMANTIC_MATCH
wi:b0ebaa667669044a7c29,LEGACY::REMASEP_OD::AG17,REMASEP_OD :: SECCION A: CONSULTAS Y CONTROLES ODONTOLOGICOS REALIZADOS :: A.3. ACCIONES GENERALES DE PREVENCION E HIGIENE :: 5001016 - FLUOR :: FLUORACION TOPICA DE BARNIZ :: SEGUN GRUPOS DE EDAD O DE RIESGO :: 45-59 ANOS :: MUJERES,REMASEP_OD,AF34,REMASEP_OD :: SECCION A: CONSULTAS Y CONTROLES ODONTOLOGICOS REALIZADOS :: A.3. ACCIONES GENERALES DE PREVENCION E HIGIENE :: FLUORACION TOPICA DE BARNIZ :: SEGUN GRUPOS DE EDAD O DE RIESGO :: 45-59 ANOS :: MUJERES,INTEGER_COUNT,stf:dc624775927d4d4d,writable_target_mapping_2026,EXACT_SEMANTIC_MATCH
wi:b12fce64e561cd92f800,LEGACY::REMASEP_01::AM87,REMASEP 01 :: SECCION C: ATENCIONES Y CONSULTAS POR OTROS PROFESIONALES NO MEDICOS :: PSICO :: PSICOLOGO/A :: CONSULTA PSICOLOGICA :: POR EDAD (EN ANOS) :: 80 Y MAS ANOS :: HOMBRES,REMASEP 01,AL116,REMASEP 01 :: SECCION C: ATENCIONES Y CONSULTAS POR OTROS PROFESIONALES NO MEDICOS :: PSICOLOGO/A :: CONSULTA PSICOLOGICA :: POR EDAD (EN ANOS) :: 80 Y MAS ANOS :: HOMBRES,INTEGER_COUNT,stf:dc624775927d4d4d,writable_target_mapping_2026,EXACT_SEMANTIC_MATCH
wi:b195056cc0759349ef3c,LEGACY::REMASEP_OD::AA71,REMASEP_OD :: SECCION B: ACTIVIDADES DE ATENCION EN ESPECIALIDADES ODONTOLOGICAS. :: INSTALACION PROTESIS PARCIAL METALICA SUP O INF :: REHABILITACION MEDIANTE PROTESIS REMOVIBLE METALICA PARCIAL :: SEGUN GRUPOS DE EDAD O DE RIESGO :: 20-24 ANOS :: MUJERES,REMASEP_OD,Z88,REMASEP_OD :: SECCION B: ACTIVIDADES DE ATENCION EN ESPECIALIDADES ODONTOLOGICAS. :: REHABILITACION MEDIANTE PROTESIS REMOVIBLE METALICA PARCIAL :: SEGUN GRUPOS DE EDAD O DE RIESGO :: 20-24 ANOS :: MUJERES,INTEGER_COUNT,stf:dc624775927d4d4d,writable_target_mapping_2026,EXACT_SEMANTIC_MATCH
wi:b1b655867aab49a4b561,LEGACY::REMASEP_OD::L73,REMASEP_OD :: SECCION B: ACTIVIDADES DE ATENCION EN ESPECIALIDADES ODONTOLOGICAS. :: INSTALACION CORONA DEFINITIVA SOBRE IMPLANTE :: REHABILITACION MEDIANTE PROTESIS FIJA IMPLANTOASISTIDA (UNITARIA Y PLURAL) :: SEGUN GRUPOS DE EDAD O DE RIESGO :: 4 ANOS :: HOMBRES,REMASEP_OD,K90,REMASEP_OD :: SECCION B: ACTIVIDADES DE ATENCION EN ESPECIALIDADES ODONTOLOGICAS. :: REHABILITACION MEDIANTE PROTESIS FIJA IMPLANTOASISTIDA (UNITARIA Y PLURAL) :: SEGUN GRUPOS DE EDAD O DE RIESGO :: 4 ANOS :: HOMBRES,INTEGER_COUNT,stf:dc624775927d4d4d,writable_target_mapping_2026,EXACT_SEMANTIC_MATCH
wi:b1cdcd976997c303fd4a,LEGACY::REMASEP_OD::N53,REMASEP_OD :: SECCION B: ACTIVIDADES DE ATENCION EN ESPECIALIDADES ODONTOLOGICAS. :: CONTROLES ORTOPED. PREQ :: ORTOPEDIA PRE-QUIRURGICA :: SEGUN GRUPOS DE EDAD O DE RIESGO :: 5 ANOS :: HOMBRES,REMASEP_OD,M70,REMASEP_OD :: SECCION B: ACTIVIDADES DE ATENCION EN ESPECIALIDADES ODONTOLOGICAS. :: ORTOPEDIA PRE-QUIRURGICA :: SEGUN GRUPOS DE EDAD O DE RIESGO :: 5 ANOS :: HOMBRES,INTEGER_COUNT,stf:dc624775927d4d4d,writable_target_mapping_2026,EXACT_SEMANTIC_MATCH
wi:b23e643e9d09ff441364,LEGACY::REMASEP_01::M84,REMASEP 01 :: SECCION C: ATENCIONES Y CONSULTAS POR OTROS PROFESIONALES NO MEDICOS :: ENFERMER :: ENFERMERA/O :: ATENCION AL PACIENTE :: POR EDAD (EN ANOS) :: 15 - 19 ANOS :: HOMBRES,REMASEP 01,L113,REMASEP 01 :: SECCION C: ATENCIONES Y CONSULTAS POR OTROS PROFESIONALES NO MEDICOS :: ENFERMERA/O :: ATENCION AL PACIENTE :: POR EDAD (EN ANOS) :: 15 - 19 ANOS :: HOMBRES,INTEGER_COUNT,stf:dc624775927d4d4d,writable_target_mapping_2026,EXACT_SEMANTIC_MATCH
wi:b2596f53f2fc7f40c5c2,LEGACY::REMASEP_01::AI87,REMASEP 01 :: SECCION C: ATENCIONES Y CONSULTAS POR OTROS PROFESIONALES NO MEDICOS :: PSICO :: PSICOLOGO/A :: CONSULTA PSICOLOGICA :: POR EDAD (EN ANOS) :: 70 - 74 ANOS :: HOMBRES,REMASEP 01,AH116,REMASEP 01 :: SECCION C: ATENCIONES Y CONSULTAS POR OTROS PROFESIONALES NO MEDICOS :: PSICOLOGO/A :: CONSULTA PSICOLOGICA :: POR EDAD (EN ANOS) :: 70 - 74 ANOS :: HOMBRES,INTEGER_COUNT,stf:dc624775927d4d4d,writable_target_mapping_2026,EXACT_SEMANTIC_MATCH
wi:b26b08418de32f93e783,LEGACY::REMASEP_OD::Z53,REMASEP_OD :: SECCION B: ACTIVIDADES DE ATENCION EN ESPECIALIDADES ODONTOLOGICAS. :: CONTROLES ORTOPED. PREQ :: ORTOPEDIA PRE-QUIRURGICA :: SEGUN GRUPOS DE EDAD O DE RIESGO :: 20-24 ANOS :: HOMBRES,REMASEP_OD,Y70,REMASEP_OD :: SECCION B: ACTIVIDADES DE ATENCION EN ESPECIALIDADES ODONTOLOGICAS. :: ORTOPEDIA PRE-QUIRURGICA :: SEGUN GRUPOS DE EDAD O DE RIESGO :: 20-24 ANOS :: HOMBRES,INTEGER_COUNT,stf:dc624775927d4d4d,writable_target_mapping_2026,EXACT_SEMANTIC_MATCH
wi:b2f9adbca87c9a32c046,LEGACY::REMASEP_OD::AL70,REMASEP_OD :: SECCION B: ACTIVIDADES DE ATENCION EN ESPECIALIDADES ODONTOLOGICAS. :: INSTALACION PROTESIS TOTAL ACRILICA SUP O INF :: REHABILITACION MEDIANTE PROTESIS REMOVIBLE ACRILICA PARCIAL O TOTAL :: SEGUN GRUPOS DE EDAD O DE RIESGO :: 75 Y MAS ANOS :: HOMBRES,REMASEP_OD,AK87,REMASEP_OD :: SECCION B: ACTIVIDADES DE ATENCION EN ESPECIALIDADES ODONTOLOGICAS. :: REHABILITACION MEDIANTE PROTESIS REMOVIBLE ACRILICA PARCIAL O TOTAL :: SEGUN GRUPOS DE EDAD O DE RIESGO :: 75 Y MAS ANOS :: HOMBRES,INTEGER_COUNT,stf:dc624775927d4d4d,writable_target_mapping_2026,EXACT_SEMANTIC_MATCH
wi:b34dfdb21cc66d8497e2,LEGACY::REMASEP_OD::AG48,REMASEP_OD :: SECCION B: ACTIVIDADES DE ATENCION EN ESPECIALIDADES ODONTOLOGICAS. :: INSTALACION APARATO REMOVIBLE :: INSTALACION APARATO REMOVIBLE ORTODONCICO :: SEGUN GRUPOS DE EDAD O DE RIESGO :: 45-59 ANOS :: MUJERES,REMASEP_OD,AF65,REMASEP_OD :: SECCION B: ACTIVIDADES DE ATENCION EN ESPECIALIDADES ODONTOLOGICAS. :: INSTALACION APARATO REMOVIBLE ORTODONCICO :: SEGUN GRUPOS DE EDAD O DE RIESGO :: 45-59 ANOS :: MUJERES,INTEGER_COUNT,stf:dc624775927d4d4d,writable_target_mapping_2026,EXACT_SEMANTIC_MATCH
wi:b3602347fad8d0dece6f,LEGACY::REMASEP_OD::AF16,REMASEP_OD :: SECCION A: CONSULTAS Y CONTROLES ODONTOLOGICOS REALIZADOS :: A.3. ACCIONES GENERALES DE PREVENCION E HIGIENE :: 5010011 - PROFILAXIS :: HIGIENE Y PROFILAXIS EN NINOS Y ADULTOS :: SEGUN GRUPOS DE EDAD O DE RIESGO :: 45-59 ANOS :: HOMBRES,REMASEP_OD,AE33,REMASEP_OD :: SECCION A: CONSULTAS Y CONTROLES ODONTOLOGICOS REALIZADOS :: A.3. ACCIONES GENERALES DE PREVENCION E HIGIENE :: HIGIENE Y PROFILAXIS EN NINOS Y ADULTOS :: SEGUN GRUPOS DE EDAD O DE RIESGO :: 45-59 ANOS :: HOMBRES,INTEGER_COUNT,stf:dc624775927d4d4d,writable_target_mapping_2026,EXACT_SEMANTIC_MATCH
wi:b3e394638af477a7b292,LEGACY::REMASEP_OD::Z52,REMASEP_OD :: SECCION B: ACTIVIDADES DE ATENCION EN ESPECIALIDADES ODONTOLOGICAS. :: 5004020 - CONTROL ORTODONCIA QUIRURGICO :: ORTODONCIA PRE-QUIRURGICA :: SEGUN GRUPOS DE EDAD O DE RIESGO :: 20-24 ANOS :: HOMBRES,REMASEP_OD,Y69,REMASEP_OD :: SECCION B: ACTIVIDADES DE ATENCION EN ESPECIALIDADES ODONTOLOGICAS. :: ORTODONCIA PRE-QUIRURGICA :: SEGUN GRUPOS DE EDAD O DE RIESGO :: 20-24 ANOS :: HOMBRES,INTEGER_COUNT,stf:dc624775927d4d4d,writable_target_mapping_2026,EXACT_SEMANTIC_MATCH
wi:b40ab8a0167b14f55b4b,LEGACY::REMASEP_OD::L53,REMASEP_OD :: SECCION B: ACTIVIDADES DE ATENCION EN ESPECIALIDADES ODONTOLOGICAS. :: CONTROLES ORTOPED. PREQ :: ORTOPEDIA PRE-QUIRURGICA :: SEGUN GRUPOS DE EDAD O DE RIESGO :: 4 ANOS :: HOMBRES,REMASEP_OD,K70,REMASEP_OD :: SECCION B: ACTIVIDADES DE ATENCION EN ESPECIALIDADES ODONTOLOGICAS. :: ORTOPEDIA PRE-QUIRURGICA :: SEGUN GRUPOS DE EDAD O DE RIESGO :: 4 ANOS :: HOMBRES,INTEGER_COUNT,stf:dc624775927d4d4d,writable_target_mapping_2026,EXACT_SEMANTIC_MATCH
wi:b4bc382b1cdaf6ce0f74,LEGACY::REMASEP_OD::AJ47,REMASEP_OD :: SECCION B: ACTIVIDADES DE ATENCION EN ESPECIALIDADES ODONTOLOGICAS. :: 5005008 - CEMENTACION CARILLA RESINA INDIRECTA :: OBTURACION INDIRECTA (INLAYS U ONLAYS) :: SEGUN GRUPOS DE EDAD O DE RIESGO :: 65-74 ANOS :: HOMBRES,REMASEP_OD,AI64,REMASEP_OD :: SECCION B: ACTIVIDADES DE ATENCION EN ESPECIALIDADES ODONTOLOGICAS. :: OBTURACION INDIRECTA (INLAYS U ONLAYS) :: SEGUN GRUPOS DE EDAD O DE RIESGO :: 65-74 ANOS :: HOMBRES,INTEGER_COUNT,stf:dc624775927d4d4d,writable_target_mapping_2026,EXACT_SEMANTIC_MATCH
wi:b4dcfe5ad090ad60cbf0,LEGACY::REMASEP_01::AL90,REMASEP 01 :: SECCION C: ATENCIONES Y CONSULTAS POR OTROS PROFESIONALES NO MEDICOS :: KINE :: KINESIOLOGO/A :: ATENCION KINESIOLOGICA :: POR EDAD (EN ANOS) :: 75 - 79 ANOS :: MUJERES,REMASEP 01,AK119,REMASEP 01 :: SECCION C: ATENCIONES Y CONSULTAS POR OTROS PROFESIONALES NO MEDICOS :: KINESIOLOGO/A :: ATENCION KINESIOLOGICA :: POR EDAD (EN ANOS) :: 75 - 79 ANOS :: MUJERES,INTEGER_COUNT,stf:dc624775927d4d4d,writable_target_mapping_2026,EXACT_SEMANTIC_MATCH
wi:b566d9f8e5607f15459a,LEGACY::REMASEP_OD::T40,REMASEP_OD :: SECCION B: ACTIVIDADES DE ATENCION EN ESPECIALIDADES ODONTOLOGICAS. :: EVALUACION ODON ESP :: EXAMEN Y DIAGNOSTICO DE ESPECIALIDAD :: SEGUN GRUPOS DE EDAD O DE RIESGO :: 8-9 ANOS :: HOMBRES,REMASEP_OD,S57,REMASEP_OD :: SECCION B: ACTIVIDADES DE ATENCION EN ESPECIALIDADES ODONTOLOGICAS. :: EXAMEN Y DIAGNOSTICO DE ESPECIALIDAD :: SEGUN GRUPOS DE EDAD O DE RIESGO :: 8-9 ANOS :: HOMBRES,INTEGER_COUNT,stf:dc624775927d4d4d,writable_target_mapping_2026,EXACT_SEMANTIC_MATCH
wi:b57707c297faffc79110,LEGACY::REMASEP_OD::Z70,REMASEP_OD :: SECCION B: ACTIVIDADES DE ATENCION EN ESPECIALIDADES ODONTOLOGICAS. :: INSTALACION PROTESIS TOTAL ACRILICA SUP O INF :: REHABILITACION MEDIANTE PROTESIS REMOVIBLE ACRILICA PARCIAL O TOTAL :: SEGUN GRUPOS DE EDAD O DE RIESGO :: 20-24 ANOS :: HOMBRES,REMASEP_OD,Y87,REMASEP_OD :: SECCION B: ACTIVIDADES DE ATENCION EN ESPECIALIDADES ODONTOLOGICAS. :: REHABILITACION MEDIANTE PROTESIS REMOVIBLE ACRILICA PARCIAL O TOTAL :: SEGUN GRUPOS DE EDAD O DE RIESGO :: 20-24 ANOS :: HOMBRES,INTEGER_COUNT,stf:dc624775927d4d4d,writable_target_mapping_2026,EXACT_SEMANTIC_MATCH
wi:b590499aba4aa6dfa5e8,LEGACY::REMASEP_OD::AJ40,REMASEP_OD :: SECCION B: ACTIVIDADES DE ATENCION EN ESPECIALIDADES ODONTOLOGICAS. :: EVALUACION ODON ESP :: EXAMEN Y DIAGNOSTICO DE ESPECIALIDAD :: SEGUN GRUPOS DE EDAD O DE RIESGO :: 65-74 ANOS :: HOMBRES,REMASEP_OD,AI57,REMASEP_OD :: SECCION B: ACTIVIDADES DE ATENCION EN ESPECIALIDADES ODONTOLOGICAS. :: EXAMEN Y DIAGNOSTICO DE ESPECIALIDAD :: SEGUN GRUPOS DE EDAD O DE RIESGO :: 65-74 ANOS :: HOMBRES,INTEGER_COUNT,stf:dc624775927d4d4d,writable_target_mapping_2026,EXACT_SEMANTIC_MATCH
wi:b5ee99219cb51ff5987b,LEGACY::REMASEP_OD::I9,REMASEP_OD :: SECCION A: CONSULTAS Y CONTROLES ODONTOLOGICOS REALIZADOS :: A.1. CONSULTAS Y ALTAS :: CONTROL ODONTOLOGIA GENERAL :: CONTROLES ODONTOLOGICOS GENERALES :: SEGUN GRUPOS DE EDAD O DE RIESGO :: 2 ANOS :: MUJERES,REMASEP_OD,H18,REMASEP_OD :: SECCION A: CONSULTAS Y CONTROLES ODONTOLOGICOS REALIZADOS :: A.1. CONSULTAS Y ALTAS :: CONTROLES ODONTOLOGICOS GENERALES :: SEGUN GRUPOS DE EDAD O DE RIESGO :: 2 ANOS :: MUJERES,INTEGER_COUNT,stf:dc624775927d4d4d,writable_target_mapping_2026,EXACT_SEMANTIC_MATCH
wi:b6009acb76695f01c3a3,LEGACY::REMASEP_OD::J47,REMASEP_OD :: SECCION B: ACTIVIDADES DE ATENCION EN ESPECIALIDADES ODONTOLOGICAS. :: 5005008 - CEMENTACION CARILLA RESINA INDIRECTA :: OBTURACION INDIRECTA (INLAYS U ONLAYS) :: SEGUN GRUPOS DE EDAD O DE RIESGO :: 3 ANOS :: HOMBRES,REMASEP_OD,I64,REMASEP_OD :: SECCION B: ACTIVIDADES DE ATENCION EN ESPECIALIDADES ODONTOLOGICAS. :: OBTURACION INDIRECTA (INLAYS U ONLAYS) :: SEGUN GRUPOS DE EDAD O DE RIESGO :: 3 ANOS :: HOMBRES,INTEGER_COUNT,stf:dc624775927d4d4d,writable_target_mapping_2026,EXACT_SEMANTIC_MATCH
wi:b60e48eaf5020edd5140,LEGACY::REMASEP_OD::T70,REMASEP_OD :: SECCION B: ACTIVIDADES DE ATENCION EN ESPECIALIDADES ODONTOLOGICAS. :: INSTALACION PROTESIS TOTAL ACRILICA SUP O INF :: REHABILITACION MEDIANTE PROTESIS REMOVIBLE ACRILICA PARCIAL O TOTAL :: SEGUN GRUPOS DE EDAD O DE RIESGO :: 8-9 ANOS :: HOMBRES,REMASEP_OD,S87,REMASEP_OD :: SECCION B: ACTIVIDADES DE ATENCION EN ESPECIALIDADES ODONTOLOGICAS. :: REHABILITACION MEDIANTE PROTESIS REMOVIBLE ACRILICA PARCIAL O TOTAL :: SEGUN GRUPOS DE EDAD O DE RIESGO :: 8-9 ANOS :: HOMBRES,INTEGER_COUNT,stf:dc624775927d4d4d,writable_target_mapping_2026,EXACT_SEMANTIC_MATCH
wi:b64ddffee0cb7419a2af,LEGACY::REMASEP_OD::AI53,REMASEP_OD :: SECCION B: ACTIVIDADES DE ATENCION EN ESPECIALIDADES ODONTOLOGICAS. :: CONTROLES ORTOPED. PREQ :: ORTOPEDIA PRE-QUIRURGICA :: SEGUN GRUPOS DE EDAD O DE RIESGO :: 60-64 ANOS :: MUJERES,REMASEP_OD,AH70,REMASEP_OD :: SECCION B: ACTIVIDADES DE ATENCION EN ESPECIALIDADES ODONTOLOGICAS. :: ORTOPEDIA PRE-QUIRURGICA :: SEGUN GRUPOS DE EDAD O DE RIESGO :: 60-64 ANOS :: MUJERES,INTEGER_COUNT,stf:dc624775927d4d4d,writable_target_mapping_2026,EXACT_SEMANTIC_MATCH
wi:b65a008ef8db87636467,LEGACY::REMASEP_OD::K52,REMASEP_OD :: SECCION B: ACTIVIDADES DE ATENCION EN ESPECIALIDADES ODONTOLOGICAS. :: 5004020 - CONTROL ORTODONCIA QUIRURGICO :: ORTODONCIA PRE-QUIRURGICA :: SEGUN GRUPOS DE EDAD O DE RIESGO :: 3 ANOS :: MUJERES,REMASEP_OD,J69,REMASEP_OD :: SECCION B: ACTIVIDADES DE ATENCION EN ESPECIALIDADES ODONTOLOGICAS. :: ORTODONCIA PRE-QUIRURGICA :: SEGUN GRUPOS DE EDAD O DE RIESGO :: 3 ANOS :: MUJERES,INTEGER_COUNT,stf:dc624775927d4d4d,writable_target_mapping_2026,EXACT_SEMANTIC_MATCH
wi:b6de910b1437915ca204,LEGACY::REMASEP_OD::J48,REMASEP_OD :: SECCION B: ACTIVIDADES DE ATENCION EN ESPECIALIDADES ODONTOLOGICAS. :: INSTALACION APARATO REMOVIBLE :: INSTALACION APARATO REMOVIBLE ORTODONCICO :: SEGUN GRUPOS DE EDAD O DE RIESGO :: 3 ANOS :: HOMBRES,REMASEP_OD,I65,REMASEP_OD :: SECCION B: ACTIVIDADES DE ATENCION EN ESPECIALIDADES ODONTOLOGICAS. :: INSTALACION APARATO REMOVIBLE ORTODONCICO :: SEGUN GRUPOS DE EDAD O DE RIESGO :: 3 ANOS :: HOMBRES,INTEGER_COUNT,stf:dc624775927d4d4d,writable_target_mapping_2026,EXACT_SEMANTIC_MATCH
wi:b7905a8cd7488a987af7,LEGACY::REMASEP_01::AD86,REMASEP 01 :: SECCION C: ATENCIONES Y CONSULTAS POR OTROS PROFESIONALES NO MEDICOS :: NUTRICIONISTA :: NUTRICIONISTA :: CONSULTA NUTRICIONAL :: POR EDAD (EN ANOS) :: 55 - 59 ANOS :: MUJERES,REMASEP 01,AC115,REMASEP 01 :: SECCION C: ATENCIONES Y CONSULTAS POR OTROS PROFESIONALES NO MEDICOS :: NUTRICIONISTA :: CONSULTA NUTRICIONAL :: POR EDAD (EN ANOS) :: 55 - 59 ANOS :: MUJERES,INTEGER_COUNT,stf:dc624775927d4d4d,writable_target_mapping_2026,EXACT_SEMANTIC_MATCH
wi:b831c2589466910d9633,LEGACY::REMASEP_OD::G70,REMASEP_OD :: SECCION B: ACTIVIDADES DE ATENCION EN ESPECIALIDADES ODONTOLOGICAS. :: INSTALACION PROTESIS TOTAL ACRILICA SUP O INF :: REHABILITACION MEDIANTE PROTESIS REMOVIBLE ACRILICA PARCIAL O TOTAL :: SEGUN GRUPOS DE EDAD O DE RIESGO :: MENOS DE 1 ANO - 1 ANO :: MUJERES,REMASEP_OD,F87,REMASEP_OD :: SECCION B: ACTIVIDADES DE ATENCION EN ESPECIALIDADES ODONTOLOGICAS. :: REHABILITACION MEDIANTE PROTESIS REMOVIBLE ACRILICA PARCIAL O TOTAL :: SEGUN GRUPOS DE EDAD O DE RIESGO :: MENOS DE 1 ANO - 1 ANO :: MUJERES,INTEGER_COUNT,stf:dc624775927d4d4d,writable_target_mapping_2026,EXACT_SEMANTIC_MATCH
wi:b838b4caeb8af7010e24,LEGACY::REMASEP_OD::AB74,REMASEP_OD :: SECCION B: ACTIVIDADES DE ATENCION EN ESPECIALIDADES ODONTOLOGICAS. :: NO SE REALIZA EN FG :: REHABILITACION MEDIANTE PROTESIS MUCO-IMPLANTOASISTIDA :: SEGUN GRUPOS DE EDAD O DE RIESGO :: 25-34 ANOS :: HOMBRES,REMASEP_OD,AA91,REMASEP_OD :: SECCION B: ACTIVIDADES DE ATENCION EN ESPECIALIDADES ODONTOLOGICAS. :: REHABILITACION MEDIANTE PROTESIS MUCO-IMPLANTOASISTIDA :: SEGUN GRUPOS DE EDAD O DE RIESGO :: 25-34 ANOS :: HOMBRES,INTEGER_COUNT,stf:dc624775927d4d4d,writable_target_mapping_2026,EXACT_SEMANTIC_MATCH
wi:b844db4d78b965cffbb4,LEGACY::REMASEP_OD::W53,REMASEP_OD :: SECCION B: ACTIVIDADES DE ATENCION EN ESPECIALIDADES ODONTOLOGICAS. :: CONTROLES ORTOPED. PREQ :: ORTOPEDIA PRE-QUIRURGICA :: SEGUN GRUPOS DE EDAD O DE RIESGO :: 10-14 ANOS :: MUJERES,REMASEP_OD,V70,REMASEP_OD :: SECCION B: ACTIVIDADES DE ATENCION EN ESPECIALIDADES ODONTOLOGICAS. :: ORTOPEDIA PRE-QUIRURGICA :: SEGUN GRUPOS DE EDAD O DE RIESGO :: 10-14 ANOS :: MUJERES,INTEGER_COUNT,stf:dc624775927d4d4d,writable_target_mapping_2026,EXACT_SEMANTIC_MATCH
wi:b867b5747b0189675e16,LEGACY::REMASEP_OD::AH72,REMASEP_OD :: SECCION B: ACTIVIDADES DE ATENCION EN ESPECIALIDADES ODONTOLOGICAS. :: CEMENTACION PROTESIS FIJA SOBRE DIENTE :: REHABILITACION MEDIANTE PROTESIS FIJA UNITARIA O PLURAL :: SEGUN GRUPOS DE EDAD O DE RIESGO :: 60-64 ANOS :: HOMBRES,REMASEP_OD,AG89,REMASEP_OD :: SECCION B: ACTIVIDADES DE ATENCION EN ESPECIALIDADES ODONTOLOGICAS. :: REHABILITACION MEDIANTE PROTESIS FIJA UNITARIA O PLURAL :: SEGUN GRUPOS DE EDAD O DE RIESGO :: 60-64 ANOS :: HOMBRES,INTEGER_COUNT,stf:dc624775927d4d4d,writable_target_mapping_2026,EXACT_SEMANTIC_MATCH
wi:b8a6adfe2448b70247bc,LEGACY::REMASEP_OD::R40,REMASEP_OD :: SECCION B: ACTIVIDADES DE ATENCION EN ESPECIALIDADES ODONTOLOGICAS. :: EVALUACION ODON ESP :: EXAMEN Y DIAGNOSTICO DE ESPECIALIDAD :: SEGUN GRUPOS DE EDAD O DE RIESGO :: 7 ANOS :: HOMBRES,REMASEP_OD,Q57,REMASEP_OD :: SECCION B: ACTIVIDADES DE ATENCION EN ESPECIALIDADES ODONTOLOGICAS. :: EXAMEN Y DIAGNOSTICO DE ESPECIALIDAD :: SEGUN GRUPOS DE EDAD O DE RIESGO :: 7 ANOS :: HOMBRES,INTEGER_COUNT,stf:dc624775927d4d4d,writable_target_mapping_2026,EXACT_SEMANTIC_MATCH
wi:b8edd6ccb490dac79872,LEGACY::REMASEP_OD::U90,REMASEP_OD :: SECCION B: ACTIVIDADES DE ATENCION EN ESPECIALIDADES ODONTOLOGICAS. :: INSTALACIONES ORTOPEDIA :: INSTALACION DE DISPOSITIVO ORTOPEDICO :: SEGUN GRUPOS DE EDAD O DE RIESGO :: 8-9 ANOS :: MUJERES,REMASEP_OD,T107,REMASEP_OD :: SECCION B: ACTIVIDADES DE ATENCION EN ESPECIALIDADES ODONTOLOGICAS. :: INSTALACION DE DISPOSITIVO ORTOPEDICO :: SEGUN GRUPOS DE EDAD O DE RIESGO :: 8-9 ANOS :: MUJERES,INTEGER_COUNT,stf:dc624775927d4d4d,writable_target_mapping_2026,EXACT_SEMANTIC_MATCH
wi:b8eecf168d5efd15df39,LEGACY::REMASEP_OD::Q63,REMASEP_OD :: SECCION B: ACTIVIDADES DE ATENCION EN ESPECIALIDADES ODONTOLOGICAS. :: 5010023 - PULPECTOMIA / 5010003 - PULPOTOMIA :: PROCEDIMIENTO PULPAR EN ODONTOPEDIATRIA (PULPOTOMIA Y PULPECTOMIA) :: SEGUN GRUPOS DE EDAD O DE RIESGO :: 6 ANOS :: MUJERES,REMASEP_OD,P80,REMASEP_OD :: SECCION B: ACTIVIDADES DE ATENCION EN ESPECIALIDADES ODONTOLOGICAS. :: PROCEDIMIENTO PULPAR EN ODONTOPEDIATRIA (PULPOTOMIA Y PULPECTOMIA) :: SEGUN GRUPOS DE EDAD O DE RIESGO :: 6 ANOS :: MUJERES,INTEGER_COUNT,stf:dc624775927d4d4d,writable_target_mapping_2026,EXACT_SEMANTIC_MATCH
wi:b92a3fb3f6a9de2b2079,LEGACY::REMASEP_OD::AE52,REMASEP_OD :: SECCION B: ACTIVIDADES DE ATENCION EN ESPECIALIDADES ODONTOLOGICAS. :: 5004020 - CONTROL ORTODONCIA QUIRURGICO :: ORTODONCIA PRE-QUIRURGICA :: SEGUN GRUPOS DE EDAD O DE RIESGO :: 35-44 ANOS :: MUJERES,REMASEP_OD,AD69,REMASEP_OD :: SECCION B: ACTIVIDADES DE ATENCION EN ESPECIALIDADES ODONTOLOGICAS. :: ORTODONCIA PRE-QUIRURGICA :: SEGUN GRUPOS DE EDAD O DE RIESGO :: 35-44 ANOS :: MUJERES,INTEGER_COUNT,stf:dc624775927d4d4d,writable_target_mapping_2026,EXACT_SEMANTIC_MATCH
wi:b995fa5fbe2b7e3b9d57,LEGACY::REMASEP_OD::AH62,"REMASEP_OD :: SECCION B: ACTIVIDADES DE ATENCION EN ESPECIALIDADES ODONTOLOGICAS. :: COMPOSITE :: PROCEDIMIENTO RESTAURADOR EN ODONTOPEDIATRIA (TODOS LOS TIPOS: RESINA, TEMPORALES Y AMALGAMAS) :: SEGUN GRUPOS DE EDAD O DE RIESGO :: 60-64 ANOS :: HOMBRES",REMASEP_OD,AG79,"REMASEP_OD :: SECCION B: ACTIVIDADES DE ATENCION EN ESPECIALIDADES ODONTOLOGICAS. :: PROCEDIMIENTO RESTAURADOR EN ODONTOPEDIATRIA (TODOS LOS TIPOS: RESINA, TEMPORALES Y AMALGAMAS) :: SEGUN GRUPOS DE EDAD O DE RIESGO :: 60-64 ANOS :: HOMBRES",INTEGER_COUNT,stf:dc624775927d4d4d,writable_target_mapping_2026,EXACT_SEMANTIC_MATCH
wi:b9ae2078765629623a16,LEGACY::REMASEP_OD::Z10,REMASEP_OD :: SECCION A: CONSULTAS Y CONTROLES ODONTOLOGICOS REALIZADOS :: A.1. CONSULTAS Y ALTAS :: CONTROL ODON ESP :: CONTROLES ODONTOLOGICO DE ESPECIALIDAD :: SEGUN GRUPOS DE EDAD O DE RIESGO :: 20-24 ANOS :: HOMBRES,REMASEP_OD,Y19,REMASEP_OD :: SECCION A: CONSULTAS Y CONTROLES ODONTOLOGICOS REALIZADOS :: A.1. CONSULTAS Y ALTAS :: CONTROLES ODONTOLOGICO DE ESPECIALIDAD :: SEGUN GRUPOS DE EDAD O DE RIESGO :: 20-24 ANOS :: HOMBRES,INTEGER_COUNT,stf:dc624775927d4d4d,writable_target_mapping_2026,EXACT_SEMANTIC_MATCH
wi:b9b1a6499f3c1f184320,LEGACY::REMASEP_OD::R48,REMASEP_OD :: SECCION B: ACTIVIDADES DE ATENCION EN ESPECIALIDADES ODONTOLOGICAS. :: INSTALACION APARATO REMOVIBLE :: INSTALACION APARATO REMOVIBLE ORTODONCICO :: SEGUN GRUPOS DE EDAD O DE RIESGO :: 7 ANOS :: HOMBRES,REMASEP_OD,Q65,REMASEP_OD :: SECCION B: ACTIVIDADES DE ATENCION EN ESPECIALIDADES ODONTOLOGICAS. :: INSTALACION APARATO REMOVIBLE ORTODONCICO :: SEGUN GRUPOS DE EDAD O DE RIESGO :: 7 ANOS :: HOMBRES,INTEGER_COUNT,stf:dc624775927d4d4d,writable_target_mapping_2026,EXACT_SEMANTIC_MATCH
wi:b9f56efbcaca2d427fd7,LEGACY::REMASEP_OD::R14,REMASEP_OD :: SECCION A: CONSULTAS Y CONTROLES ODONTOLOGICOS REALIZADOS :: A.3. ACCIONES GENERALES DE PREVENCION E HIGIENE :: 50010112 - INSTRUCCION DE HIGIENE ORAL :: INSTRUCCION Y CONTROL DE HIGIENE ORAL EN NINOS Y ADULTOS :: SEGUN GRUPOS DE EDAD O DE RIESGO :: 7 ANOS :: HOMBRES,REMASEP_OD,Q31,REMASEP_OD :: SECCION A: CONSULTAS Y CONTROLES ODONTOLOGICOS REALIZADOS :: A.3. ACCIONES GENERALES DE PREVENCION E HIGIENE :: INSTRUCCION Y CONTROL DE HIGIENE ORAL EN NINOS Y ADULTOS :: SEGUN GRUPOS DE EDAD O DE RIESGO :: 7 ANOS :: HOMBRES,INTEGER_COUNT,stf:dc624775927d4d4d,writable_target_mapping_2026,EXACT_SEMANTIC_MATCH
wi:ba6ef0ad036dcbd058b1,LEGACY::REMASEP_OD::W10,REMASEP_OD :: SECCION A: CONSULTAS Y CONTROLES ODONTOLOGICOS REALIZADOS :: A.1. CONSULTAS Y ALTAS :: CONTROL ODON ESP :: CONTROLES ODONTOLOGICO DE ESPECIALIDAD :: SEGUN GRUPOS DE EDAD O DE RIESGO :: 10-14 ANOS :: MUJERES,REMASEP_OD,V19,REMASEP_OD :: SECCION A: CONSULTAS Y CONTROLES ODONTOLOGICOS REALIZADOS :: A.1. CONSULTAS Y ALTAS :: CONTROLES ODONTOLOGICO DE ESPECIALIDAD :: SEGUN GRUPOS DE EDAD O DE RIESGO :: 10-14 ANOS :: MUJERES,INTEGER_COUNT,stf:dc624775927d4d4d,writable_target_mapping_2026,EXACT_SEMANTIC_MATCH
wi:bad2098317d1cfd53653,LEGACY::REMASEP_OD::AK14,REMASEP_OD :: SECCION A: CONSULTAS Y CONTROLES ODONTOLOGICOS REALIZADOS :: A.3. ACCIONES GENERALES DE PREVENCION E HIGIENE :: 50010112 - INSTRUCCION DE HIGIENE ORAL :: INSTRUCCION Y CONTROL DE HIGIENE ORAL EN NINOS Y ADULTOS :: SEGUN GRUPOS DE EDAD O DE RIESGO :: 65-74 ANOS :: MUJERES,REMASEP_OD,AJ31,REMASEP_OD :: SECCION A: CONSULTAS Y CONTROLES ODONTOLOGICOS REALIZADOS :: A.3. ACCIONES GENERALES DE PREVENCION E HIGIENE :: INSTRUCCION Y CONTROL DE HIGIENE ORAL EN NINOS Y ADULTOS :: SEGUN GRUPOS DE EDAD O DE RIESGO :: 65-74 ANOS :: MUJERES,INTEGER_COUNT,stf:dc624775927d4d4d,writable_target_mapping_2026,EXACT_SEMANTIC_MATCH
wi:bad8ffcd2fdee1d94e1d,LEGACY::REMASEP_OD::F51,REMASEP_OD :: SECCION B: ACTIVIDADES DE ATENCION EN ESPECIALIDADES ODONTOLOGICAS. :: 5004018 - RETIRO APARATO FIJO-LIMPIEZA-IMPRESION :: RETIRO APARATOLOGIA DE ORTODONCIA :: SEGUN GRUPOS DE EDAD O DE RIESGO :: MENOS DE 1 ANO - 1 ANO :: HOMBRES,REMASEP_OD,E68,REMASEP_OD :: SECCION B: ACTIVIDADES DE ATENCION EN ESPECIALIDADES ODONTOLOGICAS. :: RETIRO APARATOLOGIA DE ORTODONCIA :: SEGUN GRUPOS DE EDAD O DE RIESGO :: MENOS DE 1 ANO - 1 ANO :: HOMBRES,INTEGER_COUNT,stf:dc624775927d4d4d,writable_target_mapping_2026,EXACT_SEMANTIC_MATCH
wi:bb08ad6371834166666d,LEGACY::REMASEP_OD::H14,REMASEP_OD :: SECCION A: CONSULTAS Y CONTROLES ODONTOLOGICOS REALIZADOS :: A.3. ACCIONES GENERALES DE PREVENCION E HIGIENE :: 50010112 - INSTRUCCION DE HIGIENE ORAL :: INSTRUCCION Y CONTROL DE HIGIENE ORAL EN NINOS Y ADULTOS :: SEGUN GRUPOS DE EDAD O DE RIESGO :: 2 ANOS :: HOMBRES,REMASEP_OD,G31,REMASEP_OD :: SECCION A: CONSULTAS Y CONTROLES ODONTOLOGICOS REALIZADOS :: A.3. ACCIONES GENERALES DE PREVENCION E HIGIENE :: INSTRUCCION Y CONTROL DE HIGIENE ORAL EN NINOS Y ADULTOS :: SEGUN GRUPOS DE EDAD O DE RIESGO :: 2 ANOS :: HOMBRES,INTEGER_COUNT,stf:dc624775927d4d4d,writable_target_mapping_2026,EXACT_SEMANTIC_MATCH
wi:bb7d170f06d975a49303,LEGACY::REMASEP_OD::AG40,REMASEP_OD :: SECCION B: ACTIVIDADES DE ATENCION EN ESPECIALIDADES ODONTOLOGICAS. :: EVALUACION ODON ESP :: EXAMEN Y DIAGNOSTICO DE ESPECIALIDAD :: SEGUN GRUPOS DE EDAD O DE RIESGO :: 45-59 ANOS :: MUJERES,REMASEP_OD,AF57,REMASEP_OD :: SECCION B: ACTIVIDADES DE ATENCION EN ESPECIALIDADES ODONTOLOGICAS. :: EXAMEN Y DIAGNOSTICO DE ESPECIALIDAD :: SEGUN GRUPOS DE EDAD O DE RIESGO :: 45-59 ANOS :: MUJERES,INTEGER_COUNT,stf:dc624775927d4d4d,writable_target_mapping_2026,EXACT_SEMANTIC_MATCH
wi:bbf812e8209ce721e9eb,LEGACY::REMASEP_OD::AF14,REMASEP_OD :: SECCION A: CONSULTAS Y CONTROLES ODONTOLOGICOS REALIZADOS :: A.3. ACCIONES GENERALES DE PREVENCION E HIGIENE :: 50010112 - INSTRUCCION DE HIGIENE ORAL :: INSTRUCCION Y CONTROL DE HIGIENE ORAL EN NINOS Y ADULTOS :: SEGUN GRUPOS DE EDAD O DE RIESGO :: 45-59 ANOS :: HOMBRES,REMASEP_OD,AE31,REMASEP_OD :: SECCION A: CONSULTAS Y CONTROLES ODONTOLOGICOS REALIZADOS :: A.3. ACCIONES GENERALES DE PREVENCION E HIGIENE :: INSTRUCCION Y CONTROL DE HIGIENE ORAL EN NINOS Y ADULTOS :: SEGUN GRUPOS DE EDAD O DE RIESGO :: 45-59 ANOS :: HOMBRES,INTEGER_COUNT,stf:dc624775927d4d4d,writable_target_mapping_2026,EXACT_SEMANTIC_MATCH
wi:bbffffcf8991922bebcf,LEGACY::REMASEP_OD::R66,REMASEP_OD :: SECCION B: ACTIVIDADES DE ATENCION EN ESPECIALIDADES ODONTOLOGICAS. :: 5009012 - PULIDO RADICULAR POR SESION O SEXTANTE :: PULIDO RADICULAR :: SEGUN GRUPOS DE EDAD O DE RIESGO :: 7 ANOS :: HOMBRES,REMASEP_OD,Q83,REMASEP_OD :: SECCION B: ACTIVIDADES DE ATENCION EN ESPECIALIDADES ODONTOLOGICAS. :: PULIDO RADICULAR :: SEGUN GRUPOS DE EDAD O DE RIESGO :: 7 ANOS :: HOMBRES,INTEGER_COUNT,stf:dc624775927d4d4d,writable_target_mapping_2026,EXACT_SEMANTIC_MATCH
wi:bc7438125c23e1f616f0,LEGACY::REMASEP_OD::T66,REMASEP_OD :: SECCION B: ACTIVIDADES DE ATENCION EN ESPECIALIDADES ODONTOLOGICAS. :: 5009012 - PULIDO RADICULAR POR SESION O SEXTANTE :: PULIDO RADICULAR :: SEGUN GRUPOS DE EDAD O DE RIESGO :: 8-9 ANOS :: HOMBRES,REMASEP_OD,S83,REMASEP_OD :: SECCION B: ACTIVIDADES DE ATENCION EN ESPECIALIDADES ODONTOLOGICAS. :: PULIDO RADICULAR :: SEGUN GRUPOS DE EDAD O DE RIESGO :: 8-9 ANOS :: HOMBRES,INTEGER_COUNT,stf:dc624775927d4d4d,writable_target_mapping_2026,EXACT_SEMANTIC_MATCH
wi:bc7e0b4a876cb389cf80,LEGACY::REMASEP_01::AL84,REMASEP 01 :: SECCION C: ATENCIONES Y CONSULTAS POR OTROS PROFESIONALES NO MEDICOS :: ENFERMER :: ENFERMERA/O :: ATENCION AL PACIENTE :: POR EDAD (EN ANOS) :: 75 - 79 ANOS :: MUJERES,REMASEP 01,AK113,REMASEP 01 :: SECCION C: ATENCIONES Y CONSULTAS POR OTROS PROFESIONALES NO MEDICOS :: ENFERMERA/O :: ATENCION AL PACIENTE :: POR EDAD (EN ANOS) :: 75 - 79 ANOS :: MUJERES,INTEGER_COUNT,stf:dc624775927d4d4d,writable_target_mapping_2026,EXACT_SEMANTIC_MATCH
wi:bc925493ecafcff250e5,LEGACY::REMASEP_OD::O66,REMASEP_OD :: SECCION B: ACTIVIDADES DE ATENCION EN ESPECIALIDADES ODONTOLOGICAS. :: 5009012 - PULIDO RADICULAR POR SESION O SEXTANTE :: PULIDO RADICULAR :: SEGUN GRUPOS DE EDAD O DE RIESGO :: 5 ANOS :: MUJERES,REMASEP_OD,N83,REMASEP_OD :: SECCION B: ACTIVIDADES DE ATENCION EN ESPECIALIDADES ODONTOLOGICAS. :: PULIDO RADICULAR :: SEGUN GRUPOS DE EDAD O DE RIESGO :: 5 ANOS :: MUJERES,INTEGER_COUNT,stf:dc624775927d4d4d,writable_target_mapping_2026,EXACT_SEMANTIC_MATCH
wi:bc943f8d43db754eb318,LEGACY::REMASEP_01::Z89,REMASEP 01 :: SECCION C: ATENCIONES Y CONSULTAS POR OTROS PROFESIONALES NO MEDICOS :: FONO :: FONOAUDIOLOGO/A :: CONSULTAS FONOAUDIOLOGO/A :: POR EDAD (EN ANOS) :: 45 - 49 ANOS :: MUJERES,REMASEP 01,Y118,REMASEP 01 :: SECCION C: ATENCIONES Y CONSULTAS POR OTROS PROFESIONALES NO MEDICOS :: FONOAUDIOLOGO/A :: CONSULTAS FONOAUDIOLOGO/A :: POR EDAD (EN ANOS) :: 45 - 49 ANOS :: MUJERES,INTEGER_COUNT,stf:dc624775927d4d4d,writable_target_mapping_2026,EXACT_SEMANTIC_MATCH
wi:bcab4284ae6dd3cb1444,LEGACY::REMASEP_OD::AH46,REMASEP_OD :: SECCION B: ACTIVIDADES DE ATENCION EN ESPECIALIDADES ODONTOLOGICAS. :: 5010009 - VIDRIO IONOMERO :: OBTURACION DIRECTA :: SEGUN GRUPOS DE EDAD O DE RIESGO :: 60-64 ANOS :: HOMBRES,REMASEP_OD,AG63,REMASEP_OD :: SECCION B: ACTIVIDADES DE ATENCION EN ESPECIALIDADES ODONTOLOGICAS. :: OBTURACION DIRECTA :: SEGUN GRUPOS DE EDAD O DE RIESGO :: 60-64 ANOS :: HOMBRES,INTEGER_COUNT,stf:dc624775927d4d4d,writable_target_mapping_2026,EXACT_SEMANTIC_MATCH
wi:bd32ee8b97fee13f0543,LEGACY::REMASEP_OD::K40,REMASEP_OD :: SECCION B: ACTIVIDADES DE ATENCION EN ESPECIALIDADES ODONTOLOGICAS. :: EVALUACION ODON ESP :: EXAMEN Y DIAGNOSTICO DE ESPECIALIDAD :: SEGUN GRUPOS DE EDAD O DE RIESGO :: 3 ANOS :: MUJERES,REMASEP_OD,J57,REMASEP_OD :: SECCION B: ACTIVIDADES DE ATENCION EN ESPECIALIDADES ODONTOLOGICAS. :: EXAMEN Y DIAGNOSTICO DE ESPECIALIDAD :: SEGUN GRUPOS DE EDAD O DE RIESGO :: 3 ANOS :: MUJERES,INTEGER_COUNT,stf:dc624775927d4d4d,writable_target_mapping_2026,EXACT_SEMANTIC_MATCH
wi:bd5ade810e816a48c95b,LEGACY::REMASEP_OD::R74,REMASEP_OD :: SECCION B: ACTIVIDADES DE ATENCION EN ESPECIALIDADES ODONTOLOGICAS. :: NO SE REALIZA EN FG :: REHABILITACION MEDIANTE PROTESIS MUCO-IMPLANTOASISTIDA :: SEGUN GRUPOS DE EDAD O DE RIESGO :: 7 ANOS :: HOMBRES,REMASEP_OD,Q91,REMASEP_OD :: SECCION B: ACTIVIDADES DE ATENCION EN ESPECIALIDADES ODONTOLOGICAS. :: REHABILITACION MEDIANTE PROTESIS MUCO-IMPLANTOASISTIDA :: SEGUN GRUPOS DE EDAD O DE RIESGO :: 7 ANOS :: HOMBRES,INTEGER_COUNT,stf:dc624775927d4d4d,writable_target_mapping_2026,EXACT_SEMANTIC_MATCH
wi:bd8707fdb77a0afb102a,LEGACY::REMASEP_OD::AH48,REMASEP_OD :: SECCION B: ACTIVIDADES DE ATENCION EN ESPECIALIDADES ODONTOLOGICAS. :: INSTALACION APARATO REMOVIBLE :: INSTALACION APARATO REMOVIBLE ORTODONCICO :: SEGUN GRUPOS DE EDAD O DE RIESGO :: 60-64 ANOS :: HOMBRES,REMASEP_OD,AG65,REMASEP_OD :: SECCION B: ACTIVIDADES DE ATENCION EN ESPECIALIDADES ODONTOLOGICAS. :: INSTALACION APARATO REMOVIBLE ORTODONCICO :: SEGUN GRUPOS DE EDAD O DE RIESGO :: 60-64 ANOS :: HOMBRES,INTEGER_COUNT,stf:dc624775927d4d4d,writable_target_mapping_2026,EXACT_SEMANTIC_MATCH
wi:be0a638adbc9df80d140,LEGACY::REMASEP_OD::R54,REMASEP_OD :: SECCION B: ACTIVIDADES DE ATENCION EN ESPECIALIDADES ODONTOLOGICAS. :: CONTROLES ORTODONCIA :: ORTODONCIA PREVENTIVA E INTERCEPTIVA (OPI) :: SEGUN GRUPOS DE EDAD O DE RIESGO :: 7 ANOS :: HOMBRES,REMASEP_OD,Q71,REMASEP_OD :: SECCION B: ACTIVIDADES DE ATENCION EN ESPECIALIDADES ODONTOLOGICAS. :: ORTODONCIA PREVENTIVA E INTERCEPTIVA (OPI) :: SEGUN GRUPOS DE EDAD O DE RIESGO :: 7 ANOS :: HOMBRES,INTEGER_COUNT,stf:dc624775927d4d4d,writable_target_mapping_2026,EXACT_SEMANTIC_MATCH
wi:be13e1e5a11cbcaf2c3c,LEGACY::REMASEP_01::J86,REMASEP 01 :: SECCION C: ATENCIONES Y CONSULTAS POR OTROS PROFESIONALES NO MEDICOS :: NUTRICIONISTA :: NUTRICIONISTA :: CONSULTA NUTRICIONAL :: POR EDAD (EN ANOS) :: 5 - 9 ANOS :: MUJERES,REMASEP 01,I115,REMASEP 01 :: SECCION C: ATENCIONES Y CONSULTAS POR OTROS PROFESIONALES NO MEDICOS :: NUTRICIONISTA :: CONSULTA NUTRICIONAL :: POR EDAD (EN ANOS) :: 5 - 9 ANOS :: MUJERES,INTEGER_COUNT,stf:dc624775927d4d4d,writable_target_mapping_2026,EXACT_SEMANTIC_MATCH
wi:be1d1e601dc7077e43aa,LEGACY::REMASEP_OD::AC54,REMASEP_OD :: SECCION B: ACTIVIDADES DE ATENCION EN ESPECIALIDADES ODONTOLOGICAS. :: CONTROLES ORTODONCIA :: ORTODONCIA PREVENTIVA E INTERCEPTIVA (OPI) :: SEGUN GRUPOS DE EDAD O DE RIESGO :: 25-34 ANOS :: MUJERES,REMASEP_OD,AB71,REMASEP_OD :: SECCION B: ACTIVIDADES DE ATENCION EN ESPECIALIDADES ODONTOLOGICAS. :: ORTODONCIA PREVENTIVA E INTERCEPTIVA (OPI) :: SEGUN GRUPOS DE EDAD O DE RIESGO :: 25-34 ANOS :: MUJERES,INTEGER_COUNT,stf:dc624775927d4d4d,writable_target_mapping_2026,EXACT_SEMANTIC_MATCH
wi:be339c19fc825c4d3560,LEGACY::REMASEP_OD::U47,REMASEP_OD :: SECCION B: ACTIVIDADES DE ATENCION EN ESPECIALIDADES ODONTOLOGICAS. :: 5005008 - CEMENTACION CARILLA RESINA INDIRECTA :: OBTURACION INDIRECTA (INLAYS U ONLAYS) :: SEGUN GRUPOS DE EDAD O DE RIESGO :: 8-9 ANOS :: MUJERES,REMASEP_OD,T64,REMASEP_OD :: SECCION B: ACTIVIDADES DE ATENCION EN ESPECIALIDADES ODONTOLOGICAS. :: OBTURACION INDIRECTA (INLAYS U ONLAYS) :: SEGUN GRUPOS DE EDAD O DE RIESGO :: 8-9 ANOS :: MUJERES,INTEGER_COUNT,stf:dc624775927d4d4d,writable_target_mapping_2026,EXACT_SEMANTIC_MATCH
wi:be56fa57b3e4617a6cba,LEGACY::REMASEP_01::O87,REMASEP 01 :: SECCION C: ATENCIONES Y CONSULTAS POR OTROS PROFESIONALES NO MEDICOS :: PSICO :: PSICOLOGO/A :: CONSULTA PSICOLOGICA :: POR EDAD (EN ANOS) :: 20 - 24 ANOS :: HOMBRES,REMASEP 01,N116,REMASEP 01 :: SECCION C: ATENCIONES Y CONSULTAS POR OTROS PROFESIONALES NO MEDICOS :: PSICOLOGO/A :: CONSULTA PSICOLOGICA :: POR EDAD (EN ANOS) :: 20 - 24 ANOS :: HOMBRES,INTEGER_COUNT,stf:dc624775927d4d4d,writable_target_mapping_2026,EXACT_SEMANTIC_MATCH
wi:be8cb66e5886d25a5714,LEGACY::REMASEP_OD::AH90,REMASEP_OD :: SECCION B: ACTIVIDADES DE ATENCION EN ESPECIALIDADES ODONTOLOGICAS. :: INSTALACIONES ORTOPEDIA :: INSTALACION DE DISPOSITIVO ORTOPEDICO :: SEGUN GRUPOS DE EDAD O DE RIESGO :: 60-64 ANOS :: HOMBRES,REMASEP_OD,AG107,REMASEP_OD :: SECCION B: ACTIVIDADES DE ATENCION EN ESPECIALIDADES ODONTOLOGICAS. :: INSTALACION DE DISPOSITIVO ORTOPEDICO :: SEGUN GRUPOS DE EDAD O DE RIESGO :: 60-64 ANOS :: HOMBRES,INTEGER_COUNT,stf:dc624775927d4d4d,writable_target_mapping_2026,EXACT_SEMANTIC_MATCH
wi:bed335cf3747aedfc741,LEGACY::REMASEP_01::AF90,REMASEP 01 :: SECCION C: ATENCIONES Y CONSULTAS POR OTROS PROFESIONALES NO MEDICOS :: KINE :: KINESIOLOGO/A :: ATENCION KINESIOLOGICA :: POR EDAD (EN ANOS) :: 60 - 64 ANOS :: MUJERES,REMASEP 01,AE119,REMASEP 01 :: SECCION C: ATENCIONES Y CONSULTAS POR OTROS PROFESIONALES NO MEDICOS :: KINESIOLOGO/A :: ATENCION KINESIOLOGICA :: POR EDAD (EN ANOS) :: 60 - 64 ANOS :: MUJERES,INTEGER_COUNT,stf:dc624775927d4d4d,writable_target_mapping_2026,EXACT_SEMANTIC_MATCH
wi:bedbb40c46150674c154,LEGACY::REMASEP_OD::V40,REMASEP_OD :: SECCION B: ACTIVIDADES DE ATENCION EN ESPECIALIDADES ODONTOLOGICAS. :: EVALUACION ODON ESP :: EXAMEN Y DIAGNOSTICO DE ESPECIALIDAD :: SEGUN GRUPOS DE EDAD O DE RIESGO :: 10-14 ANOS :: HOMBRES,REMASEP_OD,U57,REMASEP_OD :: SECCION B: ACTIVIDADES DE ATENCION EN ESPECIALIDADES ODONTOLOGICAS. :: EXAMEN Y DIAGNOSTICO DE ESPECIALIDAD :: SEGUN GRUPOS DE EDAD O DE RIESGO :: 10-14 ANOS :: HOMBRES,INTEGER_COUNT,stf:dc624775927d4d4d,writable_target_mapping_2026,EXACT_SEMANTIC_MATCH
wi:bf694ebc2288610fa5e6,LEGACY::REMASEP_OD::W90,REMASEP_OD :: SECCION B: ACTIVIDADES DE ATENCION EN ESPECIALIDADES ODONTOLOGICAS. :: INSTALACIONES ORTOPEDIA :: INSTALACION DE DISPOSITIVO ORTOPEDICO :: SEGUN GRUPOS DE EDAD O DE RIESGO :: 10-14 ANOS :: MUJERES,REMASEP_OD,V107,REMASEP_OD :: SECCION B: ACTIVIDADES DE ATENCION EN ESPECIALIDADES ODONTOLOGICAS. :: INSTALACION DE DISPOSITIVO ORTOPEDICO :: SEGUN GRUPOS DE EDAD O DE RIESGO :: 10-14 ANOS :: MUJERES,INTEGER_COUNT,stf:dc624775927d4d4d,writable_target_mapping_2026,EXACT_SEMANTIC_MATCH
wi:bf83f56ec53f52d06f1f,LEGACY::REMASEP_OD::M40,REMASEP_OD :: SECCION B: ACTIVIDADES DE ATENCION EN ESPECIALIDADES ODONTOLOGICAS. :: EVALUACION ODON ESP :: EXAMEN Y DIAGNOSTICO DE ESPECIALIDAD :: SEGUN GRUPOS DE EDAD O DE RIESGO :: 4 ANOS :: MUJERES,REMASEP_OD,L57,REMASEP_OD :: SECCION B: ACTIVIDADES DE ATENCION EN ESPECIALIDADES ODONTOLOGICAS. :: EXAMEN Y DIAGNOSTICO DE ESPECIALIDAD :: SEGUN GRUPOS DE EDAD O DE RIESGO :: 4 ANOS :: MUJERES,INTEGER_COUNT,stf:dc624775927d4d4d,writable_target_mapping_2026,EXACT_SEMANTIC_MATCH
wi:bf8beaaf8bf48ed66359,LEGACY::REMASEP_OD::AF50,REMASEP_OD :: SECCION B: ACTIVIDADES DE ATENCION EN ESPECIALIDADES ODONTOLOGICAS. :: INSTALACION CONTENCION :: INSTALACION APARATO DE CONTENCION ORTODONCICO :: SEGUN GRUPOS DE EDAD O DE RIESGO :: 45-59 ANOS :: HOMBRES,REMASEP_OD,AE67,REMASEP_OD :: SECCION B: ACTIVIDADES DE ATENCION EN ESPECIALIDADES ODONTOLOGICAS. :: INSTALACION APARATO DE CONTENCION ORTODONCICO :: SEGUN GRUPOS DE EDAD O DE RIESGO :: 45-59 ANOS :: HOMBRES,INTEGER_COUNT,stf:dc624775927d4d4d,writable_target_mapping_2026,EXACT_SEMANTIC_MATCH
wi:bf909bee5d51a0362285,LEGACY::REMASEP_OD::AB63,REMASEP_OD :: SECCION B: ACTIVIDADES DE ATENCION EN ESPECIALIDADES ODONTOLOGICAS. :: 5010023 - PULPECTOMIA / 5010003 - PULPOTOMIA :: PROCEDIMIENTO PULPAR EN ODONTOPEDIATRIA (PULPOTOMIA Y PULPECTOMIA) :: SEGUN GRUPOS DE EDAD O DE RIESGO :: 25-34 ANOS :: HOMBRES,REMASEP_OD,AA80,REMASEP_OD :: SECCION B: ACTIVIDADES DE ATENCION EN ESPECIALIDADES ODONTOLOGICAS. :: PROCEDIMIENTO PULPAR EN ODONTOPEDIATRIA (PULPOTOMIA Y PULPECTOMIA) :: SEGUN GRUPOS DE EDAD O DE RIESGO :: 25-34 ANOS :: HOMBRES,INTEGER_COUNT,stf:dc624775927d4d4d,writable_target_mapping_2026,EXACT_SEMANTIC_MATCH
wi:c004ad55212d2b8d3262,LEGACY::REMASEP_OD::W72,REMASEP_OD :: SECCION B: ACTIVIDADES DE ATENCION EN ESPECIALIDADES ODONTOLOGICAS. :: CEMENTACION PROTESIS FIJA SOBRE DIENTE :: REHABILITACION MEDIANTE PROTESIS FIJA UNITARIA O PLURAL :: SEGUN GRUPOS DE EDAD O DE RIESGO :: 10-14 ANOS :: MUJERES,REMASEP_OD,V89,REMASEP_OD :: SECCION B: ACTIVIDADES DE ATENCION EN ESPECIALIDADES ODONTOLOGICAS. :: REHABILITACION MEDIANTE PROTESIS FIJA UNITARIA O PLURAL :: SEGUN GRUPOS DE EDAD O DE RIESGO :: 10-14 ANOS :: MUJERES,INTEGER_COUNT,stf:dc624775927d4d4d,writable_target_mapping_2026,EXACT_SEMANTIC_MATCH
wi:c03ddf76d6cc07653bd9,LEGACY::REMASEP_OD::AL66,REMASEP_OD :: SECCION B: ACTIVIDADES DE ATENCION EN ESPECIALIDADES ODONTOLOGICAS. :: 5009012 - PULIDO RADICULAR POR SESION O SEXTANTE :: PULIDO RADICULAR :: SEGUN GRUPOS DE EDAD O DE RIESGO :: 75 Y MAS ANOS :: HOMBRES,REMASEP_OD,AK83,REMASEP_OD :: SECCION B: ACTIVIDADES DE ATENCION EN ESPECIALIDADES ODONTOLOGICAS. :: PULIDO RADICULAR :: SEGUN GRUPOS DE EDAD O DE RIESGO :: 75 Y MAS ANOS :: HOMBRES,INTEGER_COUNT,stf:dc624775927d4d4d,writable_target_mapping_2026,EXACT_SEMANTIC_MATCH
wi:c084088f2854db8dd5bc,LEGACY::REMASEP_01::R90,REMASEP 01 :: SECCION C: ATENCIONES Y CONSULTAS POR OTROS PROFESIONALES NO MEDICOS :: KINE :: KINESIOLOGO/A :: ATENCION KINESIOLOGICA :: POR EDAD (EN ANOS) :: 25 - 29 ANOS :: MUJERES,REMASEP 01,Q119,REMASEP 01 :: SECCION C: ATENCIONES Y CONSULTAS POR OTROS PROFESIONALES NO MEDICOS :: KINESIOLOGO/A :: ATENCION KINESIOLOGICA :: POR EDAD (EN ANOS) :: 25 - 29 ANOS :: MUJERES,INTEGER_COUNT,stf:dc624775927d4d4d,writable_target_mapping_2026,EXACT_SEMANTIC_MATCH
wi:c0ba9bec564e59d4ef32,LEGACY::REMASEP_01::AN90,REMASEP 01 :: SECCION C: ATENCIONES Y CONSULTAS POR OTROS PROFESIONALES NO MEDICOS :: KINE :: KINESIOLOGO/A :: ATENCION KINESIOLOGICA :: POR EDAD (EN ANOS) :: 80 Y MAS ANOS :: MUJERES,REMASEP 01,AM119,REMASEP 01 :: SECCION C: ATENCIONES Y CONSULTAS POR OTROS PROFESIONALES NO MEDICOS :: KINESIOLOGO/A :: ATENCION KINESIOLOGICA :: POR EDAD (EN ANOS) :: 80 Y MAS ANOS :: MUJERES,INTEGER_COUNT,stf:dc624775927d4d4d,writable_target_mapping_2026,EXACT_SEMANTIC_MATCH
wi:c0bfac2fc33a2aeb5642,LEGACY::REMASEP_OD::AL14,REMASEP_OD :: SECCION A: CONSULTAS Y CONTROLES ODONTOLOGICOS REALIZADOS :: A.3. ACCIONES GENERALES DE PREVENCION E HIGIENE :: 50010112 - INSTRUCCION DE HIGIENE ORAL :: INSTRUCCION Y CONTROL DE HIGIENE ORAL EN NINOS Y ADULTOS :: SEGUN GRUPOS DE EDAD O DE RIESGO :: 75 Y MAS ANOS :: HOMBRES,REMASEP_OD,AK31,REMASEP_OD :: SECCION A: CONSULTAS Y CONTROLES ODONTOLOGICOS REALIZADOS :: A.3. ACCIONES GENERALES DE PREVENCION E HIGIENE :: INSTRUCCION Y CONTROL DE HIGIENE ORAL EN NINOS Y ADULTOS :: SEGUN GRUPOS DE EDAD O DE RIESGO :: 75 Y MAS ANOS :: HOMBRES,INTEGER_COUNT,stf:dc624775927d4d4d,writable_target_mapping_2026,EXACT_SEMANTIC_MATCH
wi:c11cd1a4b23f7c494b39,LEGACY::REMASEP_OD::Y48,REMASEP_OD :: SECCION B: ACTIVIDADES DE ATENCION EN ESPECIALIDADES ODONTOLOGICAS. :: INSTALACION APARATO REMOVIBLE :: INSTALACION APARATO REMOVIBLE ORTODONCICO :: SEGUN GRUPOS DE EDAD O DE RIESGO :: 15-19 ANOS :: MUJERES,REMASEP_OD,X65,REMASEP_OD :: SECCION B: ACTIVIDADES DE ATENCION EN ESPECIALIDADES ODONTOLOGICAS. :: INSTALACION APARATO REMOVIBLE ORTODONCICO :: SEGUN GRUPOS DE EDAD O DE RIESGO :: 15-19 ANOS :: MUJERES,INTEGER_COUNT,stf:dc624775927d4d4d,writable_target_mapping_2026,EXACT_SEMANTIC_MATCH
wi:c12b0352ff0a85d34cc3,LEGACY::REMASEP_OD::V65,REMASEP_OD :: SECCION B: ACTIVIDADES DE ATENCION EN ESPECIALIDADES ODONTOLOGICAS. :: DESTARTRAJE :: DESTARTRAJE SUB GINGIVAL :: SEGUN GRUPOS DE EDAD O DE RIESGO :: 10-14 ANOS :: HOMBRES,REMASEP_OD,U82,REMASEP_OD :: SECCION B: ACTIVIDADES DE ATENCION EN ESPECIALIDADES ODONTOLOGICAS. :: DESTARTRAJE SUB GINGIVAL :: SEGUN GRUPOS DE EDAD O DE RIESGO :: 10-14 ANOS :: HOMBRES,INTEGER_COUNT,stf:dc624775927d4d4d,writable_target_mapping_2026,EXACT_SEMANTIC_MATCH
wi:c158d85077eab72ee89b,LEGACY::REMASEP_OD::AK72,REMASEP_OD :: SECCION B: ACTIVIDADES DE ATENCION EN ESPECIALIDADES ODONTOLOGICAS. :: CEMENTACION PROTESIS FIJA SOBRE DIENTE :: REHABILITACION MEDIANTE PROTESIS FIJA UNITARIA O PLURAL :: SEGUN GRUPOS DE EDAD O DE RIESGO :: 65-74 ANOS :: MUJERES,REMASEP_OD,AJ89,REMASEP_OD :: SECCION B: ACTIVIDADES DE ATENCION EN ESPECIALIDADES ODONTOLOGICAS. :: REHABILITACION MEDIANTE PROTESIS FIJA UNITARIA O PLURAL :: SEGUN GRUPOS DE EDAD O DE RIESGO :: 65-74 ANOS :: MUJERES,INTEGER_COUNT,stf:dc624775927d4d4d,writable_target_mapping_2026,EXACT_SEMANTIC_MATCH
wi:c164f9b3b6550ae4dbdd,LEGACY::REMASEP_01::S86,REMASEP 01 :: SECCION C: ATENCIONES Y CONSULTAS POR OTROS PROFESIONALES NO MEDICOS :: NUTRICIONISTA :: NUTRICIONISTA :: CONSULTA NUTRICIONAL :: POR EDAD (EN ANOS) :: 30 - 34 ANOS :: HOMBRES,REMASEP 01,R115,REMASEP 01 :: SECCION C: ATENCIONES Y CONSULTAS POR OTROS PROFESIONALES NO MEDICOS :: NUTRICIONISTA :: CONSULTA NUTRICIONAL :: POR EDAD (EN ANOS) :: 30 - 34 ANOS :: HOMBRES,INTEGER_COUNT,stf:dc624775927d4d4d,writable_target_mapping_2026,EXACT_SEMANTIC_MATCH
wi:c1de18c8f9a5962a8a82,LEGACY::REMASEP_OD::T8,REMASEP_OD :: SECCION A: CONSULTAS Y CONTROLES ODONTOLOGICOS REALIZADOS :: A.1. CONSULTAS Y ALTAS :: EVALUACION ODONTOLOGIA GENERAL :: PRIMERAS CONSULTAS (ANO) DE ODONTOLOGIA ESPECIALIDADES :: SEGUN GRUPOS DE EDAD O DE RIESGO :: 8-9 ANOS :: HOMBRES,REMASEP_OD,S17,REMASEP_OD :: SECCION A: CONSULTAS Y CONTROLES ODONTOLOGICOS REALIZADOS :: A.1. CONSULTAS Y ALTAS :: PRIMERAS CONSULTAS (ANO) DE ODONTOLOGIA ESPECIALIDADES :: SEGUN GRUPOS DE EDAD O DE RIESGO :: 8-9 ANOS :: HOMBRES,INTEGER_COUNT,stf:dc624775927d4d4d,writable_target_mapping_2026,EXACT_SEMANTIC_MATCH
wi:c2205dca111c7b5f044e,LEGACY::REMASEP_01::AE90,REMASEP 01 :: SECCION C: ATENCIONES Y CONSULTAS POR OTROS PROFESIONALES NO MEDICOS :: KINE :: KINESIOLOGO/A :: ATENCION KINESIOLOGICA :: POR EDAD (EN ANOS) :: 60 - 64 ANOS :: HOMBRES,REMASEP 01,AD119,REMASEP 01 :: SECCION C: ATENCIONES Y CONSULTAS POR OTROS PROFESIONALES NO MEDICOS :: KINESIOLOGO/A :: ATENCION KINESIOLOGICA :: POR EDAD (EN ANOS) :: 60 - 64 ANOS :: HOMBRES,INTEGER_COUNT,stf:dc624775927d4d4d,writable_target_mapping_2026,EXACT_SEMANTIC_MATCH
wi:c2257e10cb15957e2596,LEGACY::REMASEP_OD::AB90,REMASEP_OD :: SECCION B: ACTIVIDADES DE ATENCION EN ESPECIALIDADES ODONTOLOGICAS. :: INSTALACIONES ORTOPEDIA :: INSTALACION DE DISPOSITIVO ORTOPEDICO :: SEGUN GRUPOS DE EDAD O DE RIESGO :: 25-34 ANOS :: HOMBRES,REMASEP_OD,AA107,REMASEP_OD :: SECCION B: ACTIVIDADES DE ATENCION EN ESPECIALIDADES ODONTOLOGICAS. :: INSTALACION DE DISPOSITIVO ORTOPEDICO :: SEGUN GRUPOS DE EDAD O DE RIESGO :: 25-34 ANOS :: HOMBRES,INTEGER_COUNT,stf:dc624775927d4d4d,writable_target_mapping_2026,EXACT_SEMANTIC_MATCH
wi:c2470badbe4da2ab1b27,LEGACY::REMASEP_OD::J16,REMASEP_OD :: SECCION A: CONSULTAS Y CONTROLES ODONTOLOGICOS REALIZADOS :: A.3. ACCIONES GENERALES DE PREVENCION E HIGIENE :: 5010011 - PROFILAXIS :: HIGIENE Y PROFILAXIS EN NINOS Y ADULTOS :: SEGUN GRUPOS DE EDAD O DE RIESGO :: 3 ANOS :: HOMBRES,REMASEP_OD,I33,REMASEP_OD :: SECCION A: CONSULTAS Y CONTROLES ODONTOLOGICOS REALIZADOS :: A.3. ACCIONES GENERALES DE PREVENCION E HIGIENE :: HIGIENE Y PROFILAXIS EN NINOS Y ADULTOS :: SEGUN GRUPOS DE EDAD O DE RIESGO :: 3 ANOS :: HOMBRES,INTEGER_COUNT,stf:dc624775927d4d4d,writable_target_mapping_2026,EXACT_SEMANTIC_MATCH
wi:c2931dc3022428d3c5a4,LEGACY::REMASEP_01::AM84,REMASEP 01 :: SECCION C: ATENCIONES Y CONSULTAS POR OTROS PROFESIONALES NO MEDICOS :: ENFERMER :: ENFERMERA/O :: ATENCION AL PACIENTE :: POR EDAD (EN ANOS) :: 80 Y MAS ANOS :: HOMBRES,REMASEP 01,AL113,REMASEP 01 :: SECCION C: ATENCIONES Y CONSULTAS POR OTROS PROFESIONALES NO MEDICOS :: ENFERMERA/O :: ATENCION AL PACIENTE :: POR EDAD (EN ANOS) :: 80 Y MAS ANOS :: HOMBRES,INTEGER_COUNT,stf:dc624775927d4d4d,writable_target_mapping_2026,EXACT_SEMANTIC_MATCH
wi:c2c4eef9dc7d473c4ebb,LEGACY::REMASEP_OD::U40,REMASEP_OD :: SECCION B: ACTIVIDADES DE ATENCION EN ESPECIALIDADES ODONTOLOGICAS. :: EVALUACION ODON ESP :: EXAMEN Y DIAGNOSTICO DE ESPECIALIDAD :: SEGUN GRUPOS DE EDAD O DE RIESGO :: 8-9 ANOS :: MUJERES,REMASEP_OD,T57,REMASEP_OD :: SECCION B: ACTIVIDADES DE ATENCION EN ESPECIALIDADES ODONTOLOGICAS. :: EXAMEN Y DIAGNOSTICO DE ESPECIALIDAD :: SEGUN GRUPOS DE EDAD O DE RIESGO :: 8-9 ANOS :: MUJERES,INTEGER_COUNT,stf:dc624775927d4d4d,writable_target_mapping_2026,EXACT_SEMANTIC_MATCH
wi:c345935d78b832a42851,LEGACY::REMASEP_OD::V89,REMASEP_OD :: SECCION B: ACTIVIDADES DE ATENCION EN ESPECIALIDADES ODONTOLOGICAS. :: 5009002 - DESGASTE SELECTIVO :: DESGASTE SELECTIVO :: SEGUN GRUPOS DE EDAD O DE RIESGO :: 10-14 ANOS :: HOMBRES,REMASEP_OD,U106,REMASEP_OD :: SECCION B: ACTIVIDADES DE ATENCION EN ESPECIALIDADES ODONTOLOGICAS. :: DESGASTE SELECTIVO :: SEGUN GRUPOS DE EDAD O DE RIESGO :: 10-14 ANOS :: HOMBRES,INTEGER_COUNT,stf:dc624775927d4d4d,writable_target_mapping_2026,EXACT_SEMANTIC_MATCH
wi:c3aa288b22b53e5e5ceb,LEGACY::REMASEP_OD::U14,REMASEP_OD :: SECCION A: CONSULTAS Y CONTROLES ODONTOLOGICOS REALIZADOS :: A.3. ACCIONES GENERALES DE PREVENCION E HIGIENE :: 50010112 - INSTRUCCION DE HIGIENE ORAL :: INSTRUCCION Y CONTROL DE HIGIENE ORAL EN NINOS Y ADULTOS :: SEGUN GRUPOS DE EDAD O DE RIESGO :: 8-9 ANOS :: MUJERES,REMASEP_OD,T31,REMASEP_OD :: SECCION A: CONSULTAS Y CONTROLES ODONTOLOGICOS REALIZADOS :: A.3. ACCIONES GENERALES DE PREVENCION E HIGIENE :: INSTRUCCION Y CONTROL DE HIGIENE ORAL EN NINOS Y ADULTOS :: SEGUN GRUPOS DE EDAD O DE RIESGO :: 8-9 ANOS :: MUJERES,INTEGER_COUNT,stf:dc624775927d4d4d,writable_target_mapping_2026,EXACT_SEMANTIC_MATCH
wi:c3e697d5e8677812935e,LEGACY::REMASEP_OD::AC62,"REMASEP_OD :: SECCION B: ACTIVIDADES DE ATENCION EN ESPECIALIDADES ODONTOLOGICAS. :: COMPOSITE :: PROCEDIMIENTO RESTAURADOR EN ODONTOPEDIATRIA (TODOS LOS TIPOS: RESINA, TEMPORALES Y AMALGAMAS) :: SEGUN GRUPOS DE EDAD O DE RIESGO :: 25-34 ANOS :: MUJERES",REMASEP_OD,AB79,"REMASEP_OD :: SECCION B: ACTIVIDADES DE ATENCION EN ESPECIALIDADES ODONTOLOGICAS. :: PROCEDIMIENTO RESTAURADOR EN ODONTOPEDIATRIA (TODOS LOS TIPOS: RESINA, TEMPORALES Y AMALGAMAS) :: SEGUN GRUPOS DE EDAD O DE RIESGO :: 25-34 ANOS :: MUJERES",INTEGER_COUNT,stf:dc624775927d4d4d,writable_target_mapping_2026,EXACT_SEMANTIC_MATCH
wi:c4280d4bdb01590c8470,LEGACY::REMASEP_01::L87,REMASEP 01 :: SECCION C: ATENCIONES Y CONSULTAS POR OTROS PROFESIONALES NO MEDICOS :: PSICO :: PSICOLOGO/A :: CONSULTA PSICOLOGICA :: POR EDAD (EN ANOS) :: 10 - 14 ANOS :: MUJERES,REMASEP 01,K116,REMASEP 01 :: SECCION C: ATENCIONES Y CONSULTAS POR OTROS PROFESIONALES NO MEDICOS :: PSICOLOGO/A :: CONSULTA PSICOLOGICA :: POR EDAD (EN ANOS) :: 10 - 14 ANOS :: MUJERES,INTEGER_COUNT,stf:dc624775927d4d4d,writable_target_mapping_2026,EXACT_SEMANTIC_MATCH
wi:c4dbf2c124eb8cda6550,LEGACY::REMASEP_01::W90,REMASEP 01 :: SECCION C: ATENCIONES Y CONSULTAS POR OTROS PROFESIONALES NO MEDICOS :: KINE :: KINESIOLOGO/A :: ATENCION KINESIOLOGICA :: POR EDAD (EN ANOS) :: 40 - 44 ANOS :: HOMBRES,REMASEP 01,V119,REMASEP 01 :: SECCION C: ATENCIONES Y CONSULTAS POR OTROS PROFESIONALES NO MEDICOS :: KINESIOLOGO/A :: ATENCION KINESIOLOGICA :: POR EDAD (EN ANOS) :: 40 - 44 ANOS :: HOMBRES,INTEGER_COUNT,stf:dc624775927d4d4d,writable_target_mapping_2026,EXACT_SEMANTIC_MATCH
wi:c513111604b92dce8702,LEGACY::REMASEP_01::O86,REMASEP 01 :: SECCION C: ATENCIONES Y CONSULTAS POR OTROS PROFESIONALES NO MEDICOS :: NUTRICIONISTA :: NUTRICIONISTA :: CONSULTA NUTRICIONAL :: POR EDAD (EN ANOS) :: 20 - 24 ANOS :: HOMBRES,REMASEP 01,N115,REMASEP 01 :: SECCION C: ATENCIONES Y CONSULTAS POR OTROS PROFESIONALES NO MEDICOS :: NUTRICIONISTA :: CONSULTA NUTRICIONAL :: POR EDAD (EN ANOS) :: 20 - 24 ANOS :: HOMBRES,INTEGER_COUNT,stf:dc624775927d4d4d,writable_target_mapping_2026,EXACT_SEMANTIC_MATCH
wi:c5c9adc28f597c8c0a0a,LEGACY::REMASEP_OD::Z54,REMASEP_OD :: SECCION B: ACTIVIDADES DE ATENCION EN ESPECIALIDADES ODONTOLOGICAS. :: CONTROLES ORTODONCIA :: ORTODONCIA PREVENTIVA E INTERCEPTIVA (OPI) :: SEGUN GRUPOS DE EDAD O DE RIESGO :: 20-24 ANOS :: HOMBRES,REMASEP_OD,Y71,REMASEP_OD :: SECCION B: ACTIVIDADES DE ATENCION EN ESPECIALIDADES ODONTOLOGICAS. :: ORTODONCIA PREVENTIVA E INTERCEPTIVA (OPI) :: SEGUN GRUPOS DE EDAD O DE RIESGO :: 20-24 ANOS :: HOMBRES,INTEGER_COUNT,stf:dc624775927d4d4d,writable_target_mapping_2026,EXACT_SEMANTIC_MATCH
wi:c625649afe349fd55350,LEGACY::REMASEP_OD::M51,REMASEP_OD :: SECCION B: ACTIVIDADES DE ATENCION EN ESPECIALIDADES ODONTOLOGICAS. :: 5004018 - RETIRO APARATO FIJO-LIMPIEZA-IMPRESION :: RETIRO APARATOLOGIA DE ORTODONCIA :: SEGUN GRUPOS DE EDAD O DE RIESGO :: 4 ANOS :: MUJERES,REMASEP_OD,L68,REMASEP_OD :: SECCION B: ACTIVIDADES DE ATENCION EN ESPECIALIDADES ODONTOLOGICAS. :: RETIRO APARATOLOGIA DE ORTODONCIA :: SEGUN GRUPOS DE EDAD O DE RIESGO :: 4 ANOS :: MUJERES,INTEGER_COUNT,stf:dc624775927d4d4d,writable_target_mapping_2026,EXACT_SEMANTIC_MATCH
wi:c6bb5395d3da394adc5e,LEGACY::REMASEP_OD::AC65,REMASEP_OD :: SECCION B: ACTIVIDADES DE ATENCION EN ESPECIALIDADES ODONTOLOGICAS. :: DESTARTRAJE :: DESTARTRAJE SUB GINGIVAL :: SEGUN GRUPOS DE EDAD O DE RIESGO :: 25-34 ANOS :: MUJERES,REMASEP_OD,AB82,REMASEP_OD :: SECCION B: ACTIVIDADES DE ATENCION EN ESPECIALIDADES ODONTOLOGICAS. :: DESTARTRAJE SUB GINGIVAL :: SEGUN GRUPOS DE EDAD O DE RIESGO :: 25-34 ANOS :: MUJERES,INTEGER_COUNT,stf:dc624775927d4d4d,writable_target_mapping_2026,EXACT_SEMANTIC_MATCH
wi:c73a9e97870cd0b600fd,LEGACY::REMASEP_OD::AD73,REMASEP_OD :: SECCION B: ACTIVIDADES DE ATENCION EN ESPECIALIDADES ODONTOLOGICAS. :: INSTALACION CORONA DEFINITIVA SOBRE IMPLANTE :: REHABILITACION MEDIANTE PROTESIS FIJA IMPLANTOASISTIDA (UNITARIA Y PLURAL) :: SEGUN GRUPOS DE EDAD O DE RIESGO :: 35-44 ANOS :: HOMBRES,REMASEP_OD,AC90,REMASEP_OD :: SECCION B: ACTIVIDADES DE ATENCION EN ESPECIALIDADES ODONTOLOGICAS. :: REHABILITACION MEDIANTE PROTESIS FIJA IMPLANTOASISTIDA (UNITARIA Y PLURAL) :: SEGUN GRUPOS DE EDAD O DE RIESGO :: 35-44 ANOS :: HOMBRES,INTEGER_COUNT,stf:dc624775927d4d4d,writable_target_mapping_2026,EXACT_SEMANTIC_MATCH
wi:c746d11d364625e4c2fc,LEGACY::REMASEP_01::Z86,REMASEP 01 :: SECCION C: ATENCIONES Y CONSULTAS POR OTROS PROFESIONALES NO MEDICOS :: NUTRICIONISTA :: NUTRICIONISTA :: CONSULTA NUTRICIONAL :: POR EDAD (EN ANOS) :: 45 - 49 ANOS :: MUJERES,REMASEP 01,Y115,REMASEP 01 :: SECCION C: ATENCIONES Y CONSULTAS POR OTROS PROFESIONALES NO MEDICOS :: NUTRICIONISTA :: CONSULTA NUTRICIONAL :: POR EDAD (EN ANOS) :: 45 - 49 ANOS :: MUJERES,INTEGER_COUNT,stf:dc624775927d4d4d,writable_target_mapping_2026,EXACT_SEMANTIC_MATCH
wi:c78c9fe4523a16077075,LEGACY::REMASEP_OD::Y71,REMASEP_OD :: SECCION B: ACTIVIDADES DE ATENCION EN ESPECIALIDADES ODONTOLOGICAS. :: INSTALACION PROTESIS PARCIAL METALICA SUP O INF :: REHABILITACION MEDIANTE PROTESIS REMOVIBLE METALICA PARCIAL :: SEGUN GRUPOS DE EDAD O DE RIESGO :: 15-19 ANOS :: MUJERES,REMASEP_OD,X88,REMASEP_OD :: SECCION B: ACTIVIDADES DE ATENCION EN ESPECIALIDADES ODONTOLOGICAS. :: REHABILITACION MEDIANTE PROTESIS REMOVIBLE METALICA PARCIAL :: SEGUN GRUPOS DE EDAD O DE RIESGO :: 15-19 ANOS :: MUJERES,INTEGER_COUNT,stf:dc624775927d4d4d,writable_target_mapping_2026,EXACT_SEMANTIC_MATCH
wi:c78ca86f051d7e83b79d,LEGACY::REMASEP_OD::AH13,"REMASEP_OD :: SECCION A: CONSULTAS Y CONTROLES ODONTOLOGICOS REALIZADOS :: A.3. ACCIONES GENERALES DE PREVENCION E HIGIENE :: 5001005 - SELLANTES :: APLICACION DE SELLANTE EN PIEZA PERMANENTE, FOTOCURADO :: SEGUN GRUPOS DE EDAD O DE RIESGO :: 60-64 ANOS :: HOMBRES",REMASEP_OD,AG30,"REMASEP_OD :: SECCION A: CONSULTAS Y CONTROLES ODONTOLOGICOS REALIZADOS :: A.3. ACCIONES GENERALES DE PREVENCION E HIGIENE :: APLICACION DE SELLANTE EN PIEZA PERMANENTE, FOTOCURADO :: SEGUN GRUPOS DE EDAD O DE RIESGO :: 60-64 ANOS :: HOMBRES",INTEGER_COUNT,stf:dc624775927d4d4d,writable_target_mapping_2026,EXACT_SEMANTIC_MATCH
wi:c7aabe18a82e82711c18,LEGACY::REMASEP_OD::V63,REMASEP_OD :: SECCION B: ACTIVIDADES DE ATENCION EN ESPECIALIDADES ODONTOLOGICAS. :: 5010023 - PULPECTOMIA / 5010003 - PULPOTOMIA :: PROCEDIMIENTO PULPAR EN ODONTOPEDIATRIA (PULPOTOMIA Y PULPECTOMIA) :: SEGUN GRUPOS DE EDAD O DE RIESGO :: 10-14 ANOS :: HOMBRES,REMASEP_OD,U80,REMASEP_OD :: SECCION B: ACTIVIDADES DE ATENCION EN ESPECIALIDADES ODONTOLOGICAS. :: PROCEDIMIENTO PULPAR EN ODONTOPEDIATRIA (PULPOTOMIA Y PULPECTOMIA) :: SEGUN GRUPOS DE EDAD O DE RIESGO :: 10-14 ANOS :: HOMBRES,INTEGER_COUNT,stf:dc624775927d4d4d,writable_target_mapping_2026,EXACT_SEMANTIC_MATCH
wi:c86a81305790da028348,LEGACY::REMASEP_OD::AF73,REMASEP_OD :: SECCION B: ACTIVIDADES DE ATENCION EN ESPECIALIDADES ODONTOLOGICAS. :: INSTALACION CORONA DEFINITIVA SOBRE IMPLANTE :: REHABILITACION MEDIANTE PROTESIS FIJA IMPLANTOASISTIDA (UNITARIA Y PLURAL) :: SEGUN GRUPOS DE EDAD O DE RIESGO :: 45-59 ANOS :: HOMBRES,REMASEP_OD,AE90,REMASEP_OD :: SECCION B: ACTIVIDADES DE ATENCION EN ESPECIALIDADES ODONTOLOGICAS. :: REHABILITACION MEDIANTE PROTESIS FIJA IMPLANTOASISTIDA (UNITARIA Y PLURAL) :: SEGUN GRUPOS DE EDAD O DE RIESGO :: 45-59 ANOS :: HOMBRES,INTEGER_COUNT,stf:dc624775927d4d4d,writable_target_mapping_2026,EXACT_SEMANTIC_MATCH
wi:c87972f5fa03409c9470,LEGACY::REMASEP_OD::AE48,REMASEP_OD :: SECCION B: ACTIVIDADES DE ATENCION EN ESPECIALIDADES ODONTOLOGICAS. :: INSTALACION APARATO REMOVIBLE :: INSTALACION APARATO REMOVIBLE ORTODONCICO :: SEGUN GRUPOS DE EDAD O DE RIESGO :: 35-44 ANOS :: MUJERES,REMASEP_OD,AD65,REMASEP_OD :: SECCION B: ACTIVIDADES DE ATENCION EN ESPECIALIDADES ODONTOLOGICAS. :: INSTALACION APARATO REMOVIBLE ORTODONCICO :: SEGUN GRUPOS DE EDAD O DE RIESGO :: 35-44 ANOS :: MUJERES,INTEGER_COUNT,stf:dc624775927d4d4d,writable_target_mapping_2026,EXACT_SEMANTIC_MATCH
wi:c8c9f81a5476a2ea8153,LEGACY::REMASEP_OD::S46,REMASEP_OD :: SECCION B: ACTIVIDADES DE ATENCION EN ESPECIALIDADES ODONTOLOGICAS. :: 5010009 - VIDRIO IONOMERO :: OBTURACION DIRECTA :: SEGUN GRUPOS DE EDAD O DE RIESGO :: 7 ANOS :: MUJERES,REMASEP_OD,R63,REMASEP_OD :: SECCION B: ACTIVIDADES DE ATENCION EN ESPECIALIDADES ODONTOLOGICAS. :: OBTURACION DIRECTA :: SEGUN GRUPOS DE EDAD O DE RIESGO :: 7 ANOS :: MUJERES,INTEGER_COUNT,stf:dc624775927d4d4d,writable_target_mapping_2026,EXACT_SEMANTIC_MATCH
wi:c8cf9dd113a91ba81803,LEGACY::REMASEP_OD::AA62,"REMASEP_OD :: SECCION B: ACTIVIDADES DE ATENCION EN ESPECIALIDADES ODONTOLOGICAS. :: COMPOSITE :: PROCEDIMIENTO RESTAURADOR EN ODONTOPEDIATRIA (TODOS LOS TIPOS: RESINA, TEMPORALES Y AMALGAMAS) :: SEGUN GRUPOS DE EDAD O DE RIESGO :: 20-24 ANOS :: MUJERES",REMASEP_OD,Z79,"REMASEP_OD :: SECCION B: ACTIVIDADES DE ATENCION EN ESPECIALIDADES ODONTOLOGICAS. :: PROCEDIMIENTO RESTAURADOR EN ODONTOPEDIATRIA (TODOS LOS TIPOS: RESINA, TEMPORALES Y AMALGAMAS) :: SEGUN GRUPOS DE EDAD O DE RIESGO :: 20-24 ANOS :: MUJERES",INTEGER_COUNT,stf:dc624775927d4d4d,writable_target_mapping_2026,EXACT_SEMANTIC_MATCH
wi:c8d81b7a23685f9e82e4,LEGACY::REMASEP_OD::S16,REMASEP_OD :: SECCION A: CONSULTAS Y CONTROLES ODONTOLOGICOS REALIZADOS :: A.3. ACCIONES GENERALES DE PREVENCION E HIGIENE :: 5010011 - PROFILAXIS :: HIGIENE Y PROFILAXIS EN NINOS Y ADULTOS :: SEGUN GRUPOS DE EDAD O DE RIESGO :: 7 ANOS :: MUJERES,REMASEP_OD,R33,REMASEP_OD :: SECCION A: CONSULTAS Y CONTROLES ODONTOLOGICOS REALIZADOS :: A.3. ACCIONES GENERALES DE PREVENCION E HIGIENE :: HIGIENE Y PROFILAXIS EN NINOS Y ADULTOS :: SEGUN GRUPOS DE EDAD O DE RIESGO :: 7 ANOS :: MUJERES,INTEGER_COUNT,stf:dc624775927d4d4d,writable_target_mapping_2026,EXACT_SEMANTIC_MATCH
wi:c90b712a66aaaa30f381,LEGACY::REMASEP_01::AL86,REMASEP 01 :: SECCION C: ATENCIONES Y CONSULTAS POR OTROS PROFESIONALES NO MEDICOS :: NUTRICIONISTA :: NUTRICIONISTA :: CONSULTA NUTRICIONAL :: POR EDAD (EN ANOS) :: 75 - 79 ANOS :: MUJERES,REMASEP 01,AK115,REMASEP 01 :: SECCION C: ATENCIONES Y CONSULTAS POR OTROS PROFESIONALES NO MEDICOS :: NUTRICIONISTA :: CONSULTA NUTRICIONAL :: POR EDAD (EN ANOS) :: 75 - 79 ANOS :: MUJERES,INTEGER_COUNT,stf:dc624775927d4d4d,writable_target_mapping_2026,EXACT_SEMANTIC_MATCH
wi:c93d073ffc1ff01737ab,LEGACY::REMASEP_OD::AK8,REMASEP_OD :: SECCION A: CONSULTAS Y CONTROLES ODONTOLOGICOS REALIZADOS :: A.1. CONSULTAS Y ALTAS :: EVALUACION ODONTOLOGIA GENERAL :: PRIMERAS CONSULTAS (ANO) DE ODONTOLOGIA ESPECIALIDADES :: SEGUN GRUPOS DE EDAD O DE RIESGO :: 65-74 ANOS :: MUJERES,REMASEP_OD,AJ17,REMASEP_OD :: SECCION A: CONSULTAS Y CONTROLES ODONTOLOGICOS REALIZADOS :: A.1. CONSULTAS Y ALTAS :: PRIMERAS CONSULTAS (ANO) DE ODONTOLOGIA ESPECIALIDADES :: SEGUN GRUPOS DE EDAD O DE RIESGO :: 65-74 ANOS :: MUJERES,INTEGER_COUNT,stf:dc624775927d4d4d,writable_target_mapping_2026,EXACT_SEMANTIC_MATCH
wi:c978a3aa4c4302d376de,LEGACY::REMASEP_OD::Y63,REMASEP_OD :: SECCION B: ACTIVIDADES DE ATENCION EN ESPECIALIDADES ODONTOLOGICAS. :: 5010023 - PULPECTOMIA / 5010003 - PULPOTOMIA :: PROCEDIMIENTO PULPAR EN ODONTOPEDIATRIA (PULPOTOMIA Y PULPECTOMIA) :: SEGUN GRUPOS DE EDAD O DE RIESGO :: 15-19 ANOS :: MUJERES,REMASEP_OD,X80,REMASEP_OD :: SECCION B: ACTIVIDADES DE ATENCION EN ESPECIALIDADES ODONTOLOGICAS. :: PROCEDIMIENTO PULPAR EN ODONTOPEDIATRIA (PULPOTOMIA Y PULPECTOMIA) :: SEGUN GRUPOS DE EDAD O DE RIESGO :: 15-19 ANOS :: MUJERES,INTEGER_COUNT,stf:dc624775927d4d4d,writable_target_mapping_2026,EXACT_SEMANTIC_MATCH
wi:c98c5966f852e902af5d,LEGACY::REMASEP_OD::J72,REMASEP_OD :: SECCION B: ACTIVIDADES DE ATENCION EN ESPECIALIDADES ODONTOLOGICAS. :: CEMENTACION PROTESIS FIJA SOBRE DIENTE :: REHABILITACION MEDIANTE PROTESIS FIJA UNITARIA O PLURAL :: SEGUN GRUPOS DE EDAD O DE RIESGO :: 3 ANOS :: HOMBRES,REMASEP_OD,I89,REMASEP_OD :: SECCION B: ACTIVIDADES DE ATENCION EN ESPECIALIDADES ODONTOLOGICAS. :: REHABILITACION MEDIANTE PROTESIS FIJA UNITARIA O PLURAL :: SEGUN GRUPOS DE EDAD O DE RIESGO :: 3 ANOS :: HOMBRES,INTEGER_COUNT,stf:dc624775927d4d4d,writable_target_mapping_2026,EXACT_SEMANTIC_MATCH
wi:c9cd6ecc52ef4ebaf8f3,LEGACY::REMASEP_OD::F70,REMASEP_OD :: SECCION B: ACTIVIDADES DE ATENCION EN ESPECIALIDADES ODONTOLOGICAS. :: INSTALACION PROTESIS TOTAL ACRILICA SUP O INF :: REHABILITACION MEDIANTE PROTESIS REMOVIBLE ACRILICA PARCIAL O TOTAL :: SEGUN GRUPOS DE EDAD O DE RIESGO :: MENOS DE 1 ANO - 1 ANO :: HOMBRES,REMASEP_OD,E87,REMASEP_OD :: SECCION B: ACTIVIDADES DE ATENCION EN ESPECIALIDADES ODONTOLOGICAS. :: REHABILITACION MEDIANTE PROTESIS REMOVIBLE ACRILICA PARCIAL O TOTAL :: SEGUN GRUPOS DE EDAD O DE RIESGO :: MENOS DE 1 ANO - 1 ANO :: HOMBRES,INTEGER_COUNT,stf:dc624775927d4d4d,writable_target_mapping_2026,EXACT_SEMANTIC_MATCH
wi:ca16f628440d29af3e8b,LEGACY::REMASEP_OD::O52,REMASEP_OD :: SECCION B: ACTIVIDADES DE ATENCION EN ESPECIALIDADES ODONTOLOGICAS. :: 5004020 - CONTROL ORTODONCIA QUIRURGICO :: ORTODONCIA PRE-QUIRURGICA :: SEGUN GRUPOS DE EDAD O DE RIESGO :: 5 ANOS :: MUJERES,REMASEP_OD,N69,REMASEP_OD :: SECCION B: ACTIVIDADES DE ATENCION EN ESPECIALIDADES ODONTOLOGICAS. :: ORTODONCIA PRE-QUIRURGICA :: SEGUN GRUPOS DE EDAD O DE RIESGO :: 5 ANOS :: MUJERES,INTEGER_COUNT,stf:dc624775927d4d4d,writable_target_mapping_2026,EXACT_SEMANTIC_MATCH
wi:ca21f1f938ee9d4d9eba,LEGACY::REMASEP_OD::U66,REMASEP_OD :: SECCION B: ACTIVIDADES DE ATENCION EN ESPECIALIDADES ODONTOLOGICAS. :: 5009012 - PULIDO RADICULAR POR SESION O SEXTANTE :: PULIDO RADICULAR :: SEGUN GRUPOS DE EDAD O DE RIESGO :: 8-9 ANOS :: MUJERES,REMASEP_OD,T83,REMASEP_OD :: SECCION B: ACTIVIDADES DE ATENCION EN ESPECIALIDADES ODONTOLOGICAS. :: PULIDO RADICULAR :: SEGUN GRUPOS DE EDAD O DE RIESGO :: 8-9 ANOS :: MUJERES,INTEGER_COUNT,stf:dc624775927d4d4d,writable_target_mapping_2026,EXACT_SEMANTIC_MATCH
wi:ca5eb23164db9bfbd71e,LEGACY::REMASEP_OD::Z47,REMASEP_OD :: SECCION B: ACTIVIDADES DE ATENCION EN ESPECIALIDADES ODONTOLOGICAS. :: 5005008 - CEMENTACION CARILLA RESINA INDIRECTA :: OBTURACION INDIRECTA (INLAYS U ONLAYS) :: SEGUN GRUPOS DE EDAD O DE RIESGO :: 20-24 ANOS :: HOMBRES,REMASEP_OD,Y64,REMASEP_OD :: SECCION B: ACTIVIDADES DE ATENCION EN ESPECIALIDADES ODONTOLOGICAS. :: OBTURACION INDIRECTA (INLAYS U ONLAYS) :: SEGUN GRUPOS DE EDAD O DE RIESGO :: 20-24 ANOS :: HOMBRES,INTEGER_COUNT,stf:dc624775927d4d4d,writable_target_mapping_2026,EXACT_SEMANTIC_MATCH
wi:cab6f08703e90d513271,LEGACY::REMASEP_OD::H62,"REMASEP_OD :: SECCION B: ACTIVIDADES DE ATENCION EN ESPECIALIDADES ODONTOLOGICAS. :: COMPOSITE :: PROCEDIMIENTO RESTAURADOR EN ODONTOPEDIATRIA (TODOS LOS TIPOS: RESINA, TEMPORALES Y AMALGAMAS) :: SEGUN GRUPOS DE EDAD O DE RIESGO :: 2 ANOS :: HOMBRES",REMASEP_OD,G79,"REMASEP_OD :: SECCION B: ACTIVIDADES DE ATENCION EN ESPECIALIDADES ODONTOLOGICAS. :: PROCEDIMIENTO RESTAURADOR EN ODONTOPEDIATRIA (TODOS LOS TIPOS: RESINA, TEMPORALES Y AMALGAMAS) :: SEGUN GRUPOS DE EDAD O DE RIESGO :: 2 ANOS :: HOMBRES",INTEGER_COUNT,stf:dc624775927d4d4d,writable_target_mapping_2026,EXACT_SEMANTIC_MATCH
wi:cad140667cb567845eb6,LEGACY::REMASEP_OD::V72,REMASEP_OD :: SECCION B: ACTIVIDADES DE ATENCION EN ESPECIALIDADES ODONTOLOGICAS. :: CEMENTACION PROTESIS FIJA SOBRE DIENTE :: REHABILITACION MEDIANTE PROTESIS FIJA UNITARIA O PLURAL :: SEGUN GRUPOS DE EDAD O DE RIESGO :: 10-14 ANOS :: HOMBRES,REMASEP_OD,U89,REMASEP_OD :: SECCION B: ACTIVIDADES DE ATENCION EN ESPECIALIDADES ODONTOLOGICAS. :: REHABILITACION MEDIANTE PROTESIS FIJA UNITARIA O PLURAL :: SEGUN GRUPOS DE EDAD O DE RIESGO :: 10-14 ANOS :: HOMBRES,INTEGER_COUNT,stf:dc624775927d4d4d,writable_target_mapping_2026,EXACT_SEMANTIC_MATCH
wi:cae8ddd1d46af0d618b6,LEGACY::REMASEP_OD::S13,"REMASEP_OD :: SECCION A: CONSULTAS Y CONTROLES ODONTOLOGICOS REALIZADOS :: A.3. ACCIONES GENERALES DE PREVENCION E HIGIENE :: 5001005 - SELLANTES :: APLICACION DE SELLANTE EN PIEZA PERMANENTE, FOTOCURADO :: SEGUN GRUPOS DE EDAD O DE RIESGO :: 7 ANOS :: MUJERES",REMASEP_OD,R30,"REMASEP_OD :: SECCION A: CONSULTAS Y CONTROLES ODONTOLOGICOS REALIZADOS :: A.3. ACCIONES GENERALES DE PREVENCION E HIGIENE :: APLICACION DE SELLANTE EN PIEZA PERMANENTE, FOTOCURADO :: SEGUN GRUPOS DE EDAD O DE RIESGO :: 7 ANOS :: MUJERES",INTEGER_COUNT,stf:dc624775927d4d4d,writable_target_mapping_2026,EXACT_SEMANTIC_MATCH
wi:cb99c6d4086495b28c86,LEGACY::REMASEP_OD::AM14,REMASEP_OD :: SECCION A: CONSULTAS Y CONTROLES ODONTOLOGICOS REALIZADOS :: A.3. ACCIONES GENERALES DE PREVENCION E HIGIENE :: 50010112 - INSTRUCCION DE HIGIENE ORAL :: INSTRUCCION Y CONTROL DE HIGIENE ORAL EN NINOS Y ADULTOS :: SEGUN GRUPOS DE EDAD O DE RIESGO :: 75 Y MAS ANOS :: MUJERES,REMASEP_OD,AL31,REMASEP_OD :: SECCION A: CONSULTAS Y CONTROLES ODONTOLOGICOS REALIZADOS :: A.3. ACCIONES GENERALES DE PREVENCION E HIGIENE :: INSTRUCCION Y CONTROL DE HIGIENE ORAL EN NINOS Y ADULTOS :: SEGUN GRUPOS DE EDAD O DE RIESGO :: 75 Y MAS ANOS :: MUJERES,INTEGER_COUNT,stf:dc624775927d4d4d,writable_target_mapping_2026,EXACT_SEMANTIC_MATCH
wi:cbd3869bb38ec30a8bc9,LEGACY::REMASEP_OD::T74,REMASEP_OD :: SECCION B: ACTIVIDADES DE ATENCION EN ESPECIALIDADES ODONTOLOGICAS. :: NO SE REALIZA EN FG :: REHABILITACION MEDIANTE PROTESIS MUCO-IMPLANTOASISTIDA :: SEGUN GRUPOS DE EDAD O DE RIESGO :: 8-9 ANOS :: HOMBRES,REMASEP_OD,S91,REMASEP_OD :: SECCION B: ACTIVIDADES DE ATENCION EN ESPECIALIDADES ODONTOLOGICAS. :: REHABILITACION MEDIANTE PROTESIS MUCO-IMPLANTOASISTIDA :: SEGUN GRUPOS DE EDAD O DE RIESGO :: 8-9 ANOS :: HOMBRES,INTEGER_COUNT,stf:dc624775927d4d4d,writable_target_mapping_2026,EXACT_SEMANTIC_MATCH
wi:cbfafecd118ddd91bdee,LEGACY::REMASEP_OD::AJ71,REMASEP_OD :: SECCION B: ACTIVIDADES DE ATENCION EN ESPECIALIDADES ODONTOLOGICAS. :: INSTALACION PROTESIS PARCIAL METALICA SUP O INF :: REHABILITACION MEDIANTE PROTESIS REMOVIBLE METALICA PARCIAL :: SEGUN GRUPOS DE EDAD O DE RIESGO :: 65-74 ANOS :: HOMBRES,REMASEP_OD,AI88,REMASEP_OD :: SECCION B: ACTIVIDADES DE ATENCION EN ESPECIALIDADES ODONTOLOGICAS. :: REHABILITACION MEDIANTE PROTESIS REMOVIBLE METALICA PARCIAL :: SEGUN GRUPOS DE EDAD O DE RIESGO :: 65-74 ANOS :: HOMBRES,INTEGER_COUNT,stf:dc624775927d4d4d,writable_target_mapping_2026,EXACT_SEMANTIC_MATCH
wi:cbfea46f7298f02c8001,LEGACY::REMASEP_OD::AB9,REMASEP_OD :: SECCION A: CONSULTAS Y CONTROLES ODONTOLOGICOS REALIZADOS :: A.1. CONSULTAS Y ALTAS :: CONTROL ODONTOLOGIA GENERAL :: CONTROLES ODONTOLOGICOS GENERALES :: SEGUN GRUPOS DE EDAD O DE RIESGO :: 25-34 ANOS :: HOMBRES,REMASEP_OD,AA18,REMASEP_OD :: SECCION A: CONSULTAS Y CONTROLES ODONTOLOGICOS REALIZADOS :: A.1. CONSULTAS Y ALTAS :: CONTROLES ODONTOLOGICOS GENERALES :: SEGUN GRUPOS DE EDAD O DE RIESGO :: 25-34 ANOS :: HOMBRES,INTEGER_COUNT,stf:dc624775927d4d4d,writable_target_mapping_2026,EXACT_SEMANTIC_MATCH
wi:cc059fc44e2a1b50380a,LEGACY::REMASEP_OD::AG9,REMASEP_OD :: SECCION A: CONSULTAS Y CONTROLES ODONTOLOGICOS REALIZADOS :: A.1. CONSULTAS Y ALTAS :: CONTROL ODONTOLOGIA GENERAL :: CONTROLES ODONTOLOGICOS GENERALES :: SEGUN GRUPOS DE EDAD O DE RIESGO :: 45-59 ANOS :: MUJERES,REMASEP_OD,AF18,REMASEP_OD :: SECCION A: CONSULTAS Y CONTROLES ODONTOLOGICOS REALIZADOS :: A.1. CONSULTAS Y ALTAS :: CONTROLES ODONTOLOGICOS GENERALES :: SEGUN GRUPOS DE EDAD O DE RIESGO :: 45-59 ANOS :: MUJERES,INTEGER_COUNT,stf:dc624775927d4d4d,writable_target_mapping_2026,EXACT_SEMANTIC_MATCH
wi:cc58661aa3a9322c7a5e,LEGACY::REMASEP_OD::V50,REMASEP_OD :: SECCION B: ACTIVIDADES DE ATENCION EN ESPECIALIDADES ODONTOLOGICAS. :: INSTALACION CONTENCION :: INSTALACION APARATO DE CONTENCION ORTODONCICO :: SEGUN GRUPOS DE EDAD O DE RIESGO :: 10-14 ANOS :: HOMBRES,REMASEP_OD,U67,REMASEP_OD :: SECCION B: ACTIVIDADES DE ATENCION EN ESPECIALIDADES ODONTOLOGICAS. :: INSTALACION APARATO DE CONTENCION ORTODONCICO :: SEGUN GRUPOS DE EDAD O DE RIESGO :: 10-14 ANOS :: HOMBRES,INTEGER_COUNT,stf:dc624775927d4d4d,writable_target_mapping_2026,EXACT_SEMANTIC_MATCH
wi:cc81bf46ad6c0aa33e36,LEGACY::REMASEP_OD::AC9,REMASEP_OD :: SECCION A: CONSULTAS Y CONTROLES ODONTOLOGICOS REALIZADOS :: A.1. CONSULTAS Y ALTAS :: CONTROL ODONTOLOGIA GENERAL :: CONTROLES ODONTOLOGICOS GENERALES :: SEGUN GRUPOS DE EDAD O DE RIESGO :: 25-34 ANOS :: MUJERES,REMASEP_OD,AB18,REMASEP_OD :: SECCION A: CONSULTAS Y CONTROLES ODONTOLOGICOS REALIZADOS :: A.1. CONSULTAS Y ALTAS :: CONTROLES ODONTOLOGICOS GENERALES :: SEGUN GRUPOS DE EDAD O DE RIESGO :: 25-34 ANOS :: MUJERES,INTEGER_COUNT,stf:dc624775927d4d4d,writable_target_mapping_2026,EXACT_SEMANTIC_MATCH
wi:cc9389988671d73c100b,LEGACY::REMASEP_OD::AM17,REMASEP_OD :: SECCION A: CONSULTAS Y CONTROLES ODONTOLOGICOS REALIZADOS :: A.3. ACCIONES GENERALES DE PREVENCION E HIGIENE :: 5001016 - FLUOR :: FLUORACION TOPICA DE BARNIZ :: SEGUN GRUPOS DE EDAD O DE RIESGO :: 75 Y MAS ANOS :: MUJERES,REMASEP_OD,AL34,REMASEP_OD :: SECCION A: CONSULTAS Y CONTROLES ODONTOLOGICOS REALIZADOS :: A.3. ACCIONES GENERALES DE PREVENCION E HIGIENE :: FLUORACION TOPICA DE BARNIZ :: SEGUN GRUPOS DE EDAD O DE RIESGO :: 75 Y MAS ANOS :: MUJERES,INTEGER_COUNT,stf:dc624775927d4d4d,writable_target_mapping_2026,EXACT_SEMANTIC_MATCH
wi:cc97f9e4d58ee3ba8bc4,LEGACY::REMASEP_OD::Y8,REMASEP_OD :: SECCION A: CONSULTAS Y CONTROLES ODONTOLOGICOS REALIZADOS :: A.1. CONSULTAS Y ALTAS :: EVALUACION ODONTOLOGIA GENERAL :: PRIMERAS CONSULTAS (ANO) DE ODONTOLOGIA ESPECIALIDADES :: SEGUN GRUPOS DE EDAD O DE RIESGO :: 15-19 ANOS :: MUJERES,REMASEP_OD,X17,REMASEP_OD :: SECCION A: CONSULTAS Y CONTROLES ODONTOLOGICOS REALIZADOS :: A.1. CONSULTAS Y ALTAS :: PRIMERAS CONSULTAS (ANO) DE ODONTOLOGIA ESPECIALIDADES :: SEGUN GRUPOS DE EDAD O DE RIESGO :: 15-19 ANOS :: MUJERES,INTEGER_COUNT,stf:dc624775927d4d4d,writable_target_mapping_2026,EXACT_SEMANTIC_MATCH
wi:cd1d69e802fd593c8bcd,LEGACY::REMASEP_OD::S73,REMASEP_OD :: SECCION B: ACTIVIDADES DE ATENCION EN ESPECIALIDADES ODONTOLOGICAS. :: INSTALACION CORONA DEFINITIVA SOBRE IMPLANTE :: REHABILITACION MEDIANTE PROTESIS FIJA IMPLANTOASISTIDA (UNITARIA Y PLURAL) :: SEGUN GRUPOS DE EDAD O DE RIESGO :: 7 ANOS :: MUJERES,REMASEP_OD,R90,REMASEP_OD :: SECCION B: ACTIVIDADES DE ATENCION EN ESPECIALIDADES ODONTOLOGICAS. :: REHABILITACION MEDIANTE PROTESIS FIJA IMPLANTOASISTIDA (UNITARIA Y PLURAL) :: SEGUN GRUPOS DE EDAD O DE RIESGO :: 7 ANOS :: MUJERES,INTEGER_COUNT,stf:dc624775927d4d4d,writable_target_mapping_2026,EXACT_SEMANTIC_MATCH
wi:cd58cabd96a01627e67a,LEGACY::REMASEP_OD::M71,REMASEP_OD :: SECCION B: ACTIVIDADES DE ATENCION EN ESPECIALIDADES ODONTOLOGICAS. :: INSTALACION PROTESIS PARCIAL METALICA SUP O INF :: REHABILITACION MEDIANTE PROTESIS REMOVIBLE METALICA PARCIAL :: SEGUN GRUPOS DE EDAD O DE RIESGO :: 4 ANOS :: MUJERES,REMASEP_OD,L88,REMASEP_OD :: SECCION B: ACTIVIDADES DE ATENCION EN ESPECIALIDADES ODONTOLOGICAS. :: REHABILITACION MEDIANTE PROTESIS REMOVIBLE METALICA PARCIAL :: SEGUN GRUPOS DE EDAD O DE RIESGO :: 4 ANOS :: MUJERES,INTEGER_COUNT,stf:dc624775927d4d4d,writable_target_mapping_2026,EXACT_SEMANTIC_MATCH
wi:cd736e67fc7741306121,LEGACY::REMASEP_OD::Y50,REMASEP_OD :: SECCION B: ACTIVIDADES DE ATENCION EN ESPECIALIDADES ODONTOLOGICAS. :: INSTALACION CONTENCION :: INSTALACION APARATO DE CONTENCION ORTODONCICO :: SEGUN GRUPOS DE EDAD O DE RIESGO :: 15-19 ANOS :: MUJERES,REMASEP_OD,X67,REMASEP_OD :: SECCION B: ACTIVIDADES DE ATENCION EN ESPECIALIDADES ODONTOLOGICAS. :: INSTALACION APARATO DE CONTENCION ORTODONCICO :: SEGUN GRUPOS DE EDAD O DE RIESGO :: 15-19 ANOS :: MUJERES,INTEGER_COUNT,stf:dc624775927d4d4d,writable_target_mapping_2026,EXACT_SEMANTIC_MATCH
wi:cdd38b766c85c5f7d2bf,LEGACY::REMASEP_OD::R50,REMASEP_OD :: SECCION B: ACTIVIDADES DE ATENCION EN ESPECIALIDADES ODONTOLOGICAS. :: INSTALACION CONTENCION :: INSTALACION APARATO DE CONTENCION ORTODONCICO :: SEGUN GRUPOS DE EDAD O DE RIESGO :: 7 ANOS :: HOMBRES,REMASEP_OD,Q67,REMASEP_OD :: SECCION B: ACTIVIDADES DE ATENCION EN ESPECIALIDADES ODONTOLOGICAS. :: INSTALACION APARATO DE CONTENCION ORTODONCICO :: SEGUN GRUPOS DE EDAD O DE RIESGO :: 7 ANOS :: HOMBRES,INTEGER_COUNT,stf:dc624775927d4d4d,writable_target_mapping_2026,EXACT_SEMANTIC_MATCH
wi:ce77d6c6385647a348da,LEGACY::REMASEP_OD::R49,REMASEP_OD :: SECCION B: ACTIVIDADES DE ATENCION EN ESPECIALIDADES ODONTOLOGICAS. :: 5004001 - INSTALACION APARATO FIJO SUP O INF :: INSTALACION APARATO FIJO ORTODONCICO :: SEGUN GRUPOS DE EDAD O DE RIESGO :: 7 ANOS :: HOMBRES,REMASEP_OD,Q66,REMASEP_OD :: SECCION B: ACTIVIDADES DE ATENCION EN ESPECIALIDADES ODONTOLOGICAS. :: INSTALACION APARATO FIJO ORTODONCICO :: SEGUN GRUPOS DE EDAD O DE RIESGO :: 7 ANOS :: HOMBRES,INTEGER_COUNT,stf:dc624775927d4d4d,writable_target_mapping_2026,EXACT_SEMANTIC_MATCH
wi:cea33dfb34b59f98f5b9,LEGACY::REMASEP_OD::J40,REMASEP_OD :: SECCION B: ACTIVIDADES DE ATENCION EN ESPECIALIDADES ODONTOLOGICAS. :: EVALUACION ODON ESP :: EXAMEN Y DIAGNOSTICO DE ESPECIALIDAD :: SEGUN GRUPOS DE EDAD O DE RIESGO :: 3 ANOS :: HOMBRES,REMASEP_OD,I57,REMASEP_OD :: SECCION B: ACTIVIDADES DE ATENCION EN ESPECIALIDADES ODONTOLOGICAS. :: EXAMEN Y DIAGNOSTICO DE ESPECIALIDAD :: SEGUN GRUPOS DE EDAD O DE RIESGO :: 3 ANOS :: HOMBRES,INTEGER_COUNT,stf:dc624775927d4d4d,writable_target_mapping_2026,EXACT_SEMANTIC_MATCH
wi:ceb5d17163840fb8e733,LEGACY::REMASEP_OD::P74,REMASEP_OD :: SECCION B: ACTIVIDADES DE ATENCION EN ESPECIALIDADES ODONTOLOGICAS. :: NO SE REALIZA EN FG :: REHABILITACION MEDIANTE PROTESIS MUCO-IMPLANTOASISTIDA :: SEGUN GRUPOS DE EDAD O DE RIESGO :: 6 ANOS :: HOMBRES,REMASEP_OD,O91,REMASEP_OD :: SECCION B: ACTIVIDADES DE ATENCION EN ESPECIALIDADES ODONTOLOGICAS. :: REHABILITACION MEDIANTE PROTESIS MUCO-IMPLANTOASISTIDA :: SEGUN GRUPOS DE EDAD O DE RIESGO :: 6 ANOS :: HOMBRES,INTEGER_COUNT,stf:dc624775927d4d4d,writable_target_mapping_2026,EXACT_SEMANTIC_MATCH
wi:cefcda71034c51351b0d,LEGACY::REMASEP_OD::O10,REMASEP_OD :: SECCION A: CONSULTAS Y CONTROLES ODONTOLOGICOS REALIZADOS :: A.1. CONSULTAS Y ALTAS :: CONTROL ODON ESP :: CONTROLES ODONTOLOGICO DE ESPECIALIDAD :: SEGUN GRUPOS DE EDAD O DE RIESGO :: 5 ANOS :: MUJERES,REMASEP_OD,N19,REMASEP_OD :: SECCION A: CONSULTAS Y CONTROLES ODONTOLOGICOS REALIZADOS :: A.1. CONSULTAS Y ALTAS :: CONTROLES ODONTOLOGICO DE ESPECIALIDAD :: SEGUN GRUPOS DE EDAD O DE RIESGO :: 5 ANOS :: MUJERES,INTEGER_COUNT,stf:dc624775927d4d4d,writable_target_mapping_2026,EXACT_SEMANTIC_MATCH
wi:cf65455b43a55dce414d,LEGACY::REMASEP_OD::AK50,REMASEP_OD :: SECCION B: ACTIVIDADES DE ATENCION EN ESPECIALIDADES ODONTOLOGICAS. :: INSTALACION CONTENCION :: INSTALACION APARATO DE CONTENCION ORTODONCICO :: SEGUN GRUPOS DE EDAD O DE RIESGO :: 65-74 ANOS :: MUJERES,REMASEP_OD,AJ67,REMASEP_OD :: SECCION B: ACTIVIDADES DE ATENCION EN ESPECIALIDADES ODONTOLOGICAS. :: INSTALACION APARATO DE CONTENCION ORTODONCICO :: SEGUN GRUPOS DE EDAD O DE RIESGO :: 65-74 ANOS :: MUJERES,INTEGER_COUNT,stf:dc624775927d4d4d,writable_target_mapping_2026,EXACT_SEMANTIC_MATCH
wi:cf8b0756a214dfcefb66,LEGACY::REMASEP_OD::AK54,REMASEP_OD :: SECCION B: ACTIVIDADES DE ATENCION EN ESPECIALIDADES ODONTOLOGICAS. :: CONTROLES ORTODONCIA :: ORTODONCIA PREVENTIVA E INTERCEPTIVA (OPI) :: SEGUN GRUPOS DE EDAD O DE RIESGO :: 65-74 ANOS :: MUJERES,REMASEP_OD,AJ71,REMASEP_OD :: SECCION B: ACTIVIDADES DE ATENCION EN ESPECIALIDADES ODONTOLOGICAS. :: ORTODONCIA PREVENTIVA E INTERCEPTIVA (OPI) :: SEGUN GRUPOS DE EDAD O DE RIESGO :: 65-74 ANOS :: MUJERES,INTEGER_COUNT,stf:dc624775927d4d4d,writable_target_mapping_2026,EXACT_SEMANTIC_MATCH
wi:cfd2ff0924d1bd8b3bae,LEGACY::REMASEP_OD::X66,REMASEP_OD :: SECCION B: ACTIVIDADES DE ATENCION EN ESPECIALIDADES ODONTOLOGICAS. :: 5009012 - PULIDO RADICULAR POR SESION O SEXTANTE :: PULIDO RADICULAR :: SEGUN GRUPOS DE EDAD O DE RIESGO :: 15-19 ANOS :: HOMBRES,REMASEP_OD,W83,REMASEP_OD :: SECCION B: ACTIVIDADES DE ATENCION EN ESPECIALIDADES ODONTOLOGICAS. :: PULIDO RADICULAR :: SEGUN GRUPOS DE EDAD O DE RIESGO :: 15-19 ANOS :: HOMBRES,INTEGER_COUNT,stf:dc624775927d4d4d,writable_target_mapping_2026,EXACT_SEMANTIC_MATCH
wi:cfe44a773a62c696b414,LEGACY::REMASEP_OD::AL53,REMASEP_OD :: SECCION B: ACTIVIDADES DE ATENCION EN ESPECIALIDADES ODONTOLOGICAS. :: CONTROLES ORTOPED. PREQ :: ORTOPEDIA PRE-QUIRURGICA :: SEGUN GRUPOS DE EDAD O DE RIESGO :: 75 Y MAS ANOS :: HOMBRES,REMASEP_OD,AK70,REMASEP_OD :: SECCION B: ACTIVIDADES DE ATENCION EN ESPECIALIDADES ODONTOLOGICAS. :: ORTOPEDIA PRE-QUIRURGICA :: SEGUN GRUPOS DE EDAD O DE RIESGO :: 75 Y MAS ANOS :: HOMBRES,INTEGER_COUNT,stf:dc624775927d4d4d,writable_target_mapping_2026,EXACT_SEMANTIC_MATCH
wi:d0888914a31cf4222914,LEGACY::REMASEP_OD::Y49,REMASEP_OD :: SECCION B: ACTIVIDADES DE ATENCION EN ESPECIALIDADES ODONTOLOGICAS. :: 5004001 - INSTALACION APARATO FIJO SUP O INF :: INSTALACION APARATO FIJO ORTODONCICO :: SEGUN GRUPOS DE EDAD O DE RIESGO :: 15-19 ANOS :: MUJERES,REMASEP_OD,X66,REMASEP_OD :: SECCION B: ACTIVIDADES DE ATENCION EN ESPECIALIDADES ODONTOLOGICAS. :: INSTALACION APARATO FIJO ORTODONCICO :: SEGUN GRUPOS DE EDAD O DE RIESGO :: 15-19 ANOS :: MUJERES,INTEGER_COUNT,stf:dc624775927d4d4d,writable_target_mapping_2026,EXACT_SEMANTIC_MATCH
wi:d08e1bde6d55bdcf64a3,LEGACY::REMASEP_OD::G47,REMASEP_OD :: SECCION B: ACTIVIDADES DE ATENCION EN ESPECIALIDADES ODONTOLOGICAS. :: 5005008 - CEMENTACION CARILLA RESINA INDIRECTA :: OBTURACION INDIRECTA (INLAYS U ONLAYS) :: SEGUN GRUPOS DE EDAD O DE RIESGO :: MENOS DE 1 ANO - 1 ANO :: MUJERES,REMASEP_OD,F64,REMASEP_OD :: SECCION B: ACTIVIDADES DE ATENCION EN ESPECIALIDADES ODONTOLOGICAS. :: OBTURACION INDIRECTA (INLAYS U ONLAYS) :: SEGUN GRUPOS DE EDAD O DE RIESGO :: MENOS DE 1 ANO - 1 ANO :: MUJERES,INTEGER_COUNT,stf:dc624775927d4d4d,writable_target_mapping_2026,EXACT_SEMANTIC_MATCH
wi:d0c8d243a0f25fc0f8f9,LEGACY::REMASEP_OD::V70,REMASEP_OD :: SECCION B: ACTIVIDADES DE ATENCION EN ESPECIALIDADES ODONTOLOGICAS. :: INSTALACION PROTESIS TOTAL ACRILICA SUP O INF :: REHABILITACION MEDIANTE PROTESIS REMOVIBLE ACRILICA PARCIAL O TOTAL :: SEGUN GRUPOS DE EDAD O DE RIESGO :: 10-14 ANOS :: HOMBRES,REMASEP_OD,U87,REMASEP_OD :: SECCION B: ACTIVIDADES DE ATENCION EN ESPECIALIDADES ODONTOLOGICAS. :: REHABILITACION MEDIANTE PROTESIS REMOVIBLE ACRILICA PARCIAL O TOTAL :: SEGUN GRUPOS DE EDAD O DE RIESGO :: 10-14 ANOS :: HOMBRES,INTEGER_COUNT,stf:dc624775927d4d4d,writable_target_mapping_2026,EXACT_SEMANTIC_MATCH
wi:d0cfa97d2faab10d5df9,LEGACY::REMASEP_OD::N10,REMASEP_OD :: SECCION A: CONSULTAS Y CONTROLES ODONTOLOGICOS REALIZADOS :: A.1. CONSULTAS Y ALTAS :: CONTROL ODON ESP :: CONTROLES ODONTOLOGICO DE ESPECIALIDAD :: SEGUN GRUPOS DE EDAD O DE RIESGO :: 5 ANOS :: HOMBRES,REMASEP_OD,M19,REMASEP_OD :: SECCION A: CONSULTAS Y CONTROLES ODONTOLOGICOS REALIZADOS :: A.1. CONSULTAS Y ALTAS :: CONTROLES ODONTOLOGICO DE ESPECIALIDAD :: SEGUN GRUPOS DE EDAD O DE RIESGO :: 5 ANOS :: HOMBRES,INTEGER_COUNT,stf:dc624775927d4d4d,writable_target_mapping_2026,EXACT_SEMANTIC_MATCH
wi:d179e117b374072bfb80,LEGACY::REMASEP_01::W84,REMASEP 01 :: SECCION C: ATENCIONES Y CONSULTAS POR OTROS PROFESIONALES NO MEDICOS :: ENFERMER :: ENFERMERA/O :: ATENCION AL PACIENTE :: POR EDAD (EN ANOS) :: 40 - 44 ANOS :: HOMBRES,REMASEP 01,V113,REMASEP 01 :: SECCION C: ATENCIONES Y CONSULTAS POR OTROS PROFESIONALES NO MEDICOS :: ENFERMERA/O :: ATENCION AL PACIENTE :: POR EDAD (EN ANOS) :: 40 - 44 ANOS :: HOMBRES,INTEGER_COUNT,stf:dc624775927d4d4d,writable_target_mapping_2026,EXACT_SEMANTIC_MATCH
wi:d21a12a44574d9f4eb65,LEGACY::REMASEP_OD::F16,REMASEP_OD :: SECCION A: CONSULTAS Y CONTROLES ODONTOLOGICOS REALIZADOS :: A.3. ACCIONES GENERALES DE PREVENCION E HIGIENE :: 5010011 - PROFILAXIS :: HIGIENE Y PROFILAXIS EN NINOS Y ADULTOS :: SEGUN GRUPOS DE EDAD O DE RIESGO :: MENOS DE 1 ANO - 1 ANO :: HOMBRES,REMASEP_OD,E33,REMASEP_OD :: SECCION A: CONSULTAS Y CONTROLES ODONTOLOGICOS REALIZADOS :: A.3. ACCIONES GENERALES DE PREVENCION E HIGIENE :: HIGIENE Y PROFILAXIS EN NINOS Y ADULTOS :: SEGUN GRUPOS DE EDAD O DE RIESGO :: MENOS DE 1 ANO - 1 ANO :: HOMBRES,INTEGER_COUNT,stf:dc624775927d4d4d,writable_target_mapping_2026,EXACT_SEMANTIC_MATCH
wi:d2c0888513c3432ca1c5,LEGACY::REMASEP_OD::AD54,REMASEP_OD :: SECCION B: ACTIVIDADES DE ATENCION EN ESPECIALIDADES ODONTOLOGICAS. :: CONTROLES ORTODONCIA :: ORTODONCIA PREVENTIVA E INTERCEPTIVA (OPI) :: SEGUN GRUPOS DE EDAD O DE RIESGO :: 35-44 ANOS :: HOMBRES,REMASEP_OD,AC71,REMASEP_OD :: SECCION B: ACTIVIDADES DE ATENCION EN ESPECIALIDADES ODONTOLOGICAS. :: ORTODONCIA PREVENTIVA E INTERCEPTIVA (OPI) :: SEGUN GRUPOS DE EDAD O DE RIESGO :: 35-44 ANOS :: HOMBRES,INTEGER_COUNT,stf:dc624775927d4d4d,writable_target_mapping_2026,EXACT_SEMANTIC_MATCH
wi:d41736520dc4366eb329,LEGACY::REMASEP_OD::J53,REMASEP_OD :: SECCION B: ACTIVIDADES DE ATENCION EN ESPECIALIDADES ODONTOLOGICAS. :: CONTROLES ORTOPED. PREQ :: ORTOPEDIA PRE-QUIRURGICA :: SEGUN GRUPOS DE EDAD O DE RIESGO :: 3 ANOS :: HOMBRES,REMASEP_OD,I70,REMASEP_OD :: SECCION B: ACTIVIDADES DE ATENCION EN ESPECIALIDADES ODONTOLOGICAS. :: ORTOPEDIA PRE-QUIRURGICA :: SEGUN GRUPOS DE EDAD O DE RIESGO :: 3 ANOS :: HOMBRES,INTEGER_COUNT,stf:dc624775927d4d4d,writable_target_mapping_2026,EXACT_SEMANTIC_MATCH
wi:d468be96fd6c1a750c59,LEGACY::REMASEP_OD::K66,REMASEP_OD :: SECCION B: ACTIVIDADES DE ATENCION EN ESPECIALIDADES ODONTOLOGICAS. :: 5009012 - PULIDO RADICULAR POR SESION O SEXTANTE :: PULIDO RADICULAR :: SEGUN GRUPOS DE EDAD O DE RIESGO :: 3 ANOS :: MUJERES,REMASEP_OD,J83,REMASEP_OD :: SECCION B: ACTIVIDADES DE ATENCION EN ESPECIALIDADES ODONTOLOGICAS. :: PULIDO RADICULAR :: SEGUN GRUPOS DE EDAD O DE RIESGO :: 3 ANOS :: MUJERES,INTEGER_COUNT,stf:dc624775927d4d4d,writable_target_mapping_2026,EXACT_SEMANTIC_MATCH
wi:d480c42916919080de65,LEGACY::REMASEP_OD::N71,REMASEP_OD :: SECCION B: ACTIVIDADES DE ATENCION EN ESPECIALIDADES ODONTOLOGICAS. :: INSTALACION PROTESIS PARCIAL METALICA SUP O INF :: REHABILITACION MEDIANTE PROTESIS REMOVIBLE METALICA PARCIAL :: SEGUN GRUPOS DE EDAD O DE RIESGO :: 5 ANOS :: HOMBRES,REMASEP_OD,M88,REMASEP_OD :: SECCION B: ACTIVIDADES DE ATENCION EN ESPECIALIDADES ODONTOLOGICAS. :: REHABILITACION MEDIANTE PROTESIS REMOVIBLE METALICA PARCIAL :: SEGUN GRUPOS DE EDAD O DE RIESGO :: 5 ANOS :: HOMBRES,INTEGER_COUNT,stf:dc624775927d4d4d,writable_target_mapping_2026,EXACT_SEMANTIC_MATCH
wi:d49bb76149165764fa9f,LEGACY::REMASEP_OD::W50,REMASEP_OD :: SECCION B: ACTIVIDADES DE ATENCION EN ESPECIALIDADES ODONTOLOGICAS. :: INSTALACION CONTENCION :: INSTALACION APARATO DE CONTENCION ORTODONCICO :: SEGUN GRUPOS DE EDAD O DE RIESGO :: 10-14 ANOS :: MUJERES,REMASEP_OD,V67,REMASEP_OD :: SECCION B: ACTIVIDADES DE ATENCION EN ESPECIALIDADES ODONTOLOGICAS. :: INSTALACION APARATO DE CONTENCION ORTODONCICO :: SEGUN GRUPOS DE EDAD O DE RIESGO :: 10-14 ANOS :: MUJERES,INTEGER_COUNT,stf:dc624775927d4d4d,writable_target_mapping_2026,EXACT_SEMANTIC_MATCH
wi:d52bf534619a845b6c73,LEGACY::REMASEP_OD::AD40,REMASEP_OD :: SECCION B: ACTIVIDADES DE ATENCION EN ESPECIALIDADES ODONTOLOGICAS. :: EVALUACION ODON ESP :: EXAMEN Y DIAGNOSTICO DE ESPECIALIDAD :: SEGUN GRUPOS DE EDAD O DE RIESGO :: 35-44 ANOS :: HOMBRES,REMASEP_OD,AC57,REMASEP_OD :: SECCION B: ACTIVIDADES DE ATENCION EN ESPECIALIDADES ODONTOLOGICAS. :: EXAMEN Y DIAGNOSTICO DE ESPECIALIDAD :: SEGUN GRUPOS DE EDAD O DE RIESGO :: 35-44 ANOS :: HOMBRES,INTEGER_COUNT,stf:dc624775927d4d4d,writable_target_mapping_2026,EXACT_SEMANTIC_MATCH
wi:d59414d8d59de1a9d5b4,LEGACY::REMASEP_OD::Q13,"REMASEP_OD :: SECCION A: CONSULTAS Y CONTROLES ODONTOLOGICOS REALIZADOS :: A.3. ACCIONES GENERALES DE PREVENCION E HIGIENE :: 5001005 - SELLANTES :: APLICACION DE SELLANTE EN PIEZA PERMANENTE, FOTOCURADO :: SEGUN GRUPOS DE EDAD O DE RIESGO :: 6 ANOS :: MUJERES",REMASEP_OD,P30,"REMASEP_OD :: SECCION A: CONSULTAS Y CONTROLES ODONTOLOGICOS REALIZADOS :: A.3. ACCIONES GENERALES DE PREVENCION E HIGIENE :: APLICACION DE SELLANTE EN PIEZA PERMANENTE, FOTOCURADO :: SEGUN GRUPOS DE EDAD O DE RIESGO :: 6 ANOS :: MUJERES",INTEGER_COUNT,stf:dc624775927d4d4d,writable_target_mapping_2026,EXACT_SEMANTIC_MATCH
wi:d5e86959416c104aa11d,LEGACY::REMASEP_OD::U13,"REMASEP_OD :: SECCION A: CONSULTAS Y CONTROLES ODONTOLOGICOS REALIZADOS :: A.3. ACCIONES GENERALES DE PREVENCION E HIGIENE :: 5001005 - SELLANTES :: APLICACION DE SELLANTE EN PIEZA PERMANENTE, FOTOCURADO :: SEGUN GRUPOS DE EDAD O DE RIESGO :: 8-9 ANOS :: MUJERES",REMASEP_OD,T30,"REMASEP_OD :: SECCION A: CONSULTAS Y CONTROLES ODONTOLOGICOS REALIZADOS :: A.3. ACCIONES GENERALES DE PREVENCION E HIGIENE :: APLICACION DE SELLANTE EN PIEZA PERMANENTE, FOTOCURADO :: SEGUN GRUPOS DE EDAD O DE RIESGO :: 8-9 ANOS :: MUJERES",INTEGER_COUNT,stf:dc624775927d4d4d,writable_target_mapping_2026,EXACT_SEMANTIC_MATCH
wi:d633034aa107064482ef,LEGACY::REMASEP_OD::Y14,REMASEP_OD :: SECCION A: CONSULTAS Y CONTROLES ODONTOLOGICOS REALIZADOS :: A.3. ACCIONES GENERALES DE PREVENCION E HIGIENE :: 50010112 - INSTRUCCION DE HIGIENE ORAL :: INSTRUCCION Y CONTROL DE HIGIENE ORAL EN NINOS Y ADULTOS :: SEGUN GRUPOS DE EDAD O DE RIESGO :: 15-19 ANOS :: MUJERES,REMASEP_OD,X31,REMASEP_OD :: SECCION A: CONSULTAS Y CONTROLES ODONTOLOGICOS REALIZADOS :: A.3. ACCIONES GENERALES DE PREVENCION E HIGIENE :: INSTRUCCION Y CONTROL DE HIGIENE ORAL EN NINOS Y ADULTOS :: SEGUN GRUPOS DE EDAD O DE RIESGO :: 15-19 ANOS :: MUJERES,INTEGER_COUNT,stf:dc624775927d4d4d,writable_target_mapping_2026,EXACT_SEMANTIC_MATCH
wi:d6ecc32d29b4817e715d,LEGACY::REMASEP_OD::L10,REMASEP_OD :: SECCION A: CONSULTAS Y CONTROLES ODONTOLOGICOS REALIZADOS :: A.1. CONSULTAS Y ALTAS :: CONTROL ODON ESP :: CONTROLES ODONTOLOGICO DE ESPECIALIDAD :: SEGUN GRUPOS DE EDAD O DE RIESGO :: 4 ANOS :: HOMBRES,REMASEP_OD,K19,REMASEP_OD :: SECCION A: CONSULTAS Y CONTROLES ODONTOLOGICOS REALIZADOS :: A.1. CONSULTAS Y ALTAS :: CONTROLES ODONTOLOGICO DE ESPECIALIDAD :: SEGUN GRUPOS DE EDAD O DE RIESGO :: 4 ANOS :: HOMBRES,INTEGER_COUNT,stf:dc624775927d4d4d,writable_target_mapping_2026,EXACT_SEMANTIC_MATCH
wi:d720b099c431639b5b0c,LEGACY::REMASEP_01::K89,REMASEP 01 :: SECCION C: ATENCIONES Y CONSULTAS POR OTROS PROFESIONALES NO MEDICOS :: FONO :: FONOAUDIOLOGO/A :: CONSULTAS FONOAUDIOLOGO/A :: POR EDAD (EN ANOS) :: 10 - 14 ANOS :: HOMBRES,REMASEP 01,J118,REMASEP 01 :: SECCION C: ATENCIONES Y CONSULTAS POR OTROS PROFESIONALES NO MEDICOS :: FONOAUDIOLOGO/A :: CONSULTAS FONOAUDIOLOGO/A :: POR EDAD (EN ANOS) :: 10 - 14 ANOS :: HOMBRES,INTEGER_COUNT,stf:dc624775927d4d4d,writable_target_mapping_2026,EXACT_SEMANTIC_MATCH
wi:d748d304b6d022d13056,LEGACY::REMASEP_OD::AB13,"REMASEP_OD :: SECCION A: CONSULTAS Y CONTROLES ODONTOLOGICOS REALIZADOS :: A.3. ACCIONES GENERALES DE PREVENCION E HIGIENE :: 5001005 - SELLANTES :: APLICACION DE SELLANTE EN PIEZA PERMANENTE, FOTOCURADO :: SEGUN GRUPOS DE EDAD O DE RIESGO :: 25-34 ANOS :: HOMBRES",REMASEP_OD,AA30,"REMASEP_OD :: SECCION A: CONSULTAS Y CONTROLES ODONTOLOGICOS REALIZADOS :: A.3. ACCIONES GENERALES DE PREVENCION E HIGIENE :: APLICACION DE SELLANTE EN PIEZA PERMANENTE, FOTOCURADO :: SEGUN GRUPOS DE EDAD O DE RIESGO :: 25-34 ANOS :: HOMBRES",INTEGER_COUNT,stf:dc624775927d4d4d,writable_target_mapping_2026,EXACT_SEMANTIC_MATCH
wi:d76dcc94c22f0848e6a4,LEGACY::REMASEP_OD::U70,REMASEP_OD :: SECCION B: ACTIVIDADES DE ATENCION EN ESPECIALIDADES ODONTOLOGICAS. :: INSTALACION PROTESIS TOTAL ACRILICA SUP O INF :: REHABILITACION MEDIANTE PROTESIS REMOVIBLE ACRILICA PARCIAL O TOTAL :: SEGUN GRUPOS DE EDAD O DE RIESGO :: 8-9 ANOS :: MUJERES,REMASEP_OD,T87,REMASEP_OD :: SECCION B: ACTIVIDADES DE ATENCION EN ESPECIALIDADES ODONTOLOGICAS. :: REHABILITACION MEDIANTE PROTESIS REMOVIBLE ACRILICA PARCIAL O TOTAL :: SEGUN GRUPOS DE EDAD O DE RIESGO :: 8-9 ANOS :: MUJERES,INTEGER_COUNT,stf:dc624775927d4d4d,writable_target_mapping_2026,EXACT_SEMANTIC_MATCH
wi:d7a9259eb58ae040efc3,LEGACY::REMASEP_OD::I89,REMASEP_OD :: SECCION B: ACTIVIDADES DE ATENCION EN ESPECIALIDADES ODONTOLOGICAS. :: 5009002 - DESGASTE SELECTIVO :: DESGASTE SELECTIVO :: SEGUN GRUPOS DE EDAD O DE RIESGO :: 2 ANOS :: MUJERES,REMASEP_OD,H106,REMASEP_OD :: SECCION B: ACTIVIDADES DE ATENCION EN ESPECIALIDADES ODONTOLOGICAS. :: DESGASTE SELECTIVO :: SEGUN GRUPOS DE EDAD O DE RIESGO :: 2 ANOS :: MUJERES,INTEGER_COUNT,stf:dc624775927d4d4d,writable_target_mapping_2026,EXACT_SEMANTIC_MATCH
wi:d7b8558fe4d226de77ab,LEGACY::REMASEP_OD::AA16,REMASEP_OD :: SECCION A: CONSULTAS Y CONTROLES ODONTOLOGICOS REALIZADOS :: A.3. ACCIONES GENERALES DE PREVENCION E HIGIENE :: 5010011 - PROFILAXIS :: HIGIENE Y PROFILAXIS EN NINOS Y ADULTOS :: SEGUN GRUPOS DE EDAD O DE RIESGO :: 20-24 ANOS :: MUJERES,REMASEP_OD,Z33,REMASEP_OD :: SECCION A: CONSULTAS Y CONTROLES ODONTOLOGICOS REALIZADOS :: A.3. ACCIONES GENERALES DE PREVENCION E HIGIENE :: HIGIENE Y PROFILAXIS EN NINOS Y ADULTOS :: SEGUN GRUPOS DE EDAD O DE RIESGO :: 20-24 ANOS :: MUJERES,INTEGER_COUNT,stf:dc624775927d4d4d,writable_target_mapping_2026,EXACT_SEMANTIC_MATCH
wi:d83edec951a3b33d024b,LEGACY::REMASEP_OD::T48,REMASEP_OD :: SECCION B: ACTIVIDADES DE ATENCION EN ESPECIALIDADES ODONTOLOGICAS. :: INSTALACION APARATO REMOVIBLE :: INSTALACION APARATO REMOVIBLE ORTODONCICO :: SEGUN GRUPOS DE EDAD O DE RIESGO :: 8-9 ANOS :: HOMBRES,REMASEP_OD,S65,REMASEP_OD :: SECCION B: ACTIVIDADES DE ATENCION EN ESPECIALIDADES ODONTOLOGICAS. :: INSTALACION APARATO REMOVIBLE ORTODONCICO :: SEGUN GRUPOS DE EDAD O DE RIESGO :: 8-9 ANOS :: HOMBRES,INTEGER_COUNT,stf:dc624775927d4d4d,writable_target_mapping_2026,EXACT_SEMANTIC_MATCH
wi:d8e1df983f33777a3ad7,LEGACY::REMASEP_OD::T50,REMASEP_OD :: SECCION B: ACTIVIDADES DE ATENCION EN ESPECIALIDADES ODONTOLOGICAS. :: INSTALACION CONTENCION :: INSTALACION APARATO DE CONTENCION ORTODONCICO :: SEGUN GRUPOS DE EDAD O DE RIESGO :: 8-9 ANOS :: HOMBRES,REMASEP_OD,S67,REMASEP_OD :: SECCION B: ACTIVIDADES DE ATENCION EN ESPECIALIDADES ODONTOLOGICAS. :: INSTALACION APARATO DE CONTENCION ORTODONCICO :: SEGUN GRUPOS DE EDAD O DE RIESGO :: 8-9 ANOS :: HOMBRES,INTEGER_COUNT,stf:dc624775927d4d4d,writable_target_mapping_2026,EXACT_SEMANTIC_MATCH
wi:d90accbcc3ed8603c797,LEGACY::REMASEP_OD::X73,REMASEP_OD :: SECCION B: ACTIVIDADES DE ATENCION EN ESPECIALIDADES ODONTOLOGICAS. :: INSTALACION CORONA DEFINITIVA SOBRE IMPLANTE :: REHABILITACION MEDIANTE PROTESIS FIJA IMPLANTOASISTIDA (UNITARIA Y PLURAL) :: SEGUN GRUPOS DE EDAD O DE RIESGO :: 15-19 ANOS :: HOMBRES,REMASEP_OD,W90,REMASEP_OD :: SECCION B: ACTIVIDADES DE ATENCION EN ESPECIALIDADES ODONTOLOGICAS. :: REHABILITACION MEDIANTE PROTESIS FIJA IMPLANTOASISTIDA (UNITARIA Y PLURAL) :: SEGUN GRUPOS DE EDAD O DE RIESGO :: 15-19 ANOS :: HOMBRES,INTEGER_COUNT,stf:dc624775927d4d4d,writable_target_mapping_2026,EXACT_SEMANTIC_MATCH
wi:d9628038d67ee04e36fd,LEGACY::REMASEP_OD::AD13,"REMASEP_OD :: SECCION A: CONSULTAS Y CONTROLES ODONTOLOGICOS REALIZADOS :: A.3. ACCIONES GENERALES DE PREVENCION E HIGIENE :: 5001005 - SELLANTES :: APLICACION DE SELLANTE EN PIEZA PERMANENTE, FOTOCURADO :: SEGUN GRUPOS DE EDAD O DE RIESGO :: 35-44 ANOS :: HOMBRES",REMASEP_OD,AC30,"REMASEP_OD :: SECCION A: CONSULTAS Y CONTROLES ODONTOLOGICOS REALIZADOS :: A.3. ACCIONES GENERALES DE PREVENCION E HIGIENE :: APLICACION DE SELLANTE EN PIEZA PERMANENTE, FOTOCURADO :: SEGUN GRUPOS DE EDAD O DE RIESGO :: 35-44 ANOS :: HOMBRES",INTEGER_COUNT,stf:dc624775927d4d4d,writable_target_mapping_2026,EXACT_SEMANTIC_MATCH
wi:d967c9321f16e430b6fd,LEGACY::REMASEP_OD::L62,"REMASEP_OD :: SECCION B: ACTIVIDADES DE ATENCION EN ESPECIALIDADES ODONTOLOGICAS. :: COMPOSITE :: PROCEDIMIENTO RESTAURADOR EN ODONTOPEDIATRIA (TODOS LOS TIPOS: RESINA, TEMPORALES Y AMALGAMAS) :: SEGUN GRUPOS DE EDAD O DE RIESGO :: 4 ANOS :: HOMBRES",REMASEP_OD,K79,"REMASEP_OD :: SECCION B: ACTIVIDADES DE ATENCION EN ESPECIALIDADES ODONTOLOGICAS. :: PROCEDIMIENTO RESTAURADOR EN ODONTOPEDIATRIA (TODOS LOS TIPOS: RESINA, TEMPORALES Y AMALGAMAS) :: SEGUN GRUPOS DE EDAD O DE RIESGO :: 4 ANOS :: HOMBRES",INTEGER_COUNT,stf:dc624775927d4d4d,writable_target_mapping_2026,EXACT_SEMANTIC_MATCH
wi:d9a3f6de000a9a4fa3ab,LEGACY::REMASEP_OD::M9,REMASEP_OD :: SECCION A: CONSULTAS Y CONTROLES ODONTOLOGICOS REALIZADOS :: A.1. CONSULTAS Y ALTAS :: CONTROL ODONTOLOGIA GENERAL :: CONTROLES ODONTOLOGICOS GENERALES :: SEGUN GRUPOS DE EDAD O DE RIESGO :: 4 ANOS :: MUJERES,REMASEP_OD,L18,REMASEP_OD :: SECCION A: CONSULTAS Y CONTROLES ODONTOLOGICOS REALIZADOS :: A.1. CONSULTAS Y ALTAS :: CONTROLES ODONTOLOGICOS GENERALES :: SEGUN GRUPOS DE EDAD O DE RIESGO :: 4 ANOS :: MUJERES,INTEGER_COUNT,stf:dc624775927d4d4d,writable_target_mapping_2026,EXACT_SEMANTIC_MATCH
wi:d9be7e95bc750966b977,LEGACY::REMASEP_OD::AE49,REMASEP_OD :: SECCION B: ACTIVIDADES DE ATENCION EN ESPECIALIDADES ODONTOLOGICAS. :: 5004001 - INSTALACION APARATO FIJO SUP O INF :: INSTALACION APARATO FIJO ORTODONCICO :: SEGUN GRUPOS DE EDAD O DE RIESGO :: 35-44 ANOS :: MUJERES,REMASEP_OD,AD66,REMASEP_OD :: SECCION B: ACTIVIDADES DE ATENCION EN ESPECIALIDADES ODONTOLOGICAS. :: INSTALACION APARATO FIJO ORTODONCICO :: SEGUN GRUPOS DE EDAD O DE RIESGO :: 35-44 ANOS :: MUJERES,INTEGER_COUNT,stf:dc624775927d4d4d,writable_target_mapping_2026,EXACT_SEMANTIC_MATCH
wi:da096eeee51f75e9cef0,LEGACY::REMASEP_OD::O65,REMASEP_OD :: SECCION B: ACTIVIDADES DE ATENCION EN ESPECIALIDADES ODONTOLOGICAS. :: DESTARTRAJE :: DESTARTRAJE SUB GINGIVAL :: SEGUN GRUPOS DE EDAD O DE RIESGO :: 5 ANOS :: MUJERES,REMASEP_OD,N82,REMASEP_OD :: SECCION B: ACTIVIDADES DE ATENCION EN ESPECIALIDADES ODONTOLOGICAS. :: DESTARTRAJE SUB GINGIVAL :: SEGUN GRUPOS DE EDAD O DE RIESGO :: 5 ANOS :: MUJERES,INTEGER_COUNT,stf:dc624775927d4d4d,writable_target_mapping_2026,EXACT_SEMANTIC_MATCH
wi:da2b8e45bb6497ef2a0c,LEGACY::REMASEP_OD::N74,REMASEP_OD :: SECCION B: ACTIVIDADES DE ATENCION EN ESPECIALIDADES ODONTOLOGICAS. :: NO SE REALIZA EN FG :: REHABILITACION MEDIANTE PROTESIS MUCO-IMPLANTOASISTIDA :: SEGUN GRUPOS DE EDAD O DE RIESGO :: 5 ANOS :: HOMBRES,REMASEP_OD,M91,REMASEP_OD :: SECCION B: ACTIVIDADES DE ATENCION EN ESPECIALIDADES ODONTOLOGICAS. :: REHABILITACION MEDIANTE PROTESIS MUCO-IMPLANTOASISTIDA :: SEGUN GRUPOS DE EDAD O DE RIESGO :: 5 ANOS :: HOMBRES,INTEGER_COUNT,stf:dc624775927d4d4d,writable_target_mapping_2026,EXACT_SEMANTIC_MATCH
wi:da4243dad9e44a07ba0e,LEGACY::REMASEP_01::L86,REMASEP 01 :: SECCION C: ATENCIONES Y CONSULTAS POR OTROS PROFESIONALES NO MEDICOS :: NUTRICIONISTA :: NUTRICIONISTA :: CONSULTA NUTRICIONAL :: POR EDAD (EN ANOS) :: 10 - 14 ANOS :: MUJERES,REMASEP 01,K115,REMASEP 01 :: SECCION C: ATENCIONES Y CONSULTAS POR OTROS PROFESIONALES NO MEDICOS :: NUTRICIONISTA :: CONSULTA NUTRICIONAL :: POR EDAD (EN ANOS) :: 10 - 14 ANOS :: MUJERES,INTEGER_COUNT,stf:dc624775927d4d4d,writable_target_mapping_2026,EXACT_SEMANTIC_MATCH
wi:da50b1d58bf98bdb4c45,LEGACY::REMASEP_OD::AM65,REMASEP_OD :: SECCION B: ACTIVIDADES DE ATENCION EN ESPECIALIDADES ODONTOLOGICAS. :: DESTARTRAJE :: DESTARTRAJE SUB GINGIVAL :: SEGUN GRUPOS DE EDAD O DE RIESGO :: 75 Y MAS ANOS :: MUJERES,REMASEP_OD,AL82,REMASEP_OD :: SECCION B: ACTIVIDADES DE ATENCION EN ESPECIALIDADES ODONTOLOGICAS. :: DESTARTRAJE SUB GINGIVAL :: SEGUN GRUPOS DE EDAD O DE RIESGO :: 75 Y MAS ANOS :: MUJERES,INTEGER_COUNT,stf:dc624775927d4d4d,writable_target_mapping_2026,EXACT_SEMANTIC_MATCH
wi:da8ea947a212960188d9,LEGACY::REMASEP_OD::AC63,REMASEP_OD :: SECCION B: ACTIVIDADES DE ATENCION EN ESPECIALIDADES ODONTOLOGICAS. :: 5010023 - PULPECTOMIA / 5010003 - PULPOTOMIA :: PROCEDIMIENTO PULPAR EN ODONTOPEDIATRIA (PULPOTOMIA Y PULPECTOMIA) :: SEGUN GRUPOS DE EDAD O DE RIESGO :: 25-34 ANOS :: MUJERES,REMASEP_OD,AB80,REMASEP_OD :: SECCION B: ACTIVIDADES DE ATENCION EN ESPECIALIDADES ODONTOLOGICAS. :: PROCEDIMIENTO PULPAR EN ODONTOPEDIATRIA (PULPOTOMIA Y PULPECTOMIA) :: SEGUN GRUPOS DE EDAD O DE RIESGO :: 25-34 ANOS :: MUJERES,INTEGER_COUNT,stf:dc624775927d4d4d,writable_target_mapping_2026,EXACT_SEMANTIC_MATCH
wi:db3020435e1bd4d2de3c,LEGACY::REMASEP_OD::J8,REMASEP_OD :: SECCION A: CONSULTAS Y CONTROLES ODONTOLOGICOS REALIZADOS :: A.1. CONSULTAS Y ALTAS :: EVALUACION ODONTOLOGIA GENERAL :: PRIMERAS CONSULTAS (ANO) DE ODONTOLOGIA ESPECIALIDADES :: SEGUN GRUPOS DE EDAD O DE RIESGO :: 3 ANOS :: HOMBRES,REMASEP_OD,I17,REMASEP_OD :: SECCION A: CONSULTAS Y CONTROLES ODONTOLOGICOS REALIZADOS :: A.1. CONSULTAS Y ALTAS :: PRIMERAS CONSULTAS (ANO) DE ODONTOLOGIA ESPECIALIDADES :: SEGUN GRUPOS DE EDAD O DE RIESGO :: 3 ANOS :: HOMBRES,INTEGER_COUNT,stf:dc624775927d4d4d,writable_target_mapping_2026,EXACT_SEMANTIC_MATCH
wi:db4fd5f0ea2c1d7116c2,LEGACY::REMASEP_OD::K47,REMASEP_OD :: SECCION B: ACTIVIDADES DE ATENCION EN ESPECIALIDADES ODONTOLOGICAS. :: 5005008 - CEMENTACION CARILLA RESINA INDIRECTA :: OBTURACION INDIRECTA (INLAYS U ONLAYS) :: SEGUN GRUPOS DE EDAD O DE RIESGO :: 3 ANOS :: MUJERES,REMASEP_OD,J64,REMASEP_OD :: SECCION B: ACTIVIDADES DE ATENCION EN ESPECIALIDADES ODONTOLOGICAS. :: OBTURACION INDIRECTA (INLAYS U ONLAYS) :: SEGUN GRUPOS DE EDAD O DE RIESGO :: 3 ANOS :: MUJERES,INTEGER_COUNT,stf:dc624775927d4d4d,writable_target_mapping_2026,EXACT_SEMANTIC_MATCH
wi:db5c75e11981f8fa2d37,LEGACY::REMASEP_OD::M49,REMASEP_OD :: SECCION B: ACTIVIDADES DE ATENCION EN ESPECIALIDADES ODONTOLOGICAS. :: 5004001 - INSTALACION APARATO FIJO SUP O INF :: INSTALACION APARATO FIJO ORTODONCICO :: SEGUN GRUPOS DE EDAD O DE RIESGO :: 4 ANOS :: MUJERES,REMASEP_OD,L66,REMASEP_OD :: SECCION B: ACTIVIDADES DE ATENCION EN ESPECIALIDADES ODONTOLOGICAS. :: INSTALACION APARATO FIJO ORTODONCICO :: SEGUN GRUPOS DE EDAD O DE RIESGO :: 4 ANOS :: MUJERES,INTEGER_COUNT,stf:dc624775927d4d4d,writable_target_mapping_2026,EXACT_SEMANTIC_MATCH
wi:db974d9cce7804bef42b,LEGACY::REMASEP_OD::Y73,REMASEP_OD :: SECCION B: ACTIVIDADES DE ATENCION EN ESPECIALIDADES ODONTOLOGICAS. :: INSTALACION CORONA DEFINITIVA SOBRE IMPLANTE :: REHABILITACION MEDIANTE PROTESIS FIJA IMPLANTOASISTIDA (UNITARIA Y PLURAL) :: SEGUN GRUPOS DE EDAD O DE RIESGO :: 15-19 ANOS :: MUJERES,REMASEP_OD,X90,REMASEP_OD :: SECCION B: ACTIVIDADES DE ATENCION EN ESPECIALIDADES ODONTOLOGICAS. :: REHABILITACION MEDIANTE PROTESIS FIJA IMPLANTOASISTIDA (UNITARIA Y PLURAL) :: SEGUN GRUPOS DE EDAD O DE RIESGO :: 15-19 ANOS :: MUJERES,INTEGER_COUNT,stf:dc624775927d4d4d,writable_target_mapping_2026,EXACT_SEMANTIC_MATCH
wi:dbecaaffc1f6ba78a899,LEGACY::REMASEP_OD::AA17,REMASEP_OD :: SECCION A: CONSULTAS Y CONTROLES ODONTOLOGICOS REALIZADOS :: A.3. ACCIONES GENERALES DE PREVENCION E HIGIENE :: 5001016 - FLUOR :: FLUORACION TOPICA DE BARNIZ :: SEGUN GRUPOS DE EDAD O DE RIESGO :: 20-24 ANOS :: MUJERES,REMASEP_OD,Z34,REMASEP_OD :: SECCION A: CONSULTAS Y CONTROLES ODONTOLOGICOS REALIZADOS :: A.3. ACCIONES GENERALES DE PREVENCION E HIGIENE :: FLUORACION TOPICA DE BARNIZ :: SEGUN GRUPOS DE EDAD O DE RIESGO :: 20-24 ANOS :: MUJERES,INTEGER_COUNT,stf:dc624775927d4d4d,writable_target_mapping_2026,EXACT_SEMANTIC_MATCH
wi:dc119a786bc1d4a853c6,LEGACY::REMASEP_01::Q89,REMASEP 01 :: SECCION C: ATENCIONES Y CONSULTAS POR OTROS PROFESIONALES NO MEDICOS :: FONO :: FONOAUDIOLOGO/A :: CONSULTAS FONOAUDIOLOGO/A :: POR EDAD (EN ANOS) :: 25 - 29 ANOS :: HOMBRES,REMASEP 01,P118,REMASEP 01 :: SECCION C: ATENCIONES Y CONSULTAS POR OTROS PROFESIONALES NO MEDICOS :: FONOAUDIOLOGO/A :: CONSULTAS FONOAUDIOLOGO/A :: POR EDAD (EN ANOS) :: 25 - 29 ANOS :: HOMBRES,INTEGER_COUNT,stf:dc624775927d4d4d,writable_target_mapping_2026,EXACT_SEMANTIC_MATCH
wi:dc28594e77f96a75bca5,LEGACY::REMASEP_OD::V71,REMASEP_OD :: SECCION B: ACTIVIDADES DE ATENCION EN ESPECIALIDADES ODONTOLOGICAS. :: INSTALACION PROTESIS PARCIAL METALICA SUP O INF :: REHABILITACION MEDIANTE PROTESIS REMOVIBLE METALICA PARCIAL :: SEGUN GRUPOS DE EDAD O DE RIESGO :: 10-14 ANOS :: HOMBRES,REMASEP_OD,U88,REMASEP_OD :: SECCION B: ACTIVIDADES DE ATENCION EN ESPECIALIDADES ODONTOLOGICAS. :: REHABILITACION MEDIANTE PROTESIS REMOVIBLE METALICA PARCIAL :: SEGUN GRUPOS DE EDAD O DE RIESGO :: 10-14 ANOS :: HOMBRES,INTEGER_COUNT,stf:dc624775927d4d4d,writable_target_mapping_2026,EXACT_SEMANTIC_MATCH
wi:dc3f142d529bcf295f7e,LEGACY::REMASEP_OD::U10,REMASEP_OD :: SECCION A: CONSULTAS Y CONTROLES ODONTOLOGICOS REALIZADOS :: A.1. CONSULTAS Y ALTAS :: CONTROL ODON ESP :: CONTROLES ODONTOLOGICO DE ESPECIALIDAD :: SEGUN GRUPOS DE EDAD O DE RIESGO :: 8-9 ANOS :: MUJERES,REMASEP_OD,T19,REMASEP_OD :: SECCION A: CONSULTAS Y CONTROLES ODONTOLOGICOS REALIZADOS :: A.1. CONSULTAS Y ALTAS :: CONTROLES ODONTOLOGICO DE ESPECIALIDAD :: SEGUN GRUPOS DE EDAD O DE RIESGO :: 8-9 ANOS :: MUJERES,INTEGER_COUNT,stf:dc624775927d4d4d,writable_target_mapping_2026,EXACT_SEMANTIC_MATCH
wi:dc5b79ec3ebe184821b1,LEGACY::REMASEP_OD::AL65,REMASEP_OD :: SECCION B: ACTIVIDADES DE ATENCION EN ESPECIALIDADES ODONTOLOGICAS. :: DESTARTRAJE :: DESTARTRAJE SUB GINGIVAL :: SEGUN GRUPOS DE EDAD O DE RIESGO :: 75 Y MAS ANOS :: HOMBRES,REMASEP_OD,AK82,REMASEP_OD :: SECCION B: ACTIVIDADES DE ATENCION EN ESPECIALIDADES ODONTOLOGICAS. :: DESTARTRAJE SUB GINGIVAL :: SEGUN GRUPOS DE EDAD O DE RIESGO :: 75 Y MAS ANOS :: HOMBRES,INTEGER_COUNT,stf:dc624775927d4d4d,writable_target_mapping_2026,EXACT_SEMANTIC_MATCH
wi:dc6d6637c674a6fa39b6,LEGACY::REMASEP_OD::H16,REMASEP_OD :: SECCION A: CONSULTAS Y CONTROLES ODONTOLOGICOS REALIZADOS :: A.3. ACCIONES GENERALES DE PREVENCION E HIGIENE :: 5010011 - PROFILAXIS :: HIGIENE Y PROFILAXIS EN NINOS Y ADULTOS :: SEGUN GRUPOS DE EDAD O DE RIESGO :: 2 ANOS :: HOMBRES,REMASEP_OD,G33,REMASEP_OD :: SECCION A: CONSULTAS Y CONTROLES ODONTOLOGICOS REALIZADOS :: A.3. ACCIONES GENERALES DE PREVENCION E HIGIENE :: HIGIENE Y PROFILAXIS EN NINOS Y ADULTOS :: SEGUN GRUPOS DE EDAD O DE RIESGO :: 2 ANOS :: HOMBRES,INTEGER_COUNT,stf:dc624775927d4d4d,writable_target_mapping_2026,EXACT_SEMANTIC_MATCH
wi:dca62faa9fd3959ad840,LEGACY::REMASEP_OD::T90,REMASEP_OD :: SECCION B: ACTIVIDADES DE ATENCION EN ESPECIALIDADES ODONTOLOGICAS. :: INSTALACIONES ORTOPEDIA :: INSTALACION DE DISPOSITIVO ORTOPEDICO :: SEGUN GRUPOS DE EDAD O DE RIESGO :: 8-9 ANOS :: HOMBRES,REMASEP_OD,S107,REMASEP_OD :: SECCION B: ACTIVIDADES DE ATENCION EN ESPECIALIDADES ODONTOLOGICAS. :: INSTALACION DE DISPOSITIVO ORTOPEDICO :: SEGUN GRUPOS DE EDAD O DE RIESGO :: 8-9 ANOS :: HOMBRES,INTEGER_COUNT,stf:dc624775927d4d4d,writable_target_mapping_2026,EXACT_SEMANTIC_MATCH
wi:dcb633ba7de7f940f0b6,LEGACY::REMASEP_OD::Q65,REMASEP_OD :: SECCION B: ACTIVIDADES DE ATENCION EN ESPECIALIDADES ODONTOLOGICAS. :: DESTARTRAJE :: DESTARTRAJE SUB GINGIVAL :: SEGUN GRUPOS DE EDAD O DE RIESGO :: 6 ANOS :: MUJERES,REMASEP_OD,P82,REMASEP_OD :: SECCION B: ACTIVIDADES DE ATENCION EN ESPECIALIDADES ODONTOLOGICAS. :: DESTARTRAJE SUB GINGIVAL :: SEGUN GRUPOS DE EDAD O DE RIESGO :: 6 ANOS :: MUJERES,INTEGER_COUNT,stf:dc624775927d4d4d,writable_target_mapping_2026,EXACT_SEMANTIC_MATCH
wi:dd1be37c31ac8665015f,LEGACY::REMASEP_01::Q87,REMASEP 01 :: SECCION C: ATENCIONES Y CONSULTAS POR OTROS PROFESIONALES NO MEDICOS :: PSICO :: PSICOLOGO/A :: CONSULTA PSICOLOGICA :: POR EDAD (EN ANOS) :: 25 - 29 ANOS :: HOMBRES,REMASEP 01,P116,REMASEP 01 :: SECCION C: ATENCIONES Y CONSULTAS POR OTROS PROFESIONALES NO MEDICOS :: PSICOLOGO/A :: CONSULTA PSICOLOGICA :: POR EDAD (EN ANOS) :: 25 - 29 ANOS :: HOMBRES,INTEGER_COUNT,stf:dc624775927d4d4d,writable_target_mapping_2026,EXACT_SEMANTIC_MATCH
wi:dd282cffcb3427a0cc31,LEGACY::REMASEP_OD::AA50,REMASEP_OD :: SECCION B: ACTIVIDADES DE ATENCION EN ESPECIALIDADES ODONTOLOGICAS. :: INSTALACION CONTENCION :: INSTALACION APARATO DE CONTENCION ORTODONCICO :: SEGUN GRUPOS DE EDAD O DE RIESGO :: 20-24 ANOS :: MUJERES,REMASEP_OD,Z67,REMASEP_OD :: SECCION B: ACTIVIDADES DE ATENCION EN ESPECIALIDADES ODONTOLOGICAS. :: INSTALACION APARATO DE CONTENCION ORTODONCICO :: SEGUN GRUPOS DE EDAD O DE RIESGO :: 20-24 ANOS :: MUJERES,INTEGER_COUNT,stf:dc624775927d4d4d,writable_target_mapping_2026,EXACT_SEMANTIC_MATCH
wi:ddad14f21be6da132b88,LEGACY::REMASEP_OD::R9,REMASEP_OD :: SECCION A: CONSULTAS Y CONTROLES ODONTOLOGICOS REALIZADOS :: A.1. CONSULTAS Y ALTAS :: CONTROL ODONTOLOGIA GENERAL :: CONTROLES ODONTOLOGICOS GENERALES :: SEGUN GRUPOS DE EDAD O DE RIESGO :: 7 ANOS :: HOMBRES,REMASEP_OD,Q18,REMASEP_OD :: SECCION A: CONSULTAS Y CONTROLES ODONTOLOGICOS REALIZADOS :: A.1. CONSULTAS Y ALTAS :: CONTROLES ODONTOLOGICOS GENERALES :: SEGUN GRUPOS DE EDAD O DE RIESGO :: 7 ANOS :: HOMBRES,INTEGER_COUNT,stf:dc624775927d4d4d,writable_target_mapping_2026,EXACT_SEMANTIC_MATCH
wi:ddcd662929d2b0353d6a,LEGACY::REMASEP_OD::U71,REMASEP_OD :: SECCION B: ACTIVIDADES DE ATENCION EN ESPECIALIDADES ODONTOLOGICAS. :: INSTALACION PROTESIS PARCIAL METALICA SUP O INF :: REHABILITACION MEDIANTE PROTESIS REMOVIBLE METALICA PARCIAL :: SEGUN GRUPOS DE EDAD O DE RIESGO :: 8-9 ANOS :: MUJERES,REMASEP_OD,T88,REMASEP_OD :: SECCION B: ACTIVIDADES DE ATENCION EN ESPECIALIDADES ODONTOLOGICAS. :: REHABILITACION MEDIANTE PROTESIS REMOVIBLE METALICA PARCIAL :: SEGUN GRUPOS DE EDAD O DE RIESGO :: 8-9 ANOS :: MUJERES,INTEGER_COUNT,stf:dc624775927d4d4d,writable_target_mapping_2026,EXACT_SEMANTIC_MATCH
wi:ddff20d1db9eab362b58,LEGACY::REMASEP_OD::Z40,REMASEP_OD :: SECCION B: ACTIVIDADES DE ATENCION EN ESPECIALIDADES ODONTOLOGICAS. :: EVALUACION ODON ESP :: EXAMEN Y DIAGNOSTICO DE ESPECIALIDAD :: SEGUN GRUPOS DE EDAD O DE RIESGO :: 20-24 ANOS :: HOMBRES,REMASEP_OD,Y57,REMASEP_OD :: SECCION B: ACTIVIDADES DE ATENCION EN ESPECIALIDADES ODONTOLOGICAS. :: EXAMEN Y DIAGNOSTICO DE ESPECIALIDAD :: SEGUN GRUPOS DE EDAD O DE RIESGO :: 20-24 ANOS :: HOMBRES,INTEGER_COUNT,stf:dc624775927d4d4d,writable_target_mapping_2026,EXACT_SEMANTIC_MATCH
wi:de3bd822030a1e75fd59,LEGACY::REMASEP_OD::AD48,REMASEP_OD :: SECCION B: ACTIVIDADES DE ATENCION EN ESPECIALIDADES ODONTOLOGICAS. :: INSTALACION APARATO REMOVIBLE :: INSTALACION APARATO REMOVIBLE ORTODONCICO :: SEGUN GRUPOS DE EDAD O DE RIESGO :: 35-44 ANOS :: HOMBRES,REMASEP_OD,AC65,REMASEP_OD :: SECCION B: ACTIVIDADES DE ATENCION EN ESPECIALIDADES ODONTOLOGICAS. :: INSTALACION APARATO REMOVIBLE ORTODONCICO :: SEGUN GRUPOS DE EDAD O DE RIESGO :: 35-44 ANOS :: HOMBRES,INTEGER_COUNT,stf:dc624775927d4d4d,writable_target_mapping_2026,EXACT_SEMANTIC_MATCH
wi:de5c06a8b090c4fdaf43,LEGACY::REMASEP_OD::G52,REMASEP_OD :: SECCION B: ACTIVIDADES DE ATENCION EN ESPECIALIDADES ODONTOLOGICAS. :: 5004020 - CONTROL ORTODONCIA QUIRURGICO :: ORTODONCIA PRE-QUIRURGICA :: SEGUN GRUPOS DE EDAD O DE RIESGO :: MENOS DE 1 ANO - 1 ANO :: MUJERES,REMASEP_OD,F69,REMASEP_OD :: SECCION B: ACTIVIDADES DE ATENCION EN ESPECIALIDADES ODONTOLOGICAS. :: ORTODONCIA PRE-QUIRURGICA :: SEGUN GRUPOS DE EDAD O DE RIESGO :: MENOS DE 1 ANO - 1 ANO :: MUJERES,INTEGER_COUNT,stf:dc624775927d4d4d,writable_target_mapping_2026,EXACT_SEMANTIC_MATCH
wi:df3edf7bce71fbfc3834,LEGACY::REMASEP_OD::Q53,REMASEP_OD :: SECCION B: ACTIVIDADES DE ATENCION EN ESPECIALIDADES ODONTOLOGICAS. :: CONTROLES ORTOPED. PREQ :: ORTOPEDIA PRE-QUIRURGICA :: SEGUN GRUPOS DE EDAD O DE RIESGO :: 6 ANOS :: MUJERES,REMASEP_OD,P70,REMASEP_OD :: SECCION B: ACTIVIDADES DE ATENCION EN ESPECIALIDADES ODONTOLOGICAS. :: ORTOPEDIA PRE-QUIRURGICA :: SEGUN GRUPOS DE EDAD O DE RIESGO :: 6 ANOS :: MUJERES,INTEGER_COUNT,stf:dc624775927d4d4d,writable_target_mapping_2026,EXACT_SEMANTIC_MATCH
wi:dfb149c1884d985ad8f6,LEGACY::REMASEP_OD::AK51,REMASEP_OD :: SECCION B: ACTIVIDADES DE ATENCION EN ESPECIALIDADES ODONTOLOGICAS. :: 5004018 - RETIRO APARATO FIJO-LIMPIEZA-IMPRESION :: RETIRO APARATOLOGIA DE ORTODONCIA :: SEGUN GRUPOS DE EDAD O DE RIESGO :: 65-74 ANOS :: MUJERES,REMASEP_OD,AJ68,REMASEP_OD :: SECCION B: ACTIVIDADES DE ATENCION EN ESPECIALIDADES ODONTOLOGICAS. :: RETIRO APARATOLOGIA DE ORTODONCIA :: SEGUN GRUPOS DE EDAD O DE RIESGO :: 65-74 ANOS :: MUJERES,INTEGER_COUNT,stf:dc624775927d4d4d,writable_target_mapping_2026,EXACT_SEMANTIC_MATCH
wi:dfd121f060ad52df68bb,LEGACY::REMASEP_OD::I70,REMASEP_OD :: SECCION B: ACTIVIDADES DE ATENCION EN ESPECIALIDADES ODONTOLOGICAS. :: INSTALACION PROTESIS TOTAL ACRILICA SUP O INF :: REHABILITACION MEDIANTE PROTESIS REMOVIBLE ACRILICA PARCIAL O TOTAL :: SEGUN GRUPOS DE EDAD O DE RIESGO :: 2 ANOS :: MUJERES,REMASEP_OD,H87,REMASEP_OD :: SECCION B: ACTIVIDADES DE ATENCION EN ESPECIALIDADES ODONTOLOGICAS. :: REHABILITACION MEDIANTE PROTESIS REMOVIBLE ACRILICA PARCIAL O TOTAL :: SEGUN GRUPOS DE EDAD O DE RIESGO :: 2 ANOS :: MUJERES,INTEGER_COUNT,stf:dc624775927d4d4d,writable_target_mapping_2026,EXACT_SEMANTIC_MATCH
wi:e023c4645a4e2527acdf,LEGACY::REMASEP_OD::H52,REMASEP_OD :: SECCION B: ACTIVIDADES DE ATENCION EN ESPECIALIDADES ODONTOLOGICAS. :: 5004020 - CONTROL ORTODONCIA QUIRURGICO :: ORTODONCIA PRE-QUIRURGICA :: SEGUN GRUPOS DE EDAD O DE RIESGO :: 2 ANOS :: HOMBRES,REMASEP_OD,G69,REMASEP_OD :: SECCION B: ACTIVIDADES DE ATENCION EN ESPECIALIDADES ODONTOLOGICAS. :: ORTODONCIA PRE-QUIRURGICA :: SEGUN GRUPOS DE EDAD O DE RIESGO :: 2 ANOS :: HOMBRES,INTEGER_COUNT,stf:dc624775927d4d4d,writable_target_mapping_2026,EXACT_SEMANTIC_MATCH
wi:e062a65967a4ec948572,LEGACY::REMASEP_OD::AK47,REMASEP_OD :: SECCION B: ACTIVIDADES DE ATENCION EN ESPECIALIDADES ODONTOLOGICAS. :: 5005008 - CEMENTACION CARILLA RESINA INDIRECTA :: OBTURACION INDIRECTA (INLAYS U ONLAYS) :: SEGUN GRUPOS DE EDAD O DE RIESGO :: 65-74 ANOS :: MUJERES,REMASEP_OD,AJ64,REMASEP_OD :: SECCION B: ACTIVIDADES DE ATENCION EN ESPECIALIDADES ODONTOLOGICAS. :: OBTURACION INDIRECTA (INLAYS U ONLAYS) :: SEGUN GRUPOS DE EDAD O DE RIESGO :: 65-74 ANOS :: MUJERES,INTEGER_COUNT,stf:dc624775927d4d4d,writable_target_mapping_2026,EXACT_SEMANTIC_MATCH
wi:e07f2c6626ec8261c8b6,LEGACY::REMASEP_OD::AF90,REMASEP_OD :: SECCION B: ACTIVIDADES DE ATENCION EN ESPECIALIDADES ODONTOLOGICAS. :: INSTALACIONES ORTOPEDIA :: INSTALACION DE DISPOSITIVO ORTOPEDICO :: SEGUN GRUPOS DE EDAD O DE RIESGO :: 45-59 ANOS :: HOMBRES,REMASEP_OD,AE107,REMASEP_OD :: SECCION B: ACTIVIDADES DE ATENCION EN ESPECIALIDADES ODONTOLOGICAS. :: INSTALACION DE DISPOSITIVO ORTOPEDICO :: SEGUN GRUPOS DE EDAD O DE RIESGO :: 45-59 ANOS :: HOMBRES,INTEGER_COUNT,stf:dc624775927d4d4d,writable_target_mapping_2026,EXACT_SEMANTIC_MATCH
wi:e0867b530cea9636bb44,LEGACY::REMASEP_OD::AC48,REMASEP_OD :: SECCION B: ACTIVIDADES DE ATENCION EN ESPECIALIDADES ODONTOLOGICAS. :: INSTALACION APARATO REMOVIBLE :: INSTALACION APARATO REMOVIBLE ORTODONCICO :: SEGUN GRUPOS DE EDAD O DE RIESGO :: 25-34 ANOS :: MUJERES,REMASEP_OD,AB65,REMASEP_OD :: SECCION B: ACTIVIDADES DE ATENCION EN ESPECIALIDADES ODONTOLOGICAS. :: INSTALACION APARATO REMOVIBLE ORTODONCICO :: SEGUN GRUPOS DE EDAD O DE RIESGO :: 25-34 ANOS :: MUJERES,INTEGER_COUNT,stf:dc624775927d4d4d,writable_target_mapping_2026,EXACT_SEMANTIC_MATCH
wi:e08877dfd35adb960993,LEGACY::REMASEP_OD::AE74,REMASEP_OD :: SECCION B: ACTIVIDADES DE ATENCION EN ESPECIALIDADES ODONTOLOGICAS. :: NO SE REALIZA EN FG :: REHABILITACION MEDIANTE PROTESIS MUCO-IMPLANTOASISTIDA :: SEGUN GRUPOS DE EDAD O DE RIESGO :: 35-44 ANOS :: MUJERES,REMASEP_OD,AD91,REMASEP_OD :: SECCION B: ACTIVIDADES DE ATENCION EN ESPECIALIDADES ODONTOLOGICAS. :: REHABILITACION MEDIANTE PROTESIS MUCO-IMPLANTOASISTIDA :: SEGUN GRUPOS DE EDAD O DE RIESGO :: 35-44 ANOS :: MUJERES,INTEGER_COUNT,stf:dc624775927d4d4d,writable_target_mapping_2026,EXACT_SEMANTIC_MATCH
wi:e0d2336882686f7143e9,LEGACY::REMASEP_01::R87,REMASEP 01 :: SECCION C: ATENCIONES Y CONSULTAS POR OTROS PROFESIONALES NO MEDICOS :: PSICO :: PSICOLOGO/A :: CONSULTA PSICOLOGICA :: POR EDAD (EN ANOS) :: 25 - 29 ANOS :: MUJERES,REMASEP 01,Q116,REMASEP 01 :: SECCION C: ATENCIONES Y CONSULTAS POR OTROS PROFESIONALES NO MEDICOS :: PSICOLOGO/A :: CONSULTA PSICOLOGICA :: POR EDAD (EN ANOS) :: 25 - 29 ANOS :: MUJERES,INTEGER_COUNT,stf:dc624775927d4d4d,writable_target_mapping_2026,EXACT_SEMANTIC_MATCH
wi:e0fb610e2011fc8502cf,LEGACY::REMASEP_OD::AC90,REMASEP_OD :: SECCION B: ACTIVIDADES DE ATENCION EN ESPECIALIDADES ODONTOLOGICAS. :: INSTALACIONES ORTOPEDIA :: INSTALACION DE DISPOSITIVO ORTOPEDICO :: SEGUN GRUPOS DE EDAD O DE RIESGO :: 25-34 ANOS :: MUJERES,REMASEP_OD,AB107,REMASEP_OD :: SECCION B: ACTIVIDADES DE ATENCION EN ESPECIALIDADES ODONTOLOGICAS. :: INSTALACION DE DISPOSITIVO ORTOPEDICO :: SEGUN GRUPOS DE EDAD O DE RIESGO :: 25-34 ANOS :: MUJERES,INTEGER_COUNT,stf:dc624775927d4d4d,writable_target_mapping_2026,EXACT_SEMANTIC_MATCH
wi:e12129f7b0bf05d971d7,LEGACY::REMASEP_OD::AJ17,REMASEP_OD :: SECCION A: CONSULTAS Y CONTROLES ODONTOLOGICOS REALIZADOS :: A.3. ACCIONES GENERALES DE PREVENCION E HIGIENE :: 5001016 - FLUOR :: FLUORACION TOPICA DE BARNIZ :: SEGUN GRUPOS DE EDAD O DE RIESGO :: 65-74 ANOS :: HOMBRES,REMASEP_OD,AI34,REMASEP_OD :: SECCION A: CONSULTAS Y CONTROLES ODONTOLOGICOS REALIZADOS :: A.3. ACCIONES GENERALES DE PREVENCION E HIGIENE :: FLUORACION TOPICA DE BARNIZ :: SEGUN GRUPOS DE EDAD O DE RIESGO :: 65-74 ANOS :: HOMBRES,INTEGER_COUNT,stf:dc624775927d4d4d,writable_target_mapping_2026,EXACT_SEMANTIC_MATCH
wi:e14407f57ad91ffdbdb1,LEGACY::REMASEP_01::AK84,REMASEP 01 :: SECCION C: ATENCIONES Y CONSULTAS POR OTROS PROFESIONALES NO MEDICOS :: ENFERMER :: ENFERMERA/O :: ATENCION AL PACIENTE :: POR EDAD (EN ANOS) :: 75 - 79 ANOS :: HOMBRES,REMASEP 01,AJ113,REMASEP 01 :: SECCION C: ATENCIONES Y CONSULTAS POR OTROS PROFESIONALES NO MEDICOS :: ENFERMERA/O :: ATENCION AL PACIENTE :: POR EDAD (EN ANOS) :: 75 - 79 ANOS :: HOMBRES,INTEGER_COUNT,stf:dc624775927d4d4d,writable_target_mapping_2026,EXACT_SEMANTIC_MATCH
wi:e15325219a88b0ba8b81,LEGACY::REMASEP_OD::AF53,REMASEP_OD :: SECCION B: ACTIVIDADES DE ATENCION EN ESPECIALIDADES ODONTOLOGICAS. :: CONTROLES ORTOPED. PREQ :: ORTOPEDIA PRE-QUIRURGICA :: SEGUN GRUPOS DE EDAD O DE RIESGO :: 45-59 ANOS :: HOMBRES,REMASEP_OD,AE70,REMASEP_OD :: SECCION B: ACTIVIDADES DE ATENCION EN ESPECIALIDADES ODONTOLOGICAS. :: ORTOPEDIA PRE-QUIRURGICA :: SEGUN GRUPOS DE EDAD O DE RIESGO :: 45-59 ANOS :: HOMBRES,INTEGER_COUNT,stf:dc624775927d4d4d,writable_target_mapping_2026,EXACT_SEMANTIC_MATCH
wi:e17773232c07304d5911,LEGACY::REMASEP_OD::AD8,REMASEP_OD :: SECCION A: CONSULTAS Y CONTROLES ODONTOLOGICOS REALIZADOS :: A.1. CONSULTAS Y ALTAS :: EVALUACION ODONTOLOGIA GENERAL :: PRIMERAS CONSULTAS (ANO) DE ODONTOLOGIA ESPECIALIDADES :: SEGUN GRUPOS DE EDAD O DE RIESGO :: 35-44 ANOS :: HOMBRES,REMASEP_OD,AC17,REMASEP_OD :: SECCION A: CONSULTAS Y CONTROLES ODONTOLOGICOS REALIZADOS :: A.1. CONSULTAS Y ALTAS :: PRIMERAS CONSULTAS (ANO) DE ODONTOLOGIA ESPECIALIDADES :: SEGUN GRUPOS DE EDAD O DE RIESGO :: 35-44 ANOS :: HOMBRES,INTEGER_COUNT,stf:dc624775927d4d4d,writable_target_mapping_2026,EXACT_SEMANTIC_MATCH
wi:e1bb049f85f262a30269,LEGACY::REMASEP_OD::AB48,REMASEP_OD :: SECCION B: ACTIVIDADES DE ATENCION EN ESPECIALIDADES ODONTOLOGICAS. :: INSTALACION APARATO REMOVIBLE :: INSTALACION APARATO REMOVIBLE ORTODONCICO :: SEGUN GRUPOS DE EDAD O DE RIESGO :: 25-34 ANOS :: HOMBRES,REMASEP_OD,AA65,REMASEP_OD :: SECCION B: ACTIVIDADES DE ATENCION EN ESPECIALIDADES ODONTOLOGICAS. :: INSTALACION APARATO REMOVIBLE ORTODONCICO :: SEGUN GRUPOS DE EDAD O DE RIESGO :: 25-34 ANOS :: HOMBRES,INTEGER_COUNT,stf:dc624775927d4d4d,writable_target_mapping_2026,EXACT_SEMANTIC_MATCH
wi:e2945d1aafe30f5d3101,LEGACY::REMASEP_OD::AM51,REMASEP_OD :: SECCION B: ACTIVIDADES DE ATENCION EN ESPECIALIDADES ODONTOLOGICAS. :: 5004018 - RETIRO APARATO FIJO-LIMPIEZA-IMPRESION :: RETIRO APARATOLOGIA DE ORTODONCIA :: SEGUN GRUPOS DE EDAD O DE RIESGO :: 75 Y MAS ANOS :: MUJERES,REMASEP_OD,AL68,REMASEP_OD :: SECCION B: ACTIVIDADES DE ATENCION EN ESPECIALIDADES ODONTOLOGICAS. :: RETIRO APARATOLOGIA DE ORTODONCIA :: SEGUN GRUPOS DE EDAD O DE RIESGO :: 75 Y MAS ANOS :: MUJERES,INTEGER_COUNT,stf:dc624775927d4d4d,writable_target_mapping_2026,EXACT_SEMANTIC_MATCH
wi:e3628fc9b7e06010f93d,LEGACY::REMASEP_OD::AG13,"REMASEP_OD :: SECCION A: CONSULTAS Y CONTROLES ODONTOLOGICOS REALIZADOS :: A.3. ACCIONES GENERALES DE PREVENCION E HIGIENE :: 5001005 - SELLANTES :: APLICACION DE SELLANTE EN PIEZA PERMANENTE, FOTOCURADO :: SEGUN GRUPOS DE EDAD O DE RIESGO :: 45-59 ANOS :: MUJERES",REMASEP_OD,AF30,"REMASEP_OD :: SECCION A: CONSULTAS Y CONTROLES ODONTOLOGICOS REALIZADOS :: A.3. ACCIONES GENERALES DE PREVENCION E HIGIENE :: APLICACION DE SELLANTE EN PIEZA PERMANENTE, FOTOCURADO :: SEGUN GRUPOS DE EDAD O DE RIESGO :: 45-59 ANOS :: MUJERES",INTEGER_COUNT,stf:dc624775927d4d4d,writable_target_mapping_2026,EXACT_SEMANTIC_MATCH
wi:e3a564e988c805581bd6,LEGACY::REMASEP_01::Z84,REMASEP 01 :: SECCION C: ATENCIONES Y CONSULTAS POR OTROS PROFESIONALES NO MEDICOS :: ENFERMER :: ENFERMERA/O :: ATENCION AL PACIENTE :: POR EDAD (EN ANOS) :: 45 - 49 ANOS :: MUJERES,REMASEP 01,Y113,REMASEP 01 :: SECCION C: ATENCIONES Y CONSULTAS POR OTROS PROFESIONALES NO MEDICOS :: ENFERMERA/O :: ATENCION AL PACIENTE :: POR EDAD (EN ANOS) :: 45 - 49 ANOS :: MUJERES,INTEGER_COUNT,stf:dc624775927d4d4d,writable_target_mapping_2026,EXACT_SEMANTIC_MATCH
wi:e3a6dc277e007590d28c,LEGACY::REMASEP_OD::L72,REMASEP_OD :: SECCION B: ACTIVIDADES DE ATENCION EN ESPECIALIDADES ODONTOLOGICAS. :: CEMENTACION PROTESIS FIJA SOBRE DIENTE :: REHABILITACION MEDIANTE PROTESIS FIJA UNITARIA O PLURAL :: SEGUN GRUPOS DE EDAD O DE RIESGO :: 4 ANOS :: HOMBRES,REMASEP_OD,K89,REMASEP_OD :: SECCION B: ACTIVIDADES DE ATENCION EN ESPECIALIDADES ODONTOLOGICAS. :: REHABILITACION MEDIANTE PROTESIS FIJA UNITARIA O PLURAL :: SEGUN GRUPOS DE EDAD O DE RIESGO :: 4 ANOS :: HOMBRES,INTEGER_COUNT,stf:dc624775927d4d4d,writable_target_mapping_2026,EXACT_SEMANTIC_MATCH
wi:e3d6d197528a36660115,LEGACY::REMASEP_OD::F13,"REMASEP_OD :: SECCION A: CONSULTAS Y CONTROLES ODONTOLOGICOS REALIZADOS :: A.3. ACCIONES GENERALES DE PREVENCION E HIGIENE :: 5001005 - SELLANTES :: APLICACION DE SELLANTE EN PIEZA PERMANENTE, FOTOCURADO :: SEGUN GRUPOS DE EDAD O DE RIESGO :: MENOS DE 1 ANO - 1 ANO :: HOMBRES",REMASEP_OD,E30,"REMASEP_OD :: SECCION A: CONSULTAS Y CONTROLES ODONTOLOGICOS REALIZADOS :: A.3. ACCIONES GENERALES DE PREVENCION E HIGIENE :: APLICACION DE SELLANTE EN PIEZA PERMANENTE, FOTOCURADO :: SEGUN GRUPOS DE EDAD O DE RIESGO :: MENOS DE 1 ANO - 1 ANO :: HOMBRES",INTEGER_COUNT,stf:dc624775927d4d4d,writable_target_mapping_2026,EXACT_SEMANTIC_MATCH
wi:e3f0c54165965f469a41,LEGACY::REMASEP_OD::F8,REMASEP_OD :: SECCION A: CONSULTAS Y CONTROLES ODONTOLOGICOS REALIZADOS :: A.1. CONSULTAS Y ALTAS :: EVALUACION ODONTOLOGIA GENERAL :: PRIMERAS CONSULTAS (ANO) DE ODONTOLOGIA ESPECIALIDADES :: SEGUN GRUPOS DE EDAD O DE RIESGO :: MENOS DE 1 ANO - 1 ANO :: HOMBRES,REMASEP_OD,E17,REMASEP_OD :: SECCION A: CONSULTAS Y CONTROLES ODONTOLOGICOS REALIZADOS :: A.1. CONSULTAS Y ALTAS :: PRIMERAS CONSULTAS (ANO) DE ODONTOLOGIA ESPECIALIDADES :: SEGUN GRUPOS DE EDAD O DE RIESGO :: MENOS DE 1 ANO - 1 ANO :: HOMBRES,INTEGER_COUNT,stf:dc624775927d4d4d,writable_target_mapping_2026,EXACT_SEMANTIC_MATCH
wi:e43c79408e40596a6520,LEGACY::REMASEP_OD::AM73,REMASEP_OD :: SECCION B: ACTIVIDADES DE ATENCION EN ESPECIALIDADES ODONTOLOGICAS. :: INSTALACION CORONA DEFINITIVA SOBRE IMPLANTE :: REHABILITACION MEDIANTE PROTESIS FIJA IMPLANTOASISTIDA (UNITARIA Y PLURAL) :: SEGUN GRUPOS DE EDAD O DE RIESGO :: 75 Y MAS ANOS :: MUJERES,REMASEP_OD,AL90,REMASEP_OD :: SECCION B: ACTIVIDADES DE ATENCION EN ESPECIALIDADES ODONTOLOGICAS. :: REHABILITACION MEDIANTE PROTESIS FIJA IMPLANTOASISTIDA (UNITARIA Y PLURAL) :: SEGUN GRUPOS DE EDAD O DE RIESGO :: 75 Y MAS ANOS :: MUJERES,INTEGER_COUNT,stf:dc624775927d4d4d,writable_target_mapping_2026,EXACT_SEMANTIC_MATCH
wi:e4b5056e386f72d1dcf8,LEGACY::REMASEP_OD::AD49,REMASEP_OD :: SECCION B: ACTIVIDADES DE ATENCION EN ESPECIALIDADES ODONTOLOGICAS. :: 5004001 - INSTALACION APARATO FIJO SUP O INF :: INSTALACION APARATO FIJO ORTODONCICO :: SEGUN GRUPOS DE EDAD O DE RIESGO :: 35-44 ANOS :: HOMBRES,REMASEP_OD,AC66,REMASEP_OD :: SECCION B: ACTIVIDADES DE ATENCION EN ESPECIALIDADES ODONTOLOGICAS. :: INSTALACION APARATO FIJO ORTODONCICO :: SEGUN GRUPOS DE EDAD O DE RIESGO :: 35-44 ANOS :: HOMBRES,INTEGER_COUNT,stf:dc624775927d4d4d,writable_target_mapping_2026,EXACT_SEMANTIC_MATCH
wi:e5529e4befef3143f707,LEGACY::REMASEP_OD::AM10,REMASEP_OD :: SECCION A: CONSULTAS Y CONTROLES ODONTOLOGICOS REALIZADOS :: A.1. CONSULTAS Y ALTAS :: CONTROL ODON ESP :: CONTROLES ODONTOLOGICO DE ESPECIALIDAD :: SEGUN GRUPOS DE EDAD O DE RIESGO :: 75 Y MAS ANOS :: MUJERES,REMASEP_OD,AL19,REMASEP_OD :: SECCION A: CONSULTAS Y CONTROLES ODONTOLOGICOS REALIZADOS :: A.1. CONSULTAS Y ALTAS :: CONTROLES ODONTOLOGICO DE ESPECIALIDAD :: SEGUN GRUPOS DE EDAD O DE RIESGO :: 75 Y MAS ANOS :: MUJERES,INTEGER_COUNT,stf:dc624775927d4d4d,writable_target_mapping_2026,EXACT_SEMANTIC_MATCH
wi:e5f2f819defdd37beb23,LEGACY::REMASEP_01::Z87,REMASEP 01 :: SECCION C: ATENCIONES Y CONSULTAS POR OTROS PROFESIONALES NO MEDICOS :: PSICO :: PSICOLOGO/A :: CONSULTA PSICOLOGICA :: POR EDAD (EN ANOS) :: 45 - 49 ANOS :: MUJERES,REMASEP 01,Y116,REMASEP 01 :: SECCION C: ATENCIONES Y CONSULTAS POR OTROS PROFESIONALES NO MEDICOS :: PSICOLOGO/A :: CONSULTA PSICOLOGICA :: POR EDAD (EN ANOS) :: 45 - 49 ANOS :: MUJERES,INTEGER_COUNT,stf:dc624775927d4d4d,writable_target_mapping_2026,EXACT_SEMANTIC_MATCH
wi:e64831bd291982638e3b,LEGACY::REMASEP_OD::P66,REMASEP_OD :: SECCION B: ACTIVIDADES DE ATENCION EN ESPECIALIDADES ODONTOLOGICAS. :: 5009012 - PULIDO RADICULAR POR SESION O SEXTANTE :: PULIDO RADICULAR :: SEGUN GRUPOS DE EDAD O DE RIESGO :: 6 ANOS :: HOMBRES,REMASEP_OD,O83,REMASEP_OD :: SECCION B: ACTIVIDADES DE ATENCION EN ESPECIALIDADES ODONTOLOGICAS. :: PULIDO RADICULAR :: SEGUN GRUPOS DE EDAD O DE RIESGO :: 6 ANOS :: HOMBRES,INTEGER_COUNT,stf:dc624775927d4d4d,writable_target_mapping_2026,EXACT_SEMANTIC_MATCH
wi:e6702d9289b08d12a310,LEGACY::REMASEP_OD::AB62,"REMASEP_OD :: SECCION B: ACTIVIDADES DE ATENCION EN ESPECIALIDADES ODONTOLOGICAS. :: COMPOSITE :: PROCEDIMIENTO RESTAURADOR EN ODONTOPEDIATRIA (TODOS LOS TIPOS: RESINA, TEMPORALES Y AMALGAMAS) :: SEGUN GRUPOS DE EDAD O DE RIESGO :: 25-34 ANOS :: HOMBRES",REMASEP_OD,AA79,"REMASEP_OD :: SECCION B: ACTIVIDADES DE ATENCION EN ESPECIALIDADES ODONTOLOGICAS. :: PROCEDIMIENTO RESTAURADOR EN ODONTOPEDIATRIA (TODOS LOS TIPOS: RESINA, TEMPORALES Y AMALGAMAS) :: SEGUN GRUPOS DE EDAD O DE RIESGO :: 25-34 ANOS :: HOMBRES",INTEGER_COUNT,stf:dc624775927d4d4d,writable_target_mapping_2026,EXACT_SEMANTIC_MATCH
wi:e6fff577716e584849ec,LEGACY::REMASEP_01::V84,REMASEP 01 :: SECCION C: ATENCIONES Y CONSULTAS POR OTROS PROFESIONALES NO MEDICOS :: ENFERMER :: ENFERMERA/O :: ATENCION AL PACIENTE :: POR EDAD (EN ANOS) :: 35 - 39 ANOS :: MUJERES,REMASEP 01,U113,REMASEP 01 :: SECCION C: ATENCIONES Y CONSULTAS POR OTROS PROFESIONALES NO MEDICOS :: ENFERMERA/O :: ATENCION AL PACIENTE :: POR EDAD (EN ANOS) :: 35 - 39 ANOS :: MUJERES,INTEGER_COUNT,stf:dc624775927d4d4d,writable_target_mapping_2026,EXACT_SEMANTIC_MATCH
wi:e705e1605d0ff1437b06,LEGACY::B2_ANEXO::D15,B2 ANEXO :: B.- TELEREHABILITACION PSICOLOGIA CLINICA :: 0908101 :: TELEREHABILITACION: PSICOLOGO CLINICO (SESIONES 45'),B2 ANEXO,C957,B2 ANEXO :: B.- TELEREHABILITACION PSICOLOGIA CLINICA :: 0908101 :: TELEREHABILITACION: PSICOLOGO CLINICO (SESIONES 45') :: II.- PSICOLOGIA CLINICA,INTEGER_COUNT,stf:dc624775927d4d4d,writable_target_mapping_2026,EXACT_SEMANTIC_MATCH
wi:e76fcca94af3c6a1f9d2,LEGACY::REMASEP_01::AH90,REMASEP 01 :: SECCION C: ATENCIONES Y CONSULTAS POR OTROS PROFESIONALES NO MEDICOS :: KINE :: KINESIOLOGO/A :: ATENCION KINESIOLOGICA :: POR EDAD (EN ANOS) :: 65 - 69 ANOS :: MUJERES,REMASEP 01,AG119,REMASEP 01 :: SECCION C: ATENCIONES Y CONSULTAS POR OTROS PROFESIONALES NO MEDICOS :: KINESIOLOGO/A :: ATENCION KINESIOLOGICA :: POR EDAD (EN ANOS) :: 65 - 69 ANOS :: MUJERES,INTEGER_COUNT,stf:dc624775927d4d4d,writable_target_mapping_2026,EXACT_SEMANTIC_MATCH
wi:e7b62974bed8991fdef3,LEGACY::REMASEP_01::T89,REMASEP 01 :: SECCION C: ATENCIONES Y CONSULTAS POR OTROS PROFESIONALES NO MEDICOS :: FONO :: FONOAUDIOLOGO/A :: CONSULTAS FONOAUDIOLOGO/A :: POR EDAD (EN ANOS) :: 30 - 34 ANOS :: MUJERES,REMASEP 01,S118,REMASEP 01 :: SECCION C: ATENCIONES Y CONSULTAS POR OTROS PROFESIONALES NO MEDICOS :: FONOAUDIOLOGO/A :: CONSULTAS FONOAUDIOLOGO/A :: POR EDAD (EN ANOS) :: 30 - 34 ANOS :: MUJERES,INTEGER_COUNT,stf:dc624775927d4d4d,writable_target_mapping_2026,EXACT_SEMANTIC_MATCH
wi:e7c6d41d03fe7896130c,LEGACY::REMASEP_01::L84,REMASEP 01 :: SECCION C: ATENCIONES Y CONSULTAS POR OTROS PROFESIONALES NO MEDICOS :: ENFERMER :: ENFERMERA/O :: ATENCION AL PACIENTE :: POR EDAD (EN ANOS) :: 10 - 14 ANOS :: MUJERES,REMASEP 01,K113,REMASEP 01 :: SECCION C: ATENCIONES Y CONSULTAS POR OTROS PROFESIONALES NO MEDICOS :: ENFERMERA/O :: ATENCION AL PACIENTE :: POR EDAD (EN ANOS) :: 10 - 14 ANOS :: MUJERES,INTEGER_COUNT,stf:dc624775927d4d4d,writable_target_mapping_2026,EXACT_SEMANTIC_MATCH
wi:e7f309fa9e9debf89653,LEGACY::REMASEP_OD::P53,REMASEP_OD :: SECCION B: ACTIVIDADES DE ATENCION EN ESPECIALIDADES ODONTOLOGICAS. :: CONTROLES ORTOPED. PREQ :: ORTOPEDIA PRE-QUIRURGICA :: SEGUN GRUPOS DE EDAD O DE RIESGO :: 6 ANOS :: HOMBRES,REMASEP_OD,O70,REMASEP_OD :: SECCION B: ACTIVIDADES DE ATENCION EN ESPECIALIDADES ODONTOLOGICAS. :: ORTOPEDIA PRE-QUIRURGICA :: SEGUN GRUPOS DE EDAD O DE RIESGO :: 6 ANOS :: HOMBRES,INTEGER_COUNT,stf:dc624775927d4d4d,writable_target_mapping_2026,EXACT_SEMANTIC_MATCH
wi:e83ea34a3a30677a9d42,LEGACY::REMASEP_OD::AJ72,REMASEP_OD :: SECCION B: ACTIVIDADES DE ATENCION EN ESPECIALIDADES ODONTOLOGICAS. :: CEMENTACION PROTESIS FIJA SOBRE DIENTE :: REHABILITACION MEDIANTE PROTESIS FIJA UNITARIA O PLURAL :: SEGUN GRUPOS DE EDAD O DE RIESGO :: 65-74 ANOS :: HOMBRES,REMASEP_OD,AI89,REMASEP_OD :: SECCION B: ACTIVIDADES DE ATENCION EN ESPECIALIDADES ODONTOLOGICAS. :: REHABILITACION MEDIANTE PROTESIS FIJA UNITARIA O PLURAL :: SEGUN GRUPOS DE EDAD O DE RIESGO :: 65-74 ANOS :: HOMBRES,INTEGER_COUNT,stf:dc624775927d4d4d,writable_target_mapping_2026,EXACT_SEMANTIC_MATCH
wi:e87ad396657392a21b41,LEGACY::REMASEP_OD::H50,REMASEP_OD :: SECCION B: ACTIVIDADES DE ATENCION EN ESPECIALIDADES ODONTOLOGICAS. :: INSTALACION CONTENCION :: INSTALACION APARATO DE CONTENCION ORTODONCICO :: SEGUN GRUPOS DE EDAD O DE RIESGO :: 2 ANOS :: HOMBRES,REMASEP_OD,G67,REMASEP_OD :: SECCION B: ACTIVIDADES DE ATENCION EN ESPECIALIDADES ODONTOLOGICAS. :: INSTALACION APARATO DE CONTENCION ORTODONCICO :: SEGUN GRUPOS DE EDAD O DE RIESGO :: 2 ANOS :: HOMBRES,INTEGER_COUNT,stf:dc624775927d4d4d,writable_target_mapping_2026,EXACT_SEMANTIC_MATCH
wi:e92f88d201c08c47a754,LEGACY::REMASEP_OD::AF40,REMASEP_OD :: SECCION B: ACTIVIDADES DE ATENCION EN ESPECIALIDADES ODONTOLOGICAS. :: EVALUACION ODON ESP :: EXAMEN Y DIAGNOSTICO DE ESPECIALIDAD :: SEGUN GRUPOS DE EDAD O DE RIESGO :: 45-59 ANOS :: HOMBRES,REMASEP_OD,AE57,REMASEP_OD :: SECCION B: ACTIVIDADES DE ATENCION EN ESPECIALIDADES ODONTOLOGICAS. :: EXAMEN Y DIAGNOSTICO DE ESPECIALIDAD :: SEGUN GRUPOS DE EDAD O DE RIESGO :: 45-59 ANOS :: HOMBRES,INTEGER_COUNT,stf:dc624775927d4d4d,writable_target_mapping_2026,EXACT_SEMANTIC_MATCH
wi:e93aad8473b5dfbb586e,LEGACY::REMASEP_OD::K51,REMASEP_OD :: SECCION B: ACTIVIDADES DE ATENCION EN ESPECIALIDADES ODONTOLOGICAS. :: 5004018 - RETIRO APARATO FIJO-LIMPIEZA-IMPRESION :: RETIRO APARATOLOGIA DE ORTODONCIA :: SEGUN GRUPOS DE EDAD O DE RIESGO :: 3 ANOS :: MUJERES,REMASEP_OD,J68,REMASEP_OD :: SECCION B: ACTIVIDADES DE ATENCION EN ESPECIALIDADES ODONTOLOGICAS. :: RETIRO APARATOLOGIA DE ORTODONCIA :: SEGUN GRUPOS DE EDAD O DE RIESGO :: 3 ANOS :: MUJERES,INTEGER_COUNT,stf:dc624775927d4d4d,writable_target_mapping_2026,EXACT_SEMANTIC_MATCH
wi:e943aeadad5df62d4720,LEGACY::REMASEP_OD::Z65,REMASEP_OD :: SECCION B: ACTIVIDADES DE ATENCION EN ESPECIALIDADES ODONTOLOGICAS. :: DESTARTRAJE :: DESTARTRAJE SUB GINGIVAL :: SEGUN GRUPOS DE EDAD O DE RIESGO :: 20-24 ANOS :: HOMBRES,REMASEP_OD,Y82,REMASEP_OD :: SECCION B: ACTIVIDADES DE ATENCION EN ESPECIALIDADES ODONTOLOGICAS. :: DESTARTRAJE SUB GINGIVAL :: SEGUN GRUPOS DE EDAD O DE RIESGO :: 20-24 ANOS :: HOMBRES,INTEGER_COUNT,stf:dc624775927d4d4d,writable_target_mapping_2026,EXACT_SEMANTIC_MATCH
wi:e9630651f89bac0f67f7,LEGACY::REMASEP_OD::V51,REMASEP_OD :: SECCION B: ACTIVIDADES DE ATENCION EN ESPECIALIDADES ODONTOLOGICAS. :: 5004018 - RETIRO APARATO FIJO-LIMPIEZA-IMPRESION :: RETIRO APARATOLOGIA DE ORTODONCIA :: SEGUN GRUPOS DE EDAD O DE RIESGO :: 10-14 ANOS :: HOMBRES,REMASEP_OD,U68,REMASEP_OD :: SECCION B: ACTIVIDADES DE ATENCION EN ESPECIALIDADES ODONTOLOGICAS. :: RETIRO APARATOLOGIA DE ORTODONCIA :: SEGUN GRUPOS DE EDAD O DE RIESGO :: 10-14 ANOS :: HOMBRES,INTEGER_COUNT,stf:dc624775927d4d4d,writable_target_mapping_2026,EXACT_SEMANTIC_MATCH
wi:e984e22bad3e49f7967e,LEGACY::REMASEP_OD::W65,REMASEP_OD :: SECCION B: ACTIVIDADES DE ATENCION EN ESPECIALIDADES ODONTOLOGICAS. :: DESTARTRAJE :: DESTARTRAJE SUB GINGIVAL :: SEGUN GRUPOS DE EDAD O DE RIESGO :: 10-14 ANOS :: MUJERES,REMASEP_OD,V82,REMASEP_OD :: SECCION B: ACTIVIDADES DE ATENCION EN ESPECIALIDADES ODONTOLOGICAS. :: DESTARTRAJE SUB GINGIVAL :: SEGUN GRUPOS DE EDAD O DE RIESGO :: 10-14 ANOS :: MUJERES,INTEGER_COUNT,stf:dc624775927d4d4d,writable_target_mapping_2026,EXACT_SEMANTIC_MATCH
wi:e9a56ea7374e1cbe2173,LEGACY::REMASEP_OD::AB71,REMASEP_OD :: SECCION B: ACTIVIDADES DE ATENCION EN ESPECIALIDADES ODONTOLOGICAS. :: INSTALACION PROTESIS PARCIAL METALICA SUP O INF :: REHABILITACION MEDIANTE PROTESIS REMOVIBLE METALICA PARCIAL :: SEGUN GRUPOS DE EDAD O DE RIESGO :: 25-34 ANOS :: HOMBRES,REMASEP_OD,AA88,REMASEP_OD :: SECCION B: ACTIVIDADES DE ATENCION EN ESPECIALIDADES ODONTOLOGICAS. :: REHABILITACION MEDIANTE PROTESIS REMOVIBLE METALICA PARCIAL :: SEGUN GRUPOS DE EDAD O DE RIESGO :: 25-34 ANOS :: HOMBRES,INTEGER_COUNT,stf:dc624775927d4d4d,writable_target_mapping_2026,EXACT_SEMANTIC_MATCH
wi:e9f0f8468d661ea5aa5a,LEGACY::REMASEP_OD::AJ74,REMASEP_OD :: SECCION B: ACTIVIDADES DE ATENCION EN ESPECIALIDADES ODONTOLOGICAS. :: NO SE REALIZA EN FG :: REHABILITACION MEDIANTE PROTESIS MUCO-IMPLANTOASISTIDA :: SEGUN GRUPOS DE EDAD O DE RIESGO :: 65-74 ANOS :: HOMBRES,REMASEP_OD,AI91,REMASEP_OD :: SECCION B: ACTIVIDADES DE ATENCION EN ESPECIALIDADES ODONTOLOGICAS. :: REHABILITACION MEDIANTE PROTESIS MUCO-IMPLANTOASISTIDA :: SEGUN GRUPOS DE EDAD O DE RIESGO :: 65-74 ANOS :: HOMBRES,INTEGER_COUNT,stf:dc624775927d4d4d,writable_target_mapping_2026,EXACT_SEMANTIC_MATCH
wi:ea26a75e4bf7eb8c9c90,LEGACY::REMASEP_OD::I66,REMASEP_OD :: SECCION B: ACTIVIDADES DE ATENCION EN ESPECIALIDADES ODONTOLOGICAS. :: 5009012 - PULIDO RADICULAR POR SESION O SEXTANTE :: PULIDO RADICULAR :: SEGUN GRUPOS DE EDAD O DE RIESGO :: 2 ANOS :: MUJERES,REMASEP_OD,H83,REMASEP_OD :: SECCION B: ACTIVIDADES DE ATENCION EN ESPECIALIDADES ODONTOLOGICAS. :: PULIDO RADICULAR :: SEGUN GRUPOS DE EDAD O DE RIESGO :: 2 ANOS :: MUJERES,INTEGER_COUNT,stf:dc624775927d4d4d,writable_target_mapping_2026,EXACT_SEMANTIC_MATCH
wi:ea281466fb4a456c1aa7,LEGACY::REMASEP_01::X86,REMASEP 01 :: SECCION C: ATENCIONES Y CONSULTAS POR OTROS PROFESIONALES NO MEDICOS :: NUTRICIONISTA :: NUTRICIONISTA :: CONSULTA NUTRICIONAL :: POR EDAD (EN ANOS) :: 40 - 44 ANOS :: MUJERES,REMASEP 01,W115,REMASEP 01 :: SECCION C: ATENCIONES Y CONSULTAS POR OTROS PROFESIONALES NO MEDICOS :: NUTRICIONISTA :: CONSULTA NUTRICIONAL :: POR EDAD (EN ANOS) :: 40 - 44 ANOS :: MUJERES,INTEGER_COUNT,stf:dc624775927d4d4d,writable_target_mapping_2026,EXACT_SEMANTIC_MATCH
wi:ea47f951d35501edaa2b,LEGACY::REMASEP_OD::AL54,REMASEP_OD :: SECCION B: ACTIVIDADES DE ATENCION EN ESPECIALIDADES ODONTOLOGICAS. :: CONTROLES ORTODONCIA :: ORTODONCIA PREVENTIVA E INTERCEPTIVA (OPI) :: SEGUN GRUPOS DE EDAD O DE RIESGO :: 75 Y MAS ANOS :: HOMBRES,REMASEP_OD,AK71,REMASEP_OD :: SECCION B: ACTIVIDADES DE ATENCION EN ESPECIALIDADES ODONTOLOGICAS. :: ORTODONCIA PREVENTIVA E INTERCEPTIVA (OPI) :: SEGUN GRUPOS DE EDAD O DE RIESGO :: 75 Y MAS ANOS :: HOMBRES,INTEGER_COUNT,stf:dc624775927d4d4d,writable_target_mapping_2026,EXACT_SEMANTIC_MATCH
wi:ea6bc2e68f948041c504,LEGACY::REMASEP_OD::J9,REMASEP_OD :: SECCION A: CONSULTAS Y CONTROLES ODONTOLOGICOS REALIZADOS :: A.1. CONSULTAS Y ALTAS :: CONTROL ODONTOLOGIA GENERAL :: CONTROLES ODONTOLOGICOS GENERALES :: SEGUN GRUPOS DE EDAD O DE RIESGO :: 3 ANOS :: HOMBRES,REMASEP_OD,I18,REMASEP_OD :: SECCION A: CONSULTAS Y CONTROLES ODONTOLOGICOS REALIZADOS :: A.1. CONSULTAS Y ALTAS :: CONTROLES ODONTOLOGICOS GENERALES :: SEGUN GRUPOS DE EDAD O DE RIESGO :: 3 ANOS :: HOMBRES,INTEGER_COUNT,stf:dc624775927d4d4d,writable_target_mapping_2026,EXACT_SEMANTIC_MATCH
wi:ea71454ca2e4cc36d15e,LEGACY::REMASEP_OD::Q50,REMASEP_OD :: SECCION B: ACTIVIDADES DE ATENCION EN ESPECIALIDADES ODONTOLOGICAS. :: INSTALACION CONTENCION :: INSTALACION APARATO DE CONTENCION ORTODONCICO :: SEGUN GRUPOS DE EDAD O DE RIESGO :: 6 ANOS :: MUJERES,REMASEP_OD,P67,REMASEP_OD :: SECCION B: ACTIVIDADES DE ATENCION EN ESPECIALIDADES ODONTOLOGICAS. :: INSTALACION APARATO DE CONTENCION ORTODONCICO :: SEGUN GRUPOS DE EDAD O DE RIESGO :: 6 ANOS :: MUJERES,INTEGER_COUNT,stf:dc624775927d4d4d,writable_target_mapping_2026,EXACT_SEMANTIC_MATCH
wi:eaa328c98d7279d4a7c6,LEGACY::REMASEP_01::Y89,REMASEP 01 :: SECCION C: ATENCIONES Y CONSULTAS POR OTROS PROFESIONALES NO MEDICOS :: FONO :: FONOAUDIOLOGO/A :: CONSULTAS FONOAUDIOLOGO/A :: POR EDAD (EN ANOS) :: 45 - 49 ANOS :: HOMBRES,REMASEP 01,X118,REMASEP 01 :: SECCION C: ATENCIONES Y CONSULTAS POR OTROS PROFESIONALES NO MEDICOS :: FONOAUDIOLOGO/A :: CONSULTAS FONOAUDIOLOGO/A :: POR EDAD (EN ANOS) :: 45 - 49 ANOS :: HOMBRES,INTEGER_COUNT,stf:dc624775927d4d4d,writable_target_mapping_2026,EXACT_SEMANTIC_MATCH
wi:eaa759545511633102d2,LEGACY::REMASEP_OD::AI63,REMASEP_OD :: SECCION B: ACTIVIDADES DE ATENCION EN ESPECIALIDADES ODONTOLOGICAS. :: 5010023 - PULPECTOMIA / 5010003 - PULPOTOMIA :: PROCEDIMIENTO PULPAR EN ODONTOPEDIATRIA (PULPOTOMIA Y PULPECTOMIA) :: SEGUN GRUPOS DE EDAD O DE RIESGO :: 60-64 ANOS :: MUJERES,REMASEP_OD,AH80,REMASEP_OD :: SECCION B: ACTIVIDADES DE ATENCION EN ESPECIALIDADES ODONTOLOGICAS. :: PROCEDIMIENTO PULPAR EN ODONTOPEDIATRIA (PULPOTOMIA Y PULPECTOMIA) :: SEGUN GRUPOS DE EDAD O DE RIESGO :: 60-64 ANOS :: MUJERES,INTEGER_COUNT,stf:dc624775927d4d4d,writable_target_mapping_2026,EXACT_SEMANTIC_MATCH
wi:eab3efeeb7ca09f1e8c2,LEGACY::REMASEP_OD::AF47,REMASEP_OD :: SECCION B: ACTIVIDADES DE ATENCION EN ESPECIALIDADES ODONTOLOGICAS. :: 5005008 - CEMENTACION CARILLA RESINA INDIRECTA :: OBTURACION INDIRECTA (INLAYS U ONLAYS) :: SEGUN GRUPOS DE EDAD O DE RIESGO :: 45-59 ANOS :: HOMBRES,REMASEP_OD,AE64,REMASEP_OD :: SECCION B: ACTIVIDADES DE ATENCION EN ESPECIALIDADES ODONTOLOGICAS. :: OBTURACION INDIRECTA (INLAYS U ONLAYS) :: SEGUN GRUPOS DE EDAD O DE RIESGO :: 45-59 ANOS :: HOMBRES,INTEGER_COUNT,stf:dc624775927d4d4d,writable_target_mapping_2026,EXACT_SEMANTIC_MATCH
wi:eaed7e8190f3309ae6a2,LEGACY::REMASEP_OD::M73,REMASEP_OD :: SECCION B: ACTIVIDADES DE ATENCION EN ESPECIALIDADES ODONTOLOGICAS. :: INSTALACION CORONA DEFINITIVA SOBRE IMPLANTE :: REHABILITACION MEDIANTE PROTESIS FIJA IMPLANTOASISTIDA (UNITARIA Y PLURAL) :: SEGUN GRUPOS DE EDAD O DE RIESGO :: 4 ANOS :: MUJERES,REMASEP_OD,L90,REMASEP_OD :: SECCION B: ACTIVIDADES DE ATENCION EN ESPECIALIDADES ODONTOLOGICAS. :: REHABILITACION MEDIANTE PROTESIS FIJA IMPLANTOASISTIDA (UNITARIA Y PLURAL) :: SEGUN GRUPOS DE EDAD O DE RIESGO :: 4 ANOS :: MUJERES,INTEGER_COUNT,stf:dc624775927d4d4d,writable_target_mapping_2026,EXACT_SEMANTIC_MATCH
wi:eb20a2ee9b8763fe21cb,LEGACY::REMASEP_01::G87,REMASEP 01 :: SECCION C: ATENCIONES Y CONSULTAS POR OTROS PROFESIONALES NO MEDICOS :: PSICO :: PSICOLOGO/A :: CONSULTA PSICOLOGICA :: POR EDAD (EN ANOS) :: 0 - 4 ANOS :: HOMBRES,REMASEP 01,F116,REMASEP 01 :: SECCION C: ATENCIONES Y CONSULTAS POR OTROS PROFESIONALES NO MEDICOS :: PSICOLOGO/A :: CONSULTA PSICOLOGICA :: POR EDAD (EN ANOS) :: 0 - 4 ANOS :: HOMBRES,INTEGER_COUNT,stf:dc624775927d4d4d,writable_target_mapping_2026,EXACT_SEMANTIC_MATCH
wi:eb95803823f3f806a966,LEGACY::REMASEP_OD::I13,"REMASEP_OD :: SECCION A: CONSULTAS Y CONTROLES ODONTOLOGICOS REALIZADOS :: A.3. ACCIONES GENERALES DE PREVENCION E HIGIENE :: 5001005 - SELLANTES :: APLICACION DE SELLANTE EN PIEZA PERMANENTE, FOTOCURADO :: SEGUN GRUPOS DE EDAD O DE RIESGO :: 2 ANOS :: MUJERES",REMASEP_OD,H30,"REMASEP_OD :: SECCION A: CONSULTAS Y CONTROLES ODONTOLOGICOS REALIZADOS :: A.3. ACCIONES GENERALES DE PREVENCION E HIGIENE :: APLICACION DE SELLANTE EN PIEZA PERMANENTE, FOTOCURADO :: SEGUN GRUPOS DE EDAD O DE RIESGO :: 2 ANOS :: MUJERES",INTEGER_COUNT,stf:dc624775927d4d4d,writable_target_mapping_2026,EXACT_SEMANTIC_MATCH
wi:ebab74e99dd7b156673b,LEGACY::REMASEP_OD::AG66,REMASEP_OD :: SECCION B: ACTIVIDADES DE ATENCION EN ESPECIALIDADES ODONTOLOGICAS. :: 5009012 - PULIDO RADICULAR POR SESION O SEXTANTE :: PULIDO RADICULAR :: SEGUN GRUPOS DE EDAD O DE RIESGO :: 45-59 ANOS :: MUJERES,REMASEP_OD,AF83,REMASEP_OD :: SECCION B: ACTIVIDADES DE ATENCION EN ESPECIALIDADES ODONTOLOGICAS. :: PULIDO RADICULAR :: SEGUN GRUPOS DE EDAD O DE RIESGO :: 45-59 ANOS :: MUJERES,INTEGER_COUNT,stf:dc624775927d4d4d,writable_target_mapping_2026,EXACT_SEMANTIC_MATCH
wi:ec6cfe37812e91f85d95,LEGACY::REMASEP_OD::AI54,REMASEP_OD :: SECCION B: ACTIVIDADES DE ATENCION EN ESPECIALIDADES ODONTOLOGICAS. :: CONTROLES ORTODONCIA :: ORTODONCIA PREVENTIVA E INTERCEPTIVA (OPI) :: SEGUN GRUPOS DE EDAD O DE RIESGO :: 60-64 ANOS :: MUJERES,REMASEP_OD,AH71,REMASEP_OD :: SECCION B: ACTIVIDADES DE ATENCION EN ESPECIALIDADES ODONTOLOGICAS. :: ORTODONCIA PREVENTIVA E INTERCEPTIVA (OPI) :: SEGUN GRUPOS DE EDAD O DE RIESGO :: 60-64 ANOS :: MUJERES,INTEGER_COUNT,stf:dc624775927d4d4d,writable_target_mapping_2026,EXACT_SEMANTIC_MATCH
wi:ec93d97ae99622618453,LEGACY::REMASEP_01::AJ87,REMASEP 01 :: SECCION C: ATENCIONES Y CONSULTAS POR OTROS PROFESIONALES NO MEDICOS :: PSICO :: PSICOLOGO/A :: CONSULTA PSICOLOGICA :: POR EDAD (EN ANOS) :: 70 - 74 ANOS :: MUJERES,REMASEP 01,AI116,REMASEP 01 :: SECCION C: ATENCIONES Y CONSULTAS POR OTROS PROFESIONALES NO MEDICOS :: PSICOLOGO/A :: CONSULTA PSICOLOGICA :: POR EDAD (EN ANOS) :: 70 - 74 ANOS :: MUJERES,INTEGER_COUNT,stf:dc624775927d4d4d,writable_target_mapping_2026,EXACT_SEMANTIC_MATCH
wi:ecaf2a7c5b80a51006e9,LEGACY::REMASEP_OD::M13,"REMASEP_OD :: SECCION A: CONSULTAS Y CONTROLES ODONTOLOGICOS REALIZADOS :: A.3. ACCIONES GENERALES DE PREVENCION E HIGIENE :: 5001005 - SELLANTES :: APLICACION DE SELLANTE EN PIEZA PERMANENTE, FOTOCURADO :: SEGUN GRUPOS DE EDAD O DE RIESGO :: 4 ANOS :: MUJERES",REMASEP_OD,L30,"REMASEP_OD :: SECCION A: CONSULTAS Y CONTROLES ODONTOLOGICOS REALIZADOS :: A.3. ACCIONES GENERALES DE PREVENCION E HIGIENE :: APLICACION DE SELLANTE EN PIEZA PERMANENTE, FOTOCURADO :: SEGUN GRUPOS DE EDAD O DE RIESGO :: 4 ANOS :: MUJERES",INTEGER_COUNT,stf:dc624775927d4d4d,writable_target_mapping_2026,EXACT_SEMANTIC_MATCH
wi:ecc11107c9331da577b0,LEGACY::REMASEP_OD::AF72,REMASEP_OD :: SECCION B: ACTIVIDADES DE ATENCION EN ESPECIALIDADES ODONTOLOGICAS. :: CEMENTACION PROTESIS FIJA SOBRE DIENTE :: REHABILITACION MEDIANTE PROTESIS FIJA UNITARIA O PLURAL :: SEGUN GRUPOS DE EDAD O DE RIESGO :: 45-59 ANOS :: HOMBRES,REMASEP_OD,AE89,REMASEP_OD :: SECCION B: ACTIVIDADES DE ATENCION EN ESPECIALIDADES ODONTOLOGICAS. :: REHABILITACION MEDIANTE PROTESIS FIJA UNITARIA O PLURAL :: SEGUN GRUPOS DE EDAD O DE RIESGO :: 45-59 ANOS :: HOMBRES,INTEGER_COUNT,stf:dc624775927d4d4d,writable_target_mapping_2026,EXACT_SEMANTIC_MATCH
wi:ed33b9a5c71564da795c,LEGACY::REMASEP_OD::AD71,REMASEP_OD :: SECCION B: ACTIVIDADES DE ATENCION EN ESPECIALIDADES ODONTOLOGICAS. :: INSTALACION PROTESIS PARCIAL METALICA SUP O INF :: REHABILITACION MEDIANTE PROTESIS REMOVIBLE METALICA PARCIAL :: SEGUN GRUPOS DE EDAD O DE RIESGO :: 35-44 ANOS :: HOMBRES,REMASEP_OD,AC88,REMASEP_OD :: SECCION B: ACTIVIDADES DE ATENCION EN ESPECIALIDADES ODONTOLOGICAS. :: REHABILITACION MEDIANTE PROTESIS REMOVIBLE METALICA PARCIAL :: SEGUN GRUPOS DE EDAD O DE RIESGO :: 35-44 ANOS :: HOMBRES,INTEGER_COUNT,stf:dc624775927d4d4d,writable_target_mapping_2026,EXACT_SEMANTIC_MATCH
wi:ed7bf55f66a29c5b6a00,LEGACY::REMASEP_OD::G48,REMASEP_OD :: SECCION B: ACTIVIDADES DE ATENCION EN ESPECIALIDADES ODONTOLOGICAS. :: INSTALACION APARATO REMOVIBLE :: INSTALACION APARATO REMOVIBLE ORTODONCICO :: SEGUN GRUPOS DE EDAD O DE RIESGO :: MENOS DE 1 ANO - 1 ANO :: MUJERES,REMASEP_OD,F65,REMASEP_OD :: SECCION B: ACTIVIDADES DE ATENCION EN ESPECIALIDADES ODONTOLOGICAS. :: INSTALACION APARATO REMOVIBLE ORTODONCICO :: SEGUN GRUPOS DE EDAD O DE RIESGO :: MENOS DE 1 ANO - 1 ANO :: MUJERES,INTEGER_COUNT,stf:dc624775927d4d4d,writable_target_mapping_2026,EXACT_SEMANTIC_MATCH
wi:ed8690d3e4cbf46312cf,LEGACY::REMASEP_OD::O90,REMASEP_OD :: SECCION B: ACTIVIDADES DE ATENCION EN ESPECIALIDADES ODONTOLOGICAS. :: INSTALACIONES ORTOPEDIA :: INSTALACION DE DISPOSITIVO ORTOPEDICO :: SEGUN GRUPOS DE EDAD O DE RIESGO :: 5 ANOS :: MUJERES,REMASEP_OD,N107,REMASEP_OD :: SECCION B: ACTIVIDADES DE ATENCION EN ESPECIALIDADES ODONTOLOGICAS. :: INSTALACION DE DISPOSITIVO ORTOPEDICO :: SEGUN GRUPOS DE EDAD O DE RIESGO :: 5 ANOS :: MUJERES,INTEGER_COUNT,stf:dc624775927d4d4d,writable_target_mapping_2026,EXACT_SEMANTIC_MATCH
wi:eda739e08623c9cefba7,LEGACY::REMASEP_OD::I8,REMASEP_OD :: SECCION A: CONSULTAS Y CONTROLES ODONTOLOGICOS REALIZADOS :: A.1. CONSULTAS Y ALTAS :: EVALUACION ODONTOLOGIA GENERAL :: PRIMERAS CONSULTAS (ANO) DE ODONTOLOGIA ESPECIALIDADES :: SEGUN GRUPOS DE EDAD O DE RIESGO :: 2 ANOS :: MUJERES,REMASEP_OD,H17,REMASEP_OD :: SECCION A: CONSULTAS Y CONTROLES ODONTOLOGICOS REALIZADOS :: A.1. CONSULTAS Y ALTAS :: PRIMERAS CONSULTAS (ANO) DE ODONTOLOGIA ESPECIALIDADES :: SEGUN GRUPOS DE EDAD O DE RIESGO :: 2 ANOS :: MUJERES,INTEGER_COUNT,stf:dc624775927d4d4d,writable_target_mapping_2026,EXACT_SEMANTIC_MATCH
wi:edd0d2b42e7e439afac8,LEGACY::REMASEP_OD::H73,REMASEP_OD :: SECCION B: ACTIVIDADES DE ATENCION EN ESPECIALIDADES ODONTOLOGICAS. :: INSTALACION CORONA DEFINITIVA SOBRE IMPLANTE :: REHABILITACION MEDIANTE PROTESIS FIJA IMPLANTOASISTIDA (UNITARIA Y PLURAL) :: SEGUN GRUPOS DE EDAD O DE RIESGO :: 2 ANOS :: HOMBRES,REMASEP_OD,G90,REMASEP_OD :: SECCION B: ACTIVIDADES DE ATENCION EN ESPECIALIDADES ODONTOLOGICAS. :: REHABILITACION MEDIANTE PROTESIS FIJA IMPLANTOASISTIDA (UNITARIA Y PLURAL) :: SEGUN GRUPOS DE EDAD O DE RIESGO :: 2 ANOS :: HOMBRES,INTEGER_COUNT,stf:dc624775927d4d4d,writable_target_mapping_2026,EXACT_SEMANTIC_MATCH
wi:edda324d60881891c27d,LEGACY::REMASEP_OD::T63,REMASEP_OD :: SECCION B: ACTIVIDADES DE ATENCION EN ESPECIALIDADES ODONTOLOGICAS. :: 5010023 - PULPECTOMIA / 5010003 - PULPOTOMIA :: PROCEDIMIENTO PULPAR EN ODONTOPEDIATRIA (PULPOTOMIA Y PULPECTOMIA) :: SEGUN GRUPOS DE EDAD O DE RIESGO :: 8-9 ANOS :: HOMBRES,REMASEP_OD,S80,REMASEP_OD :: SECCION B: ACTIVIDADES DE ATENCION EN ESPECIALIDADES ODONTOLOGICAS. :: PROCEDIMIENTO PULPAR EN ODONTOPEDIATRIA (PULPOTOMIA Y PULPECTOMIA) :: SEGUN GRUPOS DE EDAD O DE RIESGO :: 8-9 ANOS :: HOMBRES,INTEGER_COUNT,stf:dc624775927d4d4d,writable_target_mapping_2026,EXACT_SEMANTIC_MATCH
wi:edfd7914efa7063d9eca,LEGACY::REMASEP_OD::K50,REMASEP_OD :: SECCION B: ACTIVIDADES DE ATENCION EN ESPECIALIDADES ODONTOLOGICAS. :: INSTALACION CONTENCION :: INSTALACION APARATO DE CONTENCION ORTODONCICO :: SEGUN GRUPOS DE EDAD O DE RIESGO :: 3 ANOS :: MUJERES,REMASEP_OD,J67,REMASEP_OD :: SECCION B: ACTIVIDADES DE ATENCION EN ESPECIALIDADES ODONTOLOGICAS. :: INSTALACION APARATO DE CONTENCION ORTODONCICO :: SEGUN GRUPOS DE EDAD O DE RIESGO :: 3 ANOS :: MUJERES,INTEGER_COUNT,stf:dc624775927d4d4d,writable_target_mapping_2026,EXACT_SEMANTIC_MATCH
wi:ee0c667f64ccc795c49b,LEGACY::REMASEP_01::AE89,REMASEP 01 :: SECCION C: ATENCIONES Y CONSULTAS POR OTROS PROFESIONALES NO MEDICOS :: FONO :: FONOAUDIOLOGO/A :: CONSULTAS FONOAUDIOLOGO/A :: POR EDAD (EN ANOS) :: 60 - 64 ANOS :: HOMBRES,REMASEP 01,AD118,REMASEP 01 :: SECCION C: ATENCIONES Y CONSULTAS POR OTROS PROFESIONALES NO MEDICOS :: FONOAUDIOLOGO/A :: CONSULTAS FONOAUDIOLOGO/A :: POR EDAD (EN ANOS) :: 60 - 64 ANOS :: HOMBRES,INTEGER_COUNT,stf:dc624775927d4d4d,writable_target_mapping_2026,EXACT_SEMANTIC_MATCH
wi:ee0dd1f74ae9b201b47d,LEGACY::REMASEP_OD::AC89,REMASEP_OD :: SECCION B: ACTIVIDADES DE ATENCION EN ESPECIALIDADES ODONTOLOGICAS. :: 5009002 - DESGASTE SELECTIVO :: DESGASTE SELECTIVO :: SEGUN GRUPOS DE EDAD O DE RIESGO :: 25-34 ANOS :: MUJERES,REMASEP_OD,AB106,REMASEP_OD :: SECCION B: ACTIVIDADES DE ATENCION EN ESPECIALIDADES ODONTOLOGICAS. :: DESGASTE SELECTIVO :: SEGUN GRUPOS DE EDAD O DE RIESGO :: 25-34 ANOS :: MUJERES,INTEGER_COUNT,stf:dc624775927d4d4d,writable_target_mapping_2026,EXACT_SEMANTIC_MATCH
wi:ee268633090469c1ea4b,LEGACY::REMASEP_OD::AC40,REMASEP_OD :: SECCION B: ACTIVIDADES DE ATENCION EN ESPECIALIDADES ODONTOLOGICAS. :: EVALUACION ODON ESP :: EXAMEN Y DIAGNOSTICO DE ESPECIALIDAD :: SEGUN GRUPOS DE EDAD O DE RIESGO :: 25-34 ANOS :: MUJERES,REMASEP_OD,AB57,REMASEP_OD :: SECCION B: ACTIVIDADES DE ATENCION EN ESPECIALIDADES ODONTOLOGICAS. :: EXAMEN Y DIAGNOSTICO DE ESPECIALIDAD :: SEGUN GRUPOS DE EDAD O DE RIESGO :: 25-34 ANOS :: MUJERES,INTEGER_COUNT,stf:dc624775927d4d4d,writable_target_mapping_2026,EXACT_SEMANTIC_MATCH
wi:ee32fadcd35bc8bda167,LEGACY::REMASEP_OD::K14,REMASEP_OD :: SECCION A: CONSULTAS Y CONTROLES ODONTOLOGICOS REALIZADOS :: A.3. ACCIONES GENERALES DE PREVENCION E HIGIENE :: 50010112 - INSTRUCCION DE HIGIENE ORAL :: INSTRUCCION Y CONTROL DE HIGIENE ORAL EN NINOS Y ADULTOS :: SEGUN GRUPOS DE EDAD O DE RIESGO :: 3 ANOS :: MUJERES,REMASEP_OD,J31,REMASEP_OD :: SECCION A: CONSULTAS Y CONTROLES ODONTOLOGICOS REALIZADOS :: A.3. ACCIONES GENERALES DE PREVENCION E HIGIENE :: INSTRUCCION Y CONTROL DE HIGIENE ORAL EN NINOS Y ADULTOS :: SEGUN GRUPOS DE EDAD O DE RIESGO :: 3 ANOS :: MUJERES,INTEGER_COUNT,stf:dc624775927d4d4d,writable_target_mapping_2026,EXACT_SEMANTIC_MATCH
wi:ee46524872dc306d755f,LEGACY::REMASEP_OD::T51,REMASEP_OD :: SECCION B: ACTIVIDADES DE ATENCION EN ESPECIALIDADES ODONTOLOGICAS. :: 5004018 - RETIRO APARATO FIJO-LIMPIEZA-IMPRESION :: RETIRO APARATOLOGIA DE ORTODONCIA :: SEGUN GRUPOS DE EDAD O DE RIESGO :: 8-9 ANOS :: HOMBRES,REMASEP_OD,S68,REMASEP_OD :: SECCION B: ACTIVIDADES DE ATENCION EN ESPECIALIDADES ODONTOLOGICAS. :: RETIRO APARATOLOGIA DE ORTODONCIA :: SEGUN GRUPOS DE EDAD O DE RIESGO :: 8-9 ANOS :: HOMBRES,INTEGER_COUNT,stf:dc624775927d4d4d,writable_target_mapping_2026,EXACT_SEMANTIC_MATCH
wi:eeb1a543d76c3937c993,LEGACY::REMASEP_OD::V16,REMASEP_OD :: SECCION A: CONSULTAS Y CONTROLES ODONTOLOGICOS REALIZADOS :: A.3. ACCIONES GENERALES DE PREVENCION E HIGIENE :: 5010011 - PROFILAXIS :: HIGIENE Y PROFILAXIS EN NINOS Y ADULTOS :: SEGUN GRUPOS DE EDAD O DE RIESGO :: 10-14 ANOS :: HOMBRES,REMASEP_OD,U33,REMASEP_OD :: SECCION A: CONSULTAS Y CONTROLES ODONTOLOGICOS REALIZADOS :: A.3. ACCIONES GENERALES DE PREVENCION E HIGIENE :: HIGIENE Y PROFILAXIS EN NINOS Y ADULTOS :: SEGUN GRUPOS DE EDAD O DE RIESGO :: 10-14 ANOS :: HOMBRES,INTEGER_COUNT,stf:dc624775927d4d4d,writable_target_mapping_2026,EXACT_SEMANTIC_MATCH
wi:eee43d00d519ec4305ab,LEGACY::REMASEP_OD::H40,REMASEP_OD :: SECCION B: ACTIVIDADES DE ATENCION EN ESPECIALIDADES ODONTOLOGICAS. :: EVALUACION ODON ESP :: EXAMEN Y DIAGNOSTICO DE ESPECIALIDAD :: SEGUN GRUPOS DE EDAD O DE RIESGO :: 2 ANOS :: HOMBRES,REMASEP_OD,G57,REMASEP_OD :: SECCION B: ACTIVIDADES DE ATENCION EN ESPECIALIDADES ODONTOLOGICAS. :: EXAMEN Y DIAGNOSTICO DE ESPECIALIDAD :: SEGUN GRUPOS DE EDAD O DE RIESGO :: 2 ANOS :: HOMBRES,INTEGER_COUNT,stf:dc624775927d4d4d,writable_target_mapping_2026,EXACT_SEMANTIC_MATCH
wi:eeedbb596326857351f0,LEGACY::REMASEP_OD::K13,"REMASEP_OD :: SECCION A: CONSULTAS Y CONTROLES ODONTOLOGICOS REALIZADOS :: A.3. ACCIONES GENERALES DE PREVENCION E HIGIENE :: 5001005 - SELLANTES :: APLICACION DE SELLANTE EN PIEZA PERMANENTE, FOTOCURADO :: SEGUN GRUPOS DE EDAD O DE RIESGO :: 3 ANOS :: MUJERES",REMASEP_OD,J30,"REMASEP_OD :: SECCION A: CONSULTAS Y CONTROLES ODONTOLOGICOS REALIZADOS :: A.3. ACCIONES GENERALES DE PREVENCION E HIGIENE :: APLICACION DE SELLANTE EN PIEZA PERMANENTE, FOTOCURADO :: SEGUN GRUPOS DE EDAD O DE RIESGO :: 3 ANOS :: MUJERES",INTEGER_COUNT,stf:dc624775927d4d4d,writable_target_mapping_2026,EXACT_SEMANTIC_MATCH
wi:ef40916fdabeaa87d5b7,LEGACY::REMASEP_OD::F53,REMASEP_OD :: SECCION B: ACTIVIDADES DE ATENCION EN ESPECIALIDADES ODONTOLOGICAS. :: CONTROLES ORTOPED. PREQ :: ORTOPEDIA PRE-QUIRURGICA :: SEGUN GRUPOS DE EDAD O DE RIESGO :: MENOS DE 1 ANO - 1 ANO :: HOMBRES,REMASEP_OD,E70,REMASEP_OD :: SECCION B: ACTIVIDADES DE ATENCION EN ESPECIALIDADES ODONTOLOGICAS. :: ORTOPEDIA PRE-QUIRURGICA :: SEGUN GRUPOS DE EDAD O DE RIESGO :: MENOS DE 1 ANO - 1 ANO :: HOMBRES,INTEGER_COUNT,stf:dc624775927d4d4d,writable_target_mapping_2026,EXACT_SEMANTIC_MATCH
wi:ef5852ebf72a27e3d0b4,LEGACY::REMASEP_OD::W40,REMASEP_OD :: SECCION B: ACTIVIDADES DE ATENCION EN ESPECIALIDADES ODONTOLOGICAS. :: EVALUACION ODON ESP :: EXAMEN Y DIAGNOSTICO DE ESPECIALIDAD :: SEGUN GRUPOS DE EDAD O DE RIESGO :: 10-14 ANOS :: MUJERES,REMASEP_OD,V57,REMASEP_OD :: SECCION B: ACTIVIDADES DE ATENCION EN ESPECIALIDADES ODONTOLOGICAS. :: EXAMEN Y DIAGNOSTICO DE ESPECIALIDAD :: SEGUN GRUPOS DE EDAD O DE RIESGO :: 10-14 ANOS :: MUJERES,INTEGER_COUNT,stf:dc624775927d4d4d,writable_target_mapping_2026,EXACT_SEMANTIC_MATCH
wi:ef6c4b12d00760ab3807,LEGACY::REMASEP_OD::P52,REMASEP_OD :: SECCION B: ACTIVIDADES DE ATENCION EN ESPECIALIDADES ODONTOLOGICAS. :: 5004020 - CONTROL ORTODONCIA QUIRURGICO :: ORTODONCIA PRE-QUIRURGICA :: SEGUN GRUPOS DE EDAD O DE RIESGO :: 6 ANOS :: HOMBRES,REMASEP_OD,O69,REMASEP_OD :: SECCION B: ACTIVIDADES DE ATENCION EN ESPECIALIDADES ODONTOLOGICAS. :: ORTODONCIA PRE-QUIRURGICA :: SEGUN GRUPOS DE EDAD O DE RIESGO :: 6 ANOS :: HOMBRES,INTEGER_COUNT,stf:dc624775927d4d4d,writable_target_mapping_2026,EXACT_SEMANTIC_MATCH
wi:efed89e92a9670f95e45,LEGACY::REMASEP_OD::L65,REMASEP_OD :: SECCION B: ACTIVIDADES DE ATENCION EN ESPECIALIDADES ODONTOLOGICAS. :: DESTARTRAJE :: DESTARTRAJE SUB GINGIVAL :: SEGUN GRUPOS DE EDAD O DE RIESGO :: 4 ANOS :: HOMBRES,REMASEP_OD,K82,REMASEP_OD :: SECCION B: ACTIVIDADES DE ATENCION EN ESPECIALIDADES ODONTOLOGICAS. :: DESTARTRAJE SUB GINGIVAL :: SEGUN GRUPOS DE EDAD O DE RIESGO :: 4 ANOS :: HOMBRES,INTEGER_COUNT,stf:dc624775927d4d4d,writable_target_mapping_2026,EXACT_SEMANTIC_MATCH
wi:f03e723dedd19ed53b54,LEGACY::REMASEP_OD::X53,REMASEP_OD :: SECCION B: ACTIVIDADES DE ATENCION EN ESPECIALIDADES ODONTOLOGICAS. :: CONTROLES ORTOPED. PREQ :: ORTOPEDIA PRE-QUIRURGICA :: SEGUN GRUPOS DE EDAD O DE RIESGO :: 15-19 ANOS :: HOMBRES,REMASEP_OD,W70,REMASEP_OD :: SECCION B: ACTIVIDADES DE ATENCION EN ESPECIALIDADES ODONTOLOGICAS. :: ORTOPEDIA PRE-QUIRURGICA :: SEGUN GRUPOS DE EDAD O DE RIESGO :: 15-19 ANOS :: HOMBRES,INTEGER_COUNT,stf:dc624775927d4d4d,writable_target_mapping_2026,EXACT_SEMANTIC_MATCH
wi:f090d0994c1aed95ab46,LEGACY::B2_ANEXO::D11,B2 ANEXO :: A.- ATENCION PSICOLOGO :: 0902001 :: CONSULTA PSICOLOGO CLINICO (SESIONES 45'),B2 ANEXO,C953,B2 ANEXO :: A.- ATENCION PSICOLOGO :: 0902001 :: CONSULTA PSICOLOGO CLINICO (SESIONES 45') :: II.- PSICOLOGIA CLINICA,INTEGER_COUNT,stf:dc624775927d4d4d,writable_target_mapping_2026,EXACT_SEMANTIC_MATCH
wi:f1795966784ed3e3af1b,LEGACY::REMASEP_01::N84,REMASEP 01 :: SECCION C: ATENCIONES Y CONSULTAS POR OTROS PROFESIONALES NO MEDICOS :: ENFERMER :: ENFERMERA/O :: ATENCION AL PACIENTE :: POR EDAD (EN ANOS) :: 15 - 19 ANOS :: MUJERES,REMASEP 01,M113,REMASEP 01 :: SECCION C: ATENCIONES Y CONSULTAS POR OTROS PROFESIONALES NO MEDICOS :: ENFERMERA/O :: ATENCION AL PACIENTE :: POR EDAD (EN ANOS) :: 15 - 19 ANOS :: MUJERES,INTEGER_COUNT,stf:dc624775927d4d4d,writable_target_mapping_2026,EXACT_SEMANTIC_MATCH
wi:f1d7e2e6e63a3ba7ea43,LEGACY::REMASEP_OD::K73,REMASEP_OD :: SECCION B: ACTIVIDADES DE ATENCION EN ESPECIALIDADES ODONTOLOGICAS. :: INSTALACION CORONA DEFINITIVA SOBRE IMPLANTE :: REHABILITACION MEDIANTE PROTESIS FIJA IMPLANTOASISTIDA (UNITARIA Y PLURAL) :: SEGUN GRUPOS DE EDAD O DE RIESGO :: 3 ANOS :: MUJERES,REMASEP_OD,J90,REMASEP_OD :: SECCION B: ACTIVIDADES DE ATENCION EN ESPECIALIDADES ODONTOLOGICAS. :: REHABILITACION MEDIANTE PROTESIS FIJA IMPLANTOASISTIDA (UNITARIA Y PLURAL) :: SEGUN GRUPOS DE EDAD O DE RIESGO :: 3 ANOS :: MUJERES,INTEGER_COUNT,stf:dc624775927d4d4d,writable_target_mapping_2026,EXACT_SEMANTIC_MATCH
wi:f1fdc310e3a4b8a9d6e7,LEGACY::REMASEP_OD::M65,REMASEP_OD :: SECCION B: ACTIVIDADES DE ATENCION EN ESPECIALIDADES ODONTOLOGICAS. :: DESTARTRAJE :: DESTARTRAJE SUB GINGIVAL :: SEGUN GRUPOS DE EDAD O DE RIESGO :: 4 ANOS :: MUJERES,REMASEP_OD,L82,REMASEP_OD :: SECCION B: ACTIVIDADES DE ATENCION EN ESPECIALIDADES ODONTOLOGICAS. :: DESTARTRAJE SUB GINGIVAL :: SEGUN GRUPOS DE EDAD O DE RIESGO :: 4 ANOS :: MUJERES,INTEGER_COUNT,stf:dc624775927d4d4d,writable_target_mapping_2026,EXACT_SEMANTIC_MATCH
wi:f20d1dbe9f7f1c89ebd4,LEGACY::REMASEP_OD::AC46,REMASEP_OD :: SECCION B: ACTIVIDADES DE ATENCION EN ESPECIALIDADES ODONTOLOGICAS. :: 5010009 - VIDRIO IONOMERO :: OBTURACION DIRECTA :: SEGUN GRUPOS DE EDAD O DE RIESGO :: 25-34 ANOS :: MUJERES,REMASEP_OD,AB63,REMASEP_OD :: SECCION B: ACTIVIDADES DE ATENCION EN ESPECIALIDADES ODONTOLOGICAS. :: OBTURACION DIRECTA :: SEGUN GRUPOS DE EDAD O DE RIESGO :: 25-34 ANOS :: MUJERES,INTEGER_COUNT,stf:dc624775927d4d4d,writable_target_mapping_2026,EXACT_SEMANTIC_MATCH
wi:f215812af7e0364999a1,LEGACY::REMASEP_OD::AF62,"REMASEP_OD :: SECCION B: ACTIVIDADES DE ATENCION EN ESPECIALIDADES ODONTOLOGICAS. :: COMPOSITE :: PROCEDIMIENTO RESTAURADOR EN ODONTOPEDIATRIA (TODOS LOS TIPOS: RESINA, TEMPORALES Y AMALGAMAS) :: SEGUN GRUPOS DE EDAD O DE RIESGO :: 45-59 ANOS :: HOMBRES",REMASEP_OD,AE79,"REMASEP_OD :: SECCION B: ACTIVIDADES DE ATENCION EN ESPECIALIDADES ODONTOLOGICAS. :: PROCEDIMIENTO RESTAURADOR EN ODONTOPEDIATRIA (TODOS LOS TIPOS: RESINA, TEMPORALES Y AMALGAMAS) :: SEGUN GRUPOS DE EDAD O DE RIESGO :: 45-59 ANOS :: HOMBRES",INTEGER_COUNT,stf:dc624775927d4d4d,writable_target_mapping_2026,EXACT_SEMANTIC_MATCH
wi:f2850eae7eee62bd4e96,LEGACY::REMASEP_01::AI86,REMASEP 01 :: SECCION C: ATENCIONES Y CONSULTAS POR OTROS PROFESIONALES NO MEDICOS :: NUTRICIONISTA :: NUTRICIONISTA :: CONSULTA NUTRICIONAL :: POR EDAD (EN ANOS) :: 70 - 74 ANOS :: HOMBRES,REMASEP 01,AH115,REMASEP 01 :: SECCION C: ATENCIONES Y CONSULTAS POR OTROS PROFESIONALES NO MEDICOS :: NUTRICIONISTA :: CONSULTA NUTRICIONAL :: POR EDAD (EN ANOS) :: 70 - 74 ANOS :: HOMBRES,INTEGER_COUNT,stf:dc624775927d4d4d,writable_target_mapping_2026,EXACT_SEMANTIC_MATCH
wi:f2c1239385d85577fb89,LEGACY::REMASEP_01::AJ89,REMASEP 01 :: SECCION C: ATENCIONES Y CONSULTAS POR OTROS PROFESIONALES NO MEDICOS :: FONO :: FONOAUDIOLOGO/A :: CONSULTAS FONOAUDIOLOGO/A :: POR EDAD (EN ANOS) :: 70 - 74 ANOS :: MUJERES,REMASEP 01,AI118,REMASEP 01 :: SECCION C: ATENCIONES Y CONSULTAS POR OTROS PROFESIONALES NO MEDICOS :: FONOAUDIOLOGO/A :: CONSULTAS FONOAUDIOLOGO/A :: POR EDAD (EN ANOS) :: 70 - 74 ANOS :: MUJERES,INTEGER_COUNT,stf:dc624775927d4d4d,writable_target_mapping_2026,EXACT_SEMANTIC_MATCH
wi:f2cbaf6f8590a52d9990,LEGACY::REMASEP_OD::X16,REMASEP_OD :: SECCION A: CONSULTAS Y CONTROLES ODONTOLOGICOS REALIZADOS :: A.3. ACCIONES GENERALES DE PREVENCION E HIGIENE :: 5010011 - PROFILAXIS :: HIGIENE Y PROFILAXIS EN NINOS Y ADULTOS :: SEGUN GRUPOS DE EDAD O DE RIESGO :: 15-19 ANOS :: HOMBRES,REMASEP_OD,W33,REMASEP_OD :: SECCION A: CONSULTAS Y CONTROLES ODONTOLOGICOS REALIZADOS :: A.3. ACCIONES GENERALES DE PREVENCION E HIGIENE :: HIGIENE Y PROFILAXIS EN NINOS Y ADULTOS :: SEGUN GRUPOS DE EDAD O DE RIESGO :: 15-19 ANOS :: HOMBRES,INTEGER_COUNT,stf:dc624775927d4d4d,writable_target_mapping_2026,EXACT_SEMANTIC_MATCH
wi:f2dc785ccb29a4992392,LEGACY::REMASEP_OD::AG65,REMASEP_OD :: SECCION B: ACTIVIDADES DE ATENCION EN ESPECIALIDADES ODONTOLOGICAS. :: DESTARTRAJE :: DESTARTRAJE SUB GINGIVAL :: SEGUN GRUPOS DE EDAD O DE RIESGO :: 45-59 ANOS :: MUJERES,REMASEP_OD,AF82,REMASEP_OD :: SECCION B: ACTIVIDADES DE ATENCION EN ESPECIALIDADES ODONTOLOGICAS. :: DESTARTRAJE SUB GINGIVAL :: SEGUN GRUPOS DE EDAD O DE RIESGO :: 45-59 ANOS :: MUJERES,INTEGER_COUNT,stf:dc624775927d4d4d,writable_target_mapping_2026,EXACT_SEMANTIC_MATCH
wi:f2e761d39909d1699352,LEGACY::REMASEP_OD::AJ65,REMASEP_OD :: SECCION B: ACTIVIDADES DE ATENCION EN ESPECIALIDADES ODONTOLOGICAS. :: DESTARTRAJE :: DESTARTRAJE SUB GINGIVAL :: SEGUN GRUPOS DE EDAD O DE RIESGO :: 65-74 ANOS :: HOMBRES,REMASEP_OD,AI82,REMASEP_OD :: SECCION B: ACTIVIDADES DE ATENCION EN ESPECIALIDADES ODONTOLOGICAS. :: DESTARTRAJE SUB GINGIVAL :: SEGUN GRUPOS DE EDAD O DE RIESGO :: 65-74 ANOS :: HOMBRES,INTEGER_COUNT,stf:dc624775927d4d4d,writable_target_mapping_2026,EXACT_SEMANTIC_MATCH
wi:f31014033bebdb1dde2a,LEGACY::REMASEP_01::AN87,REMASEP 01 :: SECCION C: ATENCIONES Y CONSULTAS POR OTROS PROFESIONALES NO MEDICOS :: PSICO :: PSICOLOGO/A :: CONSULTA PSICOLOGICA :: POR EDAD (EN ANOS) :: 80 Y MAS ANOS :: MUJERES,REMASEP 01,AM116,REMASEP 01 :: SECCION C: ATENCIONES Y CONSULTAS POR OTROS PROFESIONALES NO MEDICOS :: PSICOLOGO/A :: CONSULTA PSICOLOGICA :: POR EDAD (EN ANOS) :: 80 Y MAS ANOS :: MUJERES,INTEGER_COUNT,stf:dc624775927d4d4d,writable_target_mapping_2026,EXACT_SEMANTIC_MATCH
wi:f33cfa0227ef519c3f29,LEGACY::REMASEP_OD::L70,REMASEP_OD :: SECCION B: ACTIVIDADES DE ATENCION EN ESPECIALIDADES ODONTOLOGICAS. :: INSTALACION PROTESIS TOTAL ACRILICA SUP O INF :: REHABILITACION MEDIANTE PROTESIS REMOVIBLE ACRILICA PARCIAL O TOTAL :: SEGUN GRUPOS DE EDAD O DE RIESGO :: 4 ANOS :: HOMBRES,REMASEP_OD,K87,REMASEP_OD :: SECCION B: ACTIVIDADES DE ATENCION EN ESPECIALIDADES ODONTOLOGICAS. :: REHABILITACION MEDIANTE PROTESIS REMOVIBLE ACRILICA PARCIAL O TOTAL :: SEGUN GRUPOS DE EDAD O DE RIESGO :: 4 ANOS :: HOMBRES,INTEGER_COUNT,stf:dc624775927d4d4d,writable_target_mapping_2026,EXACT_SEMANTIC_MATCH
wi:f33fd6d77395f486fdd0,LEGACY::REMASEP_OD::AH63,REMASEP_OD :: SECCION B: ACTIVIDADES DE ATENCION EN ESPECIALIDADES ODONTOLOGICAS. :: 5010023 - PULPECTOMIA / 5010003 - PULPOTOMIA :: PROCEDIMIENTO PULPAR EN ODONTOPEDIATRIA (PULPOTOMIA Y PULPECTOMIA) :: SEGUN GRUPOS DE EDAD O DE RIESGO :: 60-64 ANOS :: HOMBRES,REMASEP_OD,AG80,REMASEP_OD :: SECCION B: ACTIVIDADES DE ATENCION EN ESPECIALIDADES ODONTOLOGICAS. :: PROCEDIMIENTO PULPAR EN ODONTOPEDIATRIA (PULPOTOMIA Y PULPECTOMIA) :: SEGUN GRUPOS DE EDAD O DE RIESGO :: 60-64 ANOS :: HOMBRES,INTEGER_COUNT,stf:dc624775927d4d4d,writable_target_mapping_2026,EXACT_SEMANTIC_MATCH
wi:f3525facefcc0b3b3308,LEGACY::REMASEP_OD::AE40,REMASEP_OD :: SECCION B: ACTIVIDADES DE ATENCION EN ESPECIALIDADES ODONTOLOGICAS. :: EVALUACION ODON ESP :: EXAMEN Y DIAGNOSTICO DE ESPECIALIDAD :: SEGUN GRUPOS DE EDAD O DE RIESGO :: 35-44 ANOS :: MUJERES,REMASEP_OD,AD57,REMASEP_OD :: SECCION B: ACTIVIDADES DE ATENCION EN ESPECIALIDADES ODONTOLOGICAS. :: EXAMEN Y DIAGNOSTICO DE ESPECIALIDAD :: SEGUN GRUPOS DE EDAD O DE RIESGO :: 35-44 ANOS :: MUJERES,INTEGER_COUNT,stf:dc624775927d4d4d,writable_target_mapping_2026,EXACT_SEMANTIC_MATCH
wi:f3aaf262a376ad2188fe,LEGACY::REMASEP_OD::N89,REMASEP_OD :: SECCION B: ACTIVIDADES DE ATENCION EN ESPECIALIDADES ODONTOLOGICAS. :: 5009002 - DESGASTE SELECTIVO :: DESGASTE SELECTIVO :: SEGUN GRUPOS DE EDAD O DE RIESGO :: 5 ANOS :: HOMBRES,REMASEP_OD,M106,REMASEP_OD :: SECCION B: ACTIVIDADES DE ATENCION EN ESPECIALIDADES ODONTOLOGICAS. :: DESGASTE SELECTIVO :: SEGUN GRUPOS DE EDAD O DE RIESGO :: 5 ANOS :: HOMBRES,INTEGER_COUNT,stf:dc624775927d4d4d,writable_target_mapping_2026,EXACT_SEMANTIC_MATCH
wi:f3ecbf9366de5cea11db,LEGACY::REMASEP_OD::L63,REMASEP_OD :: SECCION B: ACTIVIDADES DE ATENCION EN ESPECIALIDADES ODONTOLOGICAS. :: 5010023 - PULPECTOMIA / 5010003 - PULPOTOMIA :: PROCEDIMIENTO PULPAR EN ODONTOPEDIATRIA (PULPOTOMIA Y PULPECTOMIA) :: SEGUN GRUPOS DE EDAD O DE RIESGO :: 4 ANOS :: HOMBRES,REMASEP_OD,K80,REMASEP_OD :: SECCION B: ACTIVIDADES DE ATENCION EN ESPECIALIDADES ODONTOLOGICAS. :: PROCEDIMIENTO PULPAR EN ODONTOPEDIATRIA (PULPOTOMIA Y PULPECTOMIA) :: SEGUN GRUPOS DE EDAD O DE RIESGO :: 4 ANOS :: HOMBRES,INTEGER_COUNT,stf:dc624775927d4d4d,writable_target_mapping_2026,EXACT_SEMANTIC_MATCH
wi:f41c3d5102573e231dbf,LEGACY::REMASEP_OD::AK13,"REMASEP_OD :: SECCION A: CONSULTAS Y CONTROLES ODONTOLOGICOS REALIZADOS :: A.3. ACCIONES GENERALES DE PREVENCION E HIGIENE :: 5001005 - SELLANTES :: APLICACION DE SELLANTE EN PIEZA PERMANENTE, FOTOCURADO :: SEGUN GRUPOS DE EDAD O DE RIESGO :: 65-74 ANOS :: MUJERES",REMASEP_OD,AJ30,"REMASEP_OD :: SECCION A: CONSULTAS Y CONTROLES ODONTOLOGICOS REALIZADOS :: A.3. ACCIONES GENERALES DE PREVENCION E HIGIENE :: APLICACION DE SELLANTE EN PIEZA PERMANENTE, FOTOCURADO :: SEGUN GRUPOS DE EDAD O DE RIESGO :: 65-74 ANOS :: MUJERES",INTEGER_COUNT,stf:dc624775927d4d4d,writable_target_mapping_2026,EXACT_SEMANTIC_MATCH
wi:f42c360f380543c410cd,LEGACY::B2_ANEXO::D5,B2 ANEXO :: A. KINESIOLOGIA :: 0601105 :: ATENCION KINESIOLOGICA INTEGRAL AMBULATORIA,B2 ANEXO,C833,B2 ANEXO :: A. KINESIOLOGIA :: 0601105 :: ATENCION KINESIOLOGICA INTEGRAL AMBULATORIA :: B.- PROCEDIMIENTOS TERAPEUTICOS.,INTEGER_COUNT,stf:dc624775927d4d4d,writable_target_mapping_2026,EXACT_SEMANTIC_MATCH
wi:f4474fc93ad8054bf20b,LEGACY::REMASEP_OD::AF63,REMASEP_OD :: SECCION B: ACTIVIDADES DE ATENCION EN ESPECIALIDADES ODONTOLOGICAS. :: 5010023 - PULPECTOMIA / 5010003 - PULPOTOMIA :: PROCEDIMIENTO PULPAR EN ODONTOPEDIATRIA (PULPOTOMIA Y PULPECTOMIA) :: SEGUN GRUPOS DE EDAD O DE RIESGO :: 45-59 ANOS :: HOMBRES,REMASEP_OD,AE80,REMASEP_OD :: SECCION B: ACTIVIDADES DE ATENCION EN ESPECIALIDADES ODONTOLOGICAS. :: PROCEDIMIENTO PULPAR EN ODONTOPEDIATRIA (PULPOTOMIA Y PULPECTOMIA) :: SEGUN GRUPOS DE EDAD O DE RIESGO :: 45-59 ANOS :: HOMBRES,INTEGER_COUNT,stf:dc624775927d4d4d,writable_target_mapping_2026,EXACT_SEMANTIC_MATCH
wi:f459320bf53ac7019cd1,LEGACY::REMASEP_01::J89,REMASEP 01 :: SECCION C: ATENCIONES Y CONSULTAS POR OTROS PROFESIONALES NO MEDICOS :: FONO :: FONOAUDIOLOGO/A :: CONSULTAS FONOAUDIOLOGO/A :: POR EDAD (EN ANOS) :: 5 - 9 ANOS :: MUJERES,REMASEP 01,I118,REMASEP 01 :: SECCION C: ATENCIONES Y CONSULTAS POR OTROS PROFESIONALES NO MEDICOS :: FONOAUDIOLOGO/A :: CONSULTAS FONOAUDIOLOGO/A :: POR EDAD (EN ANOS) :: 5 - 9 ANOS :: MUJERES,INTEGER_COUNT,stf:dc624775927d4d4d,writable_target_mapping_2026,EXACT_SEMANTIC_MATCH
wi:f460e781086be6740674,LEGACY::REMASEP_OD::J65,REMASEP_OD :: SECCION B: ACTIVIDADES DE ATENCION EN ESPECIALIDADES ODONTOLOGICAS. :: DESTARTRAJE :: DESTARTRAJE SUB GINGIVAL :: SEGUN GRUPOS DE EDAD O DE RIESGO :: 3 ANOS :: HOMBRES,REMASEP_OD,I82,REMASEP_OD :: SECCION B: ACTIVIDADES DE ATENCION EN ESPECIALIDADES ODONTOLOGICAS. :: DESTARTRAJE SUB GINGIVAL :: SEGUN GRUPOS DE EDAD O DE RIESGO :: 3 ANOS :: HOMBRES,INTEGER_COUNT,stf:dc624775927d4d4d,writable_target_mapping_2026,EXACT_SEMANTIC_MATCH
wi:f481b01a6671ff465339,LEGACY::REMASEP_OD::V9,REMASEP_OD :: SECCION A: CONSULTAS Y CONTROLES ODONTOLOGICOS REALIZADOS :: A.1. CONSULTAS Y ALTAS :: CONTROL ODONTOLOGIA GENERAL :: CONTROLES ODONTOLOGICOS GENERALES :: SEGUN GRUPOS DE EDAD O DE RIESGO :: 10-14 ANOS :: HOMBRES,REMASEP_OD,U18,REMASEP_OD :: SECCION A: CONSULTAS Y CONTROLES ODONTOLOGICOS REALIZADOS :: A.1. CONSULTAS Y ALTAS :: CONTROLES ODONTOLOGICOS GENERALES :: SEGUN GRUPOS DE EDAD O DE RIESGO :: 10-14 ANOS :: HOMBRES,INTEGER_COUNT,stf:dc624775927d4d4d,writable_target_mapping_2026,EXACT_SEMANTIC_MATCH
wi:f48e0652b60865495eb5,LEGACY::REMASEP_01::N86,REMASEP 01 :: SECCION C: ATENCIONES Y CONSULTAS POR OTROS PROFESIONALES NO MEDICOS :: NUTRICIONISTA :: NUTRICIONISTA :: CONSULTA NUTRICIONAL :: POR EDAD (EN ANOS) :: 15 - 19 ANOS :: MUJERES,REMASEP 01,M115,REMASEP 01 :: SECCION C: ATENCIONES Y CONSULTAS POR OTROS PROFESIONALES NO MEDICOS :: NUTRICIONISTA :: CONSULTA NUTRICIONAL :: POR EDAD (EN ANOS) :: 15 - 19 ANOS :: MUJERES,INTEGER_COUNT,stf:dc624775927d4d4d,writable_target_mapping_2026,EXACT_SEMANTIC_MATCH
wi:f4d6680f0d048726c664,LEGACY::REMASEP_OD::U65,REMASEP_OD :: SECCION B: ACTIVIDADES DE ATENCION EN ESPECIALIDADES ODONTOLOGICAS. :: DESTARTRAJE :: DESTARTRAJE SUB GINGIVAL :: SEGUN GRUPOS DE EDAD O DE RIESGO :: 8-9 ANOS :: MUJERES,REMASEP_OD,T82,REMASEP_OD :: SECCION B: ACTIVIDADES DE ATENCION EN ESPECIALIDADES ODONTOLOGICAS. :: DESTARTRAJE SUB GINGIVAL :: SEGUN GRUPOS DE EDAD O DE RIESGO :: 8-9 ANOS :: MUJERES,INTEGER_COUNT,stf:dc624775927d4d4d,writable_target_mapping_2026,EXACT_SEMANTIC_MATCH
wi:f4ecc9049eeb8b849b63,LEGACY::REMASEP_OD::M14,REMASEP_OD :: SECCION A: CONSULTAS Y CONTROLES ODONTOLOGICOS REALIZADOS :: A.3. ACCIONES GENERALES DE PREVENCION E HIGIENE :: 50010112 - INSTRUCCION DE HIGIENE ORAL :: INSTRUCCION Y CONTROL DE HIGIENE ORAL EN NINOS Y ADULTOS :: SEGUN GRUPOS DE EDAD O DE RIESGO :: 4 ANOS :: MUJERES,REMASEP_OD,L31,REMASEP_OD :: SECCION A: CONSULTAS Y CONTROLES ODONTOLOGICOS REALIZADOS :: A.3. ACCIONES GENERALES DE PREVENCION E HIGIENE :: INSTRUCCION Y CONTROL DE HIGIENE ORAL EN NINOS Y ADULTOS :: SEGUN GRUPOS DE EDAD O DE RIESGO :: 4 ANOS :: MUJERES,INTEGER_COUNT,stf:dc624775927d4d4d,writable_target_mapping_2026,EXACT_SEMANTIC_MATCH
wi:f4ed17ac218a578505a1,LEGACY::REMASEP_OD::N13,"REMASEP_OD :: SECCION A: CONSULTAS Y CONTROLES ODONTOLOGICOS REALIZADOS :: A.3. ACCIONES GENERALES DE PREVENCION E HIGIENE :: 5001005 - SELLANTES :: APLICACION DE SELLANTE EN PIEZA PERMANENTE, FOTOCURADO :: SEGUN GRUPOS DE EDAD O DE RIESGO :: 5 ANOS :: HOMBRES",REMASEP_OD,M30,"REMASEP_OD :: SECCION A: CONSULTAS Y CONTROLES ODONTOLOGICOS REALIZADOS :: A.3. ACCIONES GENERALES DE PREVENCION E HIGIENE :: APLICACION DE SELLANTE EN PIEZA PERMANENTE, FOTOCURADO :: SEGUN GRUPOS DE EDAD O DE RIESGO :: 5 ANOS :: HOMBRES",INTEGER_COUNT,stf:dc624775927d4d4d,writable_target_mapping_2026,EXACT_SEMANTIC_MATCH
wi:f4f983f8f2da387bd523,LEGACY::REMASEP_OD::O74,REMASEP_OD :: SECCION B: ACTIVIDADES DE ATENCION EN ESPECIALIDADES ODONTOLOGICAS. :: NO SE REALIZA EN FG :: REHABILITACION MEDIANTE PROTESIS MUCO-IMPLANTOASISTIDA :: SEGUN GRUPOS DE EDAD O DE RIESGO :: 5 ANOS :: MUJERES,REMASEP_OD,N91,REMASEP_OD :: SECCION B: ACTIVIDADES DE ATENCION EN ESPECIALIDADES ODONTOLOGICAS. :: REHABILITACION MEDIANTE PROTESIS MUCO-IMPLANTOASISTIDA :: SEGUN GRUPOS DE EDAD O DE RIESGO :: 5 ANOS :: MUJERES,INTEGER_COUNT,stf:dc624775927d4d4d,writable_target_mapping_2026,EXACT_SEMANTIC_MATCH
wi:f4fa61221311a2208801,LEGACY::REMASEP_OD::H90,REMASEP_OD :: SECCION B: ACTIVIDADES DE ATENCION EN ESPECIALIDADES ODONTOLOGICAS. :: INSTALACIONES ORTOPEDIA :: INSTALACION DE DISPOSITIVO ORTOPEDICO :: SEGUN GRUPOS DE EDAD O DE RIESGO :: 2 ANOS :: HOMBRES,REMASEP_OD,G107,REMASEP_OD :: SECCION B: ACTIVIDADES DE ATENCION EN ESPECIALIDADES ODONTOLOGICAS. :: INSTALACION DE DISPOSITIVO ORTOPEDICO :: SEGUN GRUPOS DE EDAD O DE RIESGO :: 2 ANOS :: HOMBRES,INTEGER_COUNT,stf:dc624775927d4d4d,writable_target_mapping_2026,EXACT_SEMANTIC_MATCH
wi:f4fd98a664ba19e717a8,LEGACY::REMASEP_OD::X52,REMASEP_OD :: SECCION B: ACTIVIDADES DE ATENCION EN ESPECIALIDADES ODONTOLOGICAS. :: 5004020 - CONTROL ORTODONCIA QUIRURGICO :: ORTODONCIA PRE-QUIRURGICA :: SEGUN GRUPOS DE EDAD O DE RIESGO :: 15-19 ANOS :: HOMBRES,REMASEP_OD,W69,REMASEP_OD :: SECCION B: ACTIVIDADES DE ATENCION EN ESPECIALIDADES ODONTOLOGICAS. :: ORTODONCIA PRE-QUIRURGICA :: SEGUN GRUPOS DE EDAD O DE RIESGO :: 15-19 ANOS :: HOMBRES,INTEGER_COUNT,stf:dc624775927d4d4d,writable_target_mapping_2026,EXACT_SEMANTIC_MATCH
wi:f529f215326701b88569,LEGACY::REMASEP_OD::AK71,REMASEP_OD :: SECCION B: ACTIVIDADES DE ATENCION EN ESPECIALIDADES ODONTOLOGICAS. :: INSTALACION PROTESIS PARCIAL METALICA SUP O INF :: REHABILITACION MEDIANTE PROTESIS REMOVIBLE METALICA PARCIAL :: SEGUN GRUPOS DE EDAD O DE RIESGO :: 65-74 ANOS :: MUJERES,REMASEP_OD,AJ88,REMASEP_OD :: SECCION B: ACTIVIDADES DE ATENCION EN ESPECIALIDADES ODONTOLOGICAS. :: REHABILITACION MEDIANTE PROTESIS REMOVIBLE METALICA PARCIAL :: SEGUN GRUPOS DE EDAD O DE RIESGO :: 65-74 ANOS :: MUJERES,INTEGER_COUNT,stf:dc624775927d4d4d,writable_target_mapping_2026,EXACT_SEMANTIC_MATCH
wi:f55069380bdf39f00f1d,LEGACY::REMASEP_OD::N17,REMASEP_OD :: SECCION A: CONSULTAS Y CONTROLES ODONTOLOGICOS REALIZADOS :: A.3. ACCIONES GENERALES DE PREVENCION E HIGIENE :: 5001016 - FLUOR :: FLUORACION TOPICA DE BARNIZ :: SEGUN GRUPOS DE EDAD O DE RIESGO :: 5 ANOS :: HOMBRES,REMASEP_OD,M34,REMASEP_OD :: SECCION A: CONSULTAS Y CONTROLES ODONTOLOGICOS REALIZADOS :: A.3. ACCIONES GENERALES DE PREVENCION E HIGIENE :: FLUORACION TOPICA DE BARNIZ :: SEGUN GRUPOS DE EDAD O DE RIESGO :: 5 ANOS :: HOMBRES,INTEGER_COUNT,stf:dc624775927d4d4d,writable_target_mapping_2026,EXACT_SEMANTIC_MATCH
wi:f5677fb52fb481ac8536,LEGACY::REMASEP_01::AF86,REMASEP 01 :: SECCION C: ATENCIONES Y CONSULTAS POR OTROS PROFESIONALES NO MEDICOS :: NUTRICIONISTA :: NUTRICIONISTA :: CONSULTA NUTRICIONAL :: POR EDAD (EN ANOS) :: 60 - 64 ANOS :: MUJERES,REMASEP 01,AE115,REMASEP 01 :: SECCION C: ATENCIONES Y CONSULTAS POR OTROS PROFESIONALES NO MEDICOS :: NUTRICIONISTA :: CONSULTA NUTRICIONAL :: POR EDAD (EN ANOS) :: 60 - 64 ANOS :: MUJERES,INTEGER_COUNT,stf:dc624775927d4d4d,writable_target_mapping_2026,EXACT_SEMANTIC_MATCH
wi:f598be378d1ad072dd0c,LEGACY::REMASEP_OD::K53,REMASEP_OD :: SECCION B: ACTIVIDADES DE ATENCION EN ESPECIALIDADES ODONTOLOGICAS. :: CONTROLES ORTOPED. PREQ :: ORTOPEDIA PRE-QUIRURGICA :: SEGUN GRUPOS DE EDAD O DE RIESGO :: 3 ANOS :: MUJERES,REMASEP_OD,J70,REMASEP_OD :: SECCION B: ACTIVIDADES DE ATENCION EN ESPECIALIDADES ODONTOLOGICAS. :: ORTOPEDIA PRE-QUIRURGICA :: SEGUN GRUPOS DE EDAD O DE RIESGO :: 3 ANOS :: MUJERES,INTEGER_COUNT,stf:dc624775927d4d4d,writable_target_mapping_2026,EXACT_SEMANTIC_MATCH
wi:f5a8d23d492a5ffd96c1,LEGACY::REMASEP_01::AM90,REMASEP 01 :: SECCION C: ATENCIONES Y CONSULTAS POR OTROS PROFESIONALES NO MEDICOS :: KINE :: KINESIOLOGO/A :: ATENCION KINESIOLOGICA :: POR EDAD (EN ANOS) :: 80 Y MAS ANOS :: HOMBRES,REMASEP 01,AL119,REMASEP 01 :: SECCION C: ATENCIONES Y CONSULTAS POR OTROS PROFESIONALES NO MEDICOS :: KINESIOLOGO/A :: ATENCION KINESIOLOGICA :: POR EDAD (EN ANOS) :: 80 Y MAS ANOS :: HOMBRES,INTEGER_COUNT,stf:dc624775927d4d4d,writable_target_mapping_2026,EXACT_SEMANTIC_MATCH
wi:f5c0bc05d8600ae96247,LEGACY::REMASEP_OD::AI8,REMASEP_OD :: SECCION A: CONSULTAS Y CONTROLES ODONTOLOGICOS REALIZADOS :: A.1. CONSULTAS Y ALTAS :: EVALUACION ODONTOLOGIA GENERAL :: PRIMERAS CONSULTAS (ANO) DE ODONTOLOGIA ESPECIALIDADES :: SEGUN GRUPOS DE EDAD O DE RIESGO :: 60-64 ANOS :: MUJERES,REMASEP_OD,AH17,REMASEP_OD :: SECCION A: CONSULTAS Y CONTROLES ODONTOLOGICOS REALIZADOS :: A.1. CONSULTAS Y ALTAS :: PRIMERAS CONSULTAS (ANO) DE ODONTOLOGIA ESPECIALIDADES :: SEGUN GRUPOS DE EDAD O DE RIESGO :: 60-64 ANOS :: MUJERES,INTEGER_COUNT,stf:dc624775927d4d4d,writable_target_mapping_2026,EXACT_SEMANTIC_MATCH
wi:f6077d76e8633994efa2,LEGACY::REMASEP_01::AG84,REMASEP 01 :: SECCION C: ATENCIONES Y CONSULTAS POR OTROS PROFESIONALES NO MEDICOS :: ENFERMER :: ENFERMERA/O :: ATENCION AL PACIENTE :: POR EDAD (EN ANOS) :: 65 - 69 ANOS :: HOMBRES,REMASEP 01,AF113,REMASEP 01 :: SECCION C: ATENCIONES Y CONSULTAS POR OTROS PROFESIONALES NO MEDICOS :: ENFERMERA/O :: ATENCION AL PACIENTE :: POR EDAD (EN ANOS) :: 65 - 69 ANOS :: HOMBRES,INTEGER_COUNT,stf:dc624775927d4d4d,writable_target_mapping_2026,EXACT_SEMANTIC_MATCH
wi:f612d83a28cb1aaca1cc,LEGACY::REMASEP_OD::AH17,REMASEP_OD :: SECCION A: CONSULTAS Y CONTROLES ODONTOLOGICOS REALIZADOS :: A.3. ACCIONES GENERALES DE PREVENCION E HIGIENE :: 5001016 - FLUOR :: FLUORACION TOPICA DE BARNIZ :: SEGUN GRUPOS DE EDAD O DE RIESGO :: 60-64 ANOS :: HOMBRES,REMASEP_OD,AG34,REMASEP_OD :: SECCION A: CONSULTAS Y CONTROLES ODONTOLOGICOS REALIZADOS :: A.3. ACCIONES GENERALES DE PREVENCION E HIGIENE :: FLUORACION TOPICA DE BARNIZ :: SEGUN GRUPOS DE EDAD O DE RIESGO :: 60-64 ANOS :: HOMBRES,INTEGER_COUNT,stf:dc624775927d4d4d,writable_target_mapping_2026,EXACT_SEMANTIC_MATCH
wi:f61404f586e0e1e17638,LEGACY::REMASEP_OD::AI52,REMASEP_OD :: SECCION B: ACTIVIDADES DE ATENCION EN ESPECIALIDADES ODONTOLOGICAS. :: 5004020 - CONTROL ORTODONCIA QUIRURGICO :: ORTODONCIA PRE-QUIRURGICA :: SEGUN GRUPOS DE EDAD O DE RIESGO :: 60-64 ANOS :: MUJERES,REMASEP_OD,AH69,REMASEP_OD :: SECCION B: ACTIVIDADES DE ATENCION EN ESPECIALIDADES ODONTOLOGICAS. :: ORTODONCIA PRE-QUIRURGICA :: SEGUN GRUPOS DE EDAD O DE RIESGO :: 60-64 ANOS :: MUJERES,INTEGER_COUNT,stf:dc624775927d4d4d,writable_target_mapping_2026,EXACT_SEMANTIC_MATCH
wi:f6be30521c2bdd4ff647,LEGACY::REMASEP_01::W87,REMASEP 01 :: SECCION C: ATENCIONES Y CONSULTAS POR OTROS PROFESIONALES NO MEDICOS :: PSICO :: PSICOLOGO/A :: CONSULTA PSICOLOGICA :: POR EDAD (EN ANOS) :: 40 - 44 ANOS :: HOMBRES,REMASEP 01,V116,REMASEP 01 :: SECCION C: ATENCIONES Y CONSULTAS POR OTROS PROFESIONALES NO MEDICOS :: PSICOLOGO/A :: CONSULTA PSICOLOGICA :: POR EDAD (EN ANOS) :: 40 - 44 ANOS :: HOMBRES,INTEGER_COUNT,stf:dc624775927d4d4d,writable_target_mapping_2026,EXACT_SEMANTIC_MATCH
wi:f6c24417d18573f26262,LEGACY::REMASEP_OD::Z48,REMASEP_OD :: SECCION B: ACTIVIDADES DE ATENCION EN ESPECIALIDADES ODONTOLOGICAS. :: INSTALACION APARATO REMOVIBLE :: INSTALACION APARATO REMOVIBLE ORTODONCICO :: SEGUN GRUPOS DE EDAD O DE RIESGO :: 20-24 ANOS :: HOMBRES,REMASEP_OD,Y65,REMASEP_OD :: SECCION B: ACTIVIDADES DE ATENCION EN ESPECIALIDADES ODONTOLOGICAS. :: INSTALACION APARATO REMOVIBLE ORTODONCICO :: SEGUN GRUPOS DE EDAD O DE RIESGO :: 20-24 ANOS :: HOMBRES,INTEGER_COUNT,stf:dc624775927d4d4d,writable_target_mapping_2026,EXACT_SEMANTIC_MATCH
wi:f6d2fb07c783a0f1803f,LEGACY::REMASEP_OD::U51,REMASEP_OD :: SECCION B: ACTIVIDADES DE ATENCION EN ESPECIALIDADES ODONTOLOGICAS. :: 5004018 - RETIRO APARATO FIJO-LIMPIEZA-IMPRESION :: RETIRO APARATOLOGIA DE ORTODONCIA :: SEGUN GRUPOS DE EDAD O DE RIESGO :: 8-9 ANOS :: MUJERES,REMASEP_OD,T68,REMASEP_OD :: SECCION B: ACTIVIDADES DE ATENCION EN ESPECIALIDADES ODONTOLOGICAS. :: RETIRO APARATOLOGIA DE ORTODONCIA :: SEGUN GRUPOS DE EDAD O DE RIESGO :: 8-9 ANOS :: MUJERES,INTEGER_COUNT,stf:dc624775927d4d4d,writable_target_mapping_2026,EXACT_SEMANTIC_MATCH
wi:f6ff6a9c7c82ef639c95,LEGACY::REMASEP_OD::V52,REMASEP_OD :: SECCION B: ACTIVIDADES DE ATENCION EN ESPECIALIDADES ODONTOLOGICAS. :: 5004020 - CONTROL ORTODONCIA QUIRURGICO :: ORTODONCIA PRE-QUIRURGICA :: SEGUN GRUPOS DE EDAD O DE RIESGO :: 10-14 ANOS :: HOMBRES,REMASEP_OD,U69,REMASEP_OD :: SECCION B: ACTIVIDADES DE ATENCION EN ESPECIALIDADES ODONTOLOGICAS. :: ORTODONCIA PRE-QUIRURGICA :: SEGUN GRUPOS DE EDAD O DE RIESGO :: 10-14 ANOS :: HOMBRES,INTEGER_COUNT,stf:dc624775927d4d4d,writable_target_mapping_2026,EXACT_SEMANTIC_MATCH
wi:f704f596ab2247d3fcc9,LEGACY::REMASEP_OD::Q70,REMASEP_OD :: SECCION B: ACTIVIDADES DE ATENCION EN ESPECIALIDADES ODONTOLOGICAS. :: INSTALACION PROTESIS TOTAL ACRILICA SUP O INF :: REHABILITACION MEDIANTE PROTESIS REMOVIBLE ACRILICA PARCIAL O TOTAL :: SEGUN GRUPOS DE EDAD O DE RIESGO :: 6 ANOS :: MUJERES,REMASEP_OD,P87,REMASEP_OD :: SECCION B: ACTIVIDADES DE ATENCION EN ESPECIALIDADES ODONTOLOGICAS. :: REHABILITACION MEDIANTE PROTESIS REMOVIBLE ACRILICA PARCIAL O TOTAL :: SEGUN GRUPOS DE EDAD O DE RIESGO :: 6 ANOS :: MUJERES,INTEGER_COUNT,stf:dc624775927d4d4d,writable_target_mapping_2026,EXACT_SEMANTIC_MATCH
wi:f75a9cc0f3b8bd0a1a05,LEGACY::REMASEP_OD::F89,REMASEP_OD :: SECCION B: ACTIVIDADES DE ATENCION EN ESPECIALIDADES ODONTOLOGICAS. :: 5009002 - DESGASTE SELECTIVO :: DESGASTE SELECTIVO :: SEGUN GRUPOS DE EDAD O DE RIESGO :: MENOS DE 1 ANO - 1 ANO :: HOMBRES,REMASEP_OD,E106,REMASEP_OD :: SECCION B: ACTIVIDADES DE ATENCION EN ESPECIALIDADES ODONTOLOGICAS. :: DESGASTE SELECTIVO :: SEGUN GRUPOS DE EDAD O DE RIESGO :: MENOS DE 1 ANO - 1 ANO :: HOMBRES,INTEGER_COUNT,stf:dc624775927d4d4d,writable_target_mapping_2026,EXACT_SEMANTIC_MATCH
wi:f761fd0050ffcf7e81a8,LEGACY::REMASEP_OD::L71,REMASEP_OD :: SECCION B: ACTIVIDADES DE ATENCION EN ESPECIALIDADES ODONTOLOGICAS. :: INSTALACION PROTESIS PARCIAL METALICA SUP O INF :: REHABILITACION MEDIANTE PROTESIS REMOVIBLE METALICA PARCIAL :: SEGUN GRUPOS DE EDAD O DE RIESGO :: 4 ANOS :: HOMBRES,REMASEP_OD,K88,REMASEP_OD :: SECCION B: ACTIVIDADES DE ATENCION EN ESPECIALIDADES ODONTOLOGICAS. :: REHABILITACION MEDIANTE PROTESIS REMOVIBLE METALICA PARCIAL :: SEGUN GRUPOS DE EDAD O DE RIESGO :: 4 ANOS :: HOMBRES,INTEGER_COUNT,stf:dc624775927d4d4d,writable_target_mapping_2026,EXACT_SEMANTIC_MATCH
wi:f76379499708a6ae6978,LEGACY::REMASEP_01::AD90,REMASEP 01 :: SECCION C: ATENCIONES Y CONSULTAS POR OTROS PROFESIONALES NO MEDICOS :: KINE :: KINESIOLOGO/A :: ATENCION KINESIOLOGICA :: POR EDAD (EN ANOS) :: 55 - 59 ANOS :: MUJERES,REMASEP 01,AC119,REMASEP 01 :: SECCION C: ATENCIONES Y CONSULTAS POR OTROS PROFESIONALES NO MEDICOS :: KINESIOLOGO/A :: ATENCION KINESIOLOGICA :: POR EDAD (EN ANOS) :: 55 - 59 ANOS :: MUJERES,INTEGER_COUNT,stf:dc624775927d4d4d,writable_target_mapping_2026,EXACT_SEMANTIC_MATCH
wi:f7b1f8d49c000e3c3f71,LEGACY::REMASEP_OD::F17,REMASEP_OD :: SECCION A: CONSULTAS Y CONTROLES ODONTOLOGICOS REALIZADOS :: A.3. ACCIONES GENERALES DE PREVENCION E HIGIENE :: 5001016 - FLUOR :: FLUORACION TOPICA DE BARNIZ :: SEGUN GRUPOS DE EDAD O DE RIESGO :: MENOS DE 1 ANO - 1 ANO :: HOMBRES,REMASEP_OD,E34,REMASEP_OD :: SECCION A: CONSULTAS Y CONTROLES ODONTOLOGICOS REALIZADOS :: A.3. ACCIONES GENERALES DE PREVENCION E HIGIENE :: FLUORACION TOPICA DE BARNIZ :: SEGUN GRUPOS DE EDAD O DE RIESGO :: MENOS DE 1 ANO - 1 ANO :: HOMBRES,INTEGER_COUNT,stf:dc624775927d4d4d,writable_target_mapping_2026,EXACT_SEMANTIC_MATCH
wi:f7c54c892386d512d3db,LEGACY::REMASEP_OD::N52,REMASEP_OD :: SECCION B: ACTIVIDADES DE ATENCION EN ESPECIALIDADES ODONTOLOGICAS. :: 5004020 - CONTROL ORTODONCIA QUIRURGICO :: ORTODONCIA PRE-QUIRURGICA :: SEGUN GRUPOS DE EDAD O DE RIESGO :: 5 ANOS :: HOMBRES,REMASEP_OD,M69,REMASEP_OD :: SECCION B: ACTIVIDADES DE ATENCION EN ESPECIALIDADES ODONTOLOGICAS. :: ORTODONCIA PRE-QUIRURGICA :: SEGUN GRUPOS DE EDAD O DE RIESGO :: 5 ANOS :: HOMBRES,INTEGER_COUNT,stf:dc624775927d4d4d,writable_target_mapping_2026,EXACT_SEMANTIC_MATCH
wi:f87bdaba363e9a5f4935,LEGACY::REMASEP_OD::AF89,REMASEP_OD :: SECCION B: ACTIVIDADES DE ATENCION EN ESPECIALIDADES ODONTOLOGICAS. :: 5009002 - DESGASTE SELECTIVO :: DESGASTE SELECTIVO :: SEGUN GRUPOS DE EDAD O DE RIESGO :: 45-59 ANOS :: HOMBRES,REMASEP_OD,AE106,REMASEP_OD :: SECCION B: ACTIVIDADES DE ATENCION EN ESPECIALIDADES ODONTOLOGICAS. :: DESGASTE SELECTIVO :: SEGUN GRUPOS DE EDAD O DE RIESGO :: 45-59 ANOS :: HOMBRES,INTEGER_COUNT,stf:dc624775927d4d4d,writable_target_mapping_2026,EXACT_SEMANTIC_MATCH
wi:f87d925bec321041fddf,LEGACY::REMASEP_OD::I54,REMASEP_OD :: SECCION B: ACTIVIDADES DE ATENCION EN ESPECIALIDADES ODONTOLOGICAS. :: CONTROLES ORTODONCIA :: ORTODONCIA PREVENTIVA E INTERCEPTIVA (OPI) :: SEGUN GRUPOS DE EDAD O DE RIESGO :: 2 ANOS :: MUJERES,REMASEP_OD,H71,REMASEP_OD :: SECCION B: ACTIVIDADES DE ATENCION EN ESPECIALIDADES ODONTOLOGICAS. :: ORTODONCIA PREVENTIVA E INTERCEPTIVA (OPI) :: SEGUN GRUPOS DE EDAD O DE RIESGO :: 2 ANOS :: MUJERES,INTEGER_COUNT,stf:dc624775927d4d4d,writable_target_mapping_2026,EXACT_SEMANTIC_MATCH
wi:f901321a487559414316,LEGACY::REMASEP_OD::AH9,REMASEP_OD :: SECCION A: CONSULTAS Y CONTROLES ODONTOLOGICOS REALIZADOS :: A.1. CONSULTAS Y ALTAS :: CONTROL ODONTOLOGIA GENERAL :: CONTROLES ODONTOLOGICOS GENERALES :: SEGUN GRUPOS DE EDAD O DE RIESGO :: 60-64 ANOS :: HOMBRES,REMASEP_OD,AG18,REMASEP_OD :: SECCION A: CONSULTAS Y CONTROLES ODONTOLOGICOS REALIZADOS :: A.1. CONSULTAS Y ALTAS :: CONTROLES ODONTOLOGICOS GENERALES :: SEGUN GRUPOS DE EDAD O DE RIESGO :: 60-64 ANOS :: HOMBRES,INTEGER_COUNT,stf:dc624775927d4d4d,writable_target_mapping_2026,EXACT_SEMANTIC_MATCH
wi:f934d5f178481350924d,LEGACY::REMASEP_OD::AA13,"REMASEP_OD :: SECCION A: CONSULTAS Y CONTROLES ODONTOLOGICOS REALIZADOS :: A.3. ACCIONES GENERALES DE PREVENCION E HIGIENE :: 5001005 - SELLANTES :: APLICACION DE SELLANTE EN PIEZA PERMANENTE, FOTOCURADO :: SEGUN GRUPOS DE EDAD O DE RIESGO :: 20-24 ANOS :: MUJERES",REMASEP_OD,Z30,"REMASEP_OD :: SECCION A: CONSULTAS Y CONTROLES ODONTOLOGICOS REALIZADOS :: A.3. ACCIONES GENERALES DE PREVENCION E HIGIENE :: APLICACION DE SELLANTE EN PIEZA PERMANENTE, FOTOCURADO :: SEGUN GRUPOS DE EDAD O DE RIESGO :: 20-24 ANOS :: MUJERES",INTEGER_COUNT,stf:dc624775927d4d4d,writable_target_mapping_2026,EXACT_SEMANTIC_MATCH
wi:f95666ec28115d58b4c7,LEGACY::REMASEP_OD::F62,"REMASEP_OD :: SECCION B: ACTIVIDADES DE ATENCION EN ESPECIALIDADES ODONTOLOGICAS. :: COMPOSITE :: PROCEDIMIENTO RESTAURADOR EN ODONTOPEDIATRIA (TODOS LOS TIPOS: RESINA, TEMPORALES Y AMALGAMAS) :: SEGUN GRUPOS DE EDAD O DE RIESGO :: MENOS DE 1 ANO - 1 ANO :: HOMBRES",REMASEP_OD,E79,"REMASEP_OD :: SECCION B: ACTIVIDADES DE ATENCION EN ESPECIALIDADES ODONTOLOGICAS. :: PROCEDIMIENTO RESTAURADOR EN ODONTOPEDIATRIA (TODOS LOS TIPOS: RESINA, TEMPORALES Y AMALGAMAS) :: SEGUN GRUPOS DE EDAD O DE RIESGO :: MENOS DE 1 ANO - 1 ANO :: HOMBRES",INTEGER_COUNT,stf:dc624775927d4d4d,writable_target_mapping_2026,EXACT_SEMANTIC_MATCH
wi:f976ccd247515fe68ee5,LEGACY::REMASEP_OD::L48,REMASEP_OD :: SECCION B: ACTIVIDADES DE ATENCION EN ESPECIALIDADES ODONTOLOGICAS. :: INSTALACION APARATO REMOVIBLE :: INSTALACION APARATO REMOVIBLE ORTODONCICO :: SEGUN GRUPOS DE EDAD O DE RIESGO :: 4 ANOS :: HOMBRES,REMASEP_OD,K65,REMASEP_OD :: SECCION B: ACTIVIDADES DE ATENCION EN ESPECIALIDADES ODONTOLOGICAS. :: INSTALACION APARATO REMOVIBLE ORTODONCICO :: SEGUN GRUPOS DE EDAD O DE RIESGO :: 4 ANOS :: HOMBRES,INTEGER_COUNT,stf:dc624775927d4d4d,writable_target_mapping_2026,EXACT_SEMANTIC_MATCH
wi:f9cfa64779c86b21a2dc,LEGACY::REMASEP_OD::AJ62,"REMASEP_OD :: SECCION B: ACTIVIDADES DE ATENCION EN ESPECIALIDADES ODONTOLOGICAS. :: COMPOSITE :: PROCEDIMIENTO RESTAURADOR EN ODONTOPEDIATRIA (TODOS LOS TIPOS: RESINA, TEMPORALES Y AMALGAMAS) :: SEGUN GRUPOS DE EDAD O DE RIESGO :: 65-74 ANOS :: HOMBRES",REMASEP_OD,AI79,"REMASEP_OD :: SECCION B: ACTIVIDADES DE ATENCION EN ESPECIALIDADES ODONTOLOGICAS. :: PROCEDIMIENTO RESTAURADOR EN ODONTOPEDIATRIA (TODOS LOS TIPOS: RESINA, TEMPORALES Y AMALGAMAS) :: SEGUN GRUPOS DE EDAD O DE RIESGO :: 65-74 ANOS :: HOMBRES",INTEGER_COUNT,stf:dc624775927d4d4d,writable_target_mapping_2026,EXACT_SEMANTIC_MATCH
wi:f9fc89cf747554fd8443,LEGACY::REMASEP_OD::AA8,REMASEP_OD :: SECCION A: CONSULTAS Y CONTROLES ODONTOLOGICOS REALIZADOS :: A.1. CONSULTAS Y ALTAS :: EVALUACION ODONTOLOGIA GENERAL :: PRIMERAS CONSULTAS (ANO) DE ODONTOLOGIA ESPECIALIDADES :: SEGUN GRUPOS DE EDAD O DE RIESGO :: 20-24 ANOS :: MUJERES,REMASEP_OD,Z17,REMASEP_OD :: SECCION A: CONSULTAS Y CONTROLES ODONTOLOGICOS REALIZADOS :: A.1. CONSULTAS Y ALTAS :: PRIMERAS CONSULTAS (ANO) DE ODONTOLOGIA ESPECIALIDADES :: SEGUN GRUPOS DE EDAD O DE RIESGO :: 20-24 ANOS :: MUJERES,INTEGER_COUNT,stf:dc624775927d4d4d,writable_target_mapping_2026,EXACT_SEMANTIC_MATCH
wi:fa04bea9297b06a7f8c1,LEGACY::REMASEP_OD::L66,REMASEP_OD :: SECCION B: ACTIVIDADES DE ATENCION EN ESPECIALIDADES ODONTOLOGICAS. :: 5009012 - PULIDO RADICULAR POR SESION O SEXTANTE :: PULIDO RADICULAR :: SEGUN GRUPOS DE EDAD O DE RIESGO :: 4 ANOS :: HOMBRES,REMASEP_OD,K83,REMASEP_OD :: SECCION B: ACTIVIDADES DE ATENCION EN ESPECIALIDADES ODONTOLOGICAS. :: PULIDO RADICULAR :: SEGUN GRUPOS DE EDAD O DE RIESGO :: 4 ANOS :: HOMBRES,INTEGER_COUNT,stf:dc624775927d4d4d,writable_target_mapping_2026,EXACT_SEMANTIC_MATCH
wi:fa2a26dc5038d11abf93,LEGACY::REMASEP_OD::Z17,REMASEP_OD :: SECCION A: CONSULTAS Y CONTROLES ODONTOLOGICOS REALIZADOS :: A.3. ACCIONES GENERALES DE PREVENCION E HIGIENE :: 5001016 - FLUOR :: FLUORACION TOPICA DE BARNIZ :: SEGUN GRUPOS DE EDAD O DE RIESGO :: 20-24 ANOS :: HOMBRES,REMASEP_OD,Y34,REMASEP_OD :: SECCION A: CONSULTAS Y CONTROLES ODONTOLOGICOS REALIZADOS :: A.3. ACCIONES GENERALES DE PREVENCION E HIGIENE :: FLUORACION TOPICA DE BARNIZ :: SEGUN GRUPOS DE EDAD O DE RIESGO :: 20-24 ANOS :: HOMBRES,INTEGER_COUNT,stf:dc624775927d4d4d,writable_target_mapping_2026,EXACT_SEMANTIC_MATCH
wi:fad212729027325515ea,LEGACY::REMASEP_OD::AM40,REMASEP_OD :: SECCION B: ACTIVIDADES DE ATENCION EN ESPECIALIDADES ODONTOLOGICAS. :: EVALUACION ODON ESP :: EXAMEN Y DIAGNOSTICO DE ESPECIALIDAD :: SEGUN GRUPOS DE EDAD O DE RIESGO :: 75 Y MAS ANOS :: MUJERES,REMASEP_OD,AL57,REMASEP_OD :: SECCION B: ACTIVIDADES DE ATENCION EN ESPECIALIDADES ODONTOLOGICAS. :: EXAMEN Y DIAGNOSTICO DE ESPECIALIDAD :: SEGUN GRUPOS DE EDAD O DE RIESGO :: 75 Y MAS ANOS :: MUJERES,INTEGER_COUNT,stf:dc624775927d4d4d,writable_target_mapping_2026,EXACT_SEMANTIC_MATCH
wi:fad8ec4e1fd685983cf5,LEGACY::REMASEP_OD::AL8,REMASEP_OD :: SECCION A: CONSULTAS Y CONTROLES ODONTOLOGICOS REALIZADOS :: A.1. CONSULTAS Y ALTAS :: EVALUACION ODONTOLOGIA GENERAL :: PRIMERAS CONSULTAS (ANO) DE ODONTOLOGIA ESPECIALIDADES :: SEGUN GRUPOS DE EDAD O DE RIESGO :: 75 Y MAS ANOS :: HOMBRES,REMASEP_OD,AK17,REMASEP_OD :: SECCION A: CONSULTAS Y CONTROLES ODONTOLOGICOS REALIZADOS :: A.1. CONSULTAS Y ALTAS :: PRIMERAS CONSULTAS (ANO) DE ODONTOLOGIA ESPECIALIDADES :: SEGUN GRUPOS DE EDAD O DE RIESGO :: 75 Y MAS ANOS :: HOMBRES,INTEGER_COUNT,stf:dc624775927d4d4d,writable_target_mapping_2026,EXACT_SEMANTIC_MATCH
wi:faf2ccf958abe8fa27cb,LEGACY::REMASEP_OD::X74,REMASEP_OD :: SECCION B: ACTIVIDADES DE ATENCION EN ESPECIALIDADES ODONTOLOGICAS. :: NO SE REALIZA EN FG :: REHABILITACION MEDIANTE PROTESIS MUCO-IMPLANTOASISTIDA :: SEGUN GRUPOS DE EDAD O DE RIESGO :: 15-19 ANOS :: HOMBRES,REMASEP_OD,W91,REMASEP_OD :: SECCION B: ACTIVIDADES DE ATENCION EN ESPECIALIDADES ODONTOLOGICAS. :: REHABILITACION MEDIANTE PROTESIS MUCO-IMPLANTOASISTIDA :: SEGUN GRUPOS DE EDAD O DE RIESGO :: 15-19 ANOS :: HOMBRES,INTEGER_COUNT,stf:dc624775927d4d4d,writable_target_mapping_2026,EXACT_SEMANTIC_MATCH
wi:fb21de4267323bcd17a4,LEGACY::REMASEP_OD::AC70,REMASEP_OD :: SECCION B: ACTIVIDADES DE ATENCION EN ESPECIALIDADES ODONTOLOGICAS. :: INSTALACION PROTESIS TOTAL ACRILICA SUP O INF :: REHABILITACION MEDIANTE PROTESIS REMOVIBLE ACRILICA PARCIAL O TOTAL :: SEGUN GRUPOS DE EDAD O DE RIESGO :: 25-34 ANOS :: MUJERES,REMASEP_OD,AB87,REMASEP_OD :: SECCION B: ACTIVIDADES DE ATENCION EN ESPECIALIDADES ODONTOLOGICAS. :: REHABILITACION MEDIANTE PROTESIS REMOVIBLE ACRILICA PARCIAL O TOTAL :: SEGUN GRUPOS DE EDAD O DE RIESGO :: 25-34 ANOS :: MUJERES,INTEGER_COUNT,stf:dc624775927d4d4d,writable_target_mapping_2026,EXACT_SEMANTIC_MATCH
wi:fb3c974c81d83c3eb97f,LEGACY::REMASEP_OD::AK65,REMASEP_OD :: SECCION B: ACTIVIDADES DE ATENCION EN ESPECIALIDADES ODONTOLOGICAS. :: DESTARTRAJE :: DESTARTRAJE SUB GINGIVAL :: SEGUN GRUPOS DE EDAD O DE RIESGO :: 65-74 ANOS :: MUJERES,REMASEP_OD,AJ82,REMASEP_OD :: SECCION B: ACTIVIDADES DE ATENCION EN ESPECIALIDADES ODONTOLOGICAS. :: DESTARTRAJE SUB GINGIVAL :: SEGUN GRUPOS DE EDAD O DE RIESGO :: 65-74 ANOS :: MUJERES,INTEGER_COUNT,stf:dc624775927d4d4d,writable_target_mapping_2026,EXACT_SEMANTIC_MATCH
wi:fb8509f77a731ad4e6c6,LEGACY::REMASEP_OD::AL16,REMASEP_OD :: SECCION A: CONSULTAS Y CONTROLES ODONTOLOGICOS REALIZADOS :: A.3. ACCIONES GENERALES DE PREVENCION E HIGIENE :: 5010011 - PROFILAXIS :: HIGIENE Y PROFILAXIS EN NINOS Y ADULTOS :: SEGUN GRUPOS DE EDAD O DE RIESGO :: 75 Y MAS ANOS :: HOMBRES,REMASEP_OD,AK33,REMASEP_OD :: SECCION A: CONSULTAS Y CONTROLES ODONTOLOGICOS REALIZADOS :: A.3. ACCIONES GENERALES DE PREVENCION E HIGIENE :: HIGIENE Y PROFILAXIS EN NINOS Y ADULTOS :: SEGUN GRUPOS DE EDAD O DE RIESGO :: 75 Y MAS ANOS :: HOMBRES,INTEGER_COUNT,stf:dc624775927d4d4d,writable_target_mapping_2026,EXACT_SEMANTIC_MATCH
wi:fb9e310864e66bf11a93,LEGACY::REMASEP_01::V89,REMASEP 01 :: SECCION C: ATENCIONES Y CONSULTAS POR OTROS PROFESIONALES NO MEDICOS :: FONO :: FONOAUDIOLOGO/A :: CONSULTAS FONOAUDIOLOGO/A :: POR EDAD (EN ANOS) :: 35 - 39 ANOS :: MUJERES,REMASEP 01,U118,REMASEP 01 :: SECCION C: ATENCIONES Y CONSULTAS POR OTROS PROFESIONALES NO MEDICOS :: FONOAUDIOLOGO/A :: CONSULTAS FONOAUDIOLOGO/A :: POR EDAD (EN ANOS) :: 35 - 39 ANOS :: MUJERES,INTEGER_COUNT,stf:dc624775927d4d4d,writable_target_mapping_2026,EXACT_SEMANTIC_MATCH
wi:fbad20aae267dafc3349,LEGACY::REMASEP_01::AG87,REMASEP 01 :: SECCION C: ATENCIONES Y CONSULTAS POR OTROS PROFESIONALES NO MEDICOS :: PSICO :: PSICOLOGO/A :: CONSULTA PSICOLOGICA :: POR EDAD (EN ANOS) :: 65 - 69 ANOS :: HOMBRES,REMASEP 01,AF116,REMASEP 01 :: SECCION C: ATENCIONES Y CONSULTAS POR OTROS PROFESIONALES NO MEDICOS :: PSICOLOGO/A :: CONSULTA PSICOLOGICA :: POR EDAD (EN ANOS) :: 65 - 69 ANOS :: HOMBRES,INTEGER_COUNT,stf:dc624775927d4d4d,writable_target_mapping_2026,EXACT_SEMANTIC_MATCH
wi:fbe62e0079ddad0a0a71,LEGACY::REMASEP_OD::H13,"REMASEP_OD :: SECCION A: CONSULTAS Y CONTROLES ODONTOLOGICOS REALIZADOS :: A.3. ACCIONES GENERALES DE PREVENCION E HIGIENE :: 5001005 - SELLANTES :: APLICACION DE SELLANTE EN PIEZA PERMANENTE, FOTOCURADO :: SEGUN GRUPOS DE EDAD O DE RIESGO :: 2 ANOS :: HOMBRES",REMASEP_OD,G30,"REMASEP_OD :: SECCION A: CONSULTAS Y CONTROLES ODONTOLOGICOS REALIZADOS :: A.3. ACCIONES GENERALES DE PREVENCION E HIGIENE :: APLICACION DE SELLANTE EN PIEZA PERMANENTE, FOTOCURADO :: SEGUN GRUPOS DE EDAD O DE RIESGO :: 2 ANOS :: HOMBRES",INTEGER_COUNT,stf:dc624775927d4d4d,writable_target_mapping_2026,EXACT_SEMANTIC_MATCH
wi:fc0750e4efc424502c7b,LEGACY::REMASEP_OD::Q71,REMASEP_OD :: SECCION B: ACTIVIDADES DE ATENCION EN ESPECIALIDADES ODONTOLOGICAS. :: INSTALACION PROTESIS PARCIAL METALICA SUP O INF :: REHABILITACION MEDIANTE PROTESIS REMOVIBLE METALICA PARCIAL :: SEGUN GRUPOS DE EDAD O DE RIESGO :: 6 ANOS :: MUJERES,REMASEP_OD,P88,REMASEP_OD :: SECCION B: ACTIVIDADES DE ATENCION EN ESPECIALIDADES ODONTOLOGICAS. :: REHABILITACION MEDIANTE PROTESIS REMOVIBLE METALICA PARCIAL :: SEGUN GRUPOS DE EDAD O DE RIESGO :: 6 ANOS :: MUJERES,INTEGER_COUNT,stf:dc624775927d4d4d,writable_target_mapping_2026,EXACT_SEMANTIC_MATCH
wi:fc077c51e51f255f43c8,LEGACY::REMASEP_01::I89,REMASEP 01 :: SECCION C: ATENCIONES Y CONSULTAS POR OTROS PROFESIONALES NO MEDICOS :: FONO :: FONOAUDIOLOGO/A :: CONSULTAS FONOAUDIOLOGO/A :: POR EDAD (EN ANOS) :: 5 - 9 ANOS :: HOMBRES,REMASEP 01,H118,REMASEP 01 :: SECCION C: ATENCIONES Y CONSULTAS POR OTROS PROFESIONALES NO MEDICOS :: FONOAUDIOLOGO/A :: CONSULTAS FONOAUDIOLOGO/A :: POR EDAD (EN ANOS) :: 5 - 9 ANOS :: HOMBRES,INTEGER_COUNT,stf:dc624775927d4d4d,writable_target_mapping_2026,EXACT_SEMANTIC_MATCH
wi:fc4937b813d34a932565,LEGACY::REMASEP_OD::W14,REMASEP_OD :: SECCION A: CONSULTAS Y CONTROLES ODONTOLOGICOS REALIZADOS :: A.3. ACCIONES GENERALES DE PREVENCION E HIGIENE :: 50010112 - INSTRUCCION DE HIGIENE ORAL :: INSTRUCCION Y CONTROL DE HIGIENE ORAL EN NINOS Y ADULTOS :: SEGUN GRUPOS DE EDAD O DE RIESGO :: 10-14 ANOS :: MUJERES,REMASEP_OD,V31,REMASEP_OD :: SECCION A: CONSULTAS Y CONTROLES ODONTOLOGICOS REALIZADOS :: A.3. ACCIONES GENERALES DE PREVENCION E HIGIENE :: INSTRUCCION Y CONTROL DE HIGIENE ORAL EN NINOS Y ADULTOS :: SEGUN GRUPOS DE EDAD O DE RIESGO :: 10-14 ANOS :: MUJERES,INTEGER_COUNT,stf:dc624775927d4d4d,writable_target_mapping_2026,EXACT_SEMANTIC_MATCH
wi:fcb9d0112664c847460b,LEGACY::REMASEP_OD::K72,REMASEP_OD :: SECCION B: ACTIVIDADES DE ATENCION EN ESPECIALIDADES ODONTOLOGICAS. :: CEMENTACION PROTESIS FIJA SOBRE DIENTE :: REHABILITACION MEDIANTE PROTESIS FIJA UNITARIA O PLURAL :: SEGUN GRUPOS DE EDAD O DE RIESGO :: 3 ANOS :: MUJERES,REMASEP_OD,J89,REMASEP_OD :: SECCION B: ACTIVIDADES DE ATENCION EN ESPECIALIDADES ODONTOLOGICAS. :: REHABILITACION MEDIANTE PROTESIS FIJA UNITARIA O PLURAL :: SEGUN GRUPOS DE EDAD O DE RIESGO :: 3 ANOS :: MUJERES,INTEGER_COUNT,stf:dc624775927d4d4d,writable_target_mapping_2026,EXACT_SEMANTIC_MATCH
wi:fcbb7dd3dad1bd482dff,LEGACY::REMASEP_OD::AK90,REMASEP_OD :: SECCION B: ACTIVIDADES DE ATENCION EN ESPECIALIDADES ODONTOLOGICAS. :: INSTALACIONES ORTOPEDIA :: INSTALACION DE DISPOSITIVO ORTOPEDICO :: SEGUN GRUPOS DE EDAD O DE RIESGO :: 65-74 ANOS :: MUJERES,REMASEP_OD,AJ107,REMASEP_OD :: SECCION B: ACTIVIDADES DE ATENCION EN ESPECIALIDADES ODONTOLOGICAS. :: INSTALACION DE DISPOSITIVO ORTOPEDICO :: SEGUN GRUPOS DE EDAD O DE RIESGO :: 65-74 ANOS :: MUJERES,INTEGER_COUNT,stf:dc624775927d4d4d,writable_target_mapping_2026,EXACT_SEMANTIC_MATCH
wi:fcde7c11aaaed61b1eab,LEGACY::REMASEP_OD::AH47,REMASEP_OD :: SECCION B: ACTIVIDADES DE ATENCION EN ESPECIALIDADES ODONTOLOGICAS. :: 5005008 - CEMENTACION CARILLA RESINA INDIRECTA :: OBTURACION INDIRECTA (INLAYS U ONLAYS) :: SEGUN GRUPOS DE EDAD O DE RIESGO :: 60-64 ANOS :: HOMBRES,REMASEP_OD,AG64,REMASEP_OD :: SECCION B: ACTIVIDADES DE ATENCION EN ESPECIALIDADES ODONTOLOGICAS. :: OBTURACION INDIRECTA (INLAYS U ONLAYS) :: SEGUN GRUPOS DE EDAD O DE RIESGO :: 60-64 ANOS :: HOMBRES,INTEGER_COUNT,stf:dc624775927d4d4d,writable_target_mapping_2026,EXACT_SEMANTIC_MATCH
wi:fd0296d809b0c48cf336,LEGACY::REMASEP_OD::AI14,REMASEP_OD :: SECCION A: CONSULTAS Y CONTROLES ODONTOLOGICOS REALIZADOS :: A.3. ACCIONES GENERALES DE PREVENCION E HIGIENE :: 50010112 - INSTRUCCION DE HIGIENE ORAL :: INSTRUCCION Y CONTROL DE HIGIENE ORAL EN NINOS Y ADULTOS :: SEGUN GRUPOS DE EDAD O DE RIESGO :: 60-64 ANOS :: MUJERES,REMASEP_OD,AH31,REMASEP_OD :: SECCION A: CONSULTAS Y CONTROLES ODONTOLOGICOS REALIZADOS :: A.3. ACCIONES GENERALES DE PREVENCION E HIGIENE :: INSTRUCCION Y CONTROL DE HIGIENE ORAL EN NINOS Y ADULTOS :: SEGUN GRUPOS DE EDAD O DE RIESGO :: 60-64 ANOS :: MUJERES,INTEGER_COUNT,stf:dc624775927d4d4d,writable_target_mapping_2026,EXACT_SEMANTIC_MATCH
wi:fd48783979e8fc2ab673,LEGACY::REMASEP_OD::H66,REMASEP_OD :: SECCION B: ACTIVIDADES DE ATENCION EN ESPECIALIDADES ODONTOLOGICAS. :: 5009012 - PULIDO RADICULAR POR SESION O SEXTANTE :: PULIDO RADICULAR :: SEGUN GRUPOS DE EDAD O DE RIESGO :: 2 ANOS :: HOMBRES,REMASEP_OD,G83,REMASEP_OD :: SECCION B: ACTIVIDADES DE ATENCION EN ESPECIALIDADES ODONTOLOGICAS. :: PULIDO RADICULAR :: SEGUN GRUPOS DE EDAD O DE RIESGO :: 2 ANOS :: HOMBRES,INTEGER_COUNT,stf:dc624775927d4d4d,writable_target_mapping_2026,EXACT_SEMANTIC_MATCH
wi:fd9a1302afa9a2b8aa99,LEGACY::REMASEP_OD::O40,REMASEP_OD :: SECCION B: ACTIVIDADES DE ATENCION EN ESPECIALIDADES ODONTOLOGICAS. :: EVALUACION ODON ESP :: EXAMEN Y DIAGNOSTICO DE ESPECIALIDAD :: SEGUN GRUPOS DE EDAD O DE RIESGO :: 5 ANOS :: MUJERES,REMASEP_OD,N57,REMASEP_OD :: SECCION B: ACTIVIDADES DE ATENCION EN ESPECIALIDADES ODONTOLOGICAS. :: EXAMEN Y DIAGNOSTICO DE ESPECIALIDAD :: SEGUN GRUPOS DE EDAD O DE RIESGO :: 5 ANOS :: MUJERES,INTEGER_COUNT,stf:dc624775927d4d4d,writable_target_mapping_2026,EXACT_SEMANTIC_MATCH
wi:fd9a7867453be648231f,LEGACY::REMASEP_OD::Q72,REMASEP_OD :: SECCION B: ACTIVIDADES DE ATENCION EN ESPECIALIDADES ODONTOLOGICAS. :: CEMENTACION PROTESIS FIJA SOBRE DIENTE :: REHABILITACION MEDIANTE PROTESIS FIJA UNITARIA O PLURAL :: SEGUN GRUPOS DE EDAD O DE RIESGO :: 6 ANOS :: MUJERES,REMASEP_OD,P89,REMASEP_OD :: SECCION B: ACTIVIDADES DE ATENCION EN ESPECIALIDADES ODONTOLOGICAS. :: REHABILITACION MEDIANTE PROTESIS FIJA UNITARIA O PLURAL :: SEGUN GRUPOS DE EDAD O DE RIESGO :: 6 ANOS :: MUJERES,INTEGER_COUNT,stf:dc624775927d4d4d,writable_target_mapping_2026,EXACT_SEMANTIC_MATCH
wi:fdde50e061258417efdf,LEGACY::REMASEP_01::T84,REMASEP 01 :: SECCION C: ATENCIONES Y CONSULTAS POR OTROS PROFESIONALES NO MEDICOS :: ENFERMER :: ENFERMERA/O :: ATENCION AL PACIENTE :: POR EDAD (EN ANOS) :: 30 - 34 ANOS :: MUJERES,REMASEP 01,S113,REMASEP 01 :: SECCION C: ATENCIONES Y CONSULTAS POR OTROS PROFESIONALES NO MEDICOS :: ENFERMERA/O :: ATENCION AL PACIENTE :: POR EDAD (EN ANOS) :: 30 - 34 ANOS :: MUJERES,INTEGER_COUNT,stf:dc624775927d4d4d,writable_target_mapping_2026,EXACT_SEMANTIC_MATCH
wi:fdf0b5b8be4e3804c70a,LEGACY::REMASEP_01::R84,REMASEP 01 :: SECCION C: ATENCIONES Y CONSULTAS POR OTROS PROFESIONALES NO MEDICOS :: ENFERMER :: ENFERMERA/O :: ATENCION AL PACIENTE :: POR EDAD (EN ANOS) :: 25 - 29 ANOS :: MUJERES,REMASEP 01,Q113,REMASEP 01 :: SECCION C: ATENCIONES Y CONSULTAS POR OTROS PROFESIONALES NO MEDICOS :: ENFERMERA/O :: ATENCION AL PACIENTE :: POR EDAD (EN ANOS) :: 25 - 29 ANOS :: MUJERES,INTEGER_COUNT,stf:dc624775927d4d4d,writable_target_mapping_2026,EXACT_SEMANTIC_MATCH
wi:fe23e9bf250d441eaf13,LEGACY::REMASEP_OD::N48,REMASEP_OD :: SECCION B: ACTIVIDADES DE ATENCION EN ESPECIALIDADES ODONTOLOGICAS. :: INSTALACION APARATO REMOVIBLE :: INSTALACION APARATO REMOVIBLE ORTODONCICO :: SEGUN GRUPOS DE EDAD O DE RIESGO :: 5 ANOS :: HOMBRES,REMASEP_OD,M65,REMASEP_OD :: SECCION B: ACTIVIDADES DE ATENCION EN ESPECIALIDADES ODONTOLOGICAS. :: INSTALACION APARATO REMOVIBLE ORTODONCICO :: SEGUN GRUPOS DE EDAD O DE RIESGO :: 5 ANOS :: HOMBRES,INTEGER_COUNT,stf:dc624775927d4d4d,writable_target_mapping_2026,EXACT_SEMANTIC_MATCH
wi:ff1faa496f1776356cc0,LEGACY::REMASEP_OD::AH52,REMASEP_OD :: SECCION B: ACTIVIDADES DE ATENCION EN ESPECIALIDADES ODONTOLOGICAS. :: 5004020 - CONTROL ORTODONCIA QUIRURGICO :: ORTODONCIA PRE-QUIRURGICA :: SEGUN GRUPOS DE EDAD O DE RIESGO :: 60-64 ANOS :: HOMBRES,REMASEP_OD,AG69,REMASEP_OD :: SECCION B: ACTIVIDADES DE ATENCION EN ESPECIALIDADES ODONTOLOGICAS. :: ORTODONCIA PRE-QUIRURGICA :: SEGUN GRUPOS DE EDAD O DE RIESGO :: 60-64 ANOS :: HOMBRES,INTEGER_COUNT,stf:dc624775927d4d4d,writable_target_mapping_2026,EXACT_SEMANTIC_MATCH
wi:ff2a7cee2ecd80200963,LEGACY::REMASEP_OD::AC49,REMASEP_OD :: SECCION B: ACTIVIDADES DE ATENCION EN ESPECIALIDADES ODONTOLOGICAS. :: 5004001 - INSTALACION APARATO FIJO SUP O INF :: INSTALACION APARATO FIJO ORTODONCICO :: SEGUN GRUPOS DE EDAD O DE RIESGO :: 25-34 ANOS :: MUJERES,REMASEP_OD,AB66,REMASEP_OD :: SECCION B: ACTIVIDADES DE ATENCION EN ESPECIALIDADES ODONTOLOGICAS. :: INSTALACION APARATO FIJO ORTODONCICO :: SEGUN GRUPOS DE EDAD O DE RIESGO :: 25-34 ANOS :: MUJERES,INTEGER_COUNT,stf:dc624775927d4d4d,writable_target_mapping_2026,EXACT_SEMANTIC_MATCH
wi:ff7c18a36e63ef7859f8,LEGACY::REMASEP_OD::S48,REMASEP_OD :: SECCION B: ACTIVIDADES DE ATENCION EN ESPECIALIDADES ODONTOLOGICAS. :: INSTALACION APARATO REMOVIBLE :: INSTALACION APARATO REMOVIBLE ORTODONCICO :: SEGUN GRUPOS DE EDAD O DE RIESGO :: 7 ANOS :: MUJERES,REMASEP_OD,R65,REMASEP_OD :: SECCION B: ACTIVIDADES DE ATENCION EN ESPECIALIDADES ODONTOLOGICAS. :: INSTALACION APARATO REMOVIBLE ORTODONCICO :: SEGUN GRUPOS DE EDAD O DE RIESGO :: 7 ANOS :: MUJERES,INTEGER_COUNT,stf:dc624775927d4d4d,writable_target_mapping_2026,EXACT_SEMANTIC_MATCH
wi:ff7dfcedefdb0d2facc3,LEGACY::REMASEP_OD::X50,REMASEP_OD :: SECCION B: ACTIVIDADES DE ATENCION EN ESPECIALIDADES ODONTOLOGICAS. :: INSTALACION CONTENCION :: INSTALACION APARATO DE CONTENCION ORTODONCICO :: SEGUN GRUPOS DE EDAD O DE RIESGO :: 15-19 ANOS :: HOMBRES,REMASEP_OD,W67,REMASEP_OD :: SECCION B: ACTIVIDADES DE ATENCION EN ESPECIALIDADES ODONTOLOGICAS. :: INSTALACION APARATO DE CONTENCION ORTODONCICO :: SEGUN GRUPOS DE EDAD O DE RIESGO :: 15-19 ANOS :: HOMBRES,INTEGER_COUNT,stf:dc624775927d4d4d,writable_target_mapping_2026,EXACT_SEMANTIC_MATCH
wi:ffb287aef444fe5d2dcc,LEGACY::REMASEP_OD::AB66,REMASEP_OD :: SECCION B: ACTIVIDADES DE ATENCION EN ESPECIALIDADES ODONTOLOGICAS. :: 5009012 - PULIDO RADICULAR POR SESION O SEXTANTE :: PULIDO RADICULAR :: SEGUN GRUPOS DE EDAD O DE RIESGO :: 25-34 ANOS :: HOMBRES,REMASEP_OD,AA83,REMASEP_OD :: SECCION B: ACTIVIDADES DE ATENCION EN ESPECIALIDADES ODONTOLOGICAS. :: PULIDO RADICULAR :: SEGUN GRUPOS DE EDAD O DE RIESGO :: 25-34 ANOS :: HOMBRES,INTEGER_COUNT,stf:dc624775927d4d4d,writable_target_mapping_2026,EXACT_SEMANTIC_MATCH
wi:ffd5745e2c62f4d0d890,LEGACY::REMASEP_OD::AL9,REMASEP_OD :: SECCION A: CONSULTAS Y CONTROLES ODONTOLOGICOS REALIZADOS :: A.1. CONSULTAS Y ALTAS :: CONTROL ODONTOLOGIA GENERAL :: CONTROLES ODONTOLOGICOS GENERALES :: SEGUN GRUPOS DE EDAD O DE RIESGO :: 75 Y MAS ANOS :: HOMBRES,REMASEP_OD,AK18,REMASEP_OD :: SECCION A: CONSULTAS Y CONTROLES ODONTOLOGICOS REALIZADOS :: A.1. CONSULTAS Y ALTAS :: CONTROLES ODONTOLOGICOS GENERALES :: SEGUN GRUPOS DE EDAD O DE RIESGO :: 75 Y MAS ANOS :: HOMBRES,INTEGER_COUNT,stf:dc624775927d4d4d,writable_target_mapping_2026,EXACT_SEMANTIC_MATCH
wi:ffe55945bf80eb560dcc,LEGACY::REMASEP_OD::AA72,REMASEP_OD :: SECCION B: ACTIVIDADES DE ATENCION EN ESPECIALIDADES ODONTOLOGICAS. :: CEMENTACION PROTESIS FIJA SOBRE DIENTE :: REHABILITACION MEDIANTE PROTESIS FIJA UNITARIA O PLURAL :: SEGUN GRUPOS DE EDAD O DE RIESGO :: 20-24 ANOS :: MUJERES,REMASEP_OD,Z89,REMASEP_OD :: SECCION B: ACTIVIDADES DE ATENCION EN ESPECIALIDADES ODONTOLOGICAS. :: REHABILITACION MEDIANTE PROTESIS FIJA UNITARIA O PLURAL :: SEGUN GRUPOS DE EDAD O DE RIESGO :: 20-24 ANOS :: MUJERES,INTEGER_COUNT,stf:dc624775927d4d4d,writable_target_mapping_2026,EXACT_SEMANTIC_MATCH
